fecha,pm1_ugm3,pm25_ugm3,pm10_ugm3,temperatura_c,humedad_pct,temperatura_interna_c,humedad_interna_pct,relay,senal
2026-08-01 00:00:36,0,0,0,22.4,28.3,25.6,25,0,14
2026-08-01 00:05:35,0,0,0,22.4,28.1,25.6,24.9,0,14
2026-08-01 00:10:35,0,0,0,22.4,28.3,25.6,24.8,0,14
2026-08-01 00:15:36,0,0,0,22.3,28.2,25.6,24.8,0,14
2026-08-01 00:20:35,0,0,0,22.3,28.4,25.6,24.9,0,14
2026-08-01 00:25:36,0,0,0,22.3,28.2,25.5,24.8,0,14
2026-08-01 00:30:36,0,0,0,22.3,27.9,25.5,24.6,0,14
2026-08-01 00:35:36,0,0,0,22.3,27.7,25.5,24.7,0,14
2026-08-01 00:40:36,0,0,0,22.3,28,25.5,24.7,0,14
2026-08-01 00:45:36,0,0,0,22.3,27.8,25.5,24.6,0,14
2026-08-01 00:50:36,0,0,0,22.2,27.6,25.5,24.5,0,14
2026-08-01 00:55:36,0,0,0,22.3,27.3,25.5,24.3,0,17
2026-08-01 01:00:35,0,0,0,22.2,26.9,25.5,24.1,0,14
2026-08-01 01:05:36,0,0,0,22.2,27,25.4,24.2,0,14
2026-08-01 01:10:36,0,0,0,22.2,27.2,25.4,24.2,0,14
2026-08-01 01:15:36,0,0,0,22.2,27.2,25.4,24.2,0,14
2026-08-01 01:20:36,0,0,0,22.2,27.8,25.4,24.4,0,14
2026-08-01 01:25:36,0,0,0,22.2,27.6,25.4,24.4,0,14
2026-08-01 01:30:36,0,0,0,22.2,27.6,25.4,24.3,0,14
2026-08-01 01:35:36,0,0,0,22.2,28,25.4,24.4,0,14
2026-08-01 01:40:36,0,0,0,22.1,27.8,25.4,24.5,0,14
2026-08-01 01:45:36,0,0,0,22.1,27.8,25.3,24.4,0,14
2026-08-01 01:50:36,0,0,0,22.1,27.7,25.3,24.4,0,14
2026-08-01 01:55:36,0,0,0,22.1,27.6,25.3,24.3,0,14
2026-08-01 02:00:36,0,0,0,22.1,27.5,25.3,24.3,0,14
2026-08-01 02:05:36,0,0,0,22.1,27.5,25.3,24.3,0,14
2026-08-01 02:10:36,0,0,0,22.1,27.6,25.3,24.3,0,14
2026-08-01 02:15:36,0,0,0,22.1,27.8,25.3,24.3,0,14
2026-08-01 02:20:36,0,0,0,22.1,27.8,25.3,24.4,0,14
2026-08-01 02:25:36,0,0,0,22.1,27.8,25.3,24.4,0,14
2026-08-01 02:30:36,0,0,0,22,27,25.2,24.1,0,14
2026-08-01 02:35:36,0,0,0,22,26.9,25.2,24,0,14
2026-08-01 02:40:36,0,0,0,22,27,25.2,23.9,0,14
2026-08-01 02:45:36,0,0,0,22,27,25.2,23.9,0,14
2026-08-01 02:50:36,0,0,0,22,26.9,25.2,23.9,0,14
2026-08-01 02:55:36,0,0,0,22,26.1,25.2,23.5,0,14
2026-08-01 03:00:36,0,0,0,22,26.4,25.2,23.6,1,14
2026-08-01 03:05:36,0,0,0,22,26.5,25.2,23.5,0,14
2026-08-01 03:10:36,0,0,0,22,26.5,25.2,23.6,0,14
2026-08-01 03:15:36,0,0,0,22,26.3,25.2,23.3,0,14
2026-08-01 03:20:36,0,0,0,22,26,25.2,23.2,0,14
2026-08-01 03:25:36,0,0,0,22,24.9,25.2,22.6,0,14
2026-08-01 03:30:36,0,0,0,22,24.2,25.2,22.2,1,14
2026-08-01 03:35:36,0,0,0,22,23.6,25.2,22.1,0,14
2026-08-01 03:40:36,0,0,0,22,23,25.2,21.4,0,14
2026-08-01 03:45:36,0,0,0,22,22.4,25.2,20.8,0,13
2026-08-01 03:50:36,0,0,0,22,22.2,25.1,20.7,1,13
2026-08-01 03:55:36,0,0,0,22,22.4,25.2,20.6,0,13
2026-08-01 04:00:36,0,0,0,22.1,22.5,25.3,20.7,0,13
2026-08-01 04:05:36,0,0,0,22.1,23.8,25.4,21.1,0,13
2026-08-01 04:10:36,0,0,0,22.2,24.1,25.5,21.2,0,13
2026-08-01 04:15:36,0,0,0,22.3,24.1,25.6,21.2,0,13
2026-08-01 04:20:36,0,0,0,22.3,24.6,25.6,21.5,0,13
2026-08-01 04:25:37,0,0,0,22.4,24.9,25.6,21.6,0,13
2026-08-01 04:30:36,0,0,0,22.4,24.7,25.6,21.6,0,13
2026-08-01 04:35:36,0,0,0,22.4,25.2,25.6,21.8,0,13
2026-08-01 04:40:36,0,0,0,22.4,25.1,25.6,21.8,0,13
2026-08-01 04:45:36,0,0,0,22.4,25.3,25.5,21.9,0,13
2026-08-01 04:50:36,0,0,0,22.4,25.3,25.6,22,0,13
2026-08-01 04:55:36,0,0,0,22.3,25.3,25.5,22,0,13
2026-08-01 05:00:36,0,0,0,22.3,25.4,25.5,22.2,0,13
2026-08-01 05:05:36,0,0,0,22.3,25.4,25.5,22.1,0,13
2026-08-01 05:10:36,0,0,0,22.3,25.4,25.5,22,0,13
2026-08-01 05:15:36,0,0,0,22.2,25.5,25.4,22.2,0,13
2026-08-01 05:20:36,0,0,0,22.2,25.2,25.3,21.9,0,13
2026-08-01 05:25:36,0,0,0,22.1,25.4,25.3,22.1,0,13
2026-08-01 05:30:36,0,0,0,22.1,25.2,25.3,22,0,13
2026-08-01 05:35:36,0,0,0,22,25.4,25.2,22.1,0,16
2026-08-01 05:40:36,0,0,0,22,25.3,25.2,22.1,0,16
2026-08-01 05:45:36,0,0,0,22,25.4,25.1,22.1,0,13
2026-08-01 05:50:36,0,0,0,22,25.7,25.1,22.2,0,13
2026-08-01 05:55:36,0,0,0,21.9,25.7,25.1,22.3,0,13
2026-08-01 06:00:36,0,0,0,21.9,25.6,25.1,22.2,0,13
2026-08-01 06:05:36,0,0,0,21.9,25.6,25.1,22.2,0,13
2026-08-01 06:10:36,0,0,0,21.9,25.5,25,22.2,0,13
2026-08-01 06:15:36,0,0,0,21.8,25.6,25,22.2,0,13
2026-08-01 06:20:36,0,0,0,21.8,25.5,25,22.2,0,13
2026-08-01 06:25:37,0,0,0,21.8,25.3,25,22.1,0,13
2026-08-01 06:30:36,0,0,0,21.8,25.7,24.9,22.3,0,13
2026-08-01 06:35:36,0,0,0,21.8,25.6,24.9,22.2,0,13
2026-08-01 06:40:36,0,0,0,21.8,25.7,24.9,22.3,0,13
2026-08-01 06:45:36,0,0,0,21.8,25.5,24.9,22.2,0,13
2026-08-01 06:50:36,0,0,0,21.8,25.6,24.9,22.3,0,13
2026-08-01 06:55:36,0,0,0,21.8,25.4,24.9,22.2,0,13
2026-08-01 07:00:36,0,0,0,21.8,25.7,24.9,22.2,0,13
2026-08-01 07:05:37,0,0,0,21.7,24.7,24.9,21.8,0,13
2026-08-01 07:10:37,0,0,0,21.7,24.7,24.9,21.9,0,13
2026-08-01 07:15:37,0,0,0,21.7,24.6,24.9,21.7,0,13
2026-08-01 07:20:37,0,0,0,21.7,24.1,24.9,21.4,0,13
2026-08-01 07:25:37,0,0,0,21.7,23.9,24.9,21.4,0,13
2026-08-01 07:30:37,0,0,0,21.7,23.9,24.9,21.1,0,13
2026-08-01 07:35:37,0,0,0,21.7,23.7,24.9,21,0,13
2026-08-01 07:40:37,0,0,0,21.7,24.2,24.9,21.1,0,13
2026-08-01 07:45:36,0,0,0,21.7,24,24.9,20.9,0,13
2026-08-01 07:50:37,0,0,0,21.7,24.3,24.9,21.2,0,13
2026-08-01 07:55:37,0,0,0,21.8,24.7,24.9,21.3,0,13
2026-08-01 08:00:36,0,0,0,21.8,24.4,25,21.2,0,16
2026-08-01 08:05:37,0,0,0,21.8,24.7,24.9,21.3,0,13
2026-08-01 08:10:37,0,0,0,21.8,24.6,25,21.4,0,13
2026-08-01 08:15:37,0,0,0,21.8,24.8,25,21.6,1,13
2026-08-01 08:20:37,0,0,0,21.8,25.4,25,21.8,0,13
2026-08-01 08:25:37,0,0,0,21.8,24.8,25,21.5,0,13
2026-08-01 08:30:37,0,0,0,21.9,24.8,25.1,21.5,0,13
2026-08-01 08:35:37,0,0,0,21.9,25,25.2,21.6,0,16
2026-08-01 08:40:37,0,0,0,22,24.3,25.2,21.4,0,16
2026-08-01 08:45:37,0,0,0,22,24.6,25.2,21.6,0,13
2026-08-01 08:50:37,0,0,0,22.1,25,25.4,21.7,0,16
2026-08-01 08:55:37,0,0,0,22.1,24.4,25.4,21.5,0,16
2026-08-01 09:00:37,0,0,0,22.2,24.7,25.5,21.5,0,13
2026-08-01 09:05:37,0,0,0,22.3,23.9,25.5,21.1,0,13
2026-08-01 09:10:37,0,0,0,22.3,23.7,25.6,21,0,13
2026-08-01 09:15:37,0,0,0,22.4,23.8,25.7,21,0,13
2026-08-01 09:20:37,0,0,0,22.5,24.6,25.8,21.4,0,13
2026-08-01 09:25:37,0,0,0,22.6,24.7,25.9,21.5,1,13
2026-08-01 09:30:37,0,0,0,22.6,25.1,25.9,21.7,0,13
2026-08-01 09:35:37,0,0,0,22.7,24.4,26,21.2,0,13
2026-08-01 09:40:37,0,0,0,22.7,24.7,26,21.4,0,13
2026-08-01 09:45:37,0,0,0,22.8,24.9,26.1,21.6,0,16
2026-08-01 09:50:37,0,0,0,22.8,24.8,26.1,21.4,1,13
2026-08-01 09:55:37,0,0,0,22.8,25.1,26.2,21.6,0,13
2026-08-01 10:00:37,0,0,0,22.9,25,26.3,21.7,0,13
2026-08-01 10:05:37,0,0,0,22.9,24.6,26.3,21.5,0,16
2026-08-01 10:10:37,0,0,0,23,25,26.3,21.7,0,13
2026-08-01 10:15:38,0,0,0,23,24.5,26.4,21.4,0,16
2026-08-01 10:20:37,0,0,0,23.1,24.6,26.4,21.4,0,13
2026-08-01 10:25:37,0,0,0,23.1,24.4,26.5,21.4,0,14
2026-08-01 10:30:37,11,41,50,23.1,24.2,26.5,21.3,0,14
2026-08-01 10:35:37,0,0,0,23.2,23.8,26.5,21,0,14
2026-08-01 10:40:37,0,0,0,23.2,23.7,26.5,20.9,0,14
2026-08-01 10:45:37,0,0,0,23.2,23.7,26.6,20.9,0,14
2026-08-01 10:50:37,0,0,0,23.3,23,26.6,20.7,0,16
2026-08-01 10:55:37,0,0,0,23.3,23,26.6,20.6,0,16
2026-08-01 11:00:37,0,0,0,23.3,23,26.7,20.6,0,16
2026-08-01 11:05:37,0,0,0,23.3,23.3,26.7,20.4,0,13
2026-08-01 11:10:37,0,0,0,23.4,23.1,26.7,20.4,0,16
2026-08-01 11:15:37,0,0,0,23.4,23.8,26.7,20.6,0,13
2026-08-01 11:20:38,0,0,0,23.4,24.1,26.8,20.9,0,16
2026-08-01 11:25:37,0,0,0,23.4,23.8,26.8,20.7,0,16
2026-08-01 11:30:37,0,0,0,23.4,24,26.8,20.8,0,13
2026-08-01 11:35:37,0,0,0,23.5,23.7,26.9,20.8,0,13
2026-08-01 11:40:37,0,0,0,23.5,24.4,27,21.1,0,13
2026-08-01 11:45:37,1,2,2,23.6,24.4,27,21.1,0,13
2026-08-01 11:50:38,0,0,0,23.6,24.5,27,21.1,0,13
2026-08-01 11:55:37,0,0,0,23.7,24.4,27.1,20.9,0,13
2026-08-01 12:00:38,0,0,0,23.7,24,27.1,21,0,13
2026-08-01 12:05:37,0,0,0,23.8,24.6,27.1,21.1,0,13
2026-08-01 12:10:37,0,0,0,23.8,24.5,27.1,21.2,0,13
2026-08-01 12:15:37,0,0,0,23.8,24.7,27.2,21.3,0,13
2026-08-01 12:20:38,0,0,0,23.9,24.1,27.2,20.9,0,13
2026-08-01 12:25:37,0,0,0,23.9,23.4,27.2,20.6,0,13
2026-08-01 12:30:37,0,0,0,23.9,23.9,27.2,20.7,0,14
2026-08-01 12:35:37,0,0,0,23.9,24,27.2,20.9,0,14
2026-08-01 12:40:37,0,0,0,23.9,24.2,27.2,20.9,0,14
2026-08-01 12:45:37,0,0,0,23.9,23.9,27.2,20.8,0,14
2026-08-01 12:50:37,0,0,0,23.9,23.9,27.2,20.7,0,14
2026-08-01 12:55:38,0,0,0,24,23.3,27.3,20.4,0,14
2026-08-01 13:00:37,0,0,0,23.9,23.8,27.3,20.7,0,14
2026-08-01 13:05:38,0,0,0,23.7,23.6,26.7,20.9,0,14
2026-08-01 13:10:38,0,0,0,23.1,24.4,26,22,0,14
2026-08-01 13:15:37,0,0,0,23.4,24.7,26.9,21.3,0,14
2026-08-01 13:20:38,0,1,1,23.6,24.5,27.1,21.1,0,14
2026-08-01 13:25:37,0,0,0,23.7,23.4,27.2,20.4,0,14
2026-08-01 13:30:38,0,0,0,23.8,22.9,27.2,20.4,0,14
2026-08-01 13:35:38,0,0,0,23.8,21.7,27.2,18.8,1,14
2026-08-01 13:40:38,0,0,0,23.1,20.7,25.3,19.4,0,14
2026-08-01 13:45:37,0,0,0,21.4,22.1,21.8,23.7,0,14
2026-08-01 13:50:38,0,0,0,19.9,23.5,19.7,26,0,14
2026-08-01 13:55:38,0,0,0,19.8,24.8,22,24.3,0,14
2026-08-01 14:00:38,0,0,0,21.3,23.8,25.4,20.7,0,13
2026-08-01 14:05:38,0,0,0,21.7,24.2,24.7,21.4,0,16
2026-08-01 14:10:38,0,0,0,20.6,25.4,21.5,25.1,0,16
2026-08-01 14:15:37,0,0,0,20.1,25.3,22,24.7,0,16
2026-08-01 14:20:38,0,0,0,21.4,24.2,25.4,20.1,0,14
2026-08-01 14:25:38,0,0,0,21.1,23.5,23,21.3,0,14
2026-08-01 14:30:38,0,0,0,20,24.2,20.6,24.3,0,14
2026-08-01 14:35:38,0,0,0,19,25,19.2,26.6,0,14
2026-08-01 14:40:37,0,0,0,18.3,25.7,18.4,27.5,0,17
2026-08-01 14:45:38,0,0,0,17.9,26.5,18,28.2,0,14
2026-08-01 14:50:38,0,0,0,17.5,26.4,17.7,28.2,0,13
2026-08-01 14:55:38,0,0,0,17.4,26.9,17.6,27.7,0,14
2026-08-01 15:00:38,0,0,0,17.2,26.9,17.6,28.1,0,14
2026-08-01 15:05:38,0,0,0,17.2,26.8,17.6,27.7,0,14
2026-08-01 15:10:38,0,0,0,17.2,26.8,17.6,28,0,14
2026-08-01 15:15:38,0,0,0,17.3,28.1,17.7,28.7,0,14
2026-08-01 15:20:38,0,0,0,17.2,28.9,17.7,29.2,0,14
2026-08-01 15:25:38,0,0,0,17.2,28.4,17.7,28.9,0,14
2026-08-01 15:30:38,0,0,0,17.2,28.3,17.6,29.2,0,14
2026-08-01 15:35:38,0,0,0,17.2,29.4,17.6,29.6,0,14
2026-08-01 15:40:38,0,0,0,17.1,29.7,17.5,30,0,14
2026-08-01 15:45:39,0,0,0,17.1,29.4,17.4,29.7,0,14
2026-08-01 15:50:38,0,0,1,17,29.9,17.3,30.3,0,14
2026-08-01 15:55:38,0,2,2,16.9,30.9,17.1,31.3,0,14
2026-08-01 16:04:02,0,0,0,18.1,31.2,21.2,27.7,0,14
2026-08-01 16:05:38,0,0,0,20.1,28.9,24.6,22.8,0,13
2026-08-01 16:10:38,0,0,0,20,27.6,22,24.9,0,13
2026-08-01 16:15:38,0,0,0,19.2,27.5,19.9,27,0,13
2026-08-01 16:20:38,0,0,0,18.5,27.7,18.7,28.8,0,14
2026-08-01 16:25:39,0,0,0,20.3,27.2,24.3,23,0,14
2026-08-01 16:30:38,0,0,0,20.8,25.9,23.6,22.8,0,14
2026-08-01 16:35:38,0,0,0,19.9,25.7,20.9,25.3,0,14
2026-08-01 16:40:38,0,0,0,19,26.6,19.2,27.2,0,14
2026-08-01 16:45:38,0,0,0,20.4,26.7,24.1,23,0,17
2026-08-01 16:50:38,0,0,0,21.6,25.2,25.5,20.9,0,14
2026-08-01 16:55:38,0,0,0,20.8,25.5,22.3,23.9,0,14
2026-08-01 17:00:38,0,0,0,19.7,26,20.1,26.8,0,16
2026-08-01 17:05:38,0,0,0,21,25.4,24.8,21.7,0,16
2026-08-01 17:10:38,0,0,0,21.5,23.7,24.3,20.7,0,16
2026-08-01 17:15:38,0,0,0,20.4,24.1,21.3,23.8,0,13
2026-08-01 17:20:38,0,0,0,20.3,25.1,22.8,23.5,0,13
2026-08-01 17:25:39,0,0,0,21.7,24.1,25.8,20.3,0,16
2026-08-01 17:30:38,0,0,0,22.3,21.9,25.6,18.8,0,13
2026-08-01 17:35:39,0,0,0,21.1,22.4,22.2,22.1,0,16
2026-08-01 17:40:38,0,0,0,19.8,23.1,19.9,23.6,0,16
2026-08-01 17:45:38,0,0,0,18.8,24,18.7,25.3,0,16
2026-08-01 17:50:39,0,0,0,18.2,24.7,18.1,26,0,16
2026-08-01 17:55:38,0,0,0,17.7,25.5,17.7,26.7,0,13
2026-08-01 18:00:39,0,0,0,17.4,26.4,17.4,27.2,0,14
2026-08-01 18:05:38,0,0,0,17.1,26.4,17.3,27.2,0,16
2026-08-01 18:10:39,0,0,0,17,26.6,17.2,27.2,0,13
2026-08-01 18:15:38,0,0,0,16.9,26.7,17.1,27,0,13
2026-08-01 18:20:38,0,0,0,16.9,26.6,17.1,27.2,0,14
2026-08-01 18:25:39,0,0,0,16.9,26.3,17.1,26.1,0,14
2026-08-01 18:30:39,0,0,0,16.9,26.5,17.2,26.4,0,14
2026-08-01 18:35:38,0,0,0,16.9,27.1,17.3,27.1,0,14
2026-08-01 18:40:39,0,0,0,16.9,26.7,17.3,26.8,0,14
2026-08-01 18:45:39,0,0,0,16.9,26.4,17.3,26.7,0,14
2026-08-01 18:50:39,0,0,0,16.9,26.5,17.3,26.5,0,14
2026-08-01 18:55:38,0,0,0,16.9,26.6,17.3,26.8,0,14
2026-08-01 19:00:38,0,0,0,16.9,26.8,17.3,26.8,0,14
2026-08-01 19:05:39,0,0,0,16.9,26.7,17.3,27.1,0,13
2026-08-01 19:10:38,0,0,0,17,26.3,17.3,27,0,13
2026-08-01 19:15:39,0,0,0,16.9,26.1,17.3,26.2,0,14
2026-08-01 19:20:39,0,0,0,17,26.2,17.3,26.3,0,13
2026-08-01 19:25:38,0,0,0,17,26.3,17.4,25.5,0,13
2026-08-01 19:30:38,0,0,0,17,26.3,17.4,26.6,0,13
2026-08-01 19:35:39,0,0,0,17,26.1,17.4,26.6,0,13
2026-08-01 19:40:39,0,0,0,17,26.3,17.4,26.8,0,16
2026-08-01 19:45:38,0,0,0,17,26.7,17.4,26.8,0,13
2026-08-01 19:50:39,0,0,0,17,26,17.5,26.6,0,13
2026-08-01 19:55:38,0,0,0,17.1,26,17.5,26.5,0,13
2026-08-01 20:00:39,0,0,0,17.1,26,17.5,26.5,0,13
2026-08-01 20:05:39,0,0,0,17.1,26.2,17.5,26.6,0,13
2026-08-01 20:10:39,0,0,0,17.1,27.2,17.5,27.5,0,13
2026-08-01 20:15:39,0,0,1,17.1,28.3,17.5,28.3,0,16
2026-08-01 20:20:39,0,2,2,17.1,29.2,17.5,29.3,0,13
2026-08-01 20:25:39,0,1,1,17.1,29.3,17.4,29.2,0,13
2026-08-01 20:30:39,0,2,2,17,29.6,17.3,29.3,0,13
2026-08-01 20:35:38,0,0,0,16.9,29.6,17.1,29.7,0,16
2026-08-01 20:40:39,0,0,0,17.3,30.8,18.9,29.4,0,13
2026-08-01 20:45:39,0,0,0,19.6,28.4,23.9,22.4,0,13
2026-08-01 20:50:38,0,0,0,19.6,26.8,21.8,23.9,0,14
2026-08-01 20:55:39,0,0,0,19,26.8,19.8,26,0,14
2026-08-01 21:00:38,0,0,0,18.4,27.3,18.6,27.4,0,13
2026-08-01 21:05:39,0,0,0,18,28.2,18.3,29.2,0,16
2026-08-01 21:10:39,0,0,0,20,26.7,24,22.1,0,17
2026-08-01 21:15:39,0,0,0,20,25.6,22,23.3,0,13
2026-08-01 21:20:39,0,0,0,19.2,26.3,20,25.8,0,16
2026-08-01 21:25:39,0,0,0,18.5,27.2,18.7,27.6,0,16
2026-08-01 21:30:39,0,0,0,17.9,28.5,18,29,0,16
2026-08-01 21:35:39,0,0,0,19.1,28.9,22.4,25.2,0,16
2026-08-01 21:40:39,0,0,0,20.5,26.7,23.8,22.4,0,13
2026-08-01 21:45:38,0,0,0,19.8,26.7,21.1,25.1,0,13
2026-08-01 21:50:39,0,0,0,19,27,19.4,27.1,0,13
2026-08-01 21:55:39,0,0,0,18.4,28.1,18.8,29.1,0,13
2026-08-01 22:00:39,0,0,0,20.3,25.9,24.4,21.6,0,13
2026-08-01 22:05:38,0,0,0,20.3,24.8,22.5,22.9,0,13
2026-08-01 22:10:39,0,0,0,19.5,24.6,20.2,24.4,0,13
2026-08-01 22:15:39,0,0,0,18.7,24.7,18.9,25,0,13
2026-08-01 22:20:39,0,0,0,18,24.8,18.1,24.4,0,14
2026-08-01 22:25:38,0,0,0,17.6,24.8,17.6,26.1,0,13
2026-08-01 22:30:39,0,0,0,17.3,24.7,17.3,25.3,0,13
2026-08-01 22:35:39,0,0,0,17,25,17.1,24.8,0,13
2026-08-01 22:40:39,0,0,0,16.8,25.1,17,25.4,0,13
2026-08-01 22:45:39,0,0,0,16.9,25.3,17.2,25.2,0,13
2026-08-01 22:50:39,0,0,0,16.9,25.4,17.4,25,0,13
2026-08-01 22:55:39,0,0,0,17.4,26,18.7,24.8,0,16
2026-08-01 23:00:39,0,0,0,18,25.4,19.5,23.5,0,13
2026-08-01 23:05:39,0,0,0,17.7,25.3,18.4,24.5,0,13
2026-08-01 23:10:39,0,0,0,18.8,26,22.2,21.9,0,13
2026-08-01 23:15:39,0,0,0,19.6,24.8,22.2,21.2,0,13
2026-08-01 23:20:39,0,0,0,19,24.7,19.9,23.7,0,13
2026-08-01 23:25:39,0,0,0,20,25.4,23.8,20.8,0,13
2026-08-01 23:30:39,0,0,0,21.3,24.3,25.6,19,0,13
2026-08-01 23:35:39,0,0,0,22.1,23.4,26.3,18.3,0,13
2026-08-01 23:40:39,0,0,0,22.1,22.4,24.7,19,0,13
2026-08-01 23:45:39,0,0,0,21.1,23.7,23,21.6,0,16
2026-08-01 23:50:39,0,0,0,22,23.5,25.7,19.1,0,16
2026-08-01 23:55:39,0,0,0,21.9,22.9,24.3,20,0,13
2026-08-02 00:00:39,0,0,0,20.6,23.5,21.3,22.7,0,13
2026-08-02 00:05:39,0,0,0,21.5,23.3,25,19.4,0,15
2026-08-02 00:10:39,0,0,0,21.5,22.3,23.6,20,0,15
2026-08-02 00:15:39,0,0,0,20.2,23,20.7,22.7,0,13
2026-08-02 00:20:39,0,0,0,20.2,23.9,22.7,21.5,0,13
2026-08-02 00:25:39,0,0,0,21.3,22.8,24.7,19.3,0,13
2026-08-02 00:30:39,0,0,0,20.5,22.5,21.8,21.5,0,13
2026-08-02 00:35:39,0,0,0,19.4,23.3,19.6,23.7,0,16
2026-08-02 00:40:39,0,0,0,18.5,24,18.4,24.7,0,13
2026-08-02 00:45:39,0,0,0,20,24,23.6,20.5,0,13
2026-08-02 00:50:40,0,0,0,20.4,23,22.8,20.7,0,14
2026-08-02 00:55:39,0,0,0,19.6,23.2,20.4,23.1,0,14
2026-08-02 01:00:39,0,0,0,18.7,24.6,18.9,25.1,0,13
2026-08-02 01:05:39,0,0,0,18.1,27.7,18.1,27.6,0,13
2026-08-02 01:10:39,0,0,0,18.5,30,20.8,26.5,0,13
2026-08-02 01:15:39,0,0,0,20.6,28.4,25.2,21.8,0,13
2026-08-02 01:20:39,0,0,0,21,27.1,23.8,22.6,0,13
2026-08-02 01:25:39,0,0,0,20,27.2,20.9,25.8,0,13
2026-08-02 01:30:40,0,0,0,20.5,28.1,23.6,23.8,0,13
2026-08-02 01:35:39,0,0,0,21.9,26.8,26.1,21.2,0,13
2026-08-02 01:40:39,0,0,0,22.1,25.7,24.9,21.6,0,13
2026-08-02 01:45:39,0,0,0,21.5,26.6,23.8,23.6,0,13
2026-08-02 01:50:39,0,0,0,22.4,26.1,26.2,21.1,0,13
2026-08-02 01:55:39,0,0,0,23,25,26.9,20.3,0,13
2026-08-02 02:00:39,0,0,0,22.8,24.4,25.4,21.1,0,14
2026-08-02 02:05:39,0,0,0,21.3,25.4,21.9,24.7,0,13
2026-08-02 02:10:39,0,0,0,21.8,26.3,24.9,22.6,0,13
2026-08-02 02:15:40,0,0,0,22.6,25.5,26.6,20.8,0,13
2026-08-02 02:20:39,0,0,0,22.6,25.2,25.1,21.8,0,13
2026-08-02 02:25:39,0,0,0,21.3,26.2,22.3,25.5,0,13
2026-08-02 02:30:39,0,0,0,22.2,26.4,25.7,22,0,13
2026-08-02 02:35:39,0,0,0,22.9,26.2,26.8,21.2,0,13
2026-08-02 02:40:40,0,0,0,23.2,25.9,26.6,21.2,0,13
2026-08-02 02:45:39,0,0,0,22.2,26.7,24.4,24.1,0,13
2026-08-02 02:50:40,0,0,0,22.8,26.4,26.4,21.6,0,12
2026-08-02 02:55:39,0,0,0,23.2,25.2,26.9,21,0,13
2026-08-02 03:00:39,0,0,0,23.5,24.7,27.1,20.6,0,13
2026-08-02 03:05:39,0,0,0,23.7,24.4,27.1,20.5,0,13
2026-08-02 03:10:40,0,0,0,23.7,23.8,27,20.2,0,12
2026-08-02 03:15:39,0,0,0,23.5,23.5,26.8,20,0,12
2026-08-02 03:20:40,0,0,0,23.6,22.8,26.8,19.8,0,15
2026-08-02 03:25:39,0,0,0,23.5,22.8,26.6,19.6,0,12
2026-08-02 03:30:40,0,0,0,23.5,22.3,26.7,19.3,0,12
2026-08-02 03:35:39,0,0,0,23.4,22.1,26.7,19.2,0,13
2026-08-02 03:40:39,0,0,0,23.4,22.2,26.7,19.1,0,13
2026-08-02 03:45:39,0,0,0,23.5,21.8,26.8,18.9,0,13
2026-08-02 03:50:40,0,0,0,23.5,22,26.9,18.9,0,13
2026-08-02 03:55:40,0,0,0,23.5,21.8,26.8,18.8,0,13
2026-08-02 04:00:40,0,0,0,23.6,21.9,26.9,18.7,0,13
2026-08-02 04:05:40,0,0,0,23.6,21.9,27,18.8,0,13
2026-08-02 04:10:40,0,0,0,23.4,23,26.3,19.8,0,13
2026-08-02 04:15:40,0,0,0,22.4,24,24.5,21.9,0,13
2026-08-02 04:20:40,0,0,0,23,23.6,26.4,19.9,0,13
2026-08-02 04:25:40,0,0,0,23.2,23,26.8,19.5,0,13
2026-08-02 04:30:40,0,0,0,23.4,22.8,26.9,19.3,0,13
2026-08-02 04:35:40,0,0,0,22.4,23.7,23.9,22.1,1,13
2026-08-02 04:40:40,0,0,0,22.7,23.5,26,20.2,0,13
2026-08-02 04:45:40,0,0,0,22.6,23.3,25,20.8,0,13
2026-08-02 04:50:40,0,0,0,22.1,24.7,24.7,21.9,0,13
2026-08-02 04:55:40,0,0,0,22.7,24.5,26.4,20.4,1,13
2026-08-02 05:00:39,0,0,0,23.2,24.7,26.9,20.2,1,13
2026-08-02 05:05:40,0,0,0,23,24.7,25.7,21.3,0,13
2026-08-02 05:10:39,0,0,0,22.3,25.4,24.7,22.6,0,14
2026-08-02 05:15:40,0,0,0,22.9,25.4,26.5,21.1,0,14
2026-08-02 05:20:40,0,0,0,23.3,24.7,26.9,20.3,0,14
2026-08-02 05:25:39,0,0,0,22.9,24.3,25.1,21.6,0,13
2026-08-02 05:30:40,0,0,0,22.7,24.5,25.9,21.2,0,14
2026-08-02 05:35:40,0,0,0,23.1,24.6,26.7,20.5,0,14
2026-08-02 05:40:40,0,0,0,23.4,24.5,27,20.4,0,13
2026-08-02 05:45:40,0,0,0,23.6,24.8,27.1,20.5,0,13
2026-08-02 05:50:40,0,0,0,23.7,24.7,27.2,20.4,0,13
2026-08-02 05:55:40,0,0,0,23.9,24.7,27.3,20.6,0,13
2026-08-02 06:00:43,0,0,0,23.9,25.1,27.3,20.8,0,13
2026-08-02 06:05:40,0,0,0,23.9,25,27.3,20.7,1,13
2026-08-02 06:10:40,0,0,0,23.9,25.3,27.3,20.9,0,13
2026-08-02 06:15:40,0,0,0,23.9,25.5,27.3,21.2,0,13
2026-08-02 06:20:40,0,0,0,23.9,25.7,27.2,21.4,0,13
2026-08-02 06:25:40,0,0,0,23.9,26.2,27.2,21.7,0,13
2026-08-02 06:30:40,0,0,0,23.8,26.2,27.1,22,1,13
2026-08-02 06:35:40,0,0,0,23.7,26.5,27,22.2,0,13
2026-08-02 06:40:40,0,0,0,23.7,26.9,27,22.3,0,13
2026-08-02 06:45:40,0,0,0,23.6,26.7,27,22.4,0,13
2026-08-02 06:50:40,0,0,0,23.5,26.9,26.9,22.5,0,13
2026-08-02 06:55:40,0,0,0,23.5,27.1,26.8,22.7,0,13
2026-08-02 07:00:40,0,0,0,23.4,27.4,26.8,22.9,0,16
2026-08-02 07:05:40,0,0,0,23.4,27.5,26.7,23,0,13
2026-08-02 07:10:40,0,0,0,23.3,27.6,26.6,23.2,0,13
2026-08-02 07:15:41,0,0,0,23.2,27.7,26.5,23.4,0,13
2026-08-02 07:20:40,0,0,0,23.1,28,26.3,23.6,0,13
2026-08-02 07:25:40,0,0,1,23,27.9,26.2,23.6,0,13
2026-08-02 07:30:40,0,1,1,22.9,28.1,26.1,23.8,0,13
2026-08-02 07:35:40,0,0,0,22.9,27.9,26,23.5,0,13
2026-08-02 07:40:40,0,0,0,22.8,27.9,26,23.8,0,13
2026-08-02 07:45:40,0,0,0,22.8,28,26.1,23.8,0,13
2026-08-02 07:50:40,0,0,0,22.8,27.9,26.1,23.7,0,14
2026-08-02 07:55:41,0,0,0,22.8,28,26.1,23.8,0,14
2026-08-02 08:00:40,0,0,0,22.9,27.9,26.1,23.8,0,14
2026-08-02 08:05:40,0,0,0,22.8,28.1,26.1,23.9,0,14
2026-08-02 08:10:40,0,0,0,22.8,28.3,26.1,24,0,14
2026-08-02 08:15:40,0,0,0,22.8,28.3,26.1,24.1,0,14
2026-08-02 08:20:41,0,0,0,22.8,28.3,26.1,24,0,14
2026-08-02 08:25:40,0,0,0,22.8,28.3,26.1,24.1,0,14
2026-08-02 08:30:41,0,0,0,22.8,28.1,26.1,24.1,0,14
2026-08-02 08:35:41,0,0,0,22.9,28.2,26.1,24,0,14
2026-08-02 08:40:40,0,0,0,22.9,28.2,26.2,24.1,0,14
2026-08-02 08:45:40,0,0,0,22.8,28.2,26.1,24.2,0,14
2026-08-02 08:50:40,0,0,0,22.9,28.6,26.2,24.3,0,14
2026-08-02 08:55:41,0,0,0,22.9,28.3,26.2,24.3,0,14
2026-08-02 09:00:40,0,0,0,22.9,28.2,26.3,24.1,0,14
2026-08-02 09:05:40,0,0,0,22.9,28,26.3,24.2,0,14
2026-08-02 09:10:41,0,0,0,23,28.1,26.3,24.2,0,14
2026-08-02 09:15:40,0,0,0,23,28.4,26.3,24.2,0,14
2026-08-02 09:20:41,0,0,0,23,28.4,26.4,24.3,0,14
2026-08-02 09:25:40,0,0,0,23,28.4,26.4,24.3,0,14
2026-08-02 09:30:41,0,0,0,23,28.1,26.4,24.3,0,14
2026-08-02 09:35:40,0,0,0,23.1,28.2,26.4,24.3,0,14
2026-08-02 09:40:41,0,0,0,23.1,27.8,26.4,24.1,0,14
2026-08-02 09:45:41,0,0,0,23.1,27.9,26.4,24.2,0,14
2026-08-02 09:50:40,0,0,0,23.1,28.1,26.4,24.3,0,14
2026-08-02 09:55:41,0,0,0,23.1,28.2,26.5,24.3,0,14
2026-08-02 10:00:40,0,0,0,23.1,28.2,26.5,24.4,0,14
2026-08-02 10:05:41,0,0,0,23.2,28.6,26.6,24.7,0,14
2026-08-02 10:10:41,0,0,0,23.2,29.1,26.5,24.9,0,14
2026-08-02 10:15:41,0,0,0,23.2,29.4,26.5,25.2,0,14
2026-08-02 10:20:41,0,0,0,23.1,29.3,26.4,25.3,0,17
2026-08-02 10:25:40,0,0,0,23.1,29.8,26.4,25.3,0,14
2026-08-02 10:30:41,0,0,0,23.1,30,26.4,25.6,0,13
2026-08-02 10:35:40,0,0,0,23.1,30,26.4,25.7,0,13
2026-08-02 10:40:41,0,0,0,23.1,30.1,26.4,25.7,0,13
2026-08-02 10:45:41,0,0,0,23.1,30,26.4,25.8,0,13
2026-08-02 10:50:41,0,0,0,23.1,30,26.4,25.7,0,13
2026-08-02 10:55:41,0,0,0,23.1,30.1,26.4,25.9,0,13
2026-08-02 11:00:40,0,0,0,23.1,30,26.5,25.8,0,13
2026-08-02 11:05:41,0,0,0,23.1,29.8,26.5,25.8,0,13
2026-08-02 11:10:41,1,1,1,23.2,29.8,26.5,25.7,0,13
2026-08-02 11:15:41,0,0,0,23.2,29.8,26.5,25.6,0,13
2026-08-02 11:20:41,0,1,1,23.2,30,26.5,26,0,13
2026-08-02 11:25:40,0,2,2,23.2,29.5,26.5,25.6,0,17
2026-08-02 11:30:41,0,0,0,23.2,29.6,26.5,25.8,0,14
2026-08-02 11:35:41,0,0,0,23.2,29.3,26.6,25.6,0,13
2026-08-02 11:40:41,0,0,0,23.2,28.9,26.6,25.4,0,13
2026-08-02 11:45:41,0,0,0,23.2,28.6,26.5,25.3,0,14
2026-08-02 11:50:41,0,0,0,23.2,28.7,26.5,25.2,0,14
2026-08-02 11:55:41,0,0,0,23.2,28.5,26.5,25.1,0,14
2026-08-02 12:00:41,0,0,0,23.2,28.6,26.6,25.1,0,14
2026-08-02 12:05:41,0,0,0,23.3,28.6,26.5,25.2,0,13
2026-08-02 12:10:41,0,0,0,23.2,28.6,26.6,25.2,0,13
2026-08-02 12:15:41,0,0,0,23.3,28.8,26.6,25.2,0,13
2026-08-02 12:20:41,0,1,1,23.3,28.8,26.6,25.1,0,13
2026-08-02 12:25:41,0,1,1,23.3,29,26.6,25.4,0,13
2026-08-02 12:30:41,0,1,1,23.3,29,26.7,25.3,1,13
2026-08-02 12:35:41,0,0,0,23.4,28.7,26.8,25.3,0,13
2026-08-02 12:40:41,0,0,0,23.4,28.2,26.8,25,0,13
2026-08-02 12:45:41,0,0,0,23.4,28.4,26.8,25,0,13
2026-08-02 12:50:41,0,0,0,23.5,28.4,26.8,25,0,13
2026-08-02 12:55:41,0,0,0,23.5,28.2,26.9,24.8,0,13
2026-08-02 13:00:41,0,1,1,23.5,28.4,26.9,25,0,16
2026-08-02 13:05:41,0,3,3,23.5,29.3,27,25.4,0,13
2026-08-02 13:10:41,1,4,4,23.6,29.8,27,25.8,0,14
2026-08-02 13:15:41,2,4,4,23.6,30,27,25.8,0,14
2026-08-02 13:20:41,3,5,5,23.6,30.1,27,26,0,13
2026-08-02 13:25:41,3,6,6,23.6,30.2,27,26.2,0,13
2026-08-02 13:30:41,3,4,4,23.6,30.2,27,26.1,0,13
2026-08-02 13:35:41,3,5,5,23.6,30.5,26.9,26.3,0,13
2026-08-02 13:40:41,3,5,5,23.5,30.5,26.8,26.5,0,13
2026-08-02 13:45:41,3,4,4,23.4,30.6,26.8,26.7,0,14
2026-08-02 13:50:42,4,7,7,23.4,30.7,26.7,26.5,0,14
2026-08-02 13:55:41,4,5,5,23.4,30.7,26.6,26.8,0,14
2026-08-02 14:00:41,3,5,5,23.3,30.2,26.6,26.5,0,14
2026-08-02 14:05:42,4,6,6,23.3,30.7,26.6,26.6,0,14
2026-08-02 14:10:41,3,6,6,23.3,30.5,26.7,26.8,0,17
2026-08-02 14:15:44,6,7,7,23.3,30.5,26.7,26.7,0,17
2026-08-02 14:20:41,5,7,7,23.3,30.5,26.7,26.7,0,14
2026-08-02 14:25:41,4,7,7,23.4,30.6,26.8,26.7,0,16
2026-08-02 14:30:41,3,4,4,23.4,30.3,26.8,26.6,0,13
2026-08-02 14:35:42,4,6,6,23.4,30.3,26.8,26.6,0,13
2026-08-02 14:40:42,4,7,7,23.5,30.1,26.8,26.5,1,16
2026-08-02 14:45:41,4,6,6,23.5,29.9,26.8,26.4,0,14
2026-08-02 14:50:42,3,4,4,23.5,29.8,26.9,26.2,0,14
2026-08-02 14:55:42,2,3,4,23.5,29.4,26.8,26.1,0,14
2026-08-02 15:00:42,2,4,4,23.5,29.2,26.9,25.9,0,14
2026-08-02 15:05:41,2,4,5,23.5,29.1,26.8,26,0,14
2026-08-02 15:10:42,2,6,6,23.5,29.5,26.8,26.1,0,14
2026-08-02 15:15:41,3,5,5,23.5,29.6,26.9,26.1,0,14
2026-08-02 15:20:42,2,3,4,23.5,29.1,26.9,25.9,0,14
2026-08-02 15:25:41,2,5,6,23.6,29.6,26.9,26.2,0,14
2026-08-02 15:30:42,4,6,6,23.7,29.8,27,26.3,0,14
2026-08-02 15:35:42,2,4,4,23.7,30.1,27,26.2,0,14
2026-08-02 15:40:42,4,11,11,23.7,30.3,27,26.4,0,14
2026-08-02 15:45:42,3,7,7,23.8,30.3,27.1,26.4,0,14
2026-08-02 15:50:43,3,8,8,23.8,30,27.1,26.3,0,14
2026-08-02 15:55:42,3,6,6,23.8,30,27.1,26.2,0,14
2026-08-02 16:04:03,2,5,6,23.9,29.7,27.2,26.2,0,14
2026-08-02 16:05:42,2,3,3,23.9,29.7,27.2,26.1,0,14
2026-08-02 16:10:42,2,3,3,24,29.4,27.3,25.9,0,14
2026-08-02 16:15:42,1,2,2,24,29.5,27.2,26,0,14
2026-08-02 16:20:42,0,2,2,23.9,29.3,27.2,25.9,1,14
2026-08-02 16:25:42,1,5,5,24,29.7,27.2,26.1,0,15
2026-08-02 16:30:42,5,7,8,24,29.8,27.3,26.1,0,15
2026-08-02 16:35:41,7,13,13,24,30.2,27.3,26.5,0,15
2026-08-02 16:40:42,9,18,19,24,30.6,27.3,26.7,0,15
2026-08-02 16:45:42,9,20,20,24,30.8,27.3,26.8,0,17
2026-08-02 16:50:42,11,20,20,24,31,27.3,26.9,0,14
2026-08-02 16:55:42,12,22,22,24,30.9,27.3,27,0,14
2026-08-02 17:00:42,15,22,23,23.9,31,27.2,27,0,14
2026-08-02 17:05:42,11,22,22,23.9,31,27.1,27.1,0,14
2026-08-02 17:10:42,18,27,27,23.8,31.1,27.1,27.1,0,14
2026-08-02 17:15:42,13,20,20,23.8,31.3,27,27.1,0,14
2026-08-02 17:20:42,12,18,18,23.7,31.2,27,27.3,0,14
2026-08-02 17:25:42,13,22,22,23.6,31.1,27,27.3,0,14
2026-08-02 17:30:42,12,22,22,23.6,31.2,27,27.4,0,14
2026-08-02 17:35:42,8,19,19,23.6,31.3,26.9,27.3,0,14
2026-08-02 17:40:42,9,19,20,23.5,31.2,26.8,27.5,0,14
2026-08-02 17:45:42,9,20,20,23.4,31.3,26.8,27.5,0,14
2026-08-02 17:50:42,9,20,22,23.5,31.2,26.8,27.5,0,14
2026-08-02 17:55:42,8,16,16,23.4,31,26.8,27.3,0,14
2026-08-02 18:00:43,11,17,19,23.4,31,26.8,27.5,0,14
2026-08-02 18:05:42,8,16,18,23.4,31.1,26.8,27.5,0,14
2026-08-02 18:10:42,8,14,14,23.4,31,26.8,27.4,0,14
2026-08-02 18:15:42,6,8,9,23.4,30.7,26.8,27.2,0,14
2026-08-02 18:20:42,5,8,8,23.4,30.9,26.8,27.3,0,17
2026-08-02 18:25:42,6,9,9,23.4,30.8,26.8,27.3,0,14
2026-08-02 18:30:42,8,15,16,23.4,30.9,26.8,27.3,0,14
2026-08-02 18:35:42,7,15,16,23.4,30.8,26.8,27.2,0,13
2026-08-02 18:40:42,6,8,8,23.4,30.7,26.8,27.2,0,14
2026-08-02 18:45:42,24,41,48,23.4,30.8,26.8,27.3,0,14
2026-08-02 18:50:42,24,37,42,23.5,30.4,26.9,27,0,14
2026-08-02 18:55:42,15,29,31,23.5,30.2,26.9,26.9,0,14
2026-08-02 19:00:42,2,6,6,23.5,30,26.8,26.9,0,14
2026-08-02 19:05:43,0,2,2,23.5,29.6,26.8,26.6,0,14
2026-08-02 19:10:42,0,0,0,23.5,28.6,26.9,26.1,0,14
2026-08-02 19:15:42,0,0,0,23.5,28.8,26.9,26.2,0,14
2026-08-02 19:20:42,0,0,0,23.6,28.8,26.9,26.1,0,14
2026-08-02 19:25:42,0,0,0,23.5,28.9,26.9,26.1,0,14
2026-08-02 19:30:42,0,0,1,23.6,29,27,26.1,0,14
2026-08-02 19:35:42,0,1,1,23.6,28.8,27,25.9,0,14
2026-08-02 19:40:42,0,0,1,23.7,28.8,27,25.9,0,14
2026-08-02 19:45:43,0,0,0,23.7,28.9,27,25.9,0,14
2026-08-02 19:50:42,2,4,5,23.7,28.8,27,25.8,0,14
2026-08-02 19:55:42,1,4,4,23.7,29.2,27,25.9,0,14
2026-08-02 20:00:43,1,2,2,23.7,29.1,27.1,25.8,0,14
2026-08-02 20:05:42,0,1,1,23.7,28.9,27.1,25.7,0,14
2026-08-02 20:10:43,0,2,2,23.8,28.8,27.1,25.7,0,14
2026-08-02 20:15:42,0,1,1,23.8,28.9,27.1,25.7,1,14
2026-08-02 20:20:43,0,1,1,23.8,28.6,27.1,25.5,0,14
2026-08-02 20:25:43,0,0,0,23.8,28.6,27.1,25.6,1,14
2026-08-02 20:30:42,0,1,2,23.8,28.9,27.1,25.6,0,14
2026-08-02 20:35:43,7,11,11,23.9,29.4,27.2,25.9,0,14
2026-08-02 20:40:42,6,14,14,23.9,29.8,27.1,26.1,0,14
2026-08-02 20:45:42,6,9,9,23.9,29.7,27.1,26.1,0,16
2026-08-02 20:50:42,6,8,8,23.8,29.8,27.1,26.1,0,14
2026-08-02 20:55:42,4,6,6,23.7,29.5,27,26.1,0,17
2026-08-02 21:00:42,4,4,4,23.7,29.5,27,26,0,13
2026-08-02 21:05:43,3,5,6,23.6,29.3,27,26,0,13
2026-08-02 21:10:43,1,4,5,23.6,29.2,27,26,0,16
2026-08-02 21:15:43,2,4,4,23.7,29.2,27,25.9,0,13
2026-08-02 21:20:42,1,4,4,23.6,29.1,27,26,0,13
2026-08-02 21:25:43,0,3,4,23.6,29.2,27,25.9,0,13
2026-08-02 21:30:43,0,1,1,23.6,29,27,25.8,0,13
2026-08-02 21:35:43,0,0,0,23.7,29.1,27,25.8,0,13
2026-08-02 21:40:42,2,4,4,23.7,29.1,27,25.8,0,13
2026-08-02 21:45:43,1,4,4,23.7,29.1,27,25.8,0,13
2026-08-02 21:50:42,1,3,3,23.6,29.2,27,25.9,0,16
2026-08-02 21:55:43,2,5,5,23.6,29,27,25.8,0,16
2026-08-02 22:00:42,2,5,5,23.6,29,27,25.8,0,14
2026-08-02 22:05:43,1,2,2,23.6,28.7,26.9,25.7,1,13
2026-08-02 22:10:43,0,0,0,23.6,28.7,26.9,25.7,0,14
2026-08-02 22:15:43,0,0,0,23.6,28.8,26.9,25.6,0,14
2026-08-02 22:20:43,0,0,0,23.6,29,27,25.7,0,14
2026-08-02 22:25:43,0,0,0,23.7,28.6,27,25.6,0,14
2026-08-02 22:30:43,0,0,0,23.7,29,27,25.6,0,14
2026-08-02 22:35:43,0,0,0,23.7,28.6,27.1,25.5,0,13
2026-08-02 22:40:43,0,0,0,23.8,28.8,27.1,25.5,0,13
2026-08-02 22:45:43,0,0,0,23.8,28.7,27.1,25.5,0,13
2026-08-02 22:50:43,0,0,0,23.9,28.4,27.2,25.4,0,13
2026-08-02 22:55:43,0,0,0,23.9,28.4,27.2,25.4,0,14
2026-08-02 23:00:43,0,0,0,24,28.6,27.2,25.4,0,13
2026-08-02 23:05:42,0,0,0,24,28.5,27.3,25.4,0,13
2026-08-02 23:10:43,0,0,0,24,28.5,27.2,25.3,0,13
2026-08-02 23:15:43,0,0,0,23.9,28.6,27.2,25.4,0,16
2026-08-02 23:20:43,0,0,0,24,28.6,27.2,25.4,0,13
2026-08-02 23:25:43,0,0,0,23.9,28,27.1,25.1,0,13
2026-08-02 23:30:43,0,0,0,22.8,28.5,24.4,28.4,0,13
2026-08-02 23:35:43,0,0,0,23,29,26.3,26.4,0,16
2026-08-02 23:40:43,0,0,0,22.8,28.6,25.1,27.1,0,14
2026-08-02 23:45:43,0,0,0,21.9,30.1,24,29.5,0,14
2026-08-02 23:50:43,0,0,0,22.7,29.5,26.3,26.4,0,14
2026-08-02 23:55:43,0,0,0,22.9,29,26.2,26,0,14
2026-08-03 00:00:43,0,0,0,21.7,30,22.7,30.2,0,14
2026-08-03 00:05:43,0,0,0,21.7,30.8,24.7,28.7,0,14
2026-08-03 00:10:43,0,0,0,22.6,29.8,26.4,26.1,0,14
2026-08-03 00:15:43,0,0,0,22.3,29.4,24.5,27.7,0,14
2026-08-03 00:20:43,0,0,0,21,31.2,22,32.3,0,14
2026-08-03 00:25:43,0,0,0,22,30.7,25.6,27.3,0,13
2026-08-03 00:30:43,0,0,0,22.8,29.8,26.6,25.5,0,14
2026-08-03 00:35:43,0,0,0,22,29.7,23.8,28.6,0,14
2026-08-03 00:40:43,0,0,0,21.7,30.8,24.4,28.8,0,14
2026-08-03 00:45:43,0,0,0,22.6,29.8,26.4,26.1,0,14
2026-08-03 00:50:43,0,0,0,23.1,29.1,26.9,25.3,0,14
2026-08-03 00:55:43,0,0,0,23.1,29,26.2,25.8,0,14
2026-08-03 01:00:43,0,0,0,22.4,29.7,24.9,28.1,0,14
2026-08-03 01:05:43,0,0,0,23,28.7,26.5,25.6,0,14
2026-08-03 01:10:43,0,0,0,23.3,28.2,27,24.9,0,14
2026-08-03 01:15:43,0,0,0,23,27.9,25.4,26.1,0,13
2026-08-03 01:20:43,0,0,0,22.4,28.7,25.1,27.1,0,16
2026-08-03 01:25:43,0,0,0,23,28.6,26.6,25.3,0,13
2026-08-03 01:30:43,0,0,0,23.4,27.7,27.1,24.4,0,13
2026-08-03 01:35:43,0,0,0,22.6,27.9,24.4,27.1,0,13
2026-08-03 01:40:43,0,0,0,22.1,29,24.7,27.6,0,13
2026-08-03 01:45:43,0,0,0,22.8,28.4,26.5,25.2,0,13
2026-08-03 01:50:43,0,0,0,23.2,27.9,27,24.5,0,13
2026-08-03 01:55:43,0,0,0,23,27.8,25.7,25.5,0,13
2026-08-03 02:00:43,0,0,0,22.6,28.8,25.3,26.8,0,13
2026-08-03 02:05:43,0,0,0,23.1,28.2,26.7,24.9,0,13
2026-08-03 02:10:43,0,0,0,23.4,28,27,24.4,0,13
2026-08-03 02:15:43,0,0,0,23.6,27.5,27.2,24.2,0,13
2026-08-03 02:20:43,0,0,0,23.8,27.4,27.2,24.1,0,13
2026-08-03 02:25:43,0,0,0,23.8,27.2,27.2,24.1,0,13
2026-08-03 02:30:43,0,0,0,23.9,27.4,27.2,24.1,0,13
2026-08-03 02:35:43,0,0,0,23.9,27.4,27.3,24.2,0,13
2026-08-03 02:40:43,0,0,0,24,27.6,27.3,24.3,0,13
2026-08-03 02:45:43,0,0,0,24,27.2,27.3,24.1,0,13
2026-08-03 02:50:43,0,0,0,24,26.8,27.2,23.9,0,13
2026-08-03 02:55:43,0,0,0,23.9,26.8,26.9,24.2,0,13
2026-08-03 03:00:43,0,0,0,23.4,26.8,25.9,25.1,0,13
2026-08-03 03:05:43,0,0,0,23.5,27,26.7,24.5,0,13
2026-08-03 03:10:44,0,0,0,23.7,27.2,27.1,24,0,13
2026-08-03 03:15:43,0,0,0,23.9,27.2,27.2,24,0,13
2026-08-03 03:20:44,0,0,0,23.9,27.1,27.2,24,0,13
2026-08-03 03:25:43,0,0,0,23.8,27.3,27,24.2,0,13
2026-08-03 03:30:43,0,0,0,23.3,27.7,26,25.5,0,13
2026-08-03 03:35:44,0,0,0,23.5,27.2,26.9,24.4,0,13
2026-08-03 03:40:43,0,0,0,23.7,27.2,27.1,24,0,13
2026-08-03 03:45:43,0,0,0,23.8,27,27.3,23.9,0,13
2026-08-03 03:50:43,0,0,0,23.8,26.9,26.8,24,0,13
2026-08-03 03:55:43,0,0,0,22.7,27.8,24.8,26.9,0,13
2026-08-03 04:00:43,0,0,0,23.1,27.9,26.5,24.8,0,13
2026-08-03 04:05:43,0,0,0,23.4,28,27,24.3,0,13
2026-08-03 04:10:44,0,0,0,23.4,27.6,26.4,24.6,0,13
2026-08-03 04:15:43,0,0,0,22.4,28.8,24.2,27.9,0,13
2026-08-03 04:20:44,0,0,0,22.9,28.6,26.3,25.3,0,13
2026-08-03 04:25:43,0,0,0,23.3,28.2,26.9,24.6,0,13
2026-08-03 04:30:44,0,0,0,22.5,28.5,24.3,27.2,0,13
2026-08-03 04:35:43,0,0,0,22.6,29.1,25.8,26.2,0,13
2026-08-03 04:40:44,0,0,0,23.1,28.7,26.8,24.9,0,13
2026-08-03 04:45:43,0,0,0,23.4,28.6,27.1,24.6,0,13
2026-08-03 04:50:43,0,0,0,23.6,28.2,27.2,24.5,0,13
2026-08-03 04:55:43,0,0,0,23.6,28.3,26.8,24.9,0,13
2026-08-03 05:00:43,0,0,0,23.3,29,26.3,25.9,0,13
2026-08-03 05:05:44,0,0,0,23.5,28.7,27,25,0,13
2026-08-03 05:20:44,0,0,0,22.9,29.5,26.5,25.9,0,13
2026-08-03 05:25:44,0,0,0,23.3,28.9,26.9,25.2,1,13
2026-08-03 05:30:44,0,0,0,22.7,29,24.8,27.2,0,13
2026-08-03 05:35:44,0,0,0,22.6,29.9,25.6,27,0,13
2026-08-03 05:40:44,0,0,0,23.1,29.6,26.8,25.5,0,13
2026-08-03 05:45:44,0,0,0,23.4,28.9,27.1,25.2,0,13
2026-08-03 05:50:44,0,0,0,22.8,29.2,24.8,27.4,0,13
2026-08-03 05:55:44,0,0,0,22.6,30,25.5,27.2,0,13
2026-08-03 06:00:44,0,0,0,23.1,29.3,26.7,25.5,0,13
2026-08-03 06:05:44,0,0,0,23.3,29.1,26.7,25.3,0,13
2026-08-03 06:10:44,0,0,0,22.4,29.8,24.5,28.5,0,13
2026-08-03 06:15:44,0,0,0,23,29.4,26.5,25.9,0,13
2026-08-03 06:20:44,0,0,0,23.3,29,27,25.1,0,12
2026-08-03 06:25:44,0,0,0,23.3,28.5,26.2,25.7,0,12
2026-08-03 06:30:44,0,0,0,22.2,30,24,29.2,0,12
2026-08-03 06:35:44,0,0,0,22.8,29.5,26.3,26.1,0,13
2026-08-03 06:40:44,0,0,0,23.2,29,26.9,25.2,0,13
2026-08-03 06:45:44,0,0,0,22.4,29.3,24.2,28.2,0,13
2026-08-03 06:50:44,0,0,0,22.6,30.1,,,0,13
2026-08-03 06:55:44,0,0,0,23.1,29.2,,,0,13
2026-08-03 07:00:44,0,0,0,23.3,29,,,0,13
2026-08-03 07:05:44,0,0,0,22.3,30.3,,,0,13
2026-08-03 07:10:44,0,0,0,22.8,29.9,,,0,15
2026-08-03 07:15:44,0,0,0,23.3,29.6,,,0,15
2026-08-03 07:20:44,0,0,0,23.5,29.1,,,0,12
2026-08-03 07:25:44,0,0,0,23,28.7,,,0,12
2026-08-03 07:30:44,0,0,0,23.1,29.2,,,0,15
2026-08-03 07:35:44,0,0,0,23.5,28.7,,,0,13
2026-08-03 07:40:44,0,0,0,23.5,28.8,,,0,13
2026-08-03 07:45:44,0,0,0,23,29.1,,,0,13
2026-08-03 07:50:44,0,0,0,23.3,29.3,,,0,13
2026-08-03 07:55:44,0,0,0,22.7,29.3,,,0,13
2026-08-03 08:00:44,0,0,0,22.4,30.6,25.3,27.9,0,13
2026-08-03 08:05:44,0,0,0,23,29.5,26.6,25.9,0,13
2026-08-03 08:10:44,0,0,0,23.4,28.9,27.1,25.2,0,13
2026-08-03 08:15:46,0,0,0,23.3,28.6,26.1,25.8,0,15
2026-08-03 08:20:44,0,0,0,22.2,30.2,23.9,29.6,0,15
2026-08-03 08:25:44,0,0,0,22.8,30,26.3,26.5,0,15
2026-08-03 08:30:45,0,0,0,23.2,29.4,26.9,25.7,0,12
2026-08-03 08:35:44,0,0,0,22.6,29.2,24.5,27.6,0,12
2026-08-03 08:40:44,0,0,0,21.9,30.8,,,0,15
2026-08-03 08:45:44,0,0,0,22.7,30,,,0,15
2026-08-03 08:50:45,0,0,0,22.3,30.1,,,0,15
2026-08-03 08:55:44,0,0,0,21.2,32.2,,,0,15
2026-08-03 09:00:45,0,0,0,22.3,31.5,,,0,13
2026-08-03 09:05:44,0,1,1,22.7,30.5,,,0,13
2026-08-03 09:10:45,0,1,1,21.5,31,,,0,13
2026-08-03 09:15:44,0,0,0,21.4,32.3,,,0,13
2026-08-03 09:20:45,0,1,1,22.4,31.4,,,0,13
2026-08-03 09:25:44,0,0,0,21.9,31.3,,,0,13
2026-08-03 09:30:44,0,0,0,20.6,33.2,,,0,13
2026-08-03 09:35:44,0,0,0,21.8,32.8,,,0,13
2026-08-03 09:40:45,0,0,0,22.1,31.6,,,0,16
2026-08-03 09:45:44,0,0,0,20.9,32.6,,,0,13
2026-08-03 09:50:45,0,1,1,19.9,35.2,,,0,17
2026-08-03 09:55:45,0,5,5,21.4,33.8,,,0,13
2026-08-03 10:00:45,1,4,4,21.3,32.7,,,0,13
2026-08-03 10:05:45,4,13,13,20.1,34,,,0,13
2026-08-03 10:10:45,37,58,73,19.1,36,,,1,13
2026-08-03 10:15:45,20,36,41,20.7,35.2,,,0,13
2026-08-03 10:20:44,21,31,32,21.2,33.6,,,0,13
2026-08-03 10:25:44,17,30,31,20.2,34.9,,,0,13
2026-08-03 10:30:44,6,20,21,19.1,36.3,,,0,13
2026-08-03 10:35:45,4,7,10,18.7,38.6,,,0,13
2026-08-03 10:40:45,6,18,18,20.5,36.2,,,0,16
2026-08-03 10:45:44,9,25,26,20.1,35.6,,,0,16
2026-08-03 10:50:45,4,12,12,19.3,36.8,,,0,13
2026-08-03 10:55:45,0,0,0,18.5,38.7,,,0,13
2026-08-03 11:00:45,0,0,0,17.9,39.7,,,0,16
2026-08-03 11:05:45,0,3,3,19,40.6,,,0,16
2026-08-03 11:10:45,3,5,5,19.4,38.2,,,0,16
2026-08-03 11:15:44,2,4,4,18.9,38.2,,,0,13
2026-08-03 11:20:45,3,10,10,18.3,39.1,,,0,13
2026-08-03 11:25:45,2,4,4,17.9,40.2,,,0,13
2026-08-03 11:30:45,0,1,1,17.5,40.9,,,0,13
2026-08-03 11:35:45,5,10,10,17.3,41.6,,,0,13
2026-08-03 11:40:45,4,12,12,17.1,42.3,,,0,16
2026-08-03 11:45:45,1,5,5,17,42.9,,,0,16
2026-08-03 11:50:45,2,5,5,16.9,43.5,,,0,16
2026-08-03 11:55:44,2,4,4,16.9,43.9,,,0,16
2026-08-03 12:00:45,1,4,4,16.9,43.9,17.2,45.3,0,16
2026-08-03 12:05:45,1,4,4,16.8,44.2,17.1,45.5,0,16
2026-08-03 12:10:45,3,5,5,16.8,44,17.1,45.6,0,16
2026-08-03 12:15:45,2,2,2,16.8,44.1,17.1,45.2,0,15
2026-08-03 12:20:45,2,4,4,16.8,44.2,17.1,45.7,0,15
2026-08-03 12:25:45,3,5,5,16.8,44.3,17.1,45.8,0,15
2026-08-03 12:30:45,1,4,5,16.8,44.1,17.1,45.7,0,15
2026-08-03 12:35:45,2,3,3,16.8,44.1,17.2,45.5,0,15
2026-08-03 12:40:44,1,3,3,16.8,44.2,17.2,45.7,0,15
2026-08-03 12:45:45,1,2,3,16.9,44.3,17.3,45.7,0,15
2026-08-03 12:50:45,3,3,3,16.9,44.3,17.3,45.8,0,15
2026-08-03 12:55:44,3,4,5,16.9,44.5,17.4,45.7,0,15
2026-08-03 13:00:45,2,3,3,17,44.5,17.5,45.8,0,15
2026-08-03 13:05:45,1,2,3,17,44.5,17.6,45.8,0,15
2026-08-03 13:10:45,0,3,4,17.1,44.5,17.7,45.7,0,15
2026-08-03 13:15:44,0,2,2,17.2,44.4,17.8,45.6,0,15
2026-08-03 13:20:45,0,2,3,17.3,44.3,18,45.4,0,15
2026-08-03 13:25:45,8,12,12,17.4,43.9,18.1,45.1,0,15
2026-08-03 13:30:45,9,15,16,17.5,44,18.2,45.1,0,15
2026-08-03 13:35:45,5,6,7,17.6,44.1,18.3,45.2,0,15
2026-08-03 13:40:45,0,1,1,17.7,43.5,18.4,44.7,0,15
2026-08-03 13:45:45,0,1,1,17.7,43.2,18.5,44.5,0,15
2026-08-03 13:50:45,0,1,1,17.8,43.2,18.5,44.6,0,15
2026-08-03 13:55:45,1,1,1,17.9,42.9,18.5,44.3,0,15
2026-08-03 14:00:45,0,1,1,17.9,42.5,18.6,44.1,0,15
2026-08-03 14:05:45,0,2,2,17.9,42.6,18.6,44.2,0,15
2026-08-03 14:10:45,1,4,4,17.9,42.6,18.6,44.1,0,15
2026-08-03 14:15:45,2,6,6,17.9,42.5,18.6,44,0,15
2026-08-03 14:20:45,3,4,4,18,42.4,18.6,43.8,0,15
2026-08-03 14:25:45,4,6,7,18,42.2,18.6,43.7,0,15
2026-08-03 14:30:45,6,12,12,18,42.1,18.6,43.7,0,15
2026-08-03 14:35:45,9,15,15,18,42,18.6,43.7,0,15
2026-08-03 14:40:45,14,27,28,17.9,42.1,18.6,43.6,0,15
2026-08-03 14:45:45,16,26,26,17.9,42.2,18.6,43.8,0,15
2026-08-03 14:50:45,20,29,30,17.9,42.2,18.6,43.6,0,15
2026-08-03 14:55:45,18,28,28,17.9,42.2,18.6,43.6,0,15
2026-08-03 15:00:45,22,36,37,17.9,42.1,18.5,43.7,0,15
2026-08-03 15:05:45,25,34,34,17.9,42.5,18.5,44,0,15
2026-08-03 15:10:46,22,32,34,17.9,42.6,18.5,44.1,0,15
2026-08-03 15:15:45,10,21,23,17.9,42.2,18.5,43.7,0,15
2026-08-03 15:20:45,16,26,26,17.9,41.8,18.5,43.5,0,15
2026-08-03 15:26:10,18,29,30,17.9,41.5,18.5,43.3,0,3
2026-08-03 15:30:45,25,36,37,17.9,41.8,18.5,43.5,0,14
2026-08-03 15:35:46,12,25,25,17.8,41.4,18.4,43.3,0,14
2026-08-03 15:40:45,19,29,29,17.8,41.4,18.4,43.2,0,14
2026-08-03 15:45:45,16,27,27,17.8,41.3,18.4,43.3,0,14
2026-08-03 15:50:46,14,27,27,17.7,41.4,18.3,43.3,0,14
2026-08-03 15:55:47,12,25,25,17.7,41.3,18.3,43.2,0,14
2026-08-03 16:04:10,9,20,20,17.7,41.2,18.3,43,0,13
2026-08-03 16:05:45,7,19,20,17.7,41,18.2,42.9,0,13
2026-08-03 16:10:45,6,12,12,17.7,41.3,18.2,43,0,13
2026-08-03 16:15:45,2,5,5,17.6,40.9,18.2,42.9,0,16
2026-08-03 16:20:45,2,4,4,17.6,40.9,18.1,42.8,0,16
2026-08-03 16:25:45,1,3,3,17.6,40.9,18.1,42.9,0,13
2026-08-03 16:30:45,2,5,5,17.6,41.1,18.1,43,0,16
2026-08-03 16:35:45,1,3,3,17.6,41.2,18.1,42.9,0,13
2026-08-03 16:40:45,2,4,4,17.6,41.2,18.1,43.1,0,13
2026-08-03 16:45:45,2,3,3,17.6,41.4,18.1,43.1,0,13
2026-08-03 16:50:45,1,3,3,17.6,41.2,18.1,43,0,13
2026-08-03 16:55:45,0,2,2,17.6,40.8,18.1,42.7,0,16
2026-08-03 17:00:46,6,13,16,17.6,40.8,18.1,42.8,0,16
2026-08-03 17:05:45,2,3,3,17.6,40.7,18.1,42.6,0,13
2026-08-03 17:10:45,1,1,1,17.6,40.6,18.1,42.5,0,13
2026-08-03 17:15:46,0,1,1,17.6,40.6,18.1,42.5,0,16
2026-08-03 17:20:46,0,1,1,17.6,40.5,18.1,42.3,0,16
2026-08-03 17:25:45,0,1,1,17.6,40.2,18.1,42.3,0,13
2026-08-03 17:30:45,0,1,1,17.6,40.2,18.1,42.1,0,13
2026-08-03 17:35:46,0,0,0,17.6,39.9,18,41.9,0,13
2026-08-03 17:40:46,0,0,0,17.5,39.8,18,41.9,0,16
2026-08-03 17:45:46,0,0,0,17.5,40.2,18,42.1,0,13
2026-08-03 17:50:46,0,0,0,17.5,40.6,17.9,42.4,0,16
2026-08-03 17:55:46,0,0,0,17.5,40.4,17.9,42.3,0,13
2026-08-03 18:00:45,0,0,0,17.4,40.7,17.8,42.5,0,16
2026-08-03 18:05:46,0,0,0,17.4,40.7,17.8,42.6,0,13
2026-08-03 18:10:46,0,0,0,17.4,40.7,17.8,42.6,0,13
2026-08-03 18:15:46,0,0,0,17.3,41.2,17.7,43,0,16
2026-08-03 18:20:46,0,2,2,17.3,41.4,17.7,43.3,0,13
2026-08-03 18:25:46,1,2,3,17.3,42.2,17.6,43.9,0,13
2026-08-03 18:30:47,0,1,1,17.2,42.5,17.6,43.9,0,13
2026-08-03 18:35:46,0,1,1,17.2,42.5,17.6,44.1,0,13
2026-08-03 18:40:46,0,0,0,17.1,42.5,17.5,44.1,0,13
2026-08-03 18:45:46,0,0,0,17.1,42.8,17.5,44.2,0,13
2026-08-03 18:50:46,0,0,0,17.1,42.2,17.4,44,0,13
2026-08-03 18:55:45,0,0,0,17,41.9,17.4,43.7,0,13
2026-08-03 19:00:46,0,0,0,17,42,17.3,43.8,0,13
2026-08-03 19:05:46,0,0,0,17,42.3,17.3,44.3,0,13
2026-08-03 19:10:46,0,0,0,16.9,42.4,17.2,44.3,0,13
2026-08-03 19:15:46,0,1,1,16.9,42.2,17.2,44.3,0,16
2026-08-03 19:20:46,0,1,1,16.9,41.9,17.1,44,0,13
2026-08-03 19:25:46,0,0,0,16.8,41.7,17.1,43.8,0,13
2026-08-03 19:30:46,0,1,1,18.2,42.4,21.5,38,0,13
2026-08-03 19:35:46,0,0,0,19,38.8,21.3,36.3,0,13
2026-08-03 19:40:46,0,0,0,18.6,38.8,19.6,39.1,0,14
2026-08-03 19:45:45,0,0,0,18.2,40,18.6,41.3,0,14
2026-08-03 19:50:46,0,1,1,17.7,40.8,18,42.7,0,14
2026-08-03 19:55:46,0,1,1,17.4,41.2,17.6,43.3,0,14
2026-08-03 20:00:46,0,0,0,17.9,43.3,19.8,42.4,0,14
2026-08-03 20:05:46,0,0,0,19.2,39.5,21.8,36,0,14
2026-08-03 20:10:46,0,2,3,18.9,38.7,20.1,38.5,0,14
2026-08-03 20:15:46,1,1,1,18.3,38.9,18.8,40.5,0,14
2026-08-03 20:20:46,0,1,1,17.9,39.6,18.1,41.9,0,14
2026-08-03 20:25:46,0,0,0,17.6,41,17.8,43.9,0,14
2026-08-03 20:30:46,0,0,0,19.6,39.3,23.4,34,0,14
2026-08-03 20:35:46,0,0,2,19.6,37.6,21.6,35.7,0,14
2026-08-03 20:40:46,0,0,0,18.9,37.6,19.7,38.6,0,14
2026-08-03 20:45:46,0,1,1,18.3,38.3,18.6,40.7,0,14
2026-08-03 20:50:46,0,0,0,17.8,39.7,17.9,42.2,0,14
2026-08-03 20:55:46,0,0,0,19.2,40.7,22.7,36.1,0,13
2026-08-03 21:00:46,0,0,0,20,37.7,22.7,34.1,0,16
2026-08-03 21:05:46,0,1,2,19.4,37.5,20.5,37.4,0,13
2026-08-03 21:25:47,0,0,1,20.3,36.9,23,33.6,0,13
2026-08-03 21:30:46,0,0,0,19.6,37.2,20.6,37.3,0,13
2026-08-03 21:35:46,0,0,0,18.7,38.1,19.1,40,0,13
2026-08-03 21:40:46,0,0,0,18.1,39.2,18.2,41.8,0,16
2026-08-03 21:45:46,0,0,0,19.7,39,23.4,34.3,0,13
2026-08-03 21:50:46,0,1,1,20.1,36.7,22.5,34.2,0,13
2026-08-03 21:55:46,0,1,1,19.4,37,20.3,37.5,0,13
2026-08-03 22:00:46,0,1,1,18.6,38.1,18.9,40.2,0,13
2026-08-03 22:05:46,0,0,0,18,39.3,18.1,42.1,0,16
2026-08-03 22:10:46,0,1,1,19.9,38.9,23.9,33.7,0,13
2026-08-03 22:15:46,0,0,0,20.3,36.5,22.9,33.6,0,13
2026-08-03 22:20:46,0,0,0,19.6,37.1,20.5,37.4,0,13
2026-08-03 22:25:46,0,1,1,18.7,38.1,19,40.1,0,16
2026-08-03 22:30:46,0,1,1,18.1,39.7,18.3,43.1,0,13
2026-08-03 22:35:47,0,0,0,20.1,38.6,24.3,33.1,0,16
2026-08-03 22:40:46,0,0,0,20.6,36,23.1,33.2,0,13
2026-08-03 22:45:46,0,1,1,19.7,36.5,20.6,37.1,0,16
2026-08-03 22:50:47,0,0,0,18.8,37.8,19.1,39.8,0,16
2026-08-03 22:55:46,0,0,0,18.2,38.9,18.2,41.8,1,13
2026-08-03 23:00:46,0,0,0,19.9,38.4,23.8,33.6,0,16
2026-08-03 23:05:46,0,0,0,20.2,36.4,22.6,33.9,0,13
2026-08-03 23:10:46,0,0,0,19.4,36.8,20.3,37.5,0,13
2026-08-03 23:15:46,0,1,1,18.7,37.8,18.9,40,0,13
2026-08-03 23:20:47,0,1,1,18.8,39.7,20.9,39,0,13
2026-08-03 23:25:46,0,0,0,20.6,36.5,24.6,31.3,0,13
2026-08-03 23:30:46,0,0,0,20.2,35.7,22,34.5,0,13
2026-08-03 23:35:46,0,0,0,19.3,36.7,19.9,38,0,13
2026-08-03 23:40:47,0,0,0,18.5,38,18.7,40.4,0,13
2026-08-03 23:45:46,0,0,0,19.1,39.4,21.8,37.3,0,13
2026-08-03 23:50:46,0,0,0,20.7,36.4,24.3,31.6,0,15
2026-08-03 23:55:46,0,0,0,20.1,35.9,21.7,35.1,0,13
2026-08-04 00:00:46,0,0,0,19.2,37.2,19.8,38.4,0,15
2026-08-04 00:05:47,0,0,0,18.5,38.2,18.6,40.7,0,12
2026-08-04 00:10:46,0,1,1,19.1,39.5,21.8,37.3,0,15
2026-08-04 00:15:46,0,2,2,20.5,36.8,24,32.2,0,15
2026-08-04 00:20:47,0,1,2,20,36.6,21.4,35.9,0,15
2026-08-04 00:25:46,0,2,2,19.1,37.7,19.5,39.2,0,15
2026-08-04 00:30:47,0,1,1,18.4,38.9,18.5,41.4,0,15
2026-08-04 00:35:47,0,1,1,20,38.6,23.7,33.8,0,15
2026-08-04 00:40:47,0,1,1,20.3,36.5,22.6,33.9,0,15
2026-08-04 00:45:47,0,2,2,19.5,37.2,20.3,37.7,0,15
2026-08-04 00:50:47,0,1,1,18.6,38.4,18.9,40.5,0,15
2026-08-04 00:55:47,0,3,3,19.5,39.5,22.5,36.2,0,15
2026-08-04 01:00:47,1,1,1,20.5,36.7,23.4,33,0,15
2026-08-04 01:05:47,0,1,1,19.8,36.9,20.9,36.9,0,15
2026-08-04 01:10:47,0,2,2,18.9,38,19.3,39.8,0,15
2026-08-04 01:15:47,0,2,3,18.3,39.3,18.4,42.2,0,12
2026-08-04 01:20:46,0,1,1,20.2,38.7,24.1,33.5,0,12
2026-08-04 01:25:47,1,4,4,20.7,36.4,23.4,33.1,0,12
2026-08-04 01:30:47,2,2,3,19.8,36.9,20.8,37.1,0,12
2026-08-04 01:35:47,1,1,1,18.9,37.9,19.1,40,0,12
2026-08-04 01:40:47,1,1,1,20,38.8,23.4,34.8,0,13
2026-08-04 01:45:47,0,1,1,21,36.2,24.3,31.9,0,13
2026-08-04 01:50:47,1,3,3,20.2,36.4,21.4,36.1,0,13
2026-08-04 01:55:46,1,3,3,19.2,37.9,19.5,39.6,0,13
2026-08-04 02:00:47,1,2,4,20,38.8,23.1,35.2,0,13
2026-08-04 02:05:47,1,3,3,21.5,36.2,25.5,30.5,0,13
2026-08-04 02:10:47,2,4,4,20.9,35.5,22.6,34.2,0,13
2026-08-04 02:15:47,2,3,4,19.7,36.9,20.2,38.5,1,13
2026-08-04 02:20:47,0,1,1,21,36.5,24.6,32.4,0,13
2026-08-04 02:25:47,0,2,2,21.6,34.8,24.5,31.3,0,12
2026-08-04 02:30:47,1,2,2,20.5,35.3,21.5,35.8,0,12
2026-08-04 02:35:47,0,0,0,19.4,36.3,19.6,39,0,16
2026-08-04 02:40:47,0,0,0,20.2,37.2,23.2,34.5,0,13
2026-08-04 02:45:47,0,0,1,21.2,35.2,24.2,31.7,0,13
2026-08-04 02:50:47,0,1,1,20.3,35.7,21.4,35.8,0,13
2026-08-04 02:55:47,0,0,0,19.3,37.1,19.5,39.2,0,13
2026-08-04 03:00:47,0,0,0,19.3,39.2,21.3,38.3,0,13
2026-08-04 03:05:47,0,0,0,21.1,36.4,25.3,31,0,13
2026-08-04 03:10:47,0,0,0,20.9,35.2,23,33.4,0,13
2026-08-04 03:15:47,0,0,0,19.8,36.2,20.5,37.4,0,13
2026-08-04 03:20:47,0,0,0,18.9,37.3,19,40.2,1,13
2026-08-04 03:25:47,0,0,0,20.5,37.3,24.4,32.6,0,13
2026-08-04 03:30:47,0,0,0,20.8,35.2,23.3,32.8,0,13
2026-08-04 03:35:47,0,0,0,19.9,36.2,20.7,37,0,13
2026-08-04 03:40:47,0,1,2,18.9,37.6,19.1,40.1,0,16
2026-08-04 03:45:47,0,1,1,20.4,37.5,24.2,33,0,13
2026-08-04 03:50:47,0,1,1,21.2,35.2,,,0,13
2026-08-04 03:55:47,0,1,1,20.3,35.8,,,0,13
2026-08-04 04:00:47,0,1,1,19.4,38.1,20,40.1,0,13
2026-08-04 04:05:47,0,0,0,21,36.5,25,31.6,0,13
2026-08-04 04:10:47,0,1,1,21.2,34.8,23.6,32.4,0,12
2026-08-04 04:15:47,0,1,1,20.1,35.8,20.8,36.6,0,13
2026-08-04 04:20:47,0,1,1,20.3,37.1,23.1,34.7,0,13
2026-08-04 04:25:47,0,2,2,21.8,35.2,26,30,0,13
2026-08-04 04:30:47,1,4,4,21.8,34.1,24.2,31.4,0,13
2026-08-04 04:35:47,1,2,2,20.5,35,21.2,36.1,0,13
2026-08-04 04:40:47,0,1,3,20.6,36.6,23.3,34.3,1,13
2026-08-04 04:45:47,0,1,1,21.9,34.7,26,29.9,0,13
2026-08-04 04:50:47,0,2,2,22,33.5,24.6,30.9,0,13
2026-08-04 04:55:47,1,2,2,20.7,34.7,21.4,35.7,0,13
2026-08-04 05:00:47,0,1,2,20.1,36.9,21.8,36.9,0,13
2026-08-04 05:05:47,0,2,2,21.6,35.1,25.6,30.5,0,13
2026-08-04 05:10:47,0,2,2,21.6,33.9,23.8,31.9,0,13
2026-08-04 05:15:47,0,2,2,20.3,34.9,20.9,36.3,0,13
2026-08-04 05:20:47,0,0,1,20,36.7,22,36.2,0,13
2026-08-04 05:25:47,0,1,1,21.5,35,25.6,30.3,0,13
2026-08-04 05:30:47,0,0,1,21.7,33.9,24.2,31.4,0,13
2026-08-04 05:35:47,0,2,2,20.5,34.8,21.2,35.8,0,13
2026-08-04 05:40:47,0,3,3,19.8,37.1,21.1,38,0,13
2026-08-04 05:45:47,0,2,2,21.4,35.3,25.4,30.8,0,13
2026-08-04 05:50:48,0,0,0,21.7,34.2,24.3,31.4,0,13
2026-08-04 05:55:47,0,1,1,20.4,35,21.2,35.7,0,13
2026-08-04 06:00:47,0,1,1,19.9,37.1,21.5,37.2,0,13
2026-08-04 06:05:47,0,0,1,21.5,35.1,25.5,30.4,0,13
2026-08-04 06:10:47,0,0,0,21.4,34,23.6,32.1,0,13
2026-08-04 06:15:47,0,1,1,20.1,35,20.8,36.3,0,13
2026-08-04 06:20:47,0,0,0,19.8,37.2,21.7,36.9,0,13
2026-08-04 06:25:47,0,0,0,21.5,35.2,25.5,30.4,0,13
2026-08-04 06:30:48,0,1,1,21.3,34,23.5,32.1,0,12
2026-08-04 06:35:47,0,1,1,20.1,35,20.7,36.4,0,12
2026-08-04 06:40:47,0,0,0,20.7,35.9,23.9,32.9,0,13
2026-08-04 06:45:47,0,0,0,22,34.3,26.1,29.4,0,13
2026-08-04 06:50:47,0,0,0,21.5,33.6,23.4,32.2,0,16
2026-08-04 06:55:47,0,1,1,20.2,34.8,20.6,36.5,0,13
2026-08-04 07:00:47,0,1,1,20.5,36.2,23.3,33.9,0,13
2026-08-04 07:05:47,0,1,1,21.8,34.4,25.6,29.6,0,13
2026-08-04 07:10:47,0,0,0,21,34.1,22.6,33.4,0,13
2026-08-04 07:15:47,0,2,2,19.9,35.6,20.3,37.9,0,13
2026-08-04 07:20:47,0,1,1,21.3,35.5,24.9,31.4,0,13
2026-08-04 07:25:48,0,1,1,21.7,34.2,24.5,30.9,0,13
2026-08-04 07:30:47,0,1,1,20.5,34.7,21.5,35.4,0,15
2026-08-04 07:35:48,0,1,1,19.8,36.9,21,38,0,15
2026-08-04 07:40:48,0,0,1,21.4,35.2,25.3,30.7,0,15
2026-08-04 07:45:48,0,0,0,21.2,34.2,23.3,32.4,0,13
2026-08-04 07:50:48,0,1,1,20,35.4,20.6,36.7,0,16
2026-08-04 07:55:48,0,1,1,20,37.5,22.2,36,0,13
2026-08-04 08:00:48,0,2,3,21.5,35.2,25.6,30.1,0,16
2026-08-04 08:05:48,0,3,3,21.2,34.4,23.1,32.9,0,13
2026-08-04 08:10:48,6,14,14,19.9,35.9,20.5,37.2,0,13
2026-08-04 08:15:48,8,16,17,19.2,38.5,20,40.4,0,13
2026-08-04 08:20:48,3,5,6,20.9,36.9,25,31.8,0,15
2026-08-04 08:25:48,7,12,13,21.1,35.5,23.4,33,0,15
2026-08-04 08:30:48,8,20,20,20,36.9,20.7,37.5,0,15
2026-08-04 08:35:47,3,6,6,19.8,38.8,21.9,37.5,0,15
2026-08-04 08:40:48,3,5,6,21.4,36.5,25.5,30.9,0,15
2026-08-04 08:45:48,4,5,5,21,35.2,22.9,33.7,0,15
2026-08-04 08:50:48,2,5,5,21.7,35.3,25.3,31,0,15
2026-08-04 08:55:48,2,3,4,22.5,33.7,26.3,29.1,0,15
2026-08-04 09:00:48,2,5,5,21.6,34.1,22.9,33.5,0,15
2026-08-04 09:05:48,2,6,6,21.2,35.6,23.6,33.8,0,15
2026-08-04 09:10:48,2,3,3,22.2,34.3,26.1,29.9,0,15
2026-08-04 09:15:48,1,4,4,22.3,33,25,30.4,0,15
2026-08-04 09:20:48,2,4,4,20.9,34.2,21.7,35.3,0,13
2026-08-04 09:25:48,2,5,5,19.8,37.1,20.5,39.2,0,15
2026-08-04 09:30:48,2,4,4,21.3,35.6,25,31.4,0,15
2026-08-04 09:35:48,4,5,5,21.5,34.6,24.1,31.9,0,13
2026-08-04 09:40:48,4,5,5,20.3,35.6,21.1,36.6,0,16
2026-08-04 09:45:48,2,5,5,19.2,37.6,19.3,40.1,0,15
2026-08-04 09:50:48,2,4,4,19.6,39.1,22.2,37.1,0,12
2026-08-04 15:01:21,13,17,17,16.2,52.3,21.1,43.8,0,14
2026-08-04 15:06:22,29,45,53,18.3,47.6,21.1,43.7,0,20
2026-08-04 15:11:22,31,44,52,18.9,45.6,21,43.9,0,14
2026-08-04 15:16:21,31,47,56,19.1,44.7,20.7,44.1,0,14
2026-08-04 15:21:21,32,47,56,19.2,44.4,20.5,44.4,0,14
2026-08-04 15:26:21,34,50,60,19.1,44.1,20.3,44.7,0,14
2026-08-04 15:31:21,36,52,63,19,44,20,44.9,0,14
2026-08-04 15:36:21,35,52,62,18.9,44.2,19.9,45.2,0,14
2026-08-04 15:41:21,33,51,60,18.8,44.4,19.7,45.5,0,14
2026-08-04 15:46:21,34,51,62,18.7,44.7,19.5,45.6,0,14
2026-08-04 15:51:21,35,52,62,18.6,44.4,19.4,45.8,0,14
2026-08-04 15:56:21,33,51,62,18.5,44.7,19.3,46.1,0,14
2026-08-04 16:01:21,34,50,59,18.4,44.7,19.1,46.2,0,14
2026-08-04 16:06:21,33,49,60,18.3,44.9,19,46.3,0,14
2026-08-04 16:11:21,33,49,60,18.2,45.3,18.9,46.7,0,14
2026-08-04 16:16:21,32,50,60,18.1,45.6,18.8,46.9,0,14
2026-08-04 16:21:21,34,50,59,18.1,45.7,18.7,47.1,0,14
2026-08-04 16:26:21,31,46,54,18,45.9,18.6,47.3,0,14
2026-08-04 16:31:22,31,46,55,17.9,46.2,18.6,47.5,0,14
2026-08-04 16:36:21,32,47,55,17.9,46.3,18.5,47.7,0,14
2026-08-04 16:41:22,31,46,54,17.8,46.5,18.5,47.9,0,14
2026-08-04 16:46:23,31,47,56,17.8,46.7,18.4,48.1,0,14
2026-08-04 16:51:21,31,47,56,17.7,47,18.4,48.3,0,14
2026-08-04 16:56:22,31,46,55,17.7,46.9,18.3,48.5,0,14
2026-08-04 17:01:22,31,45,52,17.8,49.4,18.9,50.9,0,14
2026-08-04 17:06:22,28,41,49,19.8,44.7,23.3,38.9,0,14
2026-08-04 17:11:22,27,42,49,19.7,43.5,21.6,41.2,0,14
2026-08-04 17:16:22,28,41,49,19.3,43.7,20.3,43.8,0,14
2026-08-04 17:21:23,28,42,49,18.8,44.1,19.5,45.4,0,14
2026-08-04 17:31:23,25,38,43,21.8,41.7,26.8,34,0,18
2026-08-04 17:36:21,24,37,43,22.9,38.5,27.4,32.2,1,18
2026-08-04 17:41:21,28,41,48,22.2,38.2,24.2,36.4,1,21
2026-08-04 17:46:21,28,38,44,21,39.1,21.9,40.6,1,18
2026-08-04 17:51:21,27,41,50,20.1,41,20.5,43.2,1,18
2026-08-04 17:56:21,30,44,52,19.4,42.4,19.8,44.9,1,18
2026-08-04 18:01:22,30,43,51,18.9,43.3,19.3,46,1,20
2026-08-04 18:06:21,30,45,52,18.5,44.3,18.9,46.7,1,21
2026-08-04 18:11:22,32,48,55,18.3,44.9,18.7,47.4,1,21
2026-08-04 18:16:21,31,46,54,18.1,45.5,18.5,47.9,1,17
2026-08-04 18:21:22,31,47,56,17.9,46.1,18.4,48.1,1,20
2026-08-04 18:26:21,31,46,53,17.8,46.4,18.3,48.5,1,20
2026-08-04 18:31:21,32,49,57,17.6,46.7,18.1,48.8,1,20
2026-08-04 18:36:21,29,42,48,17.6,47,18,49,1,17
2026-08-04 18:41:22,26,39,45,17.5,47.3,18,49.2,1,20
2026-08-04 18:46:21,27,42,48,17.4,47.5,17.9,49.5,1,20
2026-08-04 18:51:22,27,41,48,17.4,47.7,17.8,49.7,1,20
2026-08-04 18:56:21,27,41,45,17.2,48.2,17.7,49.8,1,18
2026-08-04 19:01:21,29,42,48,17.2,48.3,17.6,49.8,1,21
2026-08-04 19:06:21,27,42,49,17.1,48.5,17.6,50.2,1,21
2026-08-04 19:11:22,28,42,51,17.1,48.6,17.5,50.3,1,18
2026-08-04 19:16:21,29,46,54,17,48.6,17.4,50.7,1,20
2026-08-04 19:21:21,31,47,54,17,48.8,17.4,50.9,1,20
2026-08-04 19:26:21,31,47,56,17,48.8,17.3,50.9,1,20
2026-08-04 19:31:22,33,51,61,16.9,48.9,17.3,51,1,20
2026-08-04 19:36:22,30,46,56,16.9,49,17.2,51.2,1,20
2026-08-04 19:41:22,31,46,54,16.8,48.8,17.1,51.2,1,21
2026-08-04 19:46:21,32,48,56,16.9,49,17.1,51.5,1,18
2026-08-04 19:51:22,31,47,57,16.8,49.2,17.1,51.4,1,18
2026-08-04 19:56:22,32,50,58,16.7,49.3,17,51.8,1,18
2026-08-04 20:01:22,32,49,57,16.7,49.4,17,51.7,1,18
2026-08-04 20:06:22,31,47,57,16.7,49.5,17,51.6,1,18
2026-08-04 20:11:22,32,47,55,16.7,49.4,16.9,51.9,1,18
2026-08-04 20:16:22,32,50,58,16.6,49.5,16.9,52,1,21
2026-08-04 20:21:22,31,49,57,16.6,49.7,16.9,52.2,1,21
2026-08-04 20:26:22,30,47,54,16.6,49.7,16.9,52.3,1,21
2026-08-04 20:31:21,30,49,57,16.6,49.8,16.9,52.3,1,21
2026-08-04 20:36:22,30,45,52,16.6,50.2,16.8,52.6,1,20
2026-08-04 20:41:22,30,47,55,16.6,50.2,16.8,52.6,1,18
2026-08-04 20:46:22,29,46,55,16.5,50.3,16.8,52.8,1,18
2026-08-04 20:51:22,31,44,51,16.4,50.3,16.7,52.9,1,18
2026-08-04 20:56:22,30,46,54,16.5,50.5,16.7,53.2,1,18
2026-08-04 21:01:22,28,42,48,16.5,50.4,16.7,52.9,1,18
2026-08-04 21:06:22,29,42,49,16.4,50.3,16.6,53.1,1,18
2026-08-04 21:11:22,28,44,50,16.4,50.5,16.6,52.9,1,18
2026-08-04 21:16:22,30,46,54,16.4,50.5,16.6,53.3,1,18
2026-08-04 21:21:22,30,45,52,16.4,50.6,16.5,53.4,1,18
2026-08-04 21:26:22,28,45,51,16.3,50.5,16.5,53.3,1,18
2026-08-04 21:31:22,29,44,51,16.3,50.5,16.4,53,1,18
2026-08-04 21:36:22,28,41,46,16.3,50.4,16.4,53,1,18
2026-08-04 21:41:22,26,42,46,16.3,50.3,16.4,53,1,18
2026-08-04 21:46:22,29,42,48,16.3,50.4,16.4,53.1,1,18
2026-08-04 21:51:22,29,46,53,16.2,50.4,16.3,53.4,1,18
2026-08-04 21:56:22,28,46,53,16.2,50.6,16.3,53.5,1,18
2026-08-04 22:01:22,28,42,52,16.2,50.7,16.3,53.7,1,18
2026-08-04 22:06:22,28,44,50,16.2,50.7,16.3,53.6,1,18
2026-08-04 22:11:22,28,45,54,16.2,50.7,16.3,53.7,1,18
2026-08-04 22:16:22,27,38,43,16.2,50.6,16.3,53.5,1,17
2026-08-04 22:21:22,27,39,44,16.2,50.4,16.3,53.3,1,17
2026-08-04 22:26:22,25,37,40,16.1,50.1,16.3,53.2,1,18
2026-08-04 22:31:22,25,38,41,16.2,50.1,16.3,53.2,1,18
2026-08-04 22:36:22,27,39,42,16.1,50.4,16.2,53.5,1,18
2026-08-04 22:41:22,25,37,40,16.1,50.4,16.2,53.3,1,20
2026-08-04 22:46:22,26,38,40,16.1,50.5,16.2,53.5,1,17
2026-08-04 22:51:22,23,34,34,16.1,50.3,16.2,53.3,1,17
2026-08-04 22:56:22,20,29,30,16.1,49.8,16.2,53.1,1,20
2026-08-04 23:01:22,13,23,23,16.2,51.5,16.5,56,0,17
2026-08-04 23:06:22,9,20,20,18.8,48.2,23.4,40.4,0,17
2026-08-04 23:11:22,8,21,22,20.6,43.6,25.7,35.5,0,18
2026-08-04 23:16:22,9,15,15,21.8,40.4,26.6,33.6,0,18
2026-08-04 23:21:22,9,14,14,22.6,38.2,27.1,32.7,0,16
2026-08-04 23:26:22,7,13,13,23.1,36.5,27.4,32,0,19
2026-08-04 23:31:22,5,9,9,23.5,35.4,27.6,31.5,0,19
2026-08-04 23:36:22,4,9,9,23.9,34.8,27.8,31.1,0,19
2026-08-04 23:41:22,5,7,7,24.2,34,27.9,30.8,0,19
2026-08-04 23:46:22,5,8,8,24.3,33.4,28,30.5,0,19
2026-08-04 23:51:22,5,8,8,24.4,33.6,28.1,30.4,0,19
2026-08-04 23:56:22,6,8,8,24.5,33.1,28.2,30.1,0,19
2026-08-05 00:01:23,7,14,14,24.4,32.7,27.4,30.4,1,19
2026-08-05 00:06:22,7,16,16,22.7,34,23.6,35.6,1,19
2026-08-05 00:11:23,7,18,21,21,36.1,21.1,40,1,19
2026-08-05 00:16:22,7,19,19,19.7,38.1,19.7,42.5,1,19
2026-08-05 00:21:23,5,12,12,18.8,39.8,18.8,44.2,1,19
2026-08-05 00:26:22,5,8,8,18.2,40.7,18.2,45.1,1,19
2026-08-05 00:31:23,4,6,6,17.7,41.8,17.8,45.9,1,19
2026-08-05 00:36:22,4,8,8,17.4,43.1,17.5,46.6,1,19
2026-08-05 00:41:23,6,10,12,17.1,43.8,17.3,47.2,1,19
2026-08-05 00:46:22,7,14,14,16.9,44.4,17.1,47.7,1,19
2026-08-05 00:51:23,5,10,12,16.8,44.3,16.9,47.7,1,19
2026-08-05 00:56:23,5,9,9,16.7,44.7,16.8,48.1,1,19
2026-08-05 01:01:22,5,12,12,16.5,45.1,16.6,48.3,1,19
2026-08-05 01:06:23,5,9,9,16.5,45.4,16.5,48.6,1,19
2026-08-05 01:11:22,4,8,8,16.4,45.5,16.5,48.8,1,19
2026-08-05 01:16:23,7,10,10,16.3,45.9,16.4,49,1,19
2026-08-05 01:21:22,7,9,10,16.2,45.9,16.3,49.1,1,19
2026-08-05 01:26:23,8,14,14,16.2,46,16.3,49.1,1,19
2026-08-05 01:31:23,5,9,9,16.2,46.2,16.2,49.3,1,19
2026-08-05 01:36:23,8,17,17,16.1,46.4,16.2,49.5,1,19
2026-08-05 01:41:22,8,17,17,16.1,46.3,16.2,49.4,1,19
2026-08-05 01:46:23,9,21,21,16.1,46.6,16.1,49.7,1,19
2026-08-05 01:51:23,9,22,22,16.1,46.8,16.1,49.8,1,19
2026-08-05 01:56:23,8,19,21,16,46.6,16.1,49.8,1,19
2026-08-05 02:01:23,20,30,30,16,47.7,16.1,50.5,1,19
2026-08-05 02:06:23,23,35,39,16,48.4,16.1,51,1,19
2026-08-05 02:11:23,24,34,35,15.9,48.6,16,51.2,1,19
2026-08-05 02:16:23,21,32,32,15.9,48.7,16,51.3,1,19
2026-08-05 02:21:23,10,26,27,15.9,48.4,16,51,1,19
2026-08-05 02:26:23,13,26,27,15.9,48.1,16,50.9,1,19
2026-08-05 02:31:23,8,16,19,15.9,47.8,15.9,50.7,1,19
2026-08-05 02:36:23,9,26,26,15.8,47.7,15.9,50.6,1,19
2026-08-05 02:41:23,13,26,27,15.8,48.2,15.9,51,1,19
2026-08-05 02:46:23,14,31,31,15.8,48.6,15.9,51.3,1,19
2026-08-05 02:51:23,20,29,32,15.8,48.8,15.8,51.5,1,19
2026-08-05 02:56:22,15,27,27,15.8,48.6,15.8,51.4,1,19
2026-08-05 03:01:23,15,27,27,15.7,48.4,15.8,51.3,1,19
2026-08-05 03:06:23,10,26,26,15.7,48.6,15.8,51.4,1,19
2026-08-05 03:11:23,16,31,31,15.7,48.7,15.8,51.9,1,19
2026-08-05 03:16:23,23,33,35,15.7,49.5,15.8,51.8,1,19
2026-08-05 03:21:23,20,29,29,15.7,49.4,15.8,52.1,1,19
2026-08-05 03:26:23,20,29,29,15.7,49.5,15.8,52.2,1,19
2026-08-05 03:31:23,15,28,30,15.7,49.2,15.8,52,1,19
2026-08-05 03:36:23,10,21,22,15.7,48.9,15.7,51.8,1,19
2026-08-05 03:41:23,15,23,27,15.7,48.8,15.7,51.9,1,19
2026-08-05 03:46:23,13,23,27,15.7,48.9,15.7,51.8,1,19
2026-08-05 03:51:23,7,13,13,15.7,48.1,15.7,51.2,1,19
2026-08-05 03:56:23,8,13,13,15.7,47.9,15.7,51.1,1,19
2026-08-05 04:01:23,5,13,13,15.7,47.7,15.7,51,1,19
2026-08-05 04:06:23,2,5,7,15.7,47.5,15.8,50.6,1,19
2026-08-05 04:11:23,2,6,7,15.7,47.5,15.8,50.7,1,19
2026-08-05 04:16:23,1,3,4,15.7,46.8,15.8,50.3,1,19
2026-08-05 04:21:23,0,1,1,15.8,46.7,15.8,50.3,1,19
2026-08-05 04:26:23,0,2,2,15.7,46.4,15.8,50,1,19
2026-08-05 04:31:23,0,0,0,15.8,46.3,15.9,49.9,1,19
2026-08-05 04:36:23,0,0,0,15.8,46,15.9,49.5,1,19
2026-08-05 04:41:23,0,0,0,15.8,45.8,15.9,49.4,1,19
2026-08-05 04:46:23,0,0,0,15.8,45.5,15.9,49,1,19
2026-08-05 04:51:23,0,0,0,15.9,45,16,48.9,1,19
2026-08-05 04:56:23,0,0,0,15.9,44.8,16,48.7,1,19
2026-08-05 05:01:23,0,0,0,15.9,44.9,16,48.2,1,19
2026-08-05 05:06:23,0,0,0,16,45,16,48.5,1,19
2026-08-05 05:11:23,0,1,1,16,45,16,48.6,1,19
2026-08-05 05:16:23,0,0,0,16,45.2,16.1,48.6,1,19
2026-08-05 05:21:23,0,0,0,16,44.8,16.1,48.5,1,19
2026-08-05 05:26:23,0,0,0,16,45,16.1,48.4,1,19
2026-08-05 05:31:23,0,0,0,16,44.9,16.1,48.4,1,19
2026-08-05 05:36:23,0,0,0,16,45.1,16.1,48.4,1,19
2026-08-05 05:41:23,0,0,0,16,44.9,16.1,48.3,1,19
2026-08-05 05:46:23,0,0,0,16,45.2,16.1,48.6,1,19
2026-08-05 05:51:23,0,0,0,16,45.1,16.1,48.4,1,19
2026-08-05 05:56:23,0,0,0,16,44.2,16.1,47.5,1,19
2026-08-05 06:01:23,0,0,0,16,44.2,16.1,47.8,1,19
2026-08-05 06:06:23,0,0,0,16,44,16.1,47.5,1,19
2026-08-05 06:11:23,0,0,0,16,43.2,16.1,46.5,1,19
2026-08-05 06:16:23,0,0,0,16,42.4,16.1,46.2,1,19
2026-08-05 06:21:23,0,0,0,16,43.2,16.1,46.8,1,19
2026-08-05 06:26:23,0,0,0,16.1,43.4,16.2,46.8,1,19
2026-08-05 06:31:23,0,0,0,16.1,43.2,16.2,46.5,1,19
2026-08-05 06:36:23,0,0,0,16.1,43.2,16.2,46.6,1,19
2026-08-05 06:41:23,0,0,0,16.2,43.3,16.2,46.7,1,19
2026-08-05 06:46:24,0,0,0,16.2,43.3,16.3,46.6,1,19
2026-08-05 06:51:23,0,0,0,16.2,43,16.3,46.2,1,19
2026-08-05 06:56:23,0,0,0,16.2,42.9,16.3,46.2,1,19
2026-08-05 07:01:24,0,0,0,16.2,42.5,16.3,45.8,1,19
2026-08-05 07:06:23,0,0,0,16.2,42.8,16.3,45.9,1,19
2026-08-05 07:11:24,0,0,0,16.2,42.6,16.3,46,1,19
2026-08-05 07:16:23,0,0,0,16.2,42.6,16.3,45.7,1,19
2026-08-05 07:21:24,0,0,0,16.2,42.3,16.3,45.6,1,19
2026-08-05 07:26:23,0,0,0,16.2,42.6,16.3,45.8,1,19
2026-08-05 07:31:24,0,0,0,16.2,42.6,16.3,45.7,1,19
2026-08-05 07:36:24,0,0,0,16.2,42.1,16.3,45.4,1,19
2026-08-05 07:41:24,0,0,0,16.3,42.7,16.3,45.8,1,19
2026-08-05 07:46:24,0,0,0,16.2,42.5,16.3,45.5,1,19
2026-08-05 07:51:24,0,0,0,16.2,42.3,16.3,45.5,1,19
2026-08-05 07:56:24,0,0,0,16.2,41.8,16.4,45.1,1,19
2026-08-05 08:01:23,0,0,1,16.2,42,16.4,45.5,1,19
2026-08-05 08:06:24,10,21,22,16.2,43.9,16.4,46.6,1,19
2026-08-05 08:11:24,17,30,30,16.3,45,16.4,47.5,1,19
2026-08-05 08:16:24,21,33,34,16.3,45.4,16.4,47.9,1,19
2026-08-05 08:21:24,20,34,34,16.2,45.4,16.3,48,1,19
2026-08-05 08:26:23,7,21,21,16.2,44.7,16.3,47.2,1,19
2026-08-05 08:31:24,1,2,3,16.2,43.1,16.3,45.9,1,19
2026-08-05 08:36:24,0,0,0,16.2,42.6,16.3,45.6,1,19
2026-08-05 08:41:23,0,1,1,16.2,42.6,16.3,45.7,1,19
2026-08-05 08:46:24,0,4,4,16.2,42.9,16.3,46,1,19
2026-08-05 08:51:24,8,17,18,16.2,43.3,16.4,46.2,1,19
2026-08-05 08:56:24,9,23,23,16.3,43.7,16.4,46.4,1,19
2026-08-05 09:01:24,9,25,28,16.3,44.1,16.4,46.7,1,19
2026-08-05 09:06:24,10,29,29,16.3,44,16.5,46.8,1,19
2026-08-05 09:11:23,8,17,17,16.3,43.8,16.5,46.5,1,19
2026-08-05 09:16:24,6,13,13,16.3,43.8,16.5,46.6,1,19
2026-08-05 09:21:24,5,15,16,16.3,43.5,16.5,46.3,1,19
2026-08-05 09:26:24,8,15,15,16.3,43.6,16.5,46.4,1,19
2026-08-05 09:31:24,7,15,15,16.4,43.4,16.6,46.3,1,19
2026-08-05 09:36:24,4,9,9,16.4,43.5,16.6,46.3,1,19
2026-08-05 09:41:24,2,9,9,16.4,43.6,16.6,46.4,1,19
2026-08-05 09:46:24,2,5,5,16.4,43.5,16.7,46.2,1,19
2026-08-05 09:51:24,2,4,4,16.5,43.2,16.7,45.9,1,19
2026-08-05 09:56:24,6,16,16,16.5,43.5,16.8,46.2,1,19
2026-08-05 10:01:24,8,23,23,16.6,43.5,16.9,46.2,1,19
2026-08-05 10:06:24,10,23,23,16.6,43.1,17,45.9,1,19
2026-08-05 10:11:24,14,30,30,16.7,43.4,17,46,1,19
2026-08-05 10:16:24,2,10,12,16.8,42.9,17.1,45.7,1,19
2026-08-05 10:21:24,1,2,4,16.8,42.8,17.2,45.6,1,19
2026-08-05 10:26:24,3,6,6,16.9,42.7,17.3,45.5,1,19
2026-08-05 10:31:24,8,19,19,16.9,43.2,17.3,45.6,0,19
2026-08-05 10:36:24,8,25,25,17,43.3,17.4,45.6,0,19
2026-08-05 10:41:24,6,20,21,17,43.2,17.4,45.5,0,19
2026-08-05 10:46:25,6,17,18,17,43.3,17.4,45.6,0,19
2026-08-05 10:51:24,4,8,9,17,43.2,17.4,45.4,0,19
2026-08-05 10:56:24,3,12,14,17,42.6,17.5,44.7,0,19
2026-08-05 11:01:24,0,3,3,17.1,41,17.5,44.3,0,19
2026-08-05 11:06:24,0,1,1,17.1,40.8,17.5,43.9,0,19
2026-08-05 11:11:24,0,1,1,17.1,40.9,17.6,43.9,0,19
2026-08-05 11:16:24,1,2,2,17.2,41.7,17.6,44.2,0,19
2026-08-05 11:21:24,0,4,4,17.3,41.6,17.7,44.3,0,19
2026-08-05 11:26:24,0,4,4,17.3,41.4,17.8,43.9,0,19
2026-08-05 11:31:25,1,2,2,17.4,41.3,17.9,43.9,0,19
2026-08-05 11:36:24,1,4,4,17.5,40.9,18,43.9,0,19
2026-08-05 11:41:24,4,9,9,17.5,41.9,18.1,44.1,0,19
2026-08-05 11:46:24,1,6,6,17.6,41.5,18.2,43.8,0,19
2026-08-05 11:51:24,1,2,2,17.7,41.1,18.3,43.4,0,19
2026-08-05 11:56:24,0,2,2,17.8,40.5,18.4,43.1,0,19
2026-08-05 12:01:24,2,10,10,17.8,40.2,18.5,42.8,0,19
2026-08-05 12:06:24,5,12,12,17.8,40.5,18.5,43,0,19
2026-08-05 12:11:25,6,14,15,17.9,41.2,18.6,43.4,0,19
2026-08-05 12:16:24,9,18,18,18,41.5,18.7,43.5,0,19
2026-08-05 12:21:24,5,15,15,18.1,41.5,18.8,43.4,0,19
2026-08-05 12:26:24,6,19,19,18.1,41.5,18.9,43.4,0,19
2026-08-05 12:31:24,6,21,21,18.2,41.7,18.9,43.4,0,19
2026-08-05 12:36:24,17,28,28,18.2,42.1,19,43.8,0,19
2026-08-05 12:41:24,27,44,51,18.3,43.3,19,44.4,0,19
2026-08-05 12:46:24,31,48,57,18.3,43.7,19.1,44.7,0,19
2026-08-05 12:51:24,35,56,70,18.4,44.2,19.2,45.1,0,19
2026-08-05 12:56:24,39,65,77,18.4,44.5,19.2,45.4,0,19
2026-08-05 13:01:24,37,61,74,18.4,44.7,19.3,45.7,0,20
2026-08-05 13:06:24,40,67,78,18.5,44.9,19.3,45.8,0,20
2026-08-05 13:11:24,38,62,76,18.5,44.9,19.3,45.8,0,20
2026-08-05 13:16:24,37,61,74,18.5,44.9,19.3,46,0,20
2026-08-05 13:21:25,37,61,74,18.5,44.4,19.3,45.6,0,20
2026-08-05 13:26:24,34,55,69,18.5,43.2,19.3,44.6,0,20
2026-08-05 13:31:24,34,55,67,18.5,42.5,19.3,44.5,0,20
2026-08-05 13:36:25,34,56,69,18.5,42.1,19.3,44.1,0,17
2026-08-05 13:41:25,32,51,61,18.5,41.2,19.3,43.3,0,20
2026-08-05 13:46:24,31,50,60,18.5,39.9,19.3,42.7,0,20
2026-08-05 13:51:25,33,56,69,18.5,38.1,19.3,41.2,0,20
2026-08-05 13:56:24,24,36,40,18.5,36.8,19.3,40.3,0,20
2026-08-05 14:01:24,21,35,40,18.5,36.6,19.3,40.3,0,20
2026-08-05 14:06:25,24,38,43,18.5,36.1,19.3,39.5,0,20
2026-08-05 14:11:25,24,39,43,18.4,36,19.3,39.7,0,20
2026-08-05 14:16:25,27,44,53,18.5,36.1,19.3,39.2,0,20
2026-08-05 14:21:24,26,41,46,18.4,36.1,19.3,39,0,20
2026-08-05 14:26:25,26,44,52,18.4,35.8,19.3,38.4,0,20
2026-08-05 14:31:25,27,43,50,18.4,35.4,19.2,38.7,0,20
2026-08-05 14:36:25,27,41,46,18.4,35.6,19.2,38.6,0,20
2026-08-05 14:41:25,25,43,50,18.4,35,19.2,38.2,0,20
2026-08-05 14:46:25,25,39,44,18.4,34.8,19.2,37.8,0,20
2026-08-05 14:51:25,26,40,45,18.4,35.1,19.2,38.1,0,20
2026-08-05 14:56:25,31,48,57,18.4,34.7,19.1,37.5,0,20
2026-08-05 15:01:25,26,41,48,18.3,34.4,19.1,38,0,20
2026-08-05 15:06:25,24,37,41,18.4,34.2,19.1,37.1,0,20
2026-08-05 15:11:25,24,39,45,18.3,33.6,19,36.6,0,20
2026-08-05 15:16:25,25,39,43,18.3,34,19,36.8,0,20
2026-08-05 15:21:25,24,37,40,18.3,34.1,19,36.9,0,20
2026-08-05 15:26:25,24,38,41,18.2,34.3,18.9,37,0,20
2026-08-05 15:31:25,24,40,46,18.2,33.7,18.9,36.7,0,20
2026-08-05 15:36:25,24,38,42,18.2,33.9,18.9,36.6,0,20
2026-08-05 15:41:25,24,36,40,18.2,34,18.9,36.6,0,20
2026-08-05 15:46:25,23,36,38,18.2,33.7,18.9,36.4,0,20
2026-08-05 15:51:25,23,37,40,18.2,33.8,18.8,36.3,0,20
2026-08-05 15:56:25,24,36,39,18.1,34,18.8,36.6,0,20
2026-08-05 16:01:25,24,35,39,18.2,33.8,18.8,36.3,0,20
2026-08-05 16:06:25,22,35,38,18.1,33.8,18.8,36.2,0,20
2026-08-05 16:11:25,24,36,40,18.1,34,18.8,36.5,0,20
2026-08-05 16:16:25,23,36,41,18.1,34.3,18.8,36.7,0,20
2026-08-05 16:21:25,24,37,40,18.1,34.7,18.7,36.9,0,20
2026-08-05 16:26:25,24,38,41,18.1,34.8,18.7,37,0,20
2026-08-05 16:31:25,24,37,42,18.1,34.8,18.7,36.9,0,20
2026-08-05 16:36:25,24,38,41,18.1,34.8,18.7,36.9,0,20
2026-08-05 16:41:25,23,37,40,18.1,35,18.7,37.1,0,20
2026-08-05 16:46:25,25,41,48,18.1,35.2,18.7,37.1,0,20
2026-08-05 16:51:27,26,43,52,18.1,35.4,18.7,37.1,0,20
2026-08-05 16:56:25,26,40,46,18,35.3,18.7,37.1,0,20
2026-08-05 17:01:25,23,37,40,18,35,18.6,36.8,0,20
2026-08-05 17:06:25,22,33,37,18,34.6,18.6,36.7,0,20
2026-08-05 17:11:25,20,32,34,18,34.1,18.5,36.1,0,20
2026-08-05 17:16:25,9,26,26,17.9,33.9,18.5,35.9,0,20
2026-08-05 17:21:25,7,18,18,17.9,34.1,18.4,36,0,20
2026-08-05 17:26:25,7,17,19,17.8,33.8,18.4,36,0,20
2026-08-05 17:31:25,7,18,19,17.8,34,18.3,35.9,0,20
2026-08-05 17:36:25,14,27,27,17.7,34,18.2,36,0,20
2026-08-05 17:41:25,25,37,42,17.7,34.2,18.2,36,0,20
2026-08-05 17:46:25,20,31,31,17.6,34.4,18.1,36.3,0,20
2026-08-05 17:51:25,7,17,18,17.6,34.3,18,36.2,0,20
2026-08-05 17:56:25,6,10,10,17.5,34.5,18,36.2,0,20
2026-08-05 18:01:25,7,15,15,17.5,34.2,17.9,36.2,0,20
2026-08-05 18:06:25,6,10,10,17.4,34.3,17.9,36.1,1,20
2026-08-05 18:11:25,5,9,9,17.4,34.5,17.8,36.5,1,20
2026-08-05 18:16:26,6,16,17,17.4,35,17.8,36.7,1,18
2026-08-05 18:21:25,8,12,15,17.4,35.3,17.8,37,1,21
2026-08-05 18:26:25,6,12,13,17.4,35.2,17.7,36.9,1,18
2026-08-05 18:31:25,6,10,10,17.3,35.1,17.7,36.8,1,21
2026-08-05 18:36:25,8,14,17,17.3,35.3,17.7,36.9,1,21
2026-08-05 18:41:25,7,15,18,17.3,35.2,17.6,36.8,1,19
2026-08-05 18:46:25,4,10,10,17.2,34.9,17.6,36.6,1,19
2026-08-05 18:51:25,5,9,9,17.2,35.1,17.6,36.6,1,19
2026-08-05 18:56:26,4,10,10,17.1,35.1,17.5,36.8,1,19
2026-08-05 19:01:26,3,8,8,17.1,34.8,17.4,36.4,1,19
2026-08-05 19:06:26,5,9,9,17,34.9,17.4,36.8,1,19
2026-08-05 19:11:25,4,10,10,17,34.8,17.3,36.8,1,19
2026-08-05 19:16:26,4,9,9,17,35.1,17.2,36.9,1,19
2026-08-05 19:21:25,4,9,9,16.9,34.8,17.2,36.8,1,19
2026-08-05 19:26:25,3,8,8,16.9,34.9,17.1,37,1,19
2026-08-05 19:31:26,4,7,8,16.8,34.7,17.1,36.9,1,19
2026-08-05 19:36:26,4,9,9,16.8,34.9,17,36.9,1,19
2026-08-05 19:41:26,4,8,8,16.7,35.1,17,37.2,1,19
2026-08-05 19:46:26,4,10,10,16.7,35.5,17,37.3,1,19
2026-08-05 19:51:26,3,6,6,16.7,35.7,17,37.5,1,19
2026-08-05 19:56:26,5,8,8,16.7,35.8,16.9,37.5,1,19
2026-08-05 20:01:26,3,7,7,16.7,35.9,16.9,37.6,1,19
2026-08-05 20:06:26,4,9,9,16.7,36.2,16.9,38,1,19
2026-08-05 20:11:26,4,8,8,16.6,36.2,16.9,37.9,1,19
2026-08-05 20:16:26,3,7,7,16.6,36.2,16.9,37.9,1,19
2026-08-05 20:21:26,5,10,10,16.6,36.3,16.8,37.9,1,19
2026-08-05 20:26:26,4,6,6,16.6,36,16.8,37.7,1,19
2026-08-05 20:31:26,4,5,5,16.6,36,16.8,37.6,1,19
2026-08-05 20:36:26,4,5,5,16.5,36.2,16.7,38,1,19
2026-08-05 20:41:26,3,5,7,16.5,36,16.7,37.9,1,19
2026-08-05 20:46:26,4,7,7,16.5,36.2,16.6,37.9,1,19
2026-08-05 20:51:25,3,5,5,16.4,36,16.6,37.8,1,19
2026-08-05 20:56:26,4,5,8,16.4,36.2,16.5,38,1,19
2026-08-05 21:01:26,5,8,9,16.4,36.4,16.5,38.1,1,19
2026-08-05 21:06:26,4,10,10,16.3,36.5,16.5,38.2,1,19
2026-08-05 21:11:26,5,9,9,16.3,36.4,16.4,38.2,1,19
2026-08-05 21:16:26,4,7,7,16.3,36.5,16.4,38.4,1,19
2026-08-05 21:21:26,3,8,8,16.3,37,16.4,38.8,1,19
2026-08-05 21:26:26,5,8,9,16.3,37.5,16.4,39.1,1,19
2026-08-05 21:31:26,4,9,9,16.2,37.6,16.4,39.2,1,19
2026-08-05 21:36:26,5,10,10,16.3,38,16.4,39.5,1,19
2026-08-05 21:41:26,4,9,9,16.3,38,16.4,39.5,1,19
2026-08-05 21:46:26,4,9,9,16.2,37.8,16.4,39.6,1,19
2026-08-05 21:51:26,4,7,8,16.3,37.7,16.4,39.4,1,19
2026-08-05 21:56:26,4,7,7,16.3,37.8,16.4,39.5,1,19
2026-08-05 22:01:26,4,7,7,16.3,37.8,16.4,39.6,1,19
2026-08-05 22:06:26,4,7,7,16.3,38.1,16.4,39.7,1,19
2026-08-05 22:11:26,2,7,7,16.3,38.2,16.5,39.8,1,19
2026-08-05 22:16:26,3,5,5,16.3,38,16.5,39.7,1,19
2026-08-05 22:21:26,0,1,1,16.3,37.9,16.5,39.4,1,19
2026-08-05 22:26:26,1,4,4,16.3,37.3,16.5,39.2,1,19
2026-08-05 22:31:26,1,3,3,16.4,37.4,16.5,39.2,1,19
2026-08-05 22:36:26,0,2,2,16.4,37,16.5,38.9,1,19
2026-08-05 22:41:26,0,2,2,16.4,36.8,16.5,38.7,1,19
2026-08-05 22:46:26,0,1,1,16.4,36.7,16.5,38.5,1,19
2026-08-05 22:51:26,0,1,1,16.4,36.4,16.5,38.4,1,19
2026-08-05 22:56:26,0,1,1,16.4,36.4,16.5,38.2,1,19
2026-08-05 23:01:26,0,0,0,16.4,36.2,16.6,38.3,1,19
2026-08-05 23:06:26,0,0,0,16.4,36.2,16.6,38.2,1,19
2026-08-05 23:11:26,0,0,0,16.4,36.1,16.6,38.1,1,19
2026-08-05 23:16:26,0,0,0,16.4,35.9,16.6,37.9,1,19
2026-08-05 23:21:26,0,0,0,16.4,36.1,16.6,38,1,19
2026-08-05 23:26:26,0,0,0,16.4,36.1,16.6,38,1,19
2026-08-05 23:31:26,0,0,0,16.4,36.4,16.6,38.2,1,19
2026-08-05 23:36:26,0,0,0,16.4,36.4,16.5,38.4,1,19
2026-08-05 23:41:26,0,0,0,16.4,36.1,16.5,38,1,19
2026-08-05 23:46:27,0,0,0,16.4,36,16.5,38,1,19
2026-08-05 23:51:26,0,0,0,16.3,36.3,16.5,38.2,1,19
2026-08-05 23:56:26,0,0,0,16.4,36.4,16.5,38.2,1,19
2026-08-06 00:01:26,0,0,0,16.4,36.2,16.5,38.1,1,19
2026-08-06 00:06:27,0,0,0,16.4,36,16.5,37.9,1,19
2026-08-06 00:11:27,0,0,0,16.4,35.9,16.5,37.9,1,19
2026-08-06 00:16:26,0,0,0,16.4,36,16.5,38,1,19
2026-08-06 00:21:27,0,0,0,16.3,36.2,16.5,38.1,1,19
2026-08-06 00:26:26,0,0,0,16.4,36.6,16.5,38.4,1,19
2026-08-06 00:31:26,2,7,7,16.4,37.7,16.5,39.3,1,19
2026-08-06 00:36:26,5,9,10,16.3,38.8,16.5,40.2,1,19
2026-08-06 00:41:26,2,5,5,16.3,38.8,16.4,40.2,1,19
2026-08-06 00:46:27,2,4,5,16.3,39.1,16.4,40.8,1,19
2026-08-06 00:51:26,0,3,3,16.3,39.2,16.4,40.7,1,19
2026-08-06 00:56:26,1,4,4,16.2,39.9,16.3,41.2,1,19
2026-08-06 01:01:26,0,4,4,16.2,40,16.3,41.4,1,19
2026-08-06 01:06:27,2,7,7,16.2,41.3,16.2,43.1,1,19
2026-08-06 01:11:27,4,7,8,16.1,42.2,16.2,43.9,1,19
2026-08-06 01:16:27,1,7,7,16,43,16.1,45.4,1,19
2026-08-06 01:21:27,0,1,1,15.9,43.7,15.9,45.1,1,19
2026-08-06 01:26:27,0,0,0,15.8,44.3,15.8,45.8,1,19
2026-08-06 01:31:26,0,0,0,15.7,44.9,15.6,46,1,19
2026-08-06 01:36:27,0,0,0,15.6,45.1,15.5,46.4,1,19
2026-08-06 01:41:27,0,0,0,15.4,45.3,15.3,47.3,1,19
2026-08-06 01:46:27,0,0,0,15.3,45.4,15.2,47.4,1,19
2026-08-06 01:51:27,0,0,0,15.2,45.9,15.1,47.6,1,19
2026-08-06 01:56:27,0,0,0,15.1,46.2,14.9,48.1,1,19
2026-08-06 02:01:27,0,0,0,15,46.8,14.8,48.3,1,19
2026-08-06 02:06:27,0,0,0,14.9,47.7,14.7,48.7,1,19
2026-08-06 02:11:27,0,0,0,14.8,47.9,14.6,49.1,1,19
2026-08-06 02:16:26,0,0,0,14.7,48.1,14.5,49.9,1,19
2026-08-06 02:21:27,0,0,0,14.7,48.6,14.4,50.2,1,19
2026-08-06 02:26:26,0,0,0,14.6,48.5,14.4,50.6,1,19
2026-08-06 02:31:27,0,0,0,14.5,48.9,14.3,51.3,1,19
2026-08-06 02:36:27,0,0,0,14.5,49.1,14.2,50.8,1,19
2026-08-06 02:41:27,0,0,0,14.4,49.5,14.2,51,1,19
2026-08-06 02:46:27,0,0,0,14.4,48.8,14.1,51.2,1,19
2026-08-06 02:51:27,0,0,0,14.4,48.7,14.1,51.2,1,19
2026-08-06 02:56:26,0,0,0,14.4,48.7,14,51.2,1,19
2026-08-06 03:01:27,0,0,0,14.3,48.8,14,51.3,1,19
2026-08-06 03:06:27,0,0,0,14.3,48.6,13.9,51.2,1,19
2026-08-06 03:11:27,0,0,0,14.2,48.7,13.8,51.4,1,19
2026-08-06 03:16:27,0,0,0,14.2,49,13.8,51.1,1,19
2026-08-06 03:21:27,0,0,0,14.1,48.6,13.7,51.4,1,19
2026-08-06 03:26:27,0,0,0,14.1,48.3,13.6,51,1,19
2026-08-06 03:31:27,0,0,0,14,48.2,13.6,51.1,1,19
2026-08-06 03:36:27,0,0,0,13.9,47.8,13.5,51,1,19
2026-08-06 03:41:27,0,0,0,13.9,47.6,13.4,50.6,1,19
2026-08-06 03:46:27,0,0,0,13.8,47.7,13.3,50.9,1,19
2026-08-06 03:51:27,0,0,0,13.7,48.3,13.2,51.6,1,19
2026-08-06 03:56:27,0,0,0,13.6,48.7,13.1,51.9,1,19
2026-08-06 04:01:27,0,0,0,13.6,49,13.1,52.1,1,19
2026-08-06 04:06:27,0,0,0,13.5,48.8,13.1,51.6,1,19
2026-08-06 04:11:27,0,0,0,13.5,48.5,13,51.5,1,19
2026-08-06 04:16:27,0,0,0,13.5,48.6,13,52.1,1,19
2026-08-06 04:21:27,0,0,0,13.5,49.1,13,52.4,1,19
2026-08-06 04:26:27,0,0,0,13.5,49.2,12.9,52.5,1,19
2026-08-06 04:31:27,0,0,0,13.5,49,12.9,52.3,1,19
2026-08-06 04:36:27,0,0,0,13.4,48.3,12.9,51.7,1,19
2026-08-06 04:41:27,0,0,0,13.4,48.5,12.9,52.1,1,19
2026-08-06 04:46:27,0,0,0,13.4,48.5,12.8,52,1,19
2026-08-06 04:51:27,0,0,0,13.4,47.9,12.8,51.6,1,19
2026-08-06 04:56:27,0,0,0,13.3,47.8,12.7,51.8,1,19
2026-08-06 05:01:27,0,0,0,13.3,47.7,12.5,52,1,19
2026-08-06 05:06:27,0,0,0,13.1,47.6,12.4,51.5,1,19
2026-08-06 05:11:27,0,0,0,13.1,47.7,12.3,52.1,1,19
2026-08-06 05:16:27,0,0,0,13,48.3,12.2,52.3,1,19
2026-08-06 05:21:27,0,0,0,12.9,48.4,12.1,52.4,1,19
2026-08-06 05:26:27,0,0,0,12.8,48.8,12.1,52.6,1,19
2026-08-06 05:31:27,0,0,0,12.8,48.5,12,52.5,1,19
2026-08-06 05:36:27,0,0,0,12.8,48.5,12,52.7,1,19
2026-08-06 05:41:27,0,0,0,12.8,49.4,12,53.2,1,19
2026-08-06 05:46:27,0,0,0,12.7,49.2,12,53.3,1,19
2026-08-06 05:51:27,0,0,0,12.7,49.1,11.9,53,1,19
2026-08-06 05:56:27,0,0,0,12.7,49.3,11.9,53.5,1,19
2026-08-06 06:01:27,0,0,0,12.7,49.5,11.9,53.9,1,19
2026-08-06 06:06:27,0,0,0,12.7,49.6,11.9,53.6,1,19
2026-08-06 06:11:27,0,0,0,12.6,49.9,11.9,54,1,19
2026-08-06 06:16:27,0,0,0,12.7,50.1,11.9,54.3,1,19
2026-08-06 06:21:27,0,0,0,12.6,50,11.9,54.5,1,19
2026-08-06 06:26:27,0,0,0,12.6,50.2,11.9,54.5,1,19
2026-08-06 06:31:27,0,0,0,12.6,50.1,11.8,54.3,1,19
2026-08-06 06:36:27,0,0,0,12.6,49.9,11.8,54.2,1,19
2026-08-06 06:41:27,0,0,0,12.6,49.8,11.8,54.3,1,19
2026-08-06 06:46:27,0,0,0,12.5,49.6,11.8,53.8,1,19
2026-08-06 06:51:27,0,0,0,12.5,49.5,11.7,53.8,1,19
2026-08-06 06:56:27,0,0,0,12.5,49.6,11.7,53.7,1,19
2026-08-06 07:01:28,0,0,0,12.4,49.5,11.7,53.7,1,19
2026-08-06 07:06:27,0,0,0,12.4,50,11.6,54.1,1,19
2026-08-06 07:11:28,0,0,0,12.4,49.9,11.6,53.9,1,19
2026-08-06 07:16:27,0,0,0,12.4,49.8,11.5,54.2,1,19
2026-08-06 07:21:28,0,0,0,12.4,49.6,11.5,54.2,1,19
2026-08-06 07:26:27,0,0,0,12.3,49.8,11.4,54.3,1,19
2026-08-06 07:31:27,0,0,0,12.3,49.1,11.4,53.6,1,19
2026-08-06 07:36:28,0,0,0,12.3,49.3,11.4,54.2,1,19
2026-08-06 07:41:28,0,0,0,12.3,49.6,11.4,54.3,1,19
2026-08-06 07:46:27,0,0,0,12.3,49.7,11.4,54.3,1,19
2026-08-06 07:51:28,0,0,0,12.2,49.6,11.4,53.9,1,19
2026-08-06 07:56:28,0,0,0,12.2,49.4,11.3,53.8,1,19
2026-08-06 08:01:27,0,0,0,12.2,49.7,11.3,54.2,1,19
2026-08-06 08:06:28,0,0,0,12.2,50,11.3,54.3,1,19
2026-08-06 08:11:28,0,0,0,12.2,49.9,11.3,54.4,1,19
2026-08-06 08:16:28,0,0,0,12.2,50.1,11.3,55,1,19
2026-08-06 08:21:28,0,0,0,12.2,50.1,11.3,54.9,1,19
2026-08-06 08:26:28,0,0,0,12.2,50,11.3,54.9,1,19
2026-08-06 08:31:28,0,0,0,12.2,50.3,11.3,55.1,1,19
2026-08-06 08:36:28,0,0,0,12.2,50.4,11.3,55,1,19
2026-08-06 08:41:27,0,0,0,12.2,50.2,11.3,54.8,1,19
2026-08-06 08:46:28,0,0,0,12.1,50.1,11.2,54.7,1,19
2026-08-06 08:51:28,0,0,0,12.1,50.1,11.3,54.8,1,19
2026-08-06 08:56:28,0,0,0,12.2,50.2,11.3,54.8,1,19
2026-08-06 09:01:28,0,0,0,12.2,50.5,11.3,55.1,1,19
2026-08-06 09:06:28,0,0,0,12.2,50.4,11.4,54.7,1,19
2026-08-06 09:11:28,0,0,0,12.2,50.5,11.4,55,1,19
2026-08-06 09:16:28,0,0,0,12.3,50.1,11.5,54.6,1,19
2026-08-06 09:21:28,0,0,0,12.4,50.2,11.7,54.4,1,19
2026-08-06 09:26:28,0,0,0,12.5,50.5,11.8,54.4,1,19
2026-08-06 09:31:28,0,1,1,12.6,50.7,12.1,54.6,1,19
2026-08-06 09:36:28,0,0,0,12.7,51.2,12.3,54.2,1,19
2026-08-06 09:41:28,0,0,0,12.9,51.2,12.6,54.3,1,19
2026-08-06 09:46:28,0,0,0,13.2,50.4,13,53.5,1,19
2026-08-06 09:51:28,0,0,0,13.4,50,13.3,52.9,1,19
2026-08-06 09:56:28,0,0,0,13.8,49.8,13.7,52.7,1,19
2026-08-06 10:01:28,0,0,0,14,49.4,14.1,52.1,1,19
2026-08-06 10:06:28,0,0,0,14.3,48.7,14.4,51.4,1,19
2026-08-06 10:11:28,0,0,0,14.6,48.2,14.8,50.8,1,19
2026-08-06 10:16:28,0,0,0,14.9,48.4,15.2,50.4,1,19
2026-08-06 10:21:28,0,0,0,15.1,47.5,15.5,49.5,0,19
2026-08-06 10:26:28,0,0,0,15.4,47.3,15.9,49.6,0,19
2026-08-06 10:31:28,0,0,0,15.7,46.3,16.2,48.7,0,20
2026-08-06 10:36:28,0,0,0,15.9,45.9,16.5,48,0,20
2026-08-06 10:41:28,0,0,0,16.2,45.1,16.8,47,0,20
2026-08-06 10:46:28,0,0,0,16.4,44.8,17,47.1,0,20
2026-08-06 10:51:28,0,0,0,16.6,44.6,17.3,46.8,0,20
2026-08-06 10:56:28,0,3,3,16.8,44.1,17.6,45.4,0,20
2026-08-06 11:01:28,0,0,0,17,44.3,17.8,45.9,0,19
2026-08-06 11:06:28,0,0,0,17.2,44.3,18.1,45.6,0,19
2026-08-06 11:11:28,0,0,0,17.4,44.3,18.3,45.4,0,19
2026-08-06 11:16:28,4,5,5,17.6,44.4,18.6,45.6,0,19
2026-08-06 11:21:28,1,2,2,17.8,44.6,18.8,45.5,0,19
2026-08-06 11:26:28,0,3,3,17.9,44.2,19,45.1,0,19
2026-08-06 11:31:28,0,3,3,18.1,43.8,19.3,44.6,0,19
2026-08-06 11:36:28,3,3,4,18.3,43.6,19.5,44.4,0,19
2026-08-06 11:41:28,2,4,4,18.4,43.1,19.6,43.7,0,19
2026-08-06 11:46:28,0,3,3,18.5,42.5,19.8,42.9,0,19
2026-08-06 11:51:28,1,2,3,18.7,42.2,20,42.9,0,19
2026-08-06 11:56:28,1,3,3,18.7,42.5,20.1,43.2,0,19
2026-08-06 12:01:28,2,4,4,18.9,41.8,20.2,42.7,0,19
2026-08-06 12:06:28,3,4,4,19,41.5,20.4,42.1,0,19
2026-08-06 12:11:28,1,2,2,19.1,40.5,20.5,41.4,0,19
2026-08-06 12:16:28,2,4,5,19.2,41,20.6,41.8,0,19
2026-08-06 12:21:28,3,4,4,19.2,41.1,20.7,41.3,0,19
2026-08-06 12:26:28,3,4,5,19.3,41.2,20.8,41.4,0,19
2026-08-06 12:31:28,4,6,6,19.4,40.7,20.9,40.9,0,19
2026-08-06 12:36:28,3,5,5,19.5,41.1,21,41.4,0,19
2026-08-06 12:41:28,4,7,7,19.5,41,21.1,40.9,0,19
2026-08-06 12:46:28,1,5,5,19.6,40.6,21.2,41,0,19
2026-08-06 12:51:28,3,6,6,19.7,40.5,21.3,40.7,0,19
2026-08-06 12:56:28,2,4,4,19.8,40.1,21.4,40.4,0,19
2026-08-06 13:01:29,3,7,8,19.9,39.7,21.5,40.2,0,19
2026-08-06 13:06:29,4,6,6,20,39.2,21.6,39.5,0,19
2026-08-06 13:11:29,5,5,6,20.1,39.4,21.7,39.4,0,19
2026-08-06 13:16:29,7,14,15,20.1,39.3,21.8,39.6,0,19
2026-08-06 13:21:29,3,5,5,20.2,39.3,21.9,39.3,0,19
2026-08-06 13:26:29,4,7,7,20.3,39.2,21.9,39.5,0,19
2026-08-06 13:31:29,5,7,7,20.3,38.9,22,39.3,0,19
2026-08-06 13:36:29,6,11,11,20.4,39,22.1,39.1,0,19
2026-08-06 13:41:29,6,12,12,20.4,39,22.1,39.3,0,19
2026-08-06 13:46:28,12,26,26,20.5,38.8,22.1,39.3,0,19
2026-08-06 13:51:28,7,11,11,20.5,38.4,22.1,39.4,0,19
2026-08-06 13:56:28,7,14,14,20.6,38.7,22.1,39.1,0,19
2026-08-06 14:01:29,9,21,21,20.6,38.9,22.2,39.4,0,19
2026-08-06 14:06:29,11,23,23,20.7,38.4,22.2,39.1,0,19
2026-08-06 14:11:29,9,23,23,20.7,38.4,22.3,39,0,19
2026-08-06 14:16:29,11,19,21,20.7,38.3,22.4,38.9,0,19
2026-08-06 14:21:29,9,18,18,20.8,38.2,22.4,39.2,0,19
2026-08-06 14:26:29,13,23,23,20.8,38.3,22.3,38.9,0,19
2026-08-06 14:31:29,11,21,21,20.7,38.2,22.2,39,0,19
2026-08-06 14:36:29,12,23,25,20.7,38.3,22.1,39.1,0,19
2026-08-06 14:41:29,14,27,27,20.5,38.1,21.9,39,0,19
2026-08-06 14:46:29,18,28,28,20.4,38.1,21.8,39.1,0,19
2026-08-06 14:51:28,16,26,26,20.3,38.1,21.6,39,0,19
2026-08-06 14:56:29,16,24,24,20.1,38.4,21.4,39.4,0,19
2026-08-06 15:01:29,19,27,27,20,38.7,21.2,39.6,0,19
2026-08-06 15:06:29,20,27,28,19.8,38.7,21,39.7,0,19
2026-08-06 15:11:29,20,26,27,19.7,39,20.9,40.1,0,19
2026-08-06 15:16:29,18,27,27,19.5,38.9,20.7,40.2,0,19
2026-08-06 15:21:29,22,30,30,19.5,39.4,20.5,40.5,0,19
2026-08-06 15:26:29,20,28,28,19.3,39.9,20.4,40.9,0,19
2026-08-06 15:31:29,17,27,28,19.3,39.6,20.3,40.8,0,19
2026-08-06 15:36:29,19,29,29,19.2,39.7,20.2,40.9,0,19
2026-08-06 15:41:29,17,27,28,19.1,40.2,20.1,41.2,0,19
2026-08-06 15:46:29,17,26,26,19,40.3,20,41.5,0,19
2026-08-06 15:51:29,14,27,27,18.9,40.2,19.8,41.5,0,19
2026-08-06 15:56:29,15,26,26,18.9,40.5,19.8,41.6,0,19
2026-08-06 16:01:29,13,28,28,18.7,40.5,19.6,41.7,0,19
2026-08-06 16:06:29,12,25,25,18.7,40.4,19.5,41.7,0,19
2026-08-06 16:11:29,12,27,27,18.6,40.4,19.4,41.7,0,19
2026-08-06 16:16:29,10,25,25,18.5,40.6,19.3,42,0,19
2026-08-06 16:21:28,10,22,24,18.4,40.7,19.2,42.1,0,19
2026-08-06 16:26:29,10,22,22,18.4,41.3,19.2,42.4,0,19
2026-08-06 16:31:29,9,22,22,18.4,41.3,19.1,42.5,0,19
2026-08-06 16:36:29,12,25,25,18.3,41.4,19.1,42.7,0,19
2026-08-06 16:41:29,10,21,22,18.3,41.7,19,42.9,0,19
2026-08-06 16:46:29,9,22,22,18.3,41.8,19,42.9,0,19
2026-08-06 16:51:29,10,24,24,18.2,41.4,18.9,42.9,0,19
2026-08-06 16:56:29,5,15,17,18.2,41.9,18.9,43.3,0,19
2026-08-06 17:01:29,9,16,16,18.1,41.9,18.9,43.4,0,19
2026-08-06 17:06:29,10,23,25,18.1,41.7,18.8,43.2,0,19
2026-08-06 17:11:29,7,20,20,18.1,42,18.8,43.2,0,19
2026-08-06 17:16:29,6,20,20,18,42.3,18.7,43.6,0,19
2026-08-06 17:21:29,7,18,18,18,42.5,18.6,43.6,0,19
2026-08-06 17:26:29,6,12,13,17.9,42.5,18.6,43.7,0,19
2026-08-06 17:31:29,7,15,17,17.8,42.4,18.5,43.8,0,19
2026-08-06 17:36:29,7,17,18,17.8,42.9,18.5,44,0,19
2026-08-06 17:41:29,6,19,19,17.8,43,18.4,44.3,0,19
2026-08-06 17:46:29,7,19,20,17.7,43,18.4,44.3,0,19
2026-08-06 17:51:29,7,19,20,17.7,43,18.3,44.3,0,19
2026-08-06 17:56:29,8,20,20,17.7,42.9,18.3,44.4,0,19
2026-08-06 18:01:29,5,20,20,17.6,43.1,18.2,44.6,0,19
2026-08-06 18:06:29,8,18,19,17.5,43.3,18.1,44.8,0,19
2026-08-06 18:11:29,3,8,8,17.5,43.4,18,44.9,1,19
2026-08-06 18:16:29,4,9,10,19.4,43.3,23.7,37.2,0,19
2026-08-06 18:21:29,3,5,6,21.4,38.9,26.7,31.6,0,19
2026-08-06 18:26:29,3,7,7,22.7,36.2,27.8,29.7,0,19
2026-08-06 18:31:29,4,7,7,22.6,34.4,25.5,31.5,0,19
2026-08-06 18:36:29,3,7,7,21.4,35.2,22.6,35.7,0,19
2026-08-06 18:41:29,3,6,7,20.3,37,21.1,39.2,1,19
2026-08-06 18:46:29,2,4,4,21.8,36.4,26,32,0,19
2026-08-06 18:51:29,3,6,6,22.9,34.4,27.4,29.6,0,19
2026-08-06 18:56:29,3,6,6,23.9,33.1,28.3,28.3,1,19
2026-08-06 19:01:30,3,6,6,24.3,32,28.6,27.7,0,19
2026-08-06 19:06:29,2,5,6,24.3,31.7,27.9,28.2,0,19
2026-08-06 19:11:30,1,3,3,24,31.5,27.5,28.8,1,19
2026-08-06 19:16:29,1,3,3,24.4,30.7,28.5,27.2,1,19
2026-08-06 19:21:29,0,3,3,23.5,30.6,25.6,29.7,1,19
2026-08-06 19:26:30,1,3,3,21.9,32,22.6,33.8,1,19
2026-08-06 19:31:29,1,3,3,20.5,33.7,20.8,36.5,1,19
2026-08-06 19:36:30,0,1,1,19.5,35.2,19.7,38.2,1,19
2026-08-06 19:41:29,1,3,3,18.7,36.5,19,39.4,1,19
2026-08-06 19:46:30,0,2,2,18.2,37.4,18.5,40.3,1,19
2026-08-06 19:51:29,1,2,2,17.7,38.5,18.1,41.1,1,19
2026-08-06 19:56:29,0,4,4,17.4,39.2,17.7,41.7,1,19
2026-08-06 20:01:30,0,3,3,17.2,40.1,17.5,42.4,1,19
2026-08-06 20:06:30,0,3,4,17,40.9,17.3,42.8,1,18
2026-08-06 20:11:30,1,3,4,16.8,41.2,17.1,43.2,1,18
2026-08-06 20:16:29,1,2,4,16.7,41.4,17,43.4,1,18
2026-08-06 20:21:30,2,4,4,16.6,41.5,16.8,43.5,1,18
2026-08-06 20:26:29,2,7,7,16.4,41.9,16.7,43.9,1,18
2026-08-06 20:31:30,4,9,9,16.4,42.7,16.6,44.4,1,18
2026-08-06 20:36:29,5,9,9,16.3,43.3,16.5,45.1,1,18
2026-08-06 20:41:30,5,10,10,16.2,43.5,16.4,45.4,1,18
2026-08-06 20:46:30,5,10,10,16.1,43.9,16.3,45.8,1,18
2026-08-06 20:51:30,5,9,10,16.1,43.8,16.3,45.9,1,18
2026-08-06 20:56:30,3,7,7,16,43.5,16.2,45.5,1,18
2026-08-06 21:01:30,2,4,4,16,43.5,16,45.5,1,18
2026-08-06 21:06:30,2,4,4,15.9,43.7,16,45.6,1,18
2026-08-06 21:11:30,1,5,5,15.8,43.5,15.9,45.8,1,18
2026-08-06 21:16:30,2,5,5,15.8,43.8,15.8,46.1,1,18
2026-08-06 21:21:30,2,4,4,15.7,44,15.8,46.3,1,18
2026-08-06 21:26:29,4,7,7,15.7,44,15.7,46.3,1,18
2026-08-06 21:31:30,2,5,5,15.6,44.2,15.7,46.5,1,18
2026-08-06 21:36:30,3,7,7,15.6,44.5,15.6,46.8,1,18
2026-08-06 21:41:30,2,7,7,15.5,44.7,15.6,47.1,1,20
2026-08-06 21:46:30,3,8,8,15.5,44.6,15.6,46.9,1,20
2026-08-06 21:51:30,2,6,6,15.5,44.8,15.6,47,1,17
2026-08-06 21:56:30,4,7,7,15.5,44.6,15.6,46.9,1,17
2026-08-06 22:01:30,3,8,8,15.5,44.8,15.5,47.1,1,17
2026-08-06 22:06:30,6,8,8,15.5,44.9,15.5,47.2,1,17
2026-08-06 22:11:30,3,8,10,15.4,45.4,15.5,47.8,1,17
2026-08-06 22:16:30,4,9,9,15.4,45.3,15.5,47.6,1,17
2026-08-06 22:21:30,4,7,8,16.2,47.7,18.4,45.4,0,17
2026-08-06 22:26:30,5,9,9,17.6,43.2,20.2,38.6,1,20
2026-08-06 22:31:30,4,10,10,17.4,42.2,18.5,41.2,1,17
2026-08-06 22:36:30,8,17,18,17,42.5,17.4,43.4,1,17
2026-08-06 22:41:30,4,9,9,16.6,42.9,16.7,44.8,1,17
2026-08-06 22:46:30,4,8,8,16.3,43.4,16.3,45.7,1,17
2026-08-06 22:51:30,2,8,8,16.1,43.9,16,46.4,1,17
2026-08-06 22:56:30,3,4,5,15.9,44,15.8,46.6,1,17
2026-08-06 23:01:30,2,7,7,15.8,45.9,16.2,49.7,0,17
2026-08-06 23:06:30,3,6,6,18.4,43.3,22.9,35.9,0,17
2026-08-06 23:11:30,3,6,7,20.1,39.8,25.1,31.9,0,17
2026-08-06 23:16:30,4,8,8,20.8,36.8,24.7,31.3,1,17
2026-08-06 23:21:30,6,12,12,19.9,36.8,21.3,36,1,17
2026-08-06 23:26:30,4,7,7,18.8,38.2,19.1,39.9,1,17
2026-08-06 23:31:30,5,6,6,17.9,39.6,17.8,42.4,1,20
2026-08-06 23:36:30,4,8,8,17.2,41.3,17.1,44.2,1,18
2026-08-06 23:41:30,4,9,9,16.7,42.1,16.6,45.1,1,18
2026-08-06 23:46:30,3,7,7,16.4,42.6,16.3,45.7,1,18
2026-08-06 23:51:30,4,9,9,16.1,43.6,16,46.4,1,17
2026-08-06 23:56:30,4,9,9,15.9,43.9,15.9,46.6,1,18
2026-08-07 00:01:31,4,9,9,15.7,44.3,15.7,47.1,1,18
2026-08-07 00:06:30,4,9,9,15.6,44.8,15.6,47.4,1,18
2026-08-07 00:11:30,6,9,9,15.5,45,15.5,47.8,1,18
2026-08-07 00:16:30,4,8,9,15.5,45.6,15.4,48.2,1,18
2026-08-07 00:21:31,4,7,9,15.4,45.6,15.4,48.2,1,18
2026-08-07 00:26:30,4,9,9,15.4,45.8,15.3,48.5,1,18
2026-08-07 00:31:30,6,10,10,15.3,45.9,15.3,48.5,1,18
2026-08-07 00:36:30,6,13,13,15.3,45.9,15.2,48.7,1,18
2026-08-07 00:41:30,4,11,11,15.2,46,15.1,48.7,1,18
2026-08-07 00:46:31,4,13,14,15.2,46.3,15.1,49,1,18
2026-08-07 00:51:30,6,8,9,15.1,46.5,15.1,49.2,1,17
2026-08-07 00:56:30,4,13,14,15.1,46.8,15.1,49.1,1,17
2026-08-07 01:01:31,6,13,14,15.1,47.1,15.1,49.7,1,17
2026-08-07 01:06:31,6,9,9,15.1,47.2,15.1,50.1,1,17
2026-08-07 01:11:30,4,8,8,15.1,46.7,15,49.4,1,17
2026-08-07 01:16:31,7,15,17,15.1,47.1,15,49.5,1,17
2026-08-07 01:21:31,6,11,13,15.1,46.9,15,49.5,1,17
2026-08-07 01:26:30,4,11,11,15.1,46.9,15,49.7,1,17
2026-08-07 01:31:31,6,13,14,15.1,46.7,15,49.6,1,17
2026-08-07 01:36:30,8,18,18,15.1,46.9,15,49.9,1,17
2026-08-07 01:41:31,7,19,19,15.1,47.1,15,50,1,17
2026-08-07 01:46:30,7,14,15,16.1,49.2,18.5,46.1,0,17
2026-08-07 01:51:31,8,17,17,17.5,44.2,20.1,39.7,1,17
2026-08-07 01:56:31,7,17,18,17.2,43.4,18.3,42.5,1,17
2026-08-07 02:01:30,5,16,17,16.7,43.5,17,45.1,1,17
2026-08-07 02:06:31,7,15,16,16.3,44.2,16.3,46.8,1,17
2026-08-07 02:11:30,5,14,15,16,44.7,15.9,47.6,1,17
2026-08-07 02:16:31,6,13,13,15.7,45.3,15.6,48.5,1,18
2026-08-07 02:21:31,7,10,13,15.6,45.9,15.5,48.9,1,18
2026-08-07 02:51:32,6,11,11,15.1,47.5,15,50.3,1,18
2026-08-07 02:56:31,6,11,13,15,47.9,14.9,50.6,1,18
2026-08-07 03:01:31,4,9,9,15,48.1,14.9,50.8,1,18
2026-08-07 03:06:31,6,11,11,15,48.1,14.9,51,1,18
2026-08-07 03:11:31,7,14,15,14.9,48.3,14.8,51.1,1,18
2026-08-07 03:16:31,6,9,10,14.9,48.5,14.7,51.4,1,18
2026-08-07 03:21:31,8,16,18,14.8,48.7,14.7,51.5,1,18
2026-08-07 03:26:31,8,19,21,14.8,48.9,14.6,51.7,1,18
2026-08-07 03:31:31,6,17,18,14.8,48.8,14.6,51.7,1,18
2026-08-07 03:36:31,8,21,21,14.7,49,14.5,51.7,1,18
2026-08-07 03:41:31,8,17,18,14.7,49.1,14.5,51.9,1,18
2026-08-07 03:46:31,7,13,14,14.6,48.8,14.4,51.8,1,18
2026-08-07 03:51:31,7,17,17,14.6,49.1,14.4,52.3,1,18
2026-08-07 03:56:31,8,13,13,14.6,49,14.3,52.2,1,18
2026-08-07 04:01:31,8,18,18,14.5,49.2,14.3,52.2,1,18
2026-08-07 04:06:31,8,16,18,14.5,49.3,14.2,52.6,1,18
2026-08-07 04:11:31,8,20,22,14.5,49.3,14.2,52.4,1,18
2026-08-07 04:16:31,8,20,20,14.5,49.4,14.1,52.9,1,18
2026-08-07 04:21:31,10,23,23,14.4,49.7,14.1,53,1,17
2026-08-07 04:26:31,8,23,23,14.4,49.8,14.1,53.4,1,17
2026-08-07 04:31:31,8,19,20,14.4,49.8,14,53.2,1,17
2026-08-07 04:36:31,8,24,24,14.4,50,14,53.5,1,17
2026-08-07 04:41:31,8,20,22,14.4,50.1,14,53.6,1,17
2026-08-07 04:46:31,9,24,24,14.4,50,14,53.8,1,17
2026-08-07 04:51:31,9,24,24,14.4,50.2,14,53.7,1,17
2026-08-07 04:56:31,7,16,16,14.3,50.1,14,53.8,1,17
2026-08-07 05:01:31,6,16,16,14.3,50.3,13.9,53.8,1,17
2026-08-07 05:06:31,7,17,18,14.3,50.1,13.9,53.7,1,17
2026-08-07 05:11:31,8,21,22,14.3,50.3,13.9,53.9,1,17
2026-08-07 05:16:31,6,14,16,14.2,50.5,13.9,54.2,1,17
2026-08-07 05:21:31,8,19,22,14.2,50.5,13.9,54,1,17
2026-08-07 05:26:31,8,17,18,14.3,50.7,13.9,54.3,1,17
2026-08-07 05:31:32,8,20,20,14.3,50.5,13.9,54.1,1,17
2026-08-07 05:36:31,6,17,21,14.3,50.5,13.9,54.2,1,17
2026-08-07 05:41:31,8,21,22,14.2,50.7,13.9,54.7,1,17
2026-08-07 05:46:31,8,21,22,14.2,50.7,13.9,54.3,1,17
2026-08-07 05:51:32,9,23,24,14.2,51,13.8,54.6,1,17
2026-08-07 05:56:31,9,23,23,14.2,50.8,13.8,54.7,1,17
2026-08-07 06:01:31,8,22,22,14.1,51.1,13.7,54.8,1,17
2026-08-07 06:06:31,9,23,23,14.1,51.2,13.7,54.6,1,17
2026-08-07 06:11:32,11,22,24,14.1,51.2,13.7,55,1,17
2026-08-07 06:16:31,10,23,23,14.1,51.6,13.6,55.2,1,17
2026-08-07 06:21:31,7,20,20,14.1,51.5,13.6,55.2,1,18
2026-08-07 06:26:32,6,18,20,14.1,51.3,13.6,55.3,1,18
2026-08-07 06:31:31,10,27,27,14,51.3,13.6,55.3,1,18
2026-08-07 06:36:31,8,23,24,14,51.3,13.6,55.3,1,18
2026-08-07 06:41:32,8,21,23,14,51.3,13.6,55.1,1,18
2026-08-07 06:46:32,8,23,23,14,51.2,13.6,55.2,1,18
2026-08-07 06:51:31,8,24,25,14,51.2,13.6,55.1,1,17
2026-08-07 06:56:32,8,23,23,14,51,13.6,54.9,1,20
2026-08-07 07:01:31,8,24,25,14,51,13.6,54.8,1,17
2026-08-07 07:06:32,8,23,23,14,51,13.5,55,1,17
2026-08-07 07:11:32,8,20,22,14,50.8,13.5,55.1,1,17
2026-08-07 07:16:31,10,28,28,14,50.8,13.5,54.7,1,17
2026-08-07 07:21:31,8,23,23,14,50.6,13.5,54.7,1,18
2026-08-07 07:26:32,8,22,23,13.9,50.7,13.5,54.7,1,18
2026-08-07 07:31:31,9,22,23,13.9,50.7,13.4,54.9,1,18
2026-08-07 07:36:31,10,25,25,13.9,50.9,13.4,55.1,1,18
2026-08-07 07:41:32,11,25,25,13.9,50.7,13.4,54.8,1,18
2026-08-07 07:46:32,8,25,25,13.9,50.6,13.4,54.9,1,18
2026-08-07 07:51:31,8,27,30,13.8,50.7,13.4,54.9,1,18
2026-08-07 07:56:32,11,27,27,13.8,50.7,13.3,54.8,1,18
2026-08-07 08:01:31,11,23,24,13.8,50.8,13.3,55.1,1,18
2026-08-07 08:06:32,10,25,28,13.8,50.8,13.3,55.2,1,21
2026-08-07 08:11:32,13,28,29,13.8,51.2,13.3,55.2,1,21
2026-08-07 08:16:32,13,27,28,13.8,51.2,13.3,55.3,1,21
2026-08-07 08:21:32,11,27,27,13.8,51.6,13.3,55.7,1,18
2026-08-07 08:26:31,13,28,28,13.8,51.7,13.3,55.9,1,20
2026-08-07 08:31:32,10,28,30,13.9,51.8,13.3,55.7,1,20
2026-08-07 08:36:32,11,30,30,13.8,51.8,13.4,55.7,1,20
2026-08-07 08:41:32,11,27,27,13.9,51.6,13.4,55.7,1,20
2026-08-07 08:46:32,13,25,27,13.9,51.6,13.4,55.8,1,20
2026-08-07 08:51:32,17,29,29,13.9,51.9,13.4,56,1,21
2026-08-07 08:56:32,10,31,32,13.9,52.1,13.5,56.1,1,20
2026-08-07 09:01:32,13,29,29,13.9,52.2,13.5,56,1,20
2026-08-07 09:06:32,13,27,29,14,52,13.6,56.1,1,20
2026-08-07 09:11:32,13,30,31,14,52.4,13.6,56,1,20
2026-08-07 09:16:32,18,33,36,14,52.2,13.6,55.8,1,20
2026-08-07 09:21:32,22,34,34,14,52.2,13.7,56,1,20
2026-08-07 09:26:32,23,36,36,14.1,52,13.7,56.1,1,20
2026-08-07 09:31:32,27,40,42,14.1,52,13.7,55.9,1,20
2026-08-07 09:36:32,28,38,42,14.1,51.9,13.8,55.9,1,20
2026-08-07 09:41:31,27,39,41,14.1,51.7,13.8,55.6,1,20
2026-08-07 09:46:32,27,41,44,14.1,51.6,13.8,55.6,1,20
2026-08-07 09:51:32,26,41,45,14.2,51.5,13.8,55.8,1,19
2026-08-07 09:56:32,29,47,56,14.2,51.6,13.8,55.8,1,19
2026-08-07 10:01:32,29,44,52,14.2,51.8,13.8,55.6,1,19
2026-08-07 10:06:32,31,44,49,14.2,51.8,13.9,55.6,1,19
2026-08-07 10:11:32,30,49,57,14.2,51.6,13.9,55.6,1,19
2026-08-07 10:16:32,30,47,56,14.2,51.5,13.9,55.6,1,19
2026-08-07 10:21:31,31,47,53,14.2,51.5,13.9,55.6,1,19
2026-08-07 10:26:32,30,46,55,14.2,51.4,13.9,55.4,1,19
2026-08-07 10:31:32,32,49,57,14.2,51,13.9,55.1,1,19
2026-08-07 10:36:32,32,51,61,14.2,51.2,13.9,55.3,1,19
2026-08-07 10:41:32,32,53,61,14.2,51.2,13.9,55.2,1,19
2026-08-07 10:46:32,32,50,60,14.2,51.3,13.9,55.4,1,19
2026-08-07 10:51:32,34,52,60,14.2,51.3,13.9,55.4,1,19
2026-08-07 10:56:32,34,57,68,14.2,51.3,13.9,55.4,1,19
2026-08-07 11:01:32,35,54,66,14.3,51.3,13.9,55.4,1,19
2026-08-07 11:06:32,35,52,61,14.2,51.6,13.9,55.4,1,19
2026-08-07 11:11:32,34,56,65,14.3,51.5,14,55.4,1,19
2026-08-07 11:16:32,40,64,79,14.3,51.5,14,55.6,1,19
2026-08-07 11:21:32,38,61,75,14.3,51.7,14.1,55.6,1,19
2026-08-07 11:26:32,37,58,70,14.3,51.8,14.1,55.7,1,19
2026-08-07 11:31:32,35,53,66,14.4,51.9,14.1,55.6,1,19
2026-08-07 11:36:32,34,54,67,14.4,51.7,14.2,55.5,1,19
2026-08-07 11:41:32,34,56,68,14.4,51.6,14.2,55.4,1,19
2026-08-07 11:46:32,35,55,66,14.5,51.4,14.3,55.5,1,19
2026-08-07 11:51:32,34,55,67,14.5,51.3,14.3,55.4,1,19
2026-08-07 11:56:32,35,54,65,14.6,51.4,14.3,55.2,1,19
2026-08-07 12:01:32,36,56,68,14.6,51.5,14.3,55.6,1,19
2026-08-07 12:06:32,35,55,65,14.6,51.3,14.4,55.5,1,19
2026-08-07 12:11:32,32,52,60,14.7,51.7,14.5,55.5,1,19
2026-08-07 12:16:32,31,49,57,14.7,51.6,14.6,55.3,1,19
2026-08-07 12:21:32,32,44,53,14.8,51.2,14.7,54.8,1,19
2026-08-07 12:26:32,29,50,57,14.9,51.3,14.8,54.8,1,19
2026-08-07 12:31:33,29,45,54,15,51,15,54.6,1,19
2026-08-07 12:36:32,29,46,55,15.1,50.7,15.1,54.3,1,19
2026-08-07 12:41:32,26,43,50,15.2,50.7,15.3,54.1,1,19
2026-08-07 12:46:33,29,45,54,15.4,50.1,15.4,53.8,1,19
2026-08-07 12:51:32,29,47,54,15.4,50.1,15.5,53.6,1,19
2026-08-07 12:56:32,30,48,58,15.5,50.1,15.7,53.4,1,19
2026-08-07 13:01:33,28,48,56,15.6,49.7,15.8,53.2,1,19
2026-08-07 13:06:33,36,55,66,15.7,49.7,15.9,53,1,19
2026-08-07 13:11:32,32,50,58,15.8,49.6,16.1,52.9,1,19
2026-08-07 13:16:32,34,51,62,15.9,49.3,16.2,52.7,1,19
2026-08-07 13:21:33,34,53,65,16.1,49.2,16.3,52.4,1,19
2026-08-07 13:26:32,35,51,62,16.2,48.8,16.4,52.2,1,19
2026-08-07 13:31:33,34,52,62,16.2,48.5,16.4,51.8,1,19
2026-08-07 13:36:32,34,53,62,16.3,48.4,16.5,51.7,1,19
2026-08-07 13:41:32,36,56,69,16.3,48.6,16.6,51.7,1,19
2026-08-07 13:46:32,35,56,68,16.4,48,16.7,51.3,1,19
2026-08-07 13:51:33,32,52,62,16.5,48,16.8,51.3,1,19
2026-08-07 13:56:32,34,52,63,16.5,47.8,16.9,51,1,19
2026-08-07 14:01:33,32,52,61,16.6,47.7,17,51,1,19
2026-08-07 14:06:33,32,51,61,16.7,47.8,17,50.8,1,19
2026-08-07 14:11:33,30,50,59,16.7,47.7,17,50.8,1,19
2026-08-07 14:16:32,30,49,58,16.7,47.4,17.1,50.5,1,19
2026-08-07 14:21:33,31,47,57,16.7,47.5,17.1,50.6,1,19
2026-08-07 14:26:32,33,52,61,16.7,47.2,17,50.5,1,19
2026-08-07 14:31:33,30,47,56,16.7,47.2,17,50.5,1,19
2026-08-07 14:36:32,32,50,59,16.7,47.2,16.9,50.5,1,19
2026-08-07 14:41:33,30,49,59,16.6,47.3,16.9,50.6,1,19
2026-08-07 14:46:33,28,47,55,16.6,47.3,16.8,50.7,1,19
2026-08-07 14:51:33,28,43,50,16.5,47.8,16.8,50.8,1,19
2026-08-07 14:56:33,28,47,55,16.4,47.8,16.7,50.8,1,19
2026-08-07 15:01:33,27,42,48,16.4,47.9,16.6,51,1,19
2026-08-07 15:06:33,27,42,48,16.3,47.8,16.5,51.1,1,19
2026-08-07 15:11:33,26,42,46,16.2,48.1,16.4,51.2,1,19
2026-08-07 15:16:33,28,44,51,16.2,48.1,16.3,51.4,1,19
2026-08-07 15:21:32,28,44,50,16.1,48.3,16.2,51.5,1,19
2026-08-07 15:26:33,27,43,48,16,48.3,16.1,51.6,1,19
2026-08-07 15:31:33,24,39,42,15.9,48.4,16,51.8,1,19
2026-08-07 15:36:33,22,38,40,15.8,48.5,15.9,51.8,1,19
2026-08-07 15:41:33,21,36,39,15.7,48.4,15.7,51.8,1,19
2026-08-07 15:46:33,20,33,34,15.6,48.5,15.6,51.9,1,19
2026-08-07 15:51:33,17,32,32,15.5,48.5,15.5,52,1,19
2026-08-07 15:56:33,19,32,34,15.4,48.6,15.4,52.1,1,19
2026-08-07 16:01:33,13,30,31,15.3,48.6,15.2,52.2,1,19
2026-08-07 16:06:33,15,32,32,15.2,48.7,15.1,52.2,1,19
2026-08-07 16:11:33,17,31,34,15.2,48.8,15,52.5,1,19
2026-08-07 16:16:33,13,28,30,15,48.9,14.9,52.7,1,19
2026-08-07 16:21:33,13,29,29,14.9,49.1,14.7,52.8,1,19
2026-08-07 16:26:33,24,37,42,14.8,49.1,14.6,52.9,1,19
2026-08-07 16:31:33,11,28,28,14.8,49.1,14.5,52.9,1,19
2026-08-07 16:36:33,9,28,28,14.7,48.9,14.4,52.8,1,19
2026-08-07 16:41:33,8,24,24,14.6,48.6,14.3,52.8,1,19
2026-08-07 16:46:33,9,23,24,14.5,48.7,14.1,52.8,1,19
2026-08-07 16:51:33,7,22,23,14.4,48.4,14.1,52.7,1,19
2026-08-07 16:56:33,7,18,21,14.3,48.6,13.9,52.6,1,19
2026-08-07 17:01:33,6,15,16,14.3,48.5,13.9,52.5,1,19
2026-08-07 17:06:33,4,9,9,14.2,48.4,13.8,52.5,1,19
2026-08-07 17:11:33,6,10,10,14.1,48.1,13.7,52.3,1,19
2026-08-07 17:16:33,3,11,11,14,48,13.6,52.2,1,19
2026-08-07 17:21:33,5,10,11,14,47.9,13.5,52.1,1,19
2026-08-07 17:26:33,6,7,8,13.9,47.8,13.5,52,1,19
2026-08-07 17:31:33,5,10,10,13.9,47.7,13.4,52,1,19
2026-08-07 17:36:33,6,10,10,13.8,47.5,13.4,51.8,1,19
2026-08-07 17:41:34,7,11,13,13.8,47.6,13.3,51.8,1,19
2026-08-07 17:46:33,5,10,10,13.8,47.8,13.3,51.8,1,19
2026-08-07 17:51:33,5,10,11,13.8,47.2,13.3,51.5,1,19
2026-08-07 17:56:33,3,7,8,13.7,46.9,13.2,51.2,1,19
2026-08-07 18:01:33,2,6,6,13.7,46.8,13.2,51.1,1,19
2026-08-07 18:06:33,3,6,6,13.7,46.5,13.1,50.9,1,19
2026-08-07 18:11:33,5,8,8,13.6,46.6,13.1,51.1,1,19
2026-08-07 18:16:33,5,6,6,13.6,46.3,13.1,51,1,19
2026-08-07 18:21:33,2,6,6,13.6,46.4,13,50.8,1,19
2026-08-07 18:26:33,2,6,6,13.5,45.9,13,50.4,1,19
2026-08-07 18:31:34,2,7,7,13.4,45.9,12.9,50.4,1,19
2026-08-07 18:36:33,3,7,8,13.4,46,12.9,50.4,1,19
2026-08-07 18:41:34,3,8,8,13.3,46,12.9,50.6,1,19
2026-08-07 18:46:34,5,6,6,13.3,46.1,12.8,50.7,1,19
2026-08-07 18:51:34,3,5,6,13.3,45.9,12.8,50.3,1,19
2026-08-07 18:56:33,3,5,5,13.2,45.7,12.8,50.3,1,19
2026-08-07 19:01:33,3,6,6,13.2,45.6,12.7,50.1,1,19
2026-08-07 19:06:34,2,3,3,13.2,45.6,12.7,50.1,1,19
2026-08-07 19:11:33,3,7,7,13.2,45.6,12.7,50,1,19
2026-08-07 19:16:33,3,7,7,13.2,45.3,12.7,49.6,1,19
2026-08-07 19:21:34,2,3,3,13.2,45.2,12.6,49.4,1,19
2026-08-07 19:26:33,1,3,3,13.1,44.7,12.6,49.2,1,19
2026-08-07 19:31:34,1,2,2,13.1,44.6,12.6,48.6,1,19
2026-08-07 19:36:33,0,0,1,13.1,44.4,12.6,48.5,1,19
2026-08-07 19:41:34,0,2,2,13.1,44.3,12.5,48.6,1,19
2026-08-07 19:46:34,1,2,2,13,44.2,12.5,48.7,1,19
2026-08-07 19:51:35,0,1,1,13,44.2,12.5,48.5,1,19
2026-08-07 19:56:34,0,1,1,13,44.3,12.4,48.6,1,19
2026-08-07 20:01:34,0,1,2,12.9,44.1,12.4,48.4,1,19
2026-08-07 20:06:33,1,3,3,12.9,44,12.4,48.4,1,19
2026-08-07 20:11:34,0,2,2,13,44.1,12.4,48.2,1,19
2026-08-07 20:16:34,0,1,1,12.9,44.1,12.3,48.3,1,19
2026-08-07 20:21:34,0,0,0,12.9,44.1,12.3,48.4,1,19
2026-08-07 20:26:34,0,2,2,12.9,44,12.3,48.2,1,19
2026-08-07 20:31:34,0,2,2,12.8,43.8,12.3,47.9,1,19
2026-08-07 20:36:34,1,2,2,12.8,44.1,12.2,48.3,1,19
2026-08-07 20:41:34,1,2,2,12.8,44.2,12.2,48.3,1,19
2026-08-07 20:46:34,1,2,2,12.7,44.1,12.2,48.2,1,19
2026-08-07 20:51:34,1,2,2,12.8,44.1,12.1,48.2,1,19
2026-08-07 20:56:35,0,1,2,12.7,44.3,12.1,48.4,1,19
2026-08-07 21:01:34,1,1,2,12.7,44.2,12.1,48.5,1,19
2026-08-07 21:06:34,1,2,2,12.7,44.1,12.1,48.3,1,19
2026-08-07 21:11:34,1,1,1,12.7,43.9,12.1,48,1,19
2026-08-07 21:16:34,0,3,3,12.7,44,12.1,48.3,1,19
2026-08-07 21:21:34,0,2,2,12.7,44.1,12.1,48.3,1,19
2026-08-07 21:26:34,0,1,1,12.7,44.2,12.1,48.2,1,19
2026-08-07 21:31:34,0,1,1,12.7,44.2,12.1,48.3,1,19
2026-08-07 21:36:34,0,2,2,12.7,44.1,12.1,48.3,1,19
2026-08-07 21:41:34,0,1,2,12.7,44.2,12.1,48.3,1,19
2026-08-07 21:46:34,0,0,0,12.7,44.2,12.1,48.2,1,19
2026-08-07 21:51:34,0,0,0,12.7,44.1,12.1,48.2,1,19
2026-08-07 21:56:34,0,1,2,12.7,44.2,12.1,48.2,1,19
2026-08-07 22:01:34,0,1,1,12.7,44.2,12,48.2,1,19
2026-08-07 22:06:34,1,1,1,12.7,44.3,12,48.3,1,19
2026-08-07 22:11:34,1,2,2,12.7,44.5,12,48.4,1,19
2026-08-07 22:16:34,0,2,2,12.6,44.3,12,48.4,1,19
2026-08-07 22:21:34,2,5,5,12.7,44.6,12,48.6,1,19
2026-08-07 22:26:34,2,5,5,12.6,44.5,12,48.6,1,19
2026-08-07 22:31:34,3,6,6,12.6,44.6,12,48.6,1,19
2026-08-07 22:36:34,3,6,7,12.6,44.5,12,48.6,1,19
2026-08-07 22:41:34,3,6,7,12.6,44.5,11.9,48.5,1,19
2026-08-07 22:46:34,2,6,6,12.6,44.5,11.9,48.7,1,19
2026-08-07 22:51:34,2,5,5,12.6,44.6,11.9,48.8,1,19
2026-08-07 22:56:34,3,9,9,12.5,44.8,11.8,48.8,1,19
2026-08-07 23:01:34,5,7,7,12.5,44.7,11.8,48.8,1,19
2026-08-07 23:06:34,3,9,9,12.5,44.7,11.8,48.8,1,19
2026-08-07 23:11:34,5,7,7,12.5,44.9,11.8,48.9,1,19
2026-08-07 23:16:34,5,9,9,12.4,44.8,11.7,48.9,1,19
2026-08-07 23:21:34,3,7,7,12.4,44.9,11.7,49,1,19
2026-08-07 23:26:34,5,9,9,12.4,45.1,11.7,49.2,1,19
2026-08-07 23:31:34,6,10,10,12.4,45.1,11.7,49.3,1,19
2026-08-07 23:36:34,6,11,11,12.4,45.1,11.7,49.5,1,19
2026-08-07 23:41:34,5,9,9,12.4,45,11.7,49.4,1,19
2026-08-07 23:46:34,2,6,6,12.4,45.1,11.6,49.4,1,19
2026-08-07 23:51:34,2,3,3,12.3,45.1,11.6,49.4,1,19
2026-08-07 23:56:35,1,3,3,12.4,45.3,11.6,49.5,1,19
2026-08-08 00:01:35,1,5,6,12.4,45.3,11.6,49.6,1,19
2026-08-08 00:06:35,1,5,6,12.3,45.4,11.6,49.7,1,19
2026-08-08 00:11:34,1,3,3,12.3,45.4,11.6,49.7,1,19
2026-08-08 00:16:35,0,1,1,12.3,45.3,11.6,49.6,1,19
2026-08-08 00:21:35,0,1,1,12.3,45.1,11.5,49.6,1,19
2026-08-08 00:26:35,0,0,0,12.3,45,11.5,49.6,1,19
2026-08-08 00:31:35,0,0,0,12.3,45.2,11.5,49.5,1,19
2026-08-08 00:36:35,0,0,0,12.2,45.1,11.5,49.5,1,19
2026-08-08 00:41:34,0,0,0,12.2,45.2,11.4,49.6,1,19
2026-08-08 00:46:35,0,0,0,12.2,45.3,11.4,49.6,1,19
2026-08-08 00:51:35,0,0,0,12.2,45.2,11.4,49.7,1,19
2026-08-08 00:56:35,0,1,1,12.2,45.4,11.4,49.8,1,19
2026-08-08 01:01:34,0,1,1,12.1,45.7,11.4,50.1,1,19
2026-08-08 01:06:35,0,0,0,12.2,45.6,11.3,50,1,19
2026-08-08 01:11:34,0,1,1,12.2,45.6,11.3,50,1,19
2026-08-08 01:16:35,0,1,1,12.2,45.5,11.3,50.1,1,19
2026-08-08 01:21:34,0,1,1,12.1,45.5,11.2,50,1,19
2026-08-08 01:26:35,0,0,0,12.1,45.4,11.2,50,1,19
2026-08-08 01:31:35,0,0,0,12.1,45.4,11.2,49.9,1,19
2026-08-08 01:36:34,0,0,0,12,45.4,11.1,50,1,19
2026-08-08 01:41:35,0,0,0,12,45.4,11.1,50,1,19
2026-08-08 01:46:34,0,0,0,12,45.5,11.1,50.2,1,19
2026-08-08 01:51:35,0,0,0,12,45.9,11.1,50.5,1,19
2026-08-08 01:56:35,0,0,0,12,46,11.1,50.5,1,19
2026-08-08 02:01:34,0,0,0,12,45.8,11,50.4,1,19
2026-08-08 02:06:35,0,0,0,12,45.6,11,50.3,1,19
2026-08-08 02:11:35,0,1,1,12,45.6,11,50.3,1,19
2026-08-08 02:16:35,0,0,0,11.9,45.7,11,50.4,1,19
2026-08-08 02:21:35,0,0,0,11.9,45.9,10.9,50.5,1,19
2026-08-08 02:26:35,0,1,1,11.9,46,10.9,50.7,1,19
2026-08-08 02:31:34,0,0,0,11.9,46.2,10.9,51,1,19
2026-08-08 02:36:35,0,1,1,11.8,46,10.9,50.8,1,19
2026-08-08 02:41:35,0,1,1,11.8,46,10.9,50.7,1,19
2026-08-08 02:46:35,0,1,1,11.8,46.5,10.9,51.1,1,19
2026-08-08 02:51:35,0,2,2,11.8,46.5,10.8,51.2,1,19
2026-08-08 02:56:35,0,1,1,11.8,46.2,10.8,50.9,1,19
2026-08-08 03:01:35,0,1,1,11.8,46.2,10.8,50.9,1,19
2026-08-08 03:06:35,0,0,0,11.8,46.3,10.8,51,1,19
2026-08-08 03:11:35,0,1,1,11.7,46.6,10.8,51.2,1,19
2026-08-08 03:16:35,0,1,1,11.7,46.7,10.8,51.4,1,19
2026-08-08 03:21:35,0,2,2,11.8,46.7,10.8,51.2,1,19
2026-08-08 03:26:35,2,4,4,11.8,46.4,10.8,51.1,1,19
2026-08-08 03:31:35,2,3,3,11.8,46.3,10.8,51.1,1,19
2026-08-08 03:36:35,1,2,2,11.8,46.4,10.8,51,1,19
2026-08-08 03:41:35,0,1,1,11.8,46.5,10.8,51.3,1,19
2026-08-08 03:46:35,0,4,4,11.8,46.4,10.7,51.1,1,19
2026-08-08 03:51:35,0,1,1,11.7,46.4,10.7,51.2,1,19
2026-08-08 03:56:35,0,1,2,11.7,46.4,10.7,51.3,1,19
2026-08-08 04:01:35,0,0,0,11.7,46.7,10.7,51.3,1,19
2026-08-08 04:06:35,0,0,0,11.7,46.7,10.7,51.5,1,19
2026-08-08 04:11:35,0,2,2,11.7,46.6,10.7,51.4,1,19
2026-08-08 04:16:35,0,1,1,11.7,46.8,10.8,51.4,1,19
2026-08-08 04:21:35,0,1,1,11.7,46.8,10.8,51.4,1,19
2026-08-08 04:26:35,0,0,0,11.7,46.9,10.8,51.4,1,19
2026-08-08 04:31:35,0,1,1,11.7,46.9,10.8,51.5,1,19
2026-08-08 04:36:35,0,1,1,11.7,46.9,10.8,51.4,1,19
2026-08-08 04:41:35,0,0,0,11.7,46.8,10.8,51.4,1,19
2026-08-08 04:46:35,0,1,1,11.7,46.8,10.8,51.2,1,19
2026-08-08 04:51:35,0,0,0,11.7,46.9,10.8,51.3,1,19
2026-08-08 04:56:35,0,0,0,11.7,46.9,10.8,51.2,1,19
2026-08-08 05:01:35,0,0,0,11.7,46.4,10.8,50.9,1,19
2026-08-08 05:06:35,0,0,0,11.7,45.9,10.8,50.6,1,19
2026-08-08 05:11:35,0,0,0,11.7,45.8,10.8,50.5,1,19
2026-08-08 05:16:35,0,0,0,11.7,45.8,10.8,50.6,1,19
2026-08-08 05:21:35,0,0,0,11.7,45.8,10.8,50.6,1,19
2026-08-08 05:26:35,0,1,1,11.7,46,10.8,50.8,1,19
2026-08-08 05:31:35,1,5,5,11.7,46.4,10.8,51.3,1,19
2026-08-08 05:36:35,1,5,5,11.7,47.1,10.8,51.5,1,19
2026-08-08 05:41:35,1,5,5,11.7,47.1,10.8,51.6,1,19
2026-08-08 05:46:35,2,5,5,11.7,47.2,10.7,51.6,1,19
2026-08-08 05:51:35,0,1,1,11.7,47,10.7,51.6,1,19
2026-08-08 05:56:35,0,1,1,11.6,46.8,10.7,51.4,1,19
2026-08-08 06:01:36,0,0,0,11.6,47,10.7,51.4,1,19
2026-08-08 06:06:35,0,0,0,11.6,46.8,10.6,51.3,1,19
2026-08-08 06:11:35,0,0,0,11.6,46.6,10.6,51.3,1,19
2026-08-08 06:16:35,0,0,0,11.6,46.6,10.6,51.4,1,19
2026-08-08 06:21:35,0,0,0,11.6,46.8,10.6,51.4,1,19
2026-08-08 06:26:35,0,0,0,11.5,47,10.6,51.5,1,19
2026-08-08 06:31:35,0,0,0,11.5,47.1,10.5,51.6,1,19
2026-08-08 06:36:35,0,0,0,11.5,47.1,10.5,51.8,1,19
2026-08-08 06:41:35,0,0,0,11.5,47.3,10.5,52,1,19
2026-08-08 06:46:35,0,0,0,11.5,47.3,10.5,51.9,1,19
2026-08-08 06:51:36,0,0,0,11.4,47.1,10.4,51.8,1,19
2026-08-08 06:56:36,0,0,0,11.4,47.2,10.4,51.8,1,19
2026-08-08 07:01:35,0,0,0,11.4,47.3,10.4,51.9,1,19
2026-08-08 07:06:35,0,0,0,11.4,47.2,10.4,51.7,1,19
2026-08-08 07:11:36,0,0,0,11.4,47.1,10.4,51.7,1,19
2026-08-08 07:16:35,0,0,0,11.4,47.3,10.3,51.7,1,19
2026-08-08 07:21:36,0,0,0,11.4,47.1,10.3,51.8,1,19
2026-08-08 07:26:36,0,0,0,11.3,47.2,10.3,51.8,1,19
2026-08-08 07:31:35,0,0,0,11.3,47.2,10.3,51.9,1,19
2026-08-08 07:36:36,0,0,0,11.3,47.3,10.3,51.9,1,19
2026-08-08 07:41:36,0,0,0,11.3,47.1,10.3,51.9,1,19
2026-08-08 07:46:36,0,0,0,11.3,47.4,10.2,52,1,19
2026-08-08 07:51:36,0,0,0,11.3,47.3,10.2,52.1,1,19
2026-08-08 07:56:36,0,0,0,11.2,47.6,10.2,52.1,1,19
2026-08-08 08:01:35,0,0,0,11.2,47.4,10.2,52.1,1,19
2026-08-08 08:06:36,0,0,0,11.2,47.5,10.1,52.2,1,19
2026-08-08 08:11:35,0,0,0,11.2,47.7,10.1,52.3,1,19
2026-08-08 08:16:36,0,0,0,11.2,47.7,10.1,52.3,1,19
2026-08-08 08:21:36,0,0,0,11.2,47.8,10.1,52.4,1,19
2026-08-08 08:26:35,0,1,1,11.1,47.9,10.1,52.6,1,19
2026-08-08 08:31:36,0,0,0,11.1,48.1,10.1,52.7,1,19
2026-08-08 08:36:36,0,0,0,11.2,48,10.1,52.6,1,19
2026-08-08 08:41:36,0,0,0,11.2,48.1,10.1,52.8,1,19
2026-08-08 08:46:36,0,0,0,11.2,48.2,10.1,52.9,1,19
2026-08-08 08:51:36,0,0,0,11.2,48.2,10.2,52.8,1,19
2026-08-08 08:56:36,0,0,0,11.2,48.2,10.2,52.8,1,19
2026-08-08 09:01:35,0,0,0,11.3,48.2,10.3,52.8,1,19
2026-08-08 09:06:36,0,0,0,11.3,48.1,10.4,52.7,1,19
2026-08-08 09:11:36,0,0,0,11.4,48.2,10.4,52.6,1,19
2026-08-08 09:16:36,0,0,0,11.4,47.9,10.5,52.3,1,19
2026-08-08 09:21:36,0,0,0,11.4,47.6,10.5,52.1,1,19
2026-08-08 09:26:36,0,0,0,11.5,47.4,10.6,51.8,1,19
2026-08-08 09:31:36,0,0,0,11.5,47.4,10.6,51.8,1,19
2026-08-08 09:36:36,0,0,0,11.5,47.3,10.6,51.8,1,19
2026-08-08 09:41:36,0,0,0,11.6,47.3,10.6,51.9,1,19
2026-08-08 09:46:36,0,0,0,11.6,47.6,10.7,51.9,1,19
2026-08-08 09:51:36,0,0,0,11.6,47.4,10.7,51.8,1,19
2026-08-08 09:56:35,0,1,1,11.6,47.4,10.8,51.9,1,19
2026-08-08 10:01:36,0,1,1,11.7,47.4,10.8,51.8,1,19
2026-08-08 10:06:36,0,0,0,11.8,47.4,11,51.7,1,19
2026-08-08 10:11:36,0,0,0,11.9,47,11.2,51.3,1,19
2026-08-08 10:16:36,0,0,1,12,46.9,11.3,51,1,19
2026-08-08 10:21:36,0,0,0,12.1,46.3,11.4,50.8,1,19
2026-08-08 10:26:36,0,0,0,12.2,46,11.6,50.4,1,19
2026-08-08 10:31:36,0,1,1,12.3,45.9,11.6,50.2,1,19
2026-08-08 10:36:36,0,0,1,12.3,45.5,11.7,49.9,1,19
2026-08-08 10:41:36,0,1,1,12.4,45.8,11.8,49.7,1,19
2026-08-08 10:46:36,0,0,0,12.5,45.9,11.9,49.9,1,19
2026-08-08 10:51:36,0,2,2,12.6,45.4,12.1,49.2,1,19
2026-08-08 10:56:36,0,0,0,12.7,45,12.3,48.6,1,19
2026-08-08 11:01:36,0,2,2,12.9,44.9,12.6,48.2,1,19
2026-08-08 11:06:36,0,1,2,13.1,44.4,12.8,47.3,1,19
2026-08-08 11:11:48,1,6,6,13.3,44.3,13.1,47.6,1,19
2026-08-08 11:16:36,0,2,2,13.6,43.9,13.5,47,1,19
2026-08-08 11:21:36,0,0,1,13.8,44,13.8,47.1,1,19
2026-08-08 11:26:36,0,1,1,14,43.6,13.9,46.7,1,19
2026-08-08 11:31:36,0,1,1,14.2,43.1,14,46,1,19
2026-08-08 11:36:36,0,1,2,14.2,42.5,14.1,45.7,1,19
2026-08-08 11:41:36,0,3,3,14.2,42,14.1,44.6,1,19
2026-08-08 11:46:36,0,2,2,14.2,41.8,14,44.8,1,19
2026-08-08 11:51:36,0,2,2,14.2,41.1,13.9,44.3,1,19
2026-08-08 11:56:36,0,3,3,14.1,41.3,13.9,44.5,1,19
2026-08-08 12:01:36,0,0,0,14.1,41.4,13.8,44.4,1,19
2026-08-08 12:06:36,1,2,3,14.1,41.1,13.9,44.3,1,19
2026-08-08 12:11:36,1,2,2,14.2,40.9,14,44.2,1,19
2026-08-08 12:16:36,0,2,2,14.3,40.9,14.1,44.1,1,19
2026-08-08 12:21:36,0,2,2,14.3,40.5,14.2,43.6,1,19
2026-08-08 12:26:36,0,3,3,14.4,40.9,14.2,43.8,1,19
2026-08-08 12:31:36,0,2,2,14.4,40.4,14.2,43.7,1,19
2026-08-08 12:36:37,0,3,3,14.4,40.4,14.2,43.5,1,19
2026-08-08 12:41:36,0,4,4,14.3,40.2,14.1,43.5,1,19
2026-08-08 12:46:37,0,2,3,14.4,40.3,14.2,43.4,1,19
2026-08-08 12:51:36,0,2,2,14.4,40,14.3,42.6,1,19
2026-08-08 12:56:36,0,2,2,14.5,40,14.4,43.3,1,19
2026-08-08 13:01:36,0,4,4,14.5,39.6,14.5,42.3,1,19
2026-08-08 13:06:36,0,2,2,14.6,39.3,14.6,42.4,1,19
2026-08-08 13:11:37,1,3,3,14.7,38.5,14.8,42.3,1,19
2026-08-08 13:16:36,0,4,4,14.9,38.8,15,41.5,1,19
2026-08-08 13:21:37,0,3,3,15,38.5,15.2,40.5,1,19
2026-08-08 13:26:36,0,3,3,15.2,37.9,15.4,40.5,1,19
2026-08-08 13:31:36,1,3,3,15.3,37.2,15.6,39.2,1,19
2026-08-08 13:36:37,0,3,3,15.5,36.6,15.8,39.2,1,19
2026-08-08 13:41:36,1,7,7,15.6,36.7,15.9,38.7,1,19
2026-08-08 13:46:37,2,6,6,15.7,36.9,16,38.8,1,19
2026-08-08 13:51:37,2,4,4,15.7,36.7,16,39.1,1,19
2026-08-08 13:56:36,1,4,6,15.8,36.6,16.1,38.8,1,19
2026-08-08 14:01:37,1,4,4,15.8,36.4,16.1,38.4,1,19
2026-08-08 14:06:36,1,4,4,15.8,36.3,16.1,38.6,1,19
2026-08-08 14:11:37,2,4,4,15.8,36.4,16.1,38.8,1,19
2026-08-08 14:16:37,2,3,3,15.8,36.3,16.1,38.8,1,19
2026-08-08 14:21:37,3,7,7,15.8,36.3,16.1,38.4,1,19
2026-08-08 14:26:37,1,4,4,15.8,36.1,16,38.5,1,19
2026-08-08 14:31:37,1,7,7,15.8,35.9,16,38.4,1,19
2026-08-08 14:36:37,2,6,6,15.7,35.9,15.9,37.9,1,19
2026-08-08 14:41:36,2,4,4,15.7,35.9,15.9,38.3,1,19
2026-08-08 14:46:37,2,5,5,15.6,35.7,15.8,38.3,1,19
2026-08-08 14:51:37,2,4,4,15.6,35.8,15.8,38.4,1,19
2026-08-08 14:56:36,2,5,5,15.6,35.5,15.8,38.5,1,19
2026-08-08 15:01:37,2,3,3,15.6,35.6,15.7,38.2,1,19
2026-08-08 15:06:37,2,8,8,15.6,35.7,15.7,38.1,1,19
2026-08-08 15:11:37,2,4,4,15.5,35.7,15.6,38.3,1,19
2026-08-08 15:16:37,1,6,6,15.5,35.6,15.6,38.3,1,19
2026-08-08 15:21:37,3,7,7,15.5,35.6,15.5,38.3,1,19
2026-08-08 15:26:37,3,6,7,15.4,35.7,15.5,38.4,1,19
2026-08-08 15:31:37,3,8,8,15.4,35.8,15.4,38.3,1,19
2026-08-08 15:36:37,3,6,7,15.4,35.8,15.4,38.5,1,19
2026-08-08 15:41:37,3,7,7,15.4,35.8,15.4,38.3,1,19
2026-08-08 15:46:37,3,6,6,15.4,35.9,15.4,38.4,1,19
2026-08-08 15:51:37,4,7,7,15.3,35.9,15.3,38.4,1,19
2026-08-08 15:56:37,3,6,6,15.3,35.5,15.3,38.3,1,19
2026-08-08 16:01:37,2,4,6,15.3,35.7,15.2,38.6,1,19
2026-08-08 16:06:37,4,7,7,15.2,35.8,15.1,38.3,1,19
2026-08-08 16:11:37,3,6,6,15.1,35.8,15.1,38.4,1,19
2026-08-08 16:16:37,3,7,7,15.1,36,15,38.4,1,19
2026-08-08 16:21:37,3,8,9,15.1,36,15,38.3,1,19
2026-08-08 16:26:37,4,6,8,15,36.1,14.9,38.5,1,19
2026-08-08 16:31:37,3,6,6,15,36.1,14.9,38.5,1,19
2026-08-08 16:36:37,3,7,7,15,36,14.9,38.6,1,19
2026-08-08 16:41:37,2,8,8,14.9,36,14.8,38.7,1,19
2026-08-08 16:46:37,2,9,9,14.9,36.3,14.8,38.8,1,19
2026-08-08 16:51:37,4,8,8,14.9,36.1,14.8,38.5,1,19
2026-08-08 16:56:37,3,6,7,14.9,36.3,14.7,38.7,1,19
2026-08-08 17:01:37,4,9,9,14.8,36.3,14.7,38.7,1,19
2026-08-08 17:06:37,4,8,8,14.8,36.4,14.6,38.9,1,19
2026-08-08 17:11:40,3,8,8,14.8,36.5,14.5,38.8,1,19
2026-08-08 17:16:37,3,8,9,14.7,36.4,14.4,38.9,1,19
2026-08-08 17:21:37,4,7,7,14.6,36.3,14.4,38.9,1,19
2026-08-08 17:26:37,6,8,8,14.6,36.5,14.3,39.2,1,19
2026-08-08 17:31:37,4,9,9,14.5,36.7,14.2,39.3,1,19
2026-08-08 17:36:37,6,10,10,14.5,36.9,14.2,39.5,1,19
2026-08-08 17:41:37,3,8,9,14.4,37.1,14.1,39.6,1,19
2026-08-08 17:46:37,4,8,9,14.4,37,14.1,39.8,1,19
2026-08-08 17:51:37,7,9,9,14.3,37.2,14,39.9,1,19
2026-08-08 17:56:38,4,9,9,14.3,37.3,13.9,39.9,1,19
2026-08-08 18:01:37,6,8,10,14.3,37.4,13.9,40.1,1,19
2026-08-08 18:06:37,6,8,8,14.2,37.6,13.8,40.2,1,19
2026-08-08 18:11:37,6,8,8,14.2,37.7,13.8,40.4,1,19
2026-08-08 18:16:39,4,7,7,14.1,38,13.7,40.7,1,19
2026-08-08 18:21:37,2,6,6,14.1,38.2,13.6,40.9,1,19
2026-08-08 18:26:37,1,6,6,14,38.2,13.6,41,1,19
2026-08-08 18:31:38,2,3,3,14,38.3,13.5,41.2,1,19
2026-08-08 18:36:38,1,5,5,13.9,38.6,13.4,41.4,1,19
2026-08-08 18:41:38,1,3,3,13.9,38.8,13.4,41.5,1,19
2026-08-08 18:46:37,1,2,3,13.8,39.1,13.3,41.7,1,19
2026-08-08 18:51:37,1,3,3,13.7,39.2,13.2,42,1,19
2026-08-08 18:56:37,1,3,3,13.7,39.7,13.1,42.2,1,19
2026-08-08 19:01:38,0,1,1,13.5,39.8,13,42.5,1,19
2026-08-08 19:06:37,0,1,1,13.5,40.1,12.9,42.7,1,19
2026-08-08 19:11:38,0,2,2,13.4,40.3,12.9,42.9,1,19
2026-08-08 19:16:37,0,1,1,13.3,40.6,12.8,43.2,1,19
2026-08-08 19:21:38,0,1,1,13.2,40.7,12.7,43.4,1,19
2026-08-08 19:26:37,0,2,3,13.1,40.8,12.6,43.7,1,19
2026-08-08 19:31:38,0,2,2,13.1,40.9,12.5,43.8,1,19
2026-08-08 19:36:38,0,1,1,13,41.2,12.4,44,1,19
2026-08-08 19:41:38,0,1,1,12.9,41.1,12.4,44.1,1,19
2026-08-08 19:46:38,0,1,1,12.9,41.3,12.3,44.2,1,19
2026-08-08 19:51:38,0,1,1,12.8,41.4,12.2,44.2,1,19
2026-08-08 19:56:37,0,2,2,12.8,41.5,12.2,44.3,1,19
2026-08-08 20:01:38,0,0,0,12.7,41.5,12.1,44.5,1,19
2026-08-08 20:06:38,0,0,0,12.7,41.8,12.1,44.7,1,19
2026-08-08 20:11:38,0,1,1,12.7,42,12,45,1,19
2026-08-08 20:16:38,0,0,0,12.7,42.1,12,45.2,1,19
2026-08-08 20:21:37,0,1,2,12.6,42,11.9,44.9,1,19
2026-08-08 20:26:38,0,5,5,12.6,41.8,11.8,45.1,1,19
2026-08-08 20:31:38,0,0,0,12.5,41.9,11.8,45,1,19
2026-08-08 20:36:38,0,0,0,12.5,41.8,11.7,44.8,1,19
2026-08-08 20:41:38,0,0,0,12.4,41.6,11.6,44.7,1,19
2026-08-08 20:46:38,0,2,2,12.4,41.2,11.5,44.7,1,19
2026-08-08 20:51:38,0,2,2,12.3,41.4,11.5,44.9,1,19
2026-08-08 20:56:38,1,2,2,12.3,41.8,11.4,45.3,1,19
2026-08-08 21:01:38,0,1,1,12.2,41.6,11.4,45,1,19
2026-08-08 21:06:38,0,1,1,12.2,41.5,11.3,45,1,19
2026-08-08 21:11:38,0,1,1,12.1,41.5,11.3,44.9,1,19
2026-08-08 21:16:38,0,0,0,12.2,41.3,11.3,44.8,1,19
2026-08-08 21:21:38,0,1,1,12.1,41.4,11.3,44.9,1,19
2026-08-08 21:26:38,0,1,1,12.1,41.2,11.2,44.6,1,19
2026-08-08 21:31:38,0,2,2,12.1,41.4,11.2,44.8,1,19
2026-08-08 21:36:38,0,3,3,12.1,41.2,11.2,44.7,1,19
2026-08-08 21:41:38,0,2,2,12,41.3,11.2,44.8,1,19
2026-08-08 21:46:38,0,2,2,12,41.4,11.2,44.9,1,19
2026-08-08 21:51:38,0,2,2,12,41.4,11.1,44.8,1,19
2026-08-08 21:56:38,0,1,1,12,41.3,11.1,44.7,1,19
2026-08-08 22:01:38,0,0,0,12,41.2,11.1,44.8,1,19
2026-08-08 22:06:38,0,2,2,12,41.3,11.1,44.8,1,19
2026-08-08 22:11:38,0,2,2,12,41.1,11,44.8,1,19
2026-08-08 22:16:38,0,1,2,12,41.1,11,44.7,1,19
2026-08-08 22:21:38,0,2,2,12,41.2,11,44.9,1,19
2026-08-08 22:26:38,0,2,3,12,41.5,11,45,1,19
2026-08-08 22:31:38,1,1,1,12,41.4,11,45,1,19
2026-08-08 22:36:38,0,3,3,11.9,41.2,11,44.9,1,19
2026-08-08 22:41:38,0,0,0,11.9,41.3,11,44.9,1,19
2026-08-08 22:46:38,0,1,1,11.9,41.3,11,45.1,1,19
2026-08-08 22:51:38,0,1,1,11.9,41.8,11,45.2,1,19
2026-08-08 22:56:38,0,0,0,11.9,41.6,11,45.1,1,19
2026-08-08 23:01:38,0,1,1,11.9,41.4,11,45,1,19
2026-08-08 23:06:38,0,1,1,11.9,41.4,11,44.9,1,19
2026-08-08 23:11:38,0,2,2,11.9,41.3,11,44.9,1,19
2026-08-08 23:16:38,0,1,1,11.9,41.3,11,44.8,1,19
2026-08-08 23:21:38,0,0,1,11.9,41.3,11,44.8,1,19
2026-08-08 23:26:38,0,1,1,11.9,41.2,11,44.7,1,19
2026-08-08 23:31:38,0,2,2,11.9,41.1,11,44.7,1,19
2026-08-08 23:36:38,0,1,1,11.9,41.3,11,44.9,1,19
2026-08-08 23:41:38,0,1,1,11.9,41.4,11,44.9,1,19
2026-08-08 23:46:38,0,1,1,11.9,41.2,11,44.8,1,19
2026-08-08 23:51:38,0,0,0,11.9,41.3,11,44.8,1,19
2026-08-08 23:56:38,0,1,1,11.9,41.3,11,44.8,1,19
2026-08-09 00:01:38,0,2,2,11.9,41.4,11,44.9,1,19
2026-08-09 00:06:38,0,1,1,11.8,41.6,11,45.2,1,19
2026-08-09 00:11:38,1,1,1,11.9,42,10.9,45.6,1,19
2026-08-09 00:16:38,0,2,2,11.8,42.1,10.9,45.6,1,19
2026-08-09 00:21:38,0,0,0,11.8,42.5,10.9,46,1,19
2026-08-09 00:26:38,0,1,2,11.8,42.6,10.9,46.1,1,19
2026-08-09 00:31:39,0,2,3,11.8,42.9,10.9,46.5,1,19
2026-08-09 00:36:38,0,2,2,11.8,42.6,10.9,46,1,19
2026-08-09 00:41:39,0,2,2,11.8,42.6,10.9,46.2,1,19
2026-08-09 00:46:38,0,3,3,11.8,42.9,10.8,46.3,1,19
2026-08-09 00:51:38,0,2,2,11.8,42.7,10.8,46.4,1,19
2026-08-09 00:56:38,0,2,2,11.8,42.9,10.8,46.5,1,19
2026-08-09 01:01:39,0,2,2,11.7,42.5,10.7,46.4,1,19
2026-08-09 01:06:38,1,4,4,11.7,42.5,10.6,46.3,1,19
2026-08-09 01:11:39,1,3,3,11.7,42.5,10.6,46.6,1,19
2026-08-09 01:16:38,1,3,3,11.6,42.6,10.5,46.4,1,19
2026-08-09 01:21:39,1,5,5,11.6,42.6,10.5,46.9,1,19
2026-08-09 01:26:38,1,4,4,11.5,42.9,10.4,46.8,1,19
2026-08-09 01:31:38,1,5,5,11.4,42.9,10.3,46.8,1,19
2026-08-09 01:36:39,1,2,2,11.4,43,10.3,46.8,1,19
2026-08-09 01:41:38,1,2,2,11.3,42.9,10.2,46.8,1,19
2026-08-09 01:46:39,1,4,4,11.3,43,10.1,47.1,1,19
2026-08-09 01:51:39,1,2,4,11.2,43.1,10.1,47.3,1,19
2026-08-09 01:56:39,2,5,5,11.2,43.2,10,47.3,1,19
2026-08-09 02:01:38,1,4,4,11.1,43.3,9.9,47.5,1,19
2026-08-09 02:06:39,1,6,8,11.1,43.3,9.9,47.5,1,19
2026-08-09 02:11:39,1,5,5,11,43.4,9.8,47.6,1,19
2026-08-09 02:16:39,1,6,6,11,43.4,9.8,47.6,1,19
2026-08-09 02:21:39,2,6,6,11,43.5,9.7,47.7,1,19
2026-08-09 02:26:39,1,4,4,10.9,43.6,9.7,47.7,1,19
2026-08-09 02:31:39,2,6,6,10.9,43.6,9.6,48,1,19
2026-08-09 02:36:39,1,2,4,10.9,43.4,9.6,47.6,1,19
2026-08-09 02:41:39,1,4,5,10.9,43.6,9.5,47.9,1,19
2026-08-09 02:46:39,4,8,8,10.8,43.6,9.5,47.8,1,19
2026-08-09 02:51:39,1,5,5,10.8,43.7,9.4,48.2,1,19
2026-08-09 02:56:39,1,2,4,10.8,43.7,9.4,48.2,1,19
2026-08-09 03:01:39,2,4,4,10.8,43.5,9.3,48.1,1,19
2026-08-09 03:06:39,1,5,5,10.7,43.9,9.3,48.3,1,19
2026-08-09 03:11:39,2,4,4,10.6,43.6,9.2,48.3,1,19
2026-08-09 03:16:39,4,6,8,10.6,43.9,9.1,48.4,1,19
2026-08-09 03:21:39,2,5,5,10.5,43.8,9.1,48.4,1,19
2026-08-09 03:26:39,4,8,8,10.5,43.7,9,48.3,1,19
2026-08-09 03:31:39,1,6,6,10.4,43.8,9,48.4,1,19
2026-08-09 03:36:39,4,5,6,10.3,43.9,8.9,48.4,1,19
2026-08-09 03:41:39,1,5,6,10.3,44,8.9,48.6,1,19
2026-08-09 03:46:39,4,6,6,10.3,44,8.8,48.5,1,19
2026-08-09 03:51:39,2,5,5,10.2,44,8.8,48.6,1,19
2026-08-09 03:56:39,2,8,8,10.2,43.9,8.7,48.7,1,19
2026-08-09 04:01:39,2,5,5,10.2,44.3,8.7,48.9,1,19
2026-08-09 04:06:39,2,4,4,10.1,44,8.6,49,1,19
2026-08-09 04:11:39,4,6,6,10.1,44.1,8.6,49.1,1,19
2026-08-09 04:16:39,4,5,7,10,44.1,8.5,49,1,19
2026-08-09 04:21:39,4,4,6,10,44.2,8.5,49.2,1,19
2026-08-09 04:26:39,5,6,6,10,44.2,8.5,49.4,1,19
2026-08-09 04:31:39,1,5,5,10,44.5,8.4,49.5,1,19
2026-08-09 04:36:39,4,6,8,10,44.5,8.4,49.8,1,19
2026-08-09 04:41:39,1,6,8,10,44.5,8.4,49.7,1,19
2026-08-09 04:46:39,1,4,4,9.9,44.7,8.3,50.1,1,19
2026-08-09 04:51:39,2,5,5,9.9,45,8.3,50.2,1,19
2026-08-09 04:56:39,1,5,6,9.9,45.3,8.3,50.9,1,19
2026-08-09 05:01:39,2,8,8,9.9,45,8.2,50.3,1,19
2026-08-09 05:06:39,4,5,5,9.9,45,8.2,50.3,1,19
2026-08-09 05:11:39,4,6,6,9.8,44.7,8.2,50,1,19
2026-08-09 05:16:39,2,8,8,9.8,44.7,8.2,50.2,1,19
2026-08-09 05:21:39,5,8,11,9.8,44.7,8.1,50.2,1,19
2026-08-09 05:26:39,2,6,6,9.8,44.8,8.1,50.2,1,19
2026-08-09 05:31:39,5,11,11,9.8,44.8,8.1,50.2,1,19
2026-08-09 05:36:39,4,8,8,9.8,44.8,8.1,50.6,1,19
2026-08-09 05:41:39,4,8,8,9.7,45.1,8.1,50.6,1,19
2026-08-09 05:46:39,4,8,9,9.7,44.9,8,50.4,1,19
2026-08-09 05:51:39,4,11,11,9.7,44.9,8,50.3,1,19
2026-08-09 05:56:39,5,9,9,9.7,45,8,50.8,1,19
2026-08-09 06:01:39,4,9,9,9.6,44.8,8,50.4,1,19
2026-08-09 06:06:39,5,12,12,9.6,45,7.9,50.6,1,19
2026-08-09 06:11:39,4,9,9,9.6,45.1,7.9,50.6,1,19
2026-08-09 06:16:39,5,9,11,9.6,45.2,7.9,50.7,1,19
2026-08-09 06:21:39,5,11,11,9.6,45.4,7.9,50.8,1,19
2026-08-09 06:26:39,7,11,12,9.6,45.3,7.8,50.7,1,19
2026-08-09 06:31:39,5,9,9,9.5,45.3,7.8,50.8,1,19
2026-08-09 06:36:39,5,8,8,9.5,45.3,7.8,50.8,1,19
2026-08-09 06:41:39,5,9,9,9.5,45.2,7.8,50.6,1,19
2026-08-09 06:46:39,5,9,9,9.5,45.3,7.8,51.1,1,19
2026-08-09 06:51:39,4,11,12,9.5,45.1,7.8,50.6,1,19
2026-08-09 06:56:39,5,11,11,9.5,45.2,7.8,50.8,1,19
2026-08-09 07:01:39,7,12,12,9.5,45.2,7.8,50.6,1,19
2026-08-09 07:06:40,5,9,9,9.5,45,7.8,50.4,1,19
2026-08-09 07:11:39,5,12,12,9.5,45,7.8,50.4,1,19
2026-08-09 07:16:40,5,11,11,9.5,44.9,7.8,50.6,1,19
2026-08-09 07:21:39,5,9,11,9.5,45.1,7.7,50.7,1,19
2026-08-09 07:26:39,7,11,12,9.5,45.2,7.8,50.9,1,19
2026-08-09 07:31:39,7,11,12,9.5,45.2,7.8,50.6,1,19
2026-08-09 07:36:39,4,8,9,9.5,44.9,7.8,50.5,1,19
2026-08-09 07:41:39,4,9,9,9.5,44.9,7.8,50.5,1,19
2026-08-09 07:46:39,5,8,9,9.5,45,7.7,51,1,19
2026-08-09 07:51:39,5,9,11,9.5,45.2,7.7,50.8,1,19
2026-08-09 07:56:40,4,8,9,9.5,45.2,7.7,51,1,19
2026-08-09 08:01:39,5,11,11,9.5,45.2,7.7,50.9,1,19
2026-08-09 08:06:39,5,12,12,9.4,45.3,7.7,50.9,1,19
2026-08-09 08:11:40,5,11,11,9.4,45.2,7.7,50.9,1,19
2026-08-09 08:16:40,5,11,15,9.4,45.3,7.7,51.1,1,19
2026-08-09 08:21:39,5,9,9,9.4,45.6,7.7,51.4,1,19
2026-08-09 08:26:39,5,12,12,9.4,46,7.7,51.6,1,19
2026-08-09 08:31:39,7,11,11,9.4,46.4,7.7,52,1,19
2026-08-09 08:36:39,8,15,18,9.4,46.8,7.7,52.2,1,19
2026-08-09 08:41:40,5,9,11,9.4,45.8,7.8,51.2,1,19
2026-08-09 08:46:39,2,9,9,9.4,45.4,7.8,50.7,1,19
2026-08-09 08:51:39,5,12,12,9.4,45.5,7.8,51.2,1,19
2026-08-09 08:56:40,7,12,12,9.5,46.2,7.8,51.6,1,19
2026-08-09 09:01:39,7,12,12,9.5,46.6,7.9,51.8,1,19
2026-08-09 09:06:39,5,11,11,9.6,46.1,8,51.2,1,19
2026-08-09 09:11:39,5,11,11,9.6,45.4,8.1,50.7,1,19
2026-08-09 09:16:39,4,11,11,9.7,45.6,8.2,50.7,1,19
2026-08-09 09:21:39,7,12,12,9.8,45.7,8.3,50.8,1,19
2026-08-09 09:26:39,5,11,12,9.9,45.7,8.5,50.5,1,19
2026-08-09 09:31:39,5,8,9,10,45.8,8.7,50.5,1,19
2026-08-09 09:36:39,5,12,12,10.1,45.9,9,50.4,1,19
2026-08-09 09:41:39,8,12,12,10.3,45.8,9.2,50.1,1,19
2026-08-09 09:46:40,5,9,9,10.5,46,9.5,50,1,19
2026-08-09 09:51:40,6,10,10,10.7,45.8,9.8,49.8,1,19
2026-08-09 09:56:40,8,12,14,10.9,45.7,10,49.5,1,19
2026-08-09 10:01:39,9,14,17,11.1,45.5,10.3,49.3,1,19
2026-08-09 10:06:40,8,14,16,11.3,45.4,10.6,49.1,1,19
2026-08-09 10:11:40,7,17,19,11.5,45.2,10.9,48.7,1,19
2026-08-09 10:16:40,10,19,20,11.7,44.9,11.2,48.2,1,19
2026-08-09 10:21:40,9,18,19,11.9,44.4,11.3,47.8,1,19
2026-08-09 10:26:40,11,19,22,12,44.6,11.5,47.7,1,19
2026-08-09 10:31:40,9,19,20,12.2,44.2,11.8,47.4,1,19
2026-08-09 10:36:40,14,21,23,12.4,44,12,47.1,1,19
2026-08-09 10:41:40,10,23,23,12.5,43.9,12.2,46.9,1,19
2026-08-09 10:46:40,10,20,21,12.7,43.5,12.4,46.2,1,19
2026-08-09 10:51:40,14,25,25,12.8,43.2,12.6,45.9,1,19
2026-08-09 10:56:40,10,24,24,13,43.1,12.8,45.8,1,19
2026-08-09 11:01:40,11,25,27,13.1,43,12.9,45.7,1,19
2026-08-09 11:06:40,10,24,24,13.3,42.8,13.1,45.2,1,19
2026-08-09 11:11:40,10,25,27,13.6,42.4,13.4,44.8,1,19
2026-08-09 11:16:40,13,27,29,13.7,42,13.5,44.5,1,19
2026-08-09 11:21:39,13,25,25,13.8,41.9,13.7,44.4,1,19
2026-08-09 11:26:40,13,25,25,13.9,41.6,13.8,43.9,1,19
2026-08-09 11:31:40,9,24,24,14.1,41.3,14,43.5,1,19
2026-08-09 11:36:39,7,22,23,14.2,40.8,14.2,43.3,1,19
2026-08-09 11:41:40,13,24,27,14.3,40.4,14.4,42.8,1,19
2026-08-09 11:46:40,11,24,24,14.5,40.1,14.6,42.3,1,19
2026-08-09 11:51:39,11,24,24,14.6,39.9,14.8,42,1,19
2026-08-09 11:56:40,8,23,24,14.8,40.1,15,41.8,1,19
2026-08-09 12:01:40,13,27,28,14.9,39.8,15.2,41.3,1,19
2026-08-09 12:06:40,17,27,27,15.1,39.3,15.4,40.9,1,19
2026-08-09 12:11:40,13,27,27,15.2,39,15.5,41.2,1,19
2026-08-09 12:16:40,16,29,29,15.4,38.9,15.7,40.7,1,19
2026-08-09 12:21:40,13,27,27,15.5,38.6,15.8,40.4,1,19
2026-08-09 12:26:40,15,27,27,15.6,38.6,16,40.3,1,19
2026-08-09 12:31:40,17,27,29,15.7,38,16.2,39.9,1,19
2026-08-09 12:36:40,17,29,30,15.8,37.7,16.3,39.9,1,19
2026-08-09 12:41:40,15,29,29,15.9,37.8,16.5,39.5,1,19
2026-08-09 12:46:40,15,28,29,16.1,37.6,16.6,39.2,1,19
2026-08-09 12:51:40,16,26,28,16.2,37.3,16.8,38.4,1,19
2026-08-09 12:56:40,19,28,28,16.3,37,17,38.4,0,19
2026-08-09 13:01:40,17,30,30,16.4,36.8,17.1,38.2,1,19
2026-08-09 13:06:40,20,29,31,16.5,36.6,17.1,38.1,1,19
2026-08-09 13:11:40,23,31,31,16.6,36.5,17.2,37.8,1,19
2026-08-09 13:16:40,21,30,30,16.6,36.2,17.3,37.6,1,19
2026-08-09 13:21:40,20,28,28,16.6,36.2,17.3,37.3,1,19
2026-08-09 13:26:40,21,31,31,16.7,35.9,17.3,37.2,1,19
2026-08-09 13:31:40,24,34,34,16.7,35.7,17.3,36.6,1,19
2026-08-09 13:36:40,22,30,31,16.6,35.7,17.2,36.7,1,19
2026-08-09 13:41:40,22,31,31,16.6,35.5,17.1,36.8,1,19
2026-08-09 13:46:40,21,31,32,16.5,35.6,17,36.7,1,19
2026-08-09 13:51:40,22,30,32,16.4,35.8,16.9,37.3,1,19
2026-08-09 13:56:40,23,33,34,16.4,35.8,16.8,37.4,1,19
2026-08-09 14:01:40,23,33,33,16.3,35.6,16.8,37.1,1,19
2026-08-09 14:06:40,24,34,34,16.3,35.8,16.7,37.2,1,19
2026-08-09 14:11:40,25,36,40,16.3,35.8,16.7,37,1,19
2026-08-09 14:16:40,24,32,33,16.3,35.9,16.6,37.6,1,19
2026-08-09 14:21:40,24,33,33,16.3,35.7,16.7,37.2,1,19
2026-08-09 14:26:40,24,34,34,16.3,35.5,16.6,37.1,1,19
2026-08-09 14:31:40,25,35,35,16.2,35.5,16.6,37.1,1,19
2026-08-09 14:36:40,26,38,40,16.2,35.6,16.5,37.5,1,19
2026-08-09 14:41:40,25,38,43,16.1,35.4,16.5,37,1,19
2026-08-09 14:46:40,26,38,44,16.1,35.6,16.4,37.2,1,19
2026-08-09 14:51:40,26,38,42,16,35.5,16.3,37.2,1,19
2026-08-09 14:56:40,26,38,42,15.9,35.5,16.2,37.2,1,19
2026-08-09 15:01:40,26,39,43,15.8,35.5,16.1,37.6,1,19
2026-08-09 15:06:40,27,37,40,15.7,35.8,16,37.6,1,19
2026-08-09 15:11:40,27,39,42,15.7,35.9,15.9,37.8,1,19
2026-08-09 15:16:40,28,40,44,15.6,36,15.8,37.7,1,19
2026-08-09 15:21:40,28,40,45,15.5,35.9,15.7,37.8,1,19
2026-08-09 15:26:41,28,41,46,15.5,35.9,15.6,37.8,1,19
2026-08-09 15:31:41,28,41,47,15.4,36,15.6,38,1,19
2026-08-09 15:36:40,28,41,46,15.4,36,15.5,38.1,1,19
2026-08-09 15:41:41,28,40,44,15.3,36.2,15.4,38.3,1,19
2026-08-09 15:46:40,29,42,48,15.3,36.4,15.3,38.1,1,19
2026-08-09 15:51:41,27,41,45,15.2,36.5,15.3,38.5,1,19
2026-08-09 15:56:40,27,41,46,15.2,36.7,15.2,38.8,1,19
2026-08-09 16:01:40,28,41,45,15.2,36.7,15.1,38.8,1,19
2026-08-09 16:06:40,28,39,45,15.1,36.7,15.1,38.7,1,19
2026-08-09 16:11:41,27,39,42,15.1,36.6,15,38.6,1,19
2026-08-09 16:16:41,26,39,43,15,36.7,15,38.8,1,19
2026-08-09 16:21:41,27,39,44,14.9,36.7,14.9,38.9,1,19
2026-08-09 16:26:40,27,40,45,14.9,36.8,14.8,38.8,1,19
2026-08-09 16:31:41,26,40,43,14.8,36.9,14.8,39.2,1,19
2026-08-09 16:36:41,25,38,40,14.8,37,14.7,39.2,1,19
2026-08-09 16:41:40,22,34,35,14.8,37,14.7,39,1,19
2026-08-09 16:46:41,24,32,32,14.8,36.9,14.7,39,1,19
2026-08-09 16:51:41,19,30,31,14.7,36.7,14.6,38.9,1,19
2026-08-09 16:56:41,20,31,31,14.8,36.7,14.6,39,1,19
2026-08-09 17:01:40,10,26,26,14.7,36.7,14.6,39,1,19
2026-08-09 17:06:41,14,26,26,14.7,37,14.6,39.2,1,19
2026-08-09 17:11:41,10,24,24,14.7,36.8,14.6,38.9,1,19
2026-08-09 17:16:41,9,23,24,14.7,36.9,14.6,39.2,1,19
2026-08-09 17:21:41,10,24,24,14.7,36.7,14.5,39,1,19
2026-08-09 17:26:41,9,26,26,14.7,36.6,14.5,38.9,1,19
2026-08-09 17:31:40,10,27,27,14.7,36.7,14.5,38.9,1,19
2026-08-09 17:36:41,9,22,24,14.6,36.4,14.4,38.8,1,19
2026-08-09 17:41:41,9,23,23,14.6,36.4,14.4,38.9,1,19
2026-08-09 17:46:41,13,26,26,14.5,36.3,14.3,38.8,1,19
2026-08-09 17:51:41,10,26,26,14.5,36.6,14.3,39,1,19
2026-08-09 17:56:41,10,26,26,14.5,36.6,14.2,38.9,1,19
2026-08-09 18:01:41,13,27,27,14.4,36.6,14.2,39.2,1,19
2026-08-09 18:06:41,15,28,28,14.4,36.7,14.1,39.2,1,19
2026-08-09 18:11:41,15,26,28,14.3,36.8,14,39.3,1,19
2026-08-09 18:16:41,9,17,18,14.2,37,13.9,39.4,1,19
2026-08-09 18:21:41,6,13,13,14.2,36.9,13.9,39.3,1,19
2026-08-09 18:26:41,7,11,11,14.2,37,13.8,39.5,1,19
2026-08-09 18:31:41,6,11,11,14.1,37,13.7,39.5,1,19
2026-08-09 18:36:41,3,7,8,14,37.1,13.7,39.6,1,19
2026-08-09 18:41:41,4,8,8,14,37.1,13.6,39.7,1,19
2026-08-09 18:46:41,6,8,8,14,37.2,13.5,39.9,1,19
2026-08-09 18:51:41,3,8,8,13.9,37.4,13.5,40,1,19
2026-08-09 18:56:41,4,7,7,13.8,37.6,13.4,39.9,1,19
2026-08-09 19:01:41,3,7,7,13.8,37.6,13.3,40.1,1,19
2026-08-09 19:06:41,2,4,6,13.7,37.8,13.3,40.3,1,19
2026-08-09 19:11:41,2,7,7,13.7,37.8,13.2,40.4,1,19
2026-08-09 19:16:41,3,6,7,13.6,38,13.1,40.5,1,19
2026-08-09 19:21:41,2,4,4,13.5,38.1,13.1,40.7,1,19
2026-08-09 19:26:41,2,4,4,13.5,38.3,13,41,1,19
2026-08-09 19:31:41,1,4,6,13.4,38.6,12.9,41.3,1,19
2026-08-09 19:36:41,1,3,3,13.3,38.8,12.8,41.5,1,19
2026-08-09 19:41:41,2,2,3,13.2,39.2,12.8,41.7,1,19
2026-08-09 19:46:41,0,3,3,13.2,39.3,12.6,42,1,19
2026-08-09 19:51:41,1,3,3,13.1,39.4,12.6,42,1,19
2026-08-09 19:56:41,1,3,3,13,39.7,12.5,42.3,1,19
2026-08-09 20:01:41,1,2,2,13,39.8,12.4,42.5,1,19
2026-08-09 20:06:41,1,2,2,12.8,39.8,12.3,42.6,1,19
2026-08-09 20:11:41,1,5,5,12.8,40,12.2,42.7,1,19
2026-08-09 20:16:41,1,3,5,12.7,40.2,12.1,43,1,19
2026-08-09 20:21:41,1,3,3,12.6,40.4,12,43.2,1,19
2026-08-09 20:26:41,2,6,6,12.6,40.4,11.9,43.2,1,19
2026-08-09 20:31:41,1,3,3,12.5,40.6,11.8,43.2,1,19
2026-08-09 20:36:41,3,5,5,12.4,41,11.8,43.6,1,19
2026-08-09 20:41:41,2,5,5,12.4,40.9,11.7,43.8,1,19
2026-08-09 20:46:41,1,2,3,12.3,41,11.6,43.9,1,19
2026-08-09 20:51:41,2,6,6,12.3,41.1,11.6,44,1,19
2026-08-09 20:56:41,1,5,5,12.3,41.1,11.5,44.3,1,19
2026-08-09 21:01:41,1,3,5,12.3,41.1,11.4,44.3,1,19
2026-08-09 21:06:41,0,5,5,12.2,41.3,11.3,44.7,1,19
2026-08-09 21:11:42,1,3,3,12.2,41.4,11.3,44.6,1,19
2026-08-09 21:16:41,1,3,5,12.1,41.2,11.2,44.5,1,19
2026-08-09 21:21:41,2,3,3,12.1,41.2,11.1,44.5,1,19
2026-08-09 21:26:41,1,3,3,12,41.4,11.1,44.8,1,19
2026-08-09 21:31:42,1,2,2,11.9,41.3,11,44.7,1,19
2026-08-09 21:36:41,2,6,6,11.9,41.6,10.9,45,1,19
2026-08-09 21:41:41,1,5,5,11.9,41.8,10.9,45.3,1,19
2026-08-09 21:46:41,1,3,3,11.8,42,10.8,45.3,1,19
2026-08-09 21:51:41,2,3,3,11.7,41.9,10.8,45.3,1,19
2026-08-09 21:56:41,2,5,5,11.7,42,10.8,45.5,1,19
2026-08-09 22:01:41,1,3,3,11.7,42.2,10.7,45.5,1,19
2026-08-09 22:06:41,2,3,3,11.7,42.3,10.7,45.7,1,19
2026-08-09 22:11:42,2,5,6,11.7,42.5,10.7,45.9,1,19
2026-08-09 22:16:41,1,3,3,11.7,42.6,10.7,45.9,1,19
2026-08-09 22:21:41,2,6,6,11.7,42.6,10.7,46,1,19
2026-08-09 22:26:41,1,3,3,11.7,42.7,10.7,46.2,1,19
2026-08-09 22:31:41,1,6,6,11.7,42.5,10.7,46.2,1,19
2026-08-09 22:36:41,2,5,6,11.7,42.8,10.7,46.3,1,19
2026-08-09 22:41:41,1,5,5,11.7,42.9,10.7,46.3,1,19
2026-08-09 22:46:41,1,5,6,11.7,42.6,10.7,46.3,1,19
2026-08-09 22:51:41,2,6,6,11.7,42.9,10.7,46.3,1,19
2026-08-09 22:56:41,2,6,7,11.7,42.9,10.7,46.5,1,19
2026-08-09 23:01:41,1,5,5,11.6,43.1,10.7,46.7,1,19
2026-08-09 23:06:42,1,3,3,11.6,43,10.6,46.6,1,19
2026-08-09 23:11:41,2,6,6,11.6,43,10.6,46.6,1,19
2026-08-09 23:16:41,1,5,5,11.6,43,10.6,46.5,1,19
2026-08-09 23:26:41,1,6,6,11.6,43.3,10.6,46.9,1,19
2026-08-09 23:31:41,3,6,6,11.6,43.3,10.6,47.3,1,19
2026-08-09 23:36:42,1,6,6,11.5,43.5,10.6,47,1,19
2026-08-09 23:41:41,2,6,6,11.5,43.3,10.6,46.8,1,19
2026-08-09 23:46:42,2,2,2,11.5,43.2,10.5,46.9,1,19
2026-08-09 23:51:42,2,3,3,11.5,43.2,10.5,47.1,1,19
2026-08-09 23:56:42,2,5,5,11.5,43.5,10.5,47.1,1,19
2026-08-10 00:01:42,1,5,5,11.5,43.3,10.5,47,1,19
2026-08-10 00:06:42,2,5,5,11.5,43.6,10.5,47.3,1,19
2026-08-10 00:11:42,2,6,6,11.5,43.5,10.5,47.3,1,19
2026-08-10 00:16:41,3,7,7,11.5,43.6,10.5,47.3,1,19
2026-08-10 00:21:42,3,6,6,11.5,43.5,10.5,47.3,1,19
2026-08-10 00:26:42,2,3,3,11.5,43.7,10.5,47.3,1,19
2026-08-10 00:31:42,3,7,7,11.5,43.5,10.5,47.4,1,19
2026-08-10 00:36:42,2,7,7,11.6,43.6,10.5,47.4,1,19
2026-08-10 00:41:42,2,6,6,11.5,43.6,10.5,47.5,1,19
2026-08-10 00:46:42,5,7,7,11.5,44,10.5,47.8,1,19
2026-08-10 00:51:42,5,7,7,11.5,43.9,10.5,47.5,1,19
2026-08-10 00:56:42,3,6,6,11.6,43.8,10.5,47.7,1,19
2026-08-10 01:01:41,5,6,7,11.5,44,10.5,47.7,1,19
2026-08-10 01:06:42,5,9,9,11.5,43.9,10.5,47.8,1,19
2026-08-10 01:11:42,6,9,9,11.5,43.8,10.5,47.9,1,19
2026-08-10 01:16:42,5,10,10,11.5,43.9,10.5,47.8,1,19
2026-08-10 01:21:42,3,7,7,11.5,43.9,10.5,47.8,1,19
2026-08-10 01:26:42,6,10,10,11.4,44,10.5,47.8,1,19
2026-08-10 01:31:42,6,10,10,11.4,43.9,10.5,47.8,1,19
2026-08-10 01:36:42,5,10,10,11.4,44.1,10.5,48,1,19
2026-08-10 01:41:42,5,11,11,11.4,44.2,10.4,47.9,1,19
2026-08-10 01:46:42,6,11,14,11.4,44.2,10.4,48,1,19
2026-08-10 01:51:42,5,9,9,11.4,44.2,10.4,48,1,19
2026-08-10 01:56:42,7,11,14,11.4,44.5,10.4,48.2,1,19
2026-08-10 02:01:42,7,9,9,11.4,44.3,10.4,48.2,1,19
2026-08-10 02:06:42,7,15,17,11.4,44.4,10.4,48.5,1,19
2026-08-10 02:11:42,5,9,9,11.4,44.2,10.4,48.2,1,19
2026-08-10 02:16:42,3,9,9,11.4,44.3,10.4,48.1,1,19
2026-08-10 02:21:42,5,10,10,11.5,44.3,10.4,48.3,1,19
2026-08-10 02:26:43,5,10,10,11.5,44.6,10.4,48.6,1,19
2026-08-10 02:31:42,6,10,10,11.4,44.5,10.4,48.6,1,19
2026-08-10 02:36:42,7,11,11,11.4,44.4,10.4,48.5,1,19
2026-08-10 02:41:42,6,11,14,11.5,44.5,10.4,48.4,1,19
2026-08-10 02:46:42,6,9,9,11.4,44.4,10.4,48.5,1,19
2026-08-10 02:51:42,7,10,11,11.4,44.5,10.4,48.7,1,19
2026-08-10 02:56:42,3,6,6,11.4,44.5,10.3,48.7,1,19
2026-08-10 03:01:42,6,10,10,11.3,44.5,10.3,48.7,1,19
2026-08-10 03:06:42,5,10,10,11.3,44.5,10.3,48.8,1,19
2026-08-10 03:11:42,7,10,10,11.3,44.8,10.2,48.9,1,19
2026-08-10 03:16:42,6,9,10,11.3,44.8,10.2,49.1,1,19
2026-08-10 03:21:43,5,9,9,11.2,44.9,10.2,49.1,1,19
2026-08-10 03:26:42,5,9,9,11.2,44.9,10.2,49,1,19
2026-08-10 03:31:42,5,8,8,11.2,44.7,10.2,49.1,1,19
2026-08-10 03:36:42,5,10,12,11.2,44.8,10.1,49.1,1,19
2026-08-10 03:41:42,5,8,8,11.2,44.9,10.1,49.1,1,19
2026-08-10 03:46:42,5,6,6,11.1,45,10.1,49.2,1,19
2026-08-10 03:51:42,6,8,10,11.1,44.9,10,49.1,1,19
2026-08-10 03:56:42,5,8,9,11.1,44.8,10,49.1,1,19
2026-08-10 04:01:42,5,8,8,11.1,45.1,10,49.5,1,19
2026-08-10 04:06:42,4,9,9,11.1,45,10,49.3,1,19
2026-08-10 04:11:42,5,9,9,11,45.3,9.9,49.4,1,19
2026-08-10 04:16:42,4,6,6,11.1,45.3,9.9,49.6,1,19
2026-08-10 04:21:42,5,9,10,11.1,45.4,9.9,49.5,1,19
2026-08-10 04:26:43,4,8,8,11,45.5,9.9,49.8,1,19
2026-08-10 04:31:42,6,10,10,11,45.7,9.8,50,1,19
2026-08-10 04:36:42,4,9,9,11.1,45.5,9.8,50.1,1,19
2026-08-10 04:41:42,5,10,10,11,45.7,9.8,50.1,1,19
2026-08-10 04:46:42,5,12,12,11,45.6,9.8,50.1,1,19
2026-08-10 04:51:42,6,9,9,11,45.7,9.8,50,1,19
2026-08-10 04:56:43,5,8,8,11,46,9.8,50.5,1,19
2026-08-10 05:01:42,6,10,10,11,45.8,9.8,50.6,1,19
2026-08-10 05:06:42,4,8,9,11,45.9,9.8,50.4,1,19
2026-08-10 05:11:43,5,9,9,11,45.7,9.8,50.6,1,19
2026-08-10 05:16:42,6,9,10,11,46,9.8,50.7,1,19
2026-08-10 05:21:42,6,12,12,11,46.1,9.8,50.9,1,19
2026-08-10 05:26:43,5,9,9,11,46,9.8,50.6,1,19
2026-08-10 05:31:43,8,10,10,11,45.9,9.8,50.7,1,19
2026-08-10 05:36:42,6,12,12,11,46,9.7,50.9,1,19
2026-08-10 05:41:42,6,9,11,11,45.9,9.7,50.7,1,19
2026-08-10 05:46:43,6,10,10,10.9,45.8,9.7,50.7,1,19
2026-08-10 05:51:42,5,9,10,10.9,45.9,9.7,50.6,1,19
2026-08-10 05:56:43,6,12,12,10.9,46,9.7,50.6,1,19
2026-08-10 06:01:42,8,12,15,10.9,46.2,9.6,50.9,1,19
2026-08-10 06:06:42,8,9,9,10.9,46.1,9.6,50.9,1,19
2026-08-10 06:11:43,5,10,10,10.9,46.2,9.6,50.8,1,19
2026-08-10 06:16:43,8,14,16,10.9,46.2,9.6,50.7,1,19
2026-08-10 06:21:42,6,8,9,10.9,46.3,9.6,51.1,1,19
2026-08-10 06:26:42,5,10,10,10.9,46,9.6,50.8,1,19
2026-08-10 06:31:43,6,14,14,10.9,46.1,9.6,50.7,1,19
2026-08-10 06:36:43,8,15,15,10.9,46,9.7,50.7,1,19
2026-08-10 06:41:42,6,10,10,10.9,45.9,9.6,50.4,1,19
2026-08-10 06:46:43,8,12,12,10.9,45.8,9.7,50.7,1,19
2026-08-10 06:51:43,6,9,11,10.9,45.9,9.7,50.6,1,19
2026-08-10 06:56:42,8,10,12,10.9,45.8,9.7,50.6,1,19
2026-08-10 07:01:43,6,10,10,10.9,45.7,9.7,50.4,1,19
2026-08-10 07:06:43,5,10,10,10.9,45.7,9.7,50.3,1,19
2026-08-10 07:11:43,6,10,10,10.9,45.9,9.7,50.4,1,19
2026-08-10 07:16:43,8,16,18,10.9,45.7,9.7,50.4,1,19
2026-08-10 07:21:42,8,14,16,10.9,45.8,9.8,50.6,1,19
2026-08-10 07:26:43,6,17,17,11,46,9.8,50.9,1,19
2026-08-10 07:31:43,6,12,12,11,45.9,9.8,50.6,1,19
2026-08-10 07:36:43,6,12,12,11,46,9.8,51,1,19
2026-08-10 07:41:43,9,12,14,11,46,9.8,50.9,1,19
2026-08-10 07:46:43,6,14,14,11,46.2,9.8,50.9,1,19
2026-08-10 07:51:43,8,12,12,11,46.2,9.8,50.9,1,19
2026-08-10 07:56:43,9,14,16,11,46.2,9.8,50.9,1,19
2026-08-10 08:01:43,6,12,14,11,46.2,9.8,50.9,1,19
2026-08-10 08:06:43,9,14,14,11,46.5,9.8,51.3,1,19
2026-08-10 08:11:43,8,14,16,11,46.5,9.8,51.2,1,19
2026-08-10 08:16:43,9,14,14,11,46.6,9.8,51.4,1,19
2026-08-10 08:21:43,9,21,21,11,46.7,9.8,51.4,1,19
2026-08-10 08:26:43,9,25,25,11,46.9,9.8,51.4,1,19
2026-08-10 08:31:43,9,23,23,11,46.9,9.8,51.7,1,19
2026-08-10 08:36:43,27,36,36,11,47.1,9.8,51.5,1,19
2026-08-10 08:41:43,10,21,23,11,47.2,9.8,51.7,1,19
2026-08-10 08:46:43,10,23,23,11,47.2,9.8,51.9,1,19
2026-08-10 08:51:43,10,25,25,11,47,9.8,51.8,1,19
2026-08-10 08:56:43,12,23,23,10.9,47.1,9.8,51.6,1,19
2026-08-10 09:01:43,10,21,24,10.9,47.2,9.7,51.8,1,19
2026-08-10 09:06:43,14,25,25,10.9,47.3,9.7,51.8,1,19
2026-08-10 09:11:43,10,24,24,10.9,47.3,9.7,52,1,19
2026-08-10 09:16:43,10,24,24,10.9,47.4,9.7,52,1,19
2026-08-10 09:21:43,15,26,27,10.9,47.4,9.7,52,1,19
2026-08-10 09:26:43,10,25,25,10.9,47.6,9.7,51.9,1,19
2026-08-10 09:31:43,10,21,21,10.8,47.1,9.6,51.9,1,19
2026-08-10 09:36:43,17,27,27,10.8,47.4,9.7,52,1,19
2026-08-10 09:41:43,25,35,36,10.9,47.5,9.7,52,1,19
2026-08-10 09:46:43,12,21,24,10.9,47.3,9.7,51.9,1,19
2026-08-10 09:51:43,12,24,26,10.9,47.3,9.7,52,1,19
2026-08-10 09:56:43,18,32,32,10.9,47.5,9.8,52,1,19
2026-08-10 10:01:43,10,24,25,11,47.3,9.8,51.7,1,19
2026-08-10 10:06:43,10,29,29,11,47.2,9.8,51.7,1,19
2026-08-10 10:11:43,12,25,25,11,47.5,9.9,52,1,19
2026-08-10 10:16:43,16,29,29,11.1,47.2,9.9,51.8,1,19
2026-08-10 10:21:43,14,24,25,11.1,47.3,9.9,51.8,1,19
2026-08-10 10:26:43,14,29,29,11.1,47,9.9,51.7,1,19
2026-08-10 10:31:43,12,29,29,11.1,47.2,10,51.7,1,19
2026-08-10 10:36:43,14,29,29,11.1,47.2,10,51.9,1,19
2026-08-10 10:41:43,15,26,26,11.1,47,10,51.7,1,19
2026-08-10 10:46:43,14,29,29,11.2,47.1,10,51.8,1,19
2026-08-10 10:51:43,12,27,29,11.2,47.1,10.1,51.7,1,19
2026-08-10 10:56:43,16,29,29,11.2,46.9,10.1,51.7,1,19
2026-08-10 11:01:43,10,25,25,11.2,46.9,10.1,51.6,1,19
2026-08-10 11:06:43,14,26,26,11.2,46.8,10.2,51.5,1,19
2026-08-10 11:11:43,16,32,32,11.3,46.9,10.2,51.5,1,19
2026-08-10 11:16:43,16,30,30,11.3,46.8,10.2,51.4,1,19
2026-08-10 11:21:43,16,32,33,11.3,46.8,10.2,51.4,1,19
2026-08-10 11:26:43,25,38,40,11.3,46.9,10.3,51.5,1,19
2026-08-10 11:31:43,37,58,70,11.3,46.8,10.3,51.4,1,19
2026-08-10 11:36:43,29,40,40,11.4,46.7,10.3,51.3,1,19
2026-08-10 11:41:43,26,36,36,11.4,46.7,10.4,51.3,1,19
2026-08-10 11:46:44,32,49,56,11.4,46.7,10.4,51.3,1,19
2026-08-10 11:51:43,29,38,38,11.4,46.8,10.4,51.1,1,19
2026-08-10 11:56:43,33,47,54,11.5,46.7,10.5,51.3,1,19
2026-08-10 12:01:43,29,42,44,11.5,46.8,10.5,51.3,1,19
2026-08-10 12:06:44,26,38,38,11.5,46.7,10.5,51.3,1,19
2026-08-10 12:11:43,26,36,36,11.5,46.8,10.6,51.2,1,19
2026-08-10 12:16:44,29,42,45,11.6,46.7,10.6,51.2,1,19
2026-08-10 12:21:43,27,42,43,11.6,46.6,10.6,51.2,1,19
2026-08-10 12:26:44,29,39,39,11.6,46.6,10.7,51,1,19
2026-08-10 12:31:43,27,42,45,11.7,46.6,10.7,51.1,1,19
2026-08-10 12:36:44,27,39,41,11.7,46.3,10.7,50.9,1,19
2026-08-10 12:41:43,27,39,41,11.7,46.4,10.8,51,1,19
2026-08-10 12:46:43,28,42,44,11.7,46.4,10.8,50.9,1,19
2026-08-10 12:51:43,27,42,43,11.8,46.4,10.9,51,1,19
2026-08-10 12:56:43,29,42,43,11.8,46.5,10.9,50.9,1,19
2026-08-10 13:01:43,31,44,48,11.9,46.4,10.9,51,1,19
2026-08-10 13:06:44,31,46,49,11.9,46.4,11,51,1,19
2026-08-10 13:11:44,30,43,45,11.9,46.5,11.1,50.7,1,19
2026-08-10 13:16:43,31,51,58,12,46.2,11.1,50.7,1,19
2026-08-10 13:21:44,37,55,64,12.1,46.2,11.2,50.6,1,19
2026-08-10 13:26:44,30,42,46,12.1,46,11.3,50.5,1,19
2026-08-10 13:31:44,29,42,44,12.2,45.9,11.3,50.3,1,19
2026-08-10 13:36:44,31,47,55,12.2,45.8,11.4,50.2,1,19
2026-08-10 13:41:44,31,47,55,12.2,45.7,11.4,50.1,1,19
2026-08-10 13:46:44,28,41,45,12.2,45.4,11.4,50,1,19
2026-08-10 13:51:44,30,41,44,12.3,45.5,11.5,49.9,1,19
2026-08-10 13:56:44,30,43,45,12.3,45.6,11.5,49.9,1,19
2026-08-10 14:01:44,28,42,44,12.3,45.4,11.5,49.9,1,19
2026-08-10 14:06:44,29,43,46,12.3,45.4,11.5,49.8,1,19
2026-08-10 14:11:44,30,43,48,12.3,45.3,11.6,49.7,1,19
2026-08-10 14:16:44,30,45,51,12.3,45.3,11.6,49.7,1,19
2026-08-10 14:21:44,34,50,59,12.3,45.3,11.6,49.7,1,19
2026-08-10 14:26:44,36,55,64,12.3,45.2,11.6,49.8,1,19
2026-08-10 14:31:44,31,47,54,12.4,45.4,11.6,49.8,1,19
2026-08-10 14:36:44,31,45,50,12.4,45.2,11.6,49.8,1,19
2026-08-10 14:41:44,28,42,49,12.4,45.1,11.6,49.7,1,19
2026-08-10 14:46:43,29,41,45,12.4,45.3,11.6,49.7,1,19
2026-08-10 14:51:44,25,38,42,12.4,45.3,11.6,49.7,1,19
2026-08-10 14:56:44,28,42,44,12.4,45.4,11.6,49.5,1,19
2026-08-10 15:01:44,44,69,86,12.4,45.5,11.7,49.8,1,19
2026-08-10 15:06:44,29,45,50,12.4,45.6,11.7,49.8,1,19
2026-08-10 15:11:44,29,41,44,12.4,45.6,11.7,49.9,1,19
2026-08-10 15:16:44,28,41,43,12.5,45.6,11.7,49.8,1,19
2026-08-10 15:21:44,28,43,48,12.5,45.6,11.8,49.8,1,19
2026-08-10 15:26:44,34,57,67,12.5,45.5,11.8,49.7,1,19
2026-08-10 15:31:44,34,51,59,12.6,45.4,11.8,49.6,1,19
2026-08-10 15:36:44,31,44,49,12.6,45.3,11.9,49.5,1,19
2026-08-10 15:41:44,29,42,45,12.6,45.4,11.9,49.6,1,19
2026-08-10 15:46:44,29,43,45,12.6,45.1,11.9,49.4,1,19
2026-08-10 15:51:44,28,41,44,12.7,45,12,49.1,1,19
2026-08-10 15:56:44,28,41,43,12.7,44.8,12,48.9,1,19
2026-08-10 16:01:44,24,37,37,12.7,44.3,12,48.4,1,19
2026-08-10 16:06:44,26,33,33,12.7,44.2,12.1,48.4,1,19
2026-08-10 16:11:44,30,48,54,12.7,44.2,12.1,48.5,1,19
2026-08-10 16:16:44,23,36,36,12.7,44.2,12.1,48.3,1,19
2026-08-10 16:21:44,22,33,35,12.7,43.9,12.1,48,1,19
2026-08-10 16:26:44,20,35,36,12.8,43.9,12.1,47.9,1,19
2026-08-10 16:31:44,22,36,36,12.8,43.8,12.1,47.7,1,19
2026-08-10 16:36:44,20,32,32,12.7,43.5,12.1,47.6,1,19
2026-08-10 16:41:44,28,41,44,12.7,43.2,12.1,47.5,1,19
2026-08-10 16:46:44,24,36,36,12.7,43.5,12.1,47.6,1,19
2026-08-10 16:51:44,23,31,33,12.7,43.5,12,47.6,1,19
2026-08-10 16:56:44,23,33,33,12.7,43.7,12,47.7,1,19
2026-08-10 17:01:44,23,35,35,12.7,43.7,12,47.7,1,19
2026-08-10 17:06:44,24,37,37,12.7,43.7,12,47.6,1,19
2026-08-10 17:11:44,24,34,36,12.7,43.7,12,47.7,1,19
2026-08-10 17:16:44,24,34,34,12.7,43.7,12,47.8,1,19
2026-08-10 17:21:44,24,34,35,12.7,43.6,12,47.5,1,19
2026-08-10 17:26:44,24,36,37,12.7,43.6,12,47.5,1,19
2026-08-10 17:31:44,23,34,36,12.7,43.4,12,47.3,1,19
2026-08-10 17:36:44,24,34,34,12.7,43.5,12,47.5,1,19
2026-08-10 17:41:44,23,33,33,12.7,43.5,12,47.3,1,19
2026-08-10 17:46:44,24,35,36,12.7,43.4,11.9,47.4,1,19
2026-08-10 17:51:44,23,33,33,12.7,43.4,11.9,47.4,1,19
2026-08-10 17:56:44,23,32,33,12.6,43.6,11.9,47.6,1,19
2026-08-10 18:01:44,27,37,37,12.6,43.5,11.8,47.6,1,19
2026-08-10 18:06:44,25,37,37,12.6,43.6,11.8,47.8,1,19
2026-08-10 18:11:44,26,39,40,12.6,43.7,11.8,47.8,1,19
2026-08-10 18:16:44,24,35,35,12.5,43.6,11.7,47.7,1,19
2026-08-10 18:21:44,24,37,37,12.5,43.6,11.7,47.8,1,19
2026-08-10 18:26:45,26,36,36,12.5,43.8,11.6,47.9,1,19
2026-08-10 18:31:44,24,35,35,12.4,43.7,11.6,48,1,19
2026-08-10 18:36:44,23,36,36,12.4,43.9,11.6,48.1,1,19
2026-08-10 18:41:44,26,39,43,12.4,43.9,11.5,48.4,1,19
2026-08-10 18:46:44,26,33,33,12.3,44.1,11.5,48.4,1,19
2026-08-10 18:51:45,24,36,36,12.3,44.1,11.5,48.4,1,19
2026-08-10 18:56:44,24,33,35,12.3,44.1,11.5,48.5,1,19
2026-08-10 19:01:44,24,33,36,12.3,44.2,11.5,48.4,1,19
2026-08-10 19:06:45,24,35,36,12.3,44,11.4,48.4,1,19
2026-08-10 19:11:45,24,36,36,12.2,44.1,11.4,48.4,1,19
2026-08-10 19:16:45,25,36,38,12.2,44.2,11.4,48.5,1,19
2026-08-10 19:21:44,25,35,35,12.2,44.4,11.4,48.7,1,19
2026-08-10 19:26:44,27,39,39,12.2,44.6,11.4,48.9,1,19
2026-08-10 19:31:44,26,36,36,12.2,44.6,11.4,48.9,1,19
2026-08-10 19:36:45,26,35,35,12.2,44.6,11.3,48.9,1,19
2026-08-10 19:41:45,26,37,39,12.2,44.5,11.3,48.9,1,19
2026-08-10 19:46:45,24,38,38,12.2,44.6,11.3,49,1,19
2026-08-10 19:51:45,26,35,36,12.2,44.6,11.3,49.3,1,19
2026-08-10 19:56:45,23,34,35,12.2,44.7,11.3,48.9,1,19
2026-08-10 20:01:45,25,34,34,12.2,44.6,11.3,49.1,1,19
2026-08-10 20:06:45,25,34,35,12.2,44.8,11.2,49.1,1,19
2026-08-10 20:11:45,25,35,36,12.2,44.7,11.2,49.1,1,19
2026-08-10 20:16:45,24,37,37,12.1,44.4,11.2,49,1,19
2026-08-10 20:21:45,25,39,39,12.1,44.4,11.1,48.9,1,19
2026-08-10 20:26:45,24,37,39,12.1,44.3,11.1,49,1,19
2026-08-10 20:31:45,29,43,46,12.1,44.5,11.1,49,1,19
2026-08-10 20:36:45,25,38,39,12,44.5,11.1,49.1,1,19
2026-08-10 20:41:45,25,37,38,12,44.6,11,49,1,19
2026-08-10 20:46:45,26,39,40,12,44.5,11,49.1,1,19
2026-08-10 20:51:45,25,36,36,11.9,44.6,11,49.2,1,19
2026-08-10 20:56:45,28,40,44,12,44.7,11,49.3,1,19
2026-08-10 21:01:45,27,37,37,11.9,44.9,11,49.4,1,19
2026-08-10 21:06:45,22,34,35,11.9,45.1,11,49.5,1,19
2026-08-10 21:11:45,24,38,38,11.9,45,10.9,49.6,1,19
2026-08-10 21:16:45,25,36,36,11.9,44.9,10.9,49.6,1,19
2026-08-10 21:21:45,25,37,38,11.9,44.8,10.9,49.6,1,19
2026-08-10 21:26:45,26,38,39,11.8,45,10.9,49.6,1,19
2026-08-10 21:31:45,25,37,38,11.8,45.2,10.8,49.8,1,19
2026-08-10 21:36:45,26,37,37,11.8,45.3,10.8,49.8,1,19
2026-08-10 21:41:45,26,39,39,11.7,45.3,10.8,50.1,1,19
2026-08-10 21:46:45,27,39,39,11.7,45.4,10.8,50.2,1,19
2026-08-10 21:51:45,28,40,41,11.7,45.6,10.8,50.2,1,19
2026-08-10 21:56:45,28,38,40,11.7,45.5,10.7,50.1,1,19
2026-08-10 22:01:45,24,33,36,11.7,45.6,10.7,50.2,1,19
2026-08-10 22:06:45,18,31,31,11.7,45.5,10.7,50,1,19
2026-08-10 22:11:45,21,34,36,11.6,45.4,10.7,50,1,19
2026-08-10 22:16:45,19,30,30,11.6,45.4,10.7,50,1,19
2026-08-10 22:21:45,14,29,29,11.6,45.4,10.6,49.9,1,19
2026-08-10 22:26:45,21,36,36,11.6,45.6,10.6,50.2,1,19
2026-08-10 22:31:45,21,39,39,11.6,45.7,10.6,50.3,1,19
2026-08-10 22:36:45,25,38,38,11.6,45.6,10.6,50.3,1,19
2026-08-10 22:41:45,22,40,40,11.6,45.7,10.5,50.5,1,19
2026-08-10 22:46:45,22,36,36,11.5,45.8,10.5,50.2,1,19
2026-08-10 22:51:45,26,37,37,11.5,45.8,10.5,50.6,1,19
2026-08-10 22:56:45,26,34,37,11.5,45.7,10.4,50.6,1,19
2026-08-10 23:01:45,23,35,35,11.5,45.7,10.4,50.4,1,19
2026-08-10 23:06:45,17,32,33,11.5,45.6,10.4,50.3,1,19
2026-08-10 23:11:45,14,29,31,11.5,45.3,10.3,50.1,1,19
2026-08-10 23:16:46,18,31,31,11.4,45.6,10.3,50.4,1,19
2026-08-10 23:21:45,21,33,37,11.4,45.4,10.3,50.6,1,19
2026-08-10 23:26:45,20,33,33,11.4,45.6,10.3,50.6,1,19
2026-08-10 23:31:45,18,32,32,11.4,45.5,10.2,50.5,1,19
2026-08-10 23:36:45,18,30,30,11.4,45.5,10.2,50.5,1,19
2026-08-10 23:41:45,19,32,32,11.4,45.8,10.2,50.7,1,19
2026-08-10 23:46:45,20,36,36,11.3,45.9,10.2,50.9,1,19
2026-08-10 23:51:45,17,32,32,11.3,46.1,10.2,50.9,1,19
2026-08-10 23:56:46,20,33,33,11.3,46.1,10.2,50.9,1,19
2026-08-11 00:01:45,18,33,35,11.3,45.9,10.2,50.8,1,19
2026-08-11 00:06:45,24,37,37,11.3,46.2,10.2,51,1,19
2026-08-11 00:11:45,20,35,35,11.3,46.4,10.2,51,1,19
2026-08-11 00:16:45,21,35,36,11.3,46.3,10.2,51.1,1,19
2026-08-11 00:21:45,22,34,34,11.4,46.2,10.2,51.1,1,19
2026-08-11 00:26:46,24,38,38,11.3,46.3,10.2,51.3,1,19
2026-08-11 00:31:45,24,36,36,11.3,46.4,10.2,51.1,1,19
2026-08-11 00:36:46,24,36,36,11.3,46.6,10.2,51.3,1,19
2026-08-11 00:41:46,25,37,37,11.3,46.4,10.2,51.3,1,19
2026-08-11 00:46:46,25,38,39,11.3,46.5,10.2,51.4,1,19
2026-08-11 00:51:46,22,34,34,11.3,46.6,10.2,51.4,1,19
2026-08-11 00:56:46,23,37,37,11.3,46.8,10.2,51.4,1,19
2026-08-11 01:01:46,24,36,37,11.3,46.7,10.2,51.4,1,19
2026-08-11 01:06:45,21,34,36,11.3,46.9,10.2,51.4,1,19
2026-08-11 01:11:46,24,34,34,11.3,46.7,10.2,51.4,1,19
2026-08-11 01:16:46,21,32,33,11.3,46.7,10.2,51.4,1,19
2026-08-11 01:21:46,25,37,37,11.2,46.8,10.2,51.5,1,19
2026-08-11 01:26:46,24,33,35,11.3,46.7,10.2,51.6,1,19
2026-08-11 01:31:46,20,36,36,11.3,46.7,10.2,51.5,1,19
2026-08-11 01:36:46,24,35,36,11.3,46.7,10.2,51.6,1,19
2026-08-11 01:41:46,25,36,36,11.2,47,10.1,51.7,1,19
2026-08-11 01:46:46,24,37,37,11.2,47,10.1,51.8,1,19
2026-08-11 01:51:46,22,39,41,11.2,47.2,10.1,51.8,1,19
2026-08-11 01:56:46,25,38,41,11.2,47.3,10.1,52.1,1,19
2026-08-11 02:01:46,21,33,35,11.2,47.4,10.1,51.9,1,19
2026-08-11 02:06:46,26,38,38,11.2,47.6,10,51.9,1,19
2026-08-11 02:11:46,27,37,37,11.1,47.5,10,52.1,1,19
2026-08-11 02:16:45,25,35,36,11.2,47.6,10,52.3,1,19
2026-08-11 02:21:46,24,35,35,11.2,47.8,10,52.3,1,19
2026-08-11 02:26:46,22,36,36,11.2,47.8,10,52.4,1,19
2026-08-11 02:31:46,27,38,38,11.2,47.7,10,52.4,1,19
2026-08-11 02:36:46,27,34,35,11.2,47.6,10,52.3,1,19
2026-08-11 02:41:46,28,37,37,11.1,47.8,10,52.6,1,19
2026-08-11 02:46:46,23,37,37,11.1,47.8,10,52.4,1,19
2026-08-11 02:51:46,22,36,36,11.1,47.6,10,52.4,1,19
2026-08-11 02:56:46,24,35,35,11.1,47.9,10,52.6,1,19
2026-08-11 03:01:46,24,35,35,11.1,47.9,10,52.6,1,19
2026-08-11 03:06:46,25,33,33,11.1,48.1,10,52.6,1,19
2026-08-11 03:11:46,23,34,34,11.1,47.9,10,52.6,1,19
2026-08-11 03:16:46,25,36,36,11,47.9,10,52.5,1,19
2026-08-11 03:21:46,22,35,35,11.1,47.8,10,52.5,1,19
2026-08-11 03:26:46,21,35,35,11.1,47.8,9.9,52.4,1,19
2026-08-11 03:31:46,18,35,36,11.1,47.7,9.9,52.4,1,19
2026-08-11 03:36:46,25,38,38,11.1,47.8,9.9,52.6,1,19
2026-08-11 03:41:46,23,37,40,11.1,48,9.9,52.6,1,19
2026-08-11 03:46:46,25,35,37,11,48.1,9.9,52.8,1,19
2026-08-11 03:51:46,24,35,35,11.1,48.1,9.9,52.9,1,19
2026-08-11 03:56:46,24,36,36,11.1,48.1,9.9,52.8,1,19
2026-08-11 04:01:46,28,39,39,11,48.3,9.9,53.1,1,19
2026-08-11 04:06:46,25,35,35,11,48.3,9.8,53.1,1,19
2026-08-11 04:11:46,24,36,37,11,48.4,9.8,53.1,1,19
2026-08-11 04:16:46,26,38,38,11,48.4,9.8,53.2,1,19
2026-08-11 04:21:46,24,41,42,11,48.4,9.8,53.3,1,19
2026-08-11 04:26:46,27,38,39,10.9,48.4,9.8,53.3,1,19
2026-08-11 04:31:46,25,36,37,10.9,48.5,9.7,53.5,1,19
2026-08-11 04:36:47,24,37,37,10.9,48.6,9.7,53.4,1,19
2026-08-11 04:41:46,27,38,38,10.9,48.6,9.7,53.5,1,19
2026-08-11 04:46:46,25,33,34,10.9,48.6,9.7,53.4,1,19
2026-08-11 04:51:46,18,31,31,10.9,48.6,9.7,53.1,1,19
2026-08-11 04:56:46,25,37,39,10.9,48.7,9.7,53.4,1,19
2026-08-11 05:01:47,25,36,36,10.9,48.5,9.6,53.7,1,19
2026-08-11 05:06:46,25,38,39,10.9,48.6,9.6,53.7,1,19
2026-08-11 05:11:46,25,36,38,10.9,48.6,9.6,53.7,1,19
2026-08-11 05:16:47,26,35,35,10.9,48.6,9.6,53.9,1,19
2026-08-11 05:21:49,24,37,39,10.9,48.6,9.6,53.8,1,19
2026-08-11 05:26:46,26,35,35,10.8,48.7,9.6,53.9,1,19
2026-08-11 05:31:46,24,37,37,10.8,49,9.6,54,1,19
2026-08-11 05:36:46,25,39,39,10.8,48.9,9.6,54.2,1,19
2026-08-11 05:41:46,27,35,37,10.8,49,9.6,54.2,1,19
2026-08-11 05:46:46,24,37,38,10.8,49.1,9.6,54.2,1,19
2026-08-11 05:51:46,25,39,40,10.8,49.2,9.6,54.2,1,19
2026-08-11 05:56:46,20,35,36,10.8,49.2,9.6,54.2,1,19
2026-08-11 06:01:47,26,37,40,10.8,48.9,9.6,54,1,19
2026-08-11 06:06:46,25,36,38,10.8,49,9.6,54.1,1,19
2026-08-11 06:11:47,24,37,37,10.8,49,9.6,54.1,1,19
2026-08-11 06:16:46,21,38,39,10.8,49,9.5,54.1,1,19
2026-08-11 06:21:47,24,37,37,10.8,48.9,9.5,54,1,19
2026-08-11 06:26:47,24,36,37,10.7,49.1,9.5,54.1,1,19
2026-08-11 06:31:47,22,34,34,10.8,49.1,9.6,54.1,1,19
2026-08-11 06:36:46,24,36,38,10.8,49.1,9.6,54.2,1,19
2026-08-11 06:41:47,27,41,41,10.8,49,9.6,54.1,1,19
2026-08-11 06:46:46,25,35,36,10.8,49,9.6,54,1,19
2026-08-11 06:51:47,27,36,36,10.9,48.9,9.6,53.9,1,19
2026-08-11 06:56:47,24,36,36,10.8,48.9,9.6,53.9,1,19
2026-08-11 07:01:47,27,40,40,10.8,48.9,9.7,53.8,1,19
2026-08-11 07:06:47,24,36,37,10.9,48.9,9.7,54,1,19
2026-08-11 07:11:47,25,36,39,10.9,48.8,9.7,53.9,1,19
2026-08-11 07:16:47,27,39,40,10.9,49,9.7,54.2,1,19
2026-08-11 07:21:47,27,36,37,10.9,48.9,9.7,54.1,1,19
2026-08-11 07:26:47,27,40,41,10.9,49.1,9.7,54.2,1,19
2026-08-11 07:31:47,24,38,38,10.9,49.1,9.7,54.2,1,19
2026-08-11 07:36:47,25,36,36,10.9,49.2,9.7,54.5,1,19
2026-08-11 07:41:47,28,38,39,10.9,49.4,9.7,54.4,1,19
2026-08-11 07:46:47,25,40,40,10.9,49.4,9.7,54.5,1,19
2026-08-11 07:51:47,27,38,39,10.9,49.4,9.7,54.4,1,19
2026-08-11 07:56:47,26,39,39,10.8,49.4,9.6,54.5,1,19
2026-08-11 08:01:47,27,39,39,10.8,49.6,9.6,54.6,1,19
2026-08-11 08:06:47,33,48,55,10.8,49.4,9.6,54.7,1,19
2026-08-11 08:11:47,28,40,41,10.8,49.7,9.6,54.7,1,19
2026-08-11 08:16:47,26,39,39,10.9,49.5,9.6,54.8,1,19
2026-08-11 08:21:47,27,40,42,10.8,49.6,9.6,54.7,1,19
2026-08-11 08:26:47,30,43,49,10.9,49.6,9.6,54.8,1,19
2026-08-11 08:31:47,29,40,40,10.9,49.6,9.7,54.6,1,19
2026-08-11 08:36:47,28,41,42,10.9,49.6,9.7,54.9,1,19
2026-08-11 08:41:47,28,39,41,10.9,49.7,9.7,54.9,1,19
2026-08-11 08:46:47,29,43,45,10.9,49.6,9.7,54.9,1,19
2026-08-11 08:51:47,26,40,41,10.9,49.8,9.7,54.8,1,19
2026-08-11 08:56:47,30,43,45,10.9,49.7,9.7,54.9,1,19
2026-08-11 09:01:47,29,44,48,10.9,49.7,9.7,54.8,1,19
2026-08-11 09:06:47,29,44,49,10.9,49.7,9.7,54.8,1,19
2026-08-11 09:11:47,29,44,48,10.9,49.7,9.7,54.8,1,19
2026-08-11 09:16:47,30,41,46,10.9,49.5,9.7,54.7,1,19
2026-08-11 09:21:47,28,43,45,10.9,49.6,9.7,54.6,1,19
2026-08-11 09:26:47,30,41,42,10.9,49.3,9.7,54.6,1,19
2026-08-11 09:31:47,29,44,48,10.9,49.5,9.7,54.6,1,19
2026-08-11 09:36:47,29,43,47,10.9,49.5,9.7,54.4,1,19
2026-08-11 09:46:47,31,45,50,10.9,49.5,9.7,54.5,1,19
2026-08-11 09:51:47,32,46,53,10.9,49.6,9.7,54.6,1,19
2026-08-11 09:56:47,31,45,50,10.9,49.6,9.8,54.6,1,19
2026-08-11 10:01:47,30,45,50,10.9,49.7,9.8,54.7,1,19
2026-08-11 10:06:47,31,44,51,10.9,49.7,9.8,54.7,1,19
2026-08-11 10:11:47,31,45,49,11,49.7,9.8,54.5,1,19
2026-08-11 10:16:47,30,44,48,11,49.5,9.8,54.6,1,19
2026-08-11 10:21:47,31,44,48,11,49.4,9.9,54.6,1,19
2026-08-11 10:26:47,29,45,49,11,49.6,9.9,54.6,1,19
2026-08-11 10:31:47,31,45,49,11.1,49.5,9.9,54.5,1,19
2026-08-11 10:36:48,31,45,49,11.1,49.5,10,54.8,1,19
2026-08-11 10:41:47,32,47,56,11.1,49.5,10,54.6,1,19
2026-08-11 10:46:47,32,48,53,11.1,49.5,10,54.6,1,19
2026-08-11 10:51:47,32,49,57,11.1,49.4,10,54.6,1,19
2026-08-11 10:56:47,33,48,53,11.2,49.6,10,54.5,1,19
2026-08-11 11:01:47,34,52,60,11.2,49.4,10,54.5,1,19
2026-08-11 11:06:47,32,45,51,11.2,49.5,10.1,54.8,1,19
2026-08-11 11:11:48,32,48,54,11.2,49.4,10.1,54.6,1,19
2026-08-11 11:16:48,32,48,56,11.2,49.5,10.1,54.7,1,18
2026-08-11 11:21:47,32,52,61,11.2,49.5,10.2,54.6,1,18
2026-08-11 11:26:48,34,53,62,11.3,49.5,10.2,54.6,1,20
2026-08-11 11:31:47,32,48,54,11.3,49.4,10.3,54.4,1,20
2026-08-11 11:36:47,32,48,54,11.4,49.3,10.4,54.3,1,20
2026-08-11 11:41:48,32,48,54,11.4,49.2,10.4,54.2,1,20
2026-08-11 11:46:47,33,53,61,11.5,49,10.5,54,1,20
2026-08-11 11:51:47,32,48,56,11.5,49,10.5,53.9,1,20
2026-08-11 11:56:48,33,50,57,11.6,49,10.6,53.9,1,20
2026-08-11 12:01:47,34,53,62,11.6,48.9,10.6,53.8,1,20
2026-08-11 12:06:47,32,48,57,11.7,48.7,10.7,53.6,1,20
2026-08-11 12:11:47,34,51,59,11.7,48.6,10.7,53.5,1,20
2026-08-11 12:16:47,34,51,59,11.7,48.6,10.8,53.4,1,20
2026-08-11 12:21:47,34,51,60,11.8,48.6,10.8,53.5,1,20
2026-08-11 12:26:48,37,55,66,11.8,48.6,10.9,53.5,1,20
2026-08-11 12:31:47,38,60,72,11.9,48.5,10.9,53.4,1,20
2026-08-11 12:36:47,34,52,63,11.9,48.4,11,53.3,1,20
2026-08-11 12:41:47,37,54,65,11.9,48.5,11,53.3,1,20
2026-08-11 12:46:48,37,54,63,12,48.5,11.1,53.2,1,20
2026-08-11 12:51:48,37,54,64,12,48.5,11.2,53.2,1,20
2026-08-11 12:56:48,35,53,64,12.1,48.4,11.2,53.1,1,20
2026-08-11 13:01:48,37,55,67,12.1,48.4,11.3,53,1,20
2026-08-11 13:06:47,36,57,68,12.2,48.2,11.4,53,1,20
2026-08-11 13:11:48,40,62,74,12.2,48.4,11.5,52.9,1,20
2026-08-11 13:16:48,38,58,69,12.3,48.2,11.6,52.8,1,20
2026-08-11 13:21:48,38,61,73,12.4,48,11.7,52.6,1,20
2026-08-11 13:26:48,38,59,70,12.4,48.1,11.8,52.5,1,20
2026-08-11 13:31:48,37,59,72,12.5,48.2,11.9,52.4,1,20
2026-08-11 13:36:48,39,61,74,12.6,48.3,12.1,52.4,1,20
2026-08-11 13:41:47,37,60,72,12.8,48.2,12.3,52.2,1,20
2026-08-11 13:46:48,37,57,67,12.9,47.7,12.5,51.7,1,20
2026-08-11 13:51:48,38,58,70,13.1,47.7,12.7,51.5,1,20
2026-08-11 13:56:48,38,58,71,13.2,46.9,12.9,50.8,1,20
2026-08-11 14:01:48,37,55,64,13.4,46.7,13.1,50.7,1,20
2026-08-11 14:06:48,36,56,68,13.6,46.4,13.3,50.4,1,20
2026-08-11 14:11:47,37,57,68,13.8,45.9,13.4,49.7,1,20
2026-08-11 14:16:48,37,57,69,13.9,45.6,13.6,49.7,1,20
2026-08-11 14:21:48,36,56,68,14,45.1,13.8,49,1,20
2026-08-11 14:26:48,35,57,68,14.1,44.8,13.9,48.7,1,20
2026-08-11 14:31:48,35,55,68,14.2,44.6,14,48.6,1,20
2026-08-11 14:36:48,35,55,65,14.3,44.4,14.1,48.5,1,20
2026-08-11 14:41:48,37,57,68,14.4,44.1,14.1,48.1,1,20
2026-08-11 14:46:47,40,64,77,14.4,44,14.2,47.8,1,20
2026-08-11 14:51:48,36,57,68,14.5,43.6,14.2,47.4,1,20
2026-08-11 14:56:48,36,56,68,14.5,43.4,14.3,47.1,1,20
2026-08-11 15:01:48,37,55,65,14.5,43.4,14.2,47.4,1,20
2026-08-11 15:06:48,37,57,68,14.5,43.2,14.2,46.9,1,20
2026-08-11 15:11:48,35,56,66,14.5,43.3,14.2,46.7,1,20
2026-08-11 15:16:48,35,54,65,14.5,42.9,14.2,46.9,1,20
2026-08-11 15:21:48,35,55,66,14.5,42.7,14.2,46.6,1,20
2026-08-11 15:26:48,37,57,69,14.5,42.9,14.2,47,1,20
2026-08-11 15:31:48,36,54,63,14.4,43,14.1,46.9,1,20
2026-08-11 15:36:48,37,57,68,14.5,42.9,14.2,46.9,1,20
2026-08-11 15:41:48,36,56,67,14.4,43.1,14.2,47,1,20
2026-08-11 15:46:48,36,56,67,14.4,43,14.2,46.9,1,17
2026-08-11 15:51:48,38,59,72,14.5,43,14.2,46.8,1,17
2026-08-11 15:56:48,41,64,78,14.5,43,14.2,47,1,20
2026-08-11 16:01:48,40,61,76,14.5,43.1,14.2,46.8,1,20
2026-08-11 16:06:48,38,59,71,14.5,43,14.2,46.8,1,20
2026-08-11 16:11:48,39,59,74,14.5,43.2,14.3,47,1,20
2026-08-11 16:16:48,40,60,73,14.6,43.1,14.3,47,1,17
2026-08-11 16:21:48,40,61,74,14.6,42.9,14.3,46.7,1,17
2026-08-11 16:26:48,39,60,73,14.6,42.7,14.3,46.5,1,20
2026-08-11 16:31:48,41,61,75,14.6,42.7,14.3,46.2,1,20
2026-08-11 16:36:48,40,62,76,14.5,42.7,14.2,46.5,1,20
2026-08-11 16:41:48,41,62,75,14.5,42.8,14.2,46.5,1,20
2026-08-11 16:46:48,40,61,74,14.5,42.4,14.2,46.3,1,20
2026-08-11 16:51:48,40,62,76,14.5,42.5,14.2,46.1,1,20
2026-08-11 16:56:48,40,64,77,14.5,42.5,14.2,46.1,1,20
2026-08-11 17:01:48,42,66,82,14.5,42.8,14.1,46.4,1,20
2026-08-11 17:06:48,41,64,78,14.4,42.8,14.1,46.3,1,19
2026-08-11 17:11:48,43,71,84,14.4,42.7,14.1,46.4,1,19
2026-08-11 17:16:48,42,66,81,14.4,42.6,14.1,46.3,1,19
2026-08-11 17:21:48,42,66,79,14.4,42.7,14.1,46.4,1,19
2026-08-11 17:26:48,43,65,81,14.4,42.7,14,46.3,1,19
2026-08-11 17:31:48,42,65,79,14.3,42.8,14,46.3,1,19
2026-08-11 17:36:48,40,63,77,14.3,42.8,14,46.3,1,19
2026-08-11 17:41:48,41,62,75,14.3,42.8,13.9,46.3,1,19
2026-08-11 17:46:48,42,64,78,14.3,42.7,13.9,46.2,1,19
2026-08-11 17:51:48,41,62,76,14.2,42.7,13.8,46.2,1,19
2026-08-11 17:56:48,41,64,79,14.2,42.7,13.8,46.4,1,19
2026-08-11 18:01:48,42,64,78,14.2,42.9,13.7,46.5,1,19
2026-08-11 18:06:48,41,64,78,14.2,42.9,13.7,46.4,1,19
2026-08-11 18:11:48,40,63,76,14.1,42.8,13.6,46.4,1,19
2026-08-11 18:16:48,41,63,78,14.1,42.7,13.6,46.4,1,19
2026-08-11 18:21:48,42,65,80,14,43,13.5,46.6,1,19
2026-08-11 18:26:48,40,64,78,13.9,43,13.5,46.7,1,19
2026-08-11 18:31:49,41,64,78,13.9,42.9,13.4,46.6,1,19
2026-08-11 18:36:48,41,59,72,13.9,43.2,13.4,46.9,1,19
2026-08-11 18:41:49,41,62,76,13.9,43.3,13.3,46.9,1,19
2026-08-11 18:46:48,41,64,78,13.8,43.2,13.3,46.9,1,19
2026-08-11 18:51:49,39,60,75,13.8,43.4,13.2,47.1,1,19
2026-08-11 18:56:49,39,61,75,13.7,43.5,13.1,47.2,1,19
2026-08-11 19:01:48,40,62,75,13.7,43.7,13.1,47.4,1,19
2026-08-11 19:06:48,40,63,76,13.7,43.8,13,47.5,1,19
2026-08-11 19:11:48,39,63,75,13.6,43.7,13,47.5,1,19
2026-08-11 19:16:49,40,62,76,13.5,43.8,12.9,47.6,1,19
2026-08-11 19:21:48,38,60,72,13.5,44,12.9,47.8,1,19
2026-08-11 19:26:49,40,61,74,13.4,44.2,12.9,48,1,19
2026-08-11 19:31:48,42,66,82,13.4,44.2,12.9,48,1,19
2026-08-11 19:36:49,41,64,76,13.4,44.2,12.8,47.9,1,19
2026-08-11 19:41:48,42,65,79,13.4,44.1,12.8,48,1,19
2026-08-11 19:46:48,41,63,77,13.3,44.2,12.8,48.1,1,19
2026-08-11 19:51:49,39,60,74,13.3,44.2,12.7,48.1,1,19
2026-08-11 19:56:49,37,60,71,13.2,44.2,12.6,48,1,19
2026-08-11 20:01:49,38,61,74,13.1,44.3,12.6,48.2,1,19
2026-08-11 20:06:48,38,61,73,13.1,44.3,12.5,48.2,1,19
2026-08-11 20:11:49,38,61,72,13.1,44.3,12.4,48.3,1,19
2026-08-11 20:16:49,40,64,78,13,44.7,12.4,48.5,1,19
2026-08-11 20:21:49,39,61,73,13,44.8,12.3,48.7,1,19
2026-08-11 20:26:49,43,67,82,12.9,44.7,12.2,48.8,1,19
2026-08-11 20:31:49,39,60,73,12.8,44.9,12.2,49,1,19
2026-08-11 20:36:49,38,61,73,12.8,45,12.1,49.1,1,19
2026-08-11 20:41:49,40,62,75,12.7,45.1,12.1,49.2,1,19
2026-08-11 20:46:48,38,60,73,12.7,45.2,12,49.3,1,19
2026-08-11 20:51:49,38,60,74,12.6,45.3,11.9,49.4,1,19
2026-08-11 20:56:49,39,62,74,12.6,45.5,11.9,49.6,1,19
2026-08-11 21:01:49,38,61,73,12.5,45.8,11.8,50,1,19
2026-08-11 21:06:49,39,61,73,12.5,45.8,11.8,50,1,19
2026-08-11 21:11:49,39,60,71,12.5,45.7,11.7,50,1,19
2026-08-11 21:16:49,39,60,73,12.5,45.9,11.6,50.2,1,19
2026-08-11 21:21:49,39,60,73,12.4,46,11.6,50.4,1,19
2026-08-11 21:26:49,40,61,73,12.4,46,11.5,50.5,1,19
2026-08-11 21:31:49,40,61,73,12.3,46.1,11.5,50.5,1,19
2026-08-11 21:36:49,39,60,72,12.3,46,11.4,50.7,1,19
2026-08-11 21:41:49,39,60,72,12.2,46.2,11.4,50.7,1,19
2026-08-11 21:46:49,37,62,74,12.3,46.4,11.4,50.9,1,19
2026-08-11 21:51:49,38,60,71,12.2,46.6,11.3,51,1,19
2026-08-11 21:56:49,39,60,73,12.1,46.9,11.3,51.2,1,19
2026-08-11 22:01:49,39,60,71,12.1,46.8,11.3,51.3,1,19
2026-08-11 22:06:49,39,60,71,12.1,46.7,11.2,51.2,1,19
2026-08-11 22:11:49,38,59,71,12.1,46.9,11.2,51.2,1,19
2026-08-11 22:16:49,38,59,72,12,46.8,11.2,51.4,1,19
2026-08-11 22:21:49,37,60,71,12,47.2,11.1,51.4,1,19
2026-08-11 22:26:49,38,57,72,12,47.1,11.1,51.5,1,19
2026-08-11 22:31:49,39,60,72,11.9,47.3,11,51.3,1,19
2026-08-11 22:36:49,37,60,73,11.9,47.2,11,51.5,1,19
2026-08-11 22:41:49,38,59,71,11.9,47.3,11,51.5,1,19
2026-08-11 22:46:49,36,59,69,11.9,47.1,10.9,51.6,1,19
2026-08-11 22:51:49,37,59,70,11.9,47.2,10.9,51.7,1,19
2026-08-11 22:56:49,39,59,73,11.9,47.2,10.9,51.7,1,19
2026-08-11 23:01:49,38,58,69,11.8,47.3,10.8,51.8,1,19
2026-08-11 23:06:49,38,60,72,11.8,47.4,10.8,51.8,1,19
2026-08-11 23:11:49,38,59,71,11.8,47.2,10.8,51.8,1,19
2026-08-11 23:16:49,38,60,72,11.8,47.3,10.7,51.9,1,19
2026-08-11 23:21:49,37,59,70,11.7,47.6,10.7,52,1,19
2026-08-11 23:26:49,36,59,69,11.7,47.6,10.7,51.9,1,19
2026-08-11 23:31:50,37,61,73,11.7,47.6,10.7,52,1,19
2026-08-11 23:36:49,38,59,69,11.7,47.5,10.7,52.2,1,19
2026-08-11 23:41:49,37,58,70,11.7,47.6,10.7,52.2,1,19
2026-08-11 23:46:49,39,59,70,11.6,47.7,10.6,52.4,1,19
2026-08-11 23:51:49,38,59,71,11.6,47.9,10.6,52.3,1,19
2026-08-11 23:56:49,40,62,72,11.6,48.1,10.5,52.7,1,19
2026-08-12 00:01:49,38,61,74,11.6,48,10.5,52.7,1,19
2026-08-12 00:06:49,37,58,70,11.6,48.2,10.5,52.9,1,19
2026-08-12 00:11:49,37,58,70,11.6,48.2,10.5,52.9,1,19
2026-08-12 00:16:49,37,59,71,11.6,48.3,10.5,52.9,1,19
2026-08-12 00:21:49,38,61,72,11.5,48.3,10.5,53.2,1,19
2026-08-12 00:26:49,37,59,71,11.5,48.4,10.5,53,1,19
2026-08-12 00:31:49,37,58,72,11.5,48.3,10.5,53,1,19
2026-08-12 00:36:49,38,60,70,11.5,48.2,10.5,53,1,19
2026-08-12 00:41:49,37,59,71,11.5,48.4,10.4,53.1,1,19
2026-08-12 00:46:49,39,60,74,11.5,48.3,10.4,53.2,1,19
2026-08-12 00:51:49,37,55,66,11.5,48.4,10.4,53.2,1,19
2026-08-12 00:56:49,37,58,68,11.5,48.5,10.4,53.4,1,19
2026-08-12 01:01:49,37,58,69,11.5,48.7,10.4,53.3,1,19
2026-08-12 01:06:49,37,59,71,11.5,48.6,10.4,53.4,1,19
2026-08-12 01:11:49,37,57,67,11.5,48.6,10.4,53.2,1,19
2026-08-12 01:16:49,38,59,70,11.5,48.6,10.4,53.6,1,19
2026-08-12 01:21:49,37,59,68,11.5,48.5,10.4,53.2,1,19
2026-08-12 01:26:49,37,59,71,11.5,48.6,10.4,53.7,1,19
2026-08-12 01:31:49,38,60,71,11.5,48.5,10.4,53.4,1,19
2026-08-12 01:36:50,37,59,71,11.4,48.6,10.4,53.6,1,19
2026-08-12 01:41:49,37,58,69,11.5,48.5,10.3,53.5,1,19
2026-08-12 01:46:49,38,60,70,11.4,48.4,10.3,53.4,1,19
2026-08-12 01:51:49,37,56,67,11.4,48.6,10.3,53.3,1,19
2026-08-12 01:56:49,37,59,70,11.4,48.7,10.3,53.5,1,19
2026-08-12 02:01:50,39,59,71,11.3,48.6,10.2,53.8,1,19
2026-08-12 02:06:49,39,62,74,11.3,48.7,10.2,53.6,1,19
2026-08-12 02:11:50,37,57,68,11.3,48.8,10.2,53.7,1,19
2026-08-12 02:16:49,37,60,71,11.3,48.6,10.2,53.5,1,19
2026-08-12 02:21:50,36,56,65,11.3,48.6,10.2,53.4,1,19
2026-08-12 02:26:50,37,57,68,11.3,48.5,10.1,53.5,1,19
2026-08-12 02:31:50,37,56,66,11.3,48.5,10.1,53.6,1,19
2026-08-12 02:36:50,34,57,67,11.3,48.6,10.1,53.7,1,19
2026-08-12 02:41:49,37,57,69,11.3,48.7,10.1,53.6,1,19
2026-08-12 02:46:49,37,59,71,11.2,48.6,10,53.8,1,19
2026-08-12 02:51:49,39,59,70,11.2,48.6,10,53.7,1,19
2026-08-12 02:56:50,38,60,71,11.2,48.6,10,53.7,1,19
2026-08-12 03:01:49,37,59,68,11.2,48.7,10,53.8,1,19
2026-08-12 03:06:50,37,56,65,11.2,48.8,10,53.8,1,19
2026-08-12 03:11:50,37,57,68,11.1,48.8,9.9,53.9,1,19
2026-08-12 03:16:50,37,58,69,11.1,48.7,9.9,53.9,1,19
2026-08-12 03:21:50,37,57,68,11.1,48.8,9.9,53.9,1,19
2026-08-12 03:26:50,35,55,66,11.1,48.8,9.9,54,1,19
2026-08-12 03:31:50,38,60,71,11.1,48.7,9.9,53.9,1,19
2026-08-12 03:36:50,36,58,69,11.1,48.9,9.9,53.9,1,19
2026-08-12 03:41:50,38,57,68,11.1,48.8,9.8,54.2,1,19
2026-08-12 03:46:50,36,54,65,11.1,48.9,9.8,54.3,1,19
2026-08-12 03:51:50,34,56,65,11,49,9.8,54.2,1,19
2026-08-12 03:56:50,37,57,69,11.1,49.1,9.8,54.2,1,19
2026-08-12 04:01:50,36,55,66,11,49,9.8,54.2,1,19
2026-08-12 04:06:50,37,57,67,11,49,9.8,54.4,1,19
2026-08-12 04:11:50,36,57,68,11,49,9.8,54.5,1,19
2026-08-12 04:16:50,37,59,70,11,49.2,9.8,54.5,1,19
2026-08-12 04:21:50,38,57,68,11,49.2,9.7,54.4,1,19
2026-08-12 04:26:50,37,58,67,11,49.6,9.8,54.6,1,19
2026-08-12 04:31:50,37,58,69,11,49.6,9.8,54.6,1,19
2026-08-12 04:36:50,38,57,68,11,49.5,9.8,54.5,1,19
2026-08-12 04:41:50,37,57,67,11,49.5,9.8,54.7,1,19
2026-08-12 04:46:50,37,59,69,11,49.5,9.8,54.8,1,19
2026-08-12 04:51:50,34,57,67,11,49.7,9.8,54.8,1,19
2026-08-12 04:56:50,36,61,73,11,49.7,9.8,54.9,1,19
2026-08-12 05:01:50,36,57,67,11,49.8,9.9,54.8,1,19
2026-08-12 05:06:50,36,55,66,11.1,49.7,9.9,54.8,1,19
2026-08-12 05:11:50,37,58,70,11.1,49.6,9.9,54.9,1,19
2026-08-12 05:16:50,37,59,71,11.1,49.7,9.9,54.8,1,19
2026-08-12 05:21:50,37,58,69,11.1,49.6,9.9,54.7,1,19
2026-08-12 05:26:50,37,58,68,11.1,49.8,10,55,1,19
2026-08-12 05:31:50,37,60,71,11.2,49.6,10,55,1,19
2026-08-12 05:36:50,37,59,69,11.2,49.7,10,54.9,1,19
2026-08-12 05:41:50,37,58,68,11.2,49.6,10.1,54.8,1,19
2026-08-12 05:46:50,37,59,70,11.2,49.6,10.1,54.9,1,19
2026-08-12 05:51:50,37,58,70,11.2,49.7,10.1,54.9,1,19
2026-08-12 05:56:50,37,59,69,11.2,49.7,10.1,54.8,1,19
2026-08-12 06:01:50,34,56,66,11.2,49.6,10.1,54.6,1,19
2026-08-12 06:06:50,37,59,71,11.3,49.6,10.2,54.8,1,19
2026-08-12 06:11:50,36,58,67,11.3,49.6,10.2,54.6,1,19
2026-08-12 06:16:50,37,56,69,11.3,49.5,10.2,54.6,1,19
2026-08-12 06:21:50,37,58,70,11.3,49.5,10.2,54.5,1,19
2026-08-12 06:26:50,37,58,70,11.3,49.4,10.2,54.5,1,19
2026-08-12 06:31:50,37,59,71,11.3,49.2,10.3,54.4,1,19
2026-08-12 06:36:50,37,57,66,11.4,49.2,10.3,54.4,1,19
2026-08-12 06:41:50,35,56,67,11.3,49.4,10.3,54.3,1,19
2026-08-12 06:46:50,38,58,70,11.3,49.5,10.3,54.6,1,19
2026-08-12 06:51:50,34,56,67,11.4,49.6,10.3,54.7,1,19
2026-08-12 06:56:51,37,57,66,11.4,49.5,10.3,54.8,1,19
2026-08-12 07:01:50,37,58,69,11.4,49.5,10.2,54.8,1,19
2026-08-12 07:06:50,37,58,67,11.3,49.5,10.2,54.6,1,19
2026-08-12 07:11:50,37,58,69,11.3,49.6,10.2,54.7,1,19
2026-08-12 07:16:51,37,57,68,11.3,49.5,10.1,54.8,1,19
2026-08-12 07:21:50,37,60,70,11.3,49.5,10.1,54.8,1,19
2026-08-12 07:26:50,37,59,68,11.3,49.5,10.1,54.8,1,19
2026-08-12 07:31:51,36,57,71,11.3,49.4,10.1,54.6,1,19
2026-08-12 07:36:50,37,59,71,11.2,49.3,10,54.7,1,19
2026-08-12 07:41:50,38,59,69,11.2,49.4,10,54.9,1,19
2026-08-12 07:46:50,34,54,62,11.2,49.4,10,54.7,1,19
2026-08-12 07:51:51,37,59,71,11.2,49.5,10,54.8,1,19
2026-08-12 07:56:50,37,59,70,11.2,49.5,10,54.8,1,19
2026-08-12 08:01:51,37,59,70,11.2,49.3,10,54.7,1,19
2026-08-12 08:06:50,37,59,69,11.2,49.6,10,54.8,1,19
2026-08-12 08:11:51,37,59,71,11.2,49.6,10,54.9,1,19
2026-08-12 08:16:50,36,58,68,11.2,49.5,10.1,54.9,1,19
2026-08-12 08:21:50,37,58,67,11.2,49.6,10.1,54.8,1,19
2026-08-12 08:26:50,37,59,71,11.2,49.8,10.1,54.9,1,19
2026-08-12 08:31:50,37,60,72,11.3,49.7,10.2,55,1,19
2026-08-12 08:36:51,37,59,71,11.3,49.5,10.2,54.8,1,19
2026-08-12 08:41:51,38,59,72,11.3,49.5,10.3,54.7,1,19
2026-08-12 08:46:50,37,60,73,11.4,49.6,10.3,54.8,1,19
2026-08-12 08:51:51,36,57,68,11.4,49.4,10.4,54.5,1,19
2026-08-12 08:56:51,37,57,69,11.5,49.4,10.5,54.6,1,19
2026-08-12 09:01:51,37,60,70,11.5,49.4,10.6,54.6,1,19
2026-08-12 09:06:51,38,61,73,11.6,49.7,10.6,54.9,1,19
2026-08-12 09:11:51,37,62,75,11.7,49.7,10.7,54.8,1,19
2026-08-12 09:16:51,38,60,72,11.8,49.9,10.8,54.8,1,19
2026-08-12 09:21:50,37,60,70,11.9,49.8,10.9,54.6,1,19
2026-08-12 09:26:51,40,64,76,11.9,49.7,11,54.6,1,19
2026-08-12 09:31:50,40,66,80,12,49.4,11.1,54.3,1,19
2026-08-12 09:36:51,37,59,72,12,49,11.2,54,1,19
2026-08-12 09:41:51,38,63,75,12.1,49.2,11.2,53.9,1,19
2026-08-12 09:46:51,37,61,73,12.1,48.9,11.3,53.6,1,19
2026-08-12 09:51:51,38,60,73,12.2,48.7,11.4,53.5,1,19
2026-08-12 09:56:50,38,60,72,12.3,48.6,11.5,53.4,1,19
2026-08-12 10:01:51,37,59,72,12.3,48.6,11.6,53.3,1,19
2026-08-12 10:06:51,37,59,71,12.4,48.4,11.6,53.2,1,19
2026-08-12 10:09:27,26,42,49,12.4,48.5,11.6,53.2,1,13
2026-08-12 10:14:28,38,63,77,12.4,48.6,11.8,53.2,1,19
2026-08-12 10:19:28,37,59,72,12.5,48.6,11.9,53,1,19
2026-08-12 10:24:27,39,62,75,12.7,48.6,12.1,53,1,19
2026-08-12 10:29:27,39,64,76,12.8,48.4,12.2,52.8,1,19
2026-08-12 10:34:27,37,62,77,13,48.3,12.3,52.6,1,19
2026-08-12 10:39:27,38,62,74,13.1,47.7,12.5,52,1,19
2026-08-12 10:44:27,38,61,76,13.2,47.6,12.6,52.1,1,19
2026-08-12 10:49:27,38,62,75,13.3,47.6,12.7,51.9,1,19
2026-08-12 10:54:27,38,60,74,13.4,47.7,12.8,52.2,1,19
2026-08-12 10:59:27,43,68,83,13.6,48,13,52.3,1,19
2026-08-12 11:04:27,36,57,68,13.7,47.9,13.1,52.2,1,19
2026-08-12 11:09:27,35,57,70,13.8,48.1,13.4,52.2,1,19
2026-08-12 11:14:27,35,55,67,14,48.3,13.6,52.2,1,19
2026-08-12 11:19:27,33,53,63,14.1,48.4,13.9,52.1,1,19
2026-08-12 11:24:27,28,45,51,14.3,47.9,14.2,51.4,1,19
2026-08-12 11:29:27,27,40,46,14.5,47.8,14.5,51.2,1,19
2026-08-12 11:34:27,21,29,29,14.8,46.9,14.9,49.9,1,19
2026-08-12 11:39:27,28,44,50,15.1,46.7,15.3,49.7,0,19
2026-08-12 11:44:27,26,39,45,15.4,46.2,15.7,48.6,0,19
2026-08-12 11:49:27,23,37,39,15.7,45.6,16.1,47.5,0,19
2026-08-12 11:54:27,30,49,59,16,44.7,16.5,47.2,0,19
2026-08-12 11:59:28,36,56,66,16.3,44.3,16.9,46.2,0,19
2026-08-12 12:04:27,34,54,66,16.6,43.7,17.3,45.7,0,19
2026-08-12 12:09:27,33,53,63,16.9,43.2,17.6,43.7,0,20
2026-08-12 12:14:27,32,52,64,17.2,42.9,18,44.7,0,20
2026-08-12 12:19:28,34,55,65,17.4,42.4,18.3,43.4,0,20
2026-08-12 12:24:27,31,52,63,17.7,42.1,18.6,43.8,0,20
2026-08-12 12:29:27,33,51,62,17.9,41.7,19,43.1,0,20
2026-08-12 12:34:27,38,58,70,18.2,41.1,19.3,41.3,0,20
2026-08-12 12:39:28,38,59,72,18.4,40.6,19.6,41,0,20
2026-08-12 12:44:28,36,55,67,18.6,40.1,19.9,41.4,0,20
2026-08-12 12:49:28,36,55,68,18.9,39.7,20.1,40.6,0,20
2026-08-12 12:54:28,36,54,66,19,39.3,20.4,40.5,0,20
2026-08-12 12:59:28,37,60,73,19.2,39,20.6,39.9,0,20
2026-08-12 13:04:27,37,57,69,19.4,38.4,20.8,39.8,0,20
2026-08-12 13:09:28,35,57,71,19.6,38.1,21,38.2,0,20
2026-08-12 13:14:28,37,57,70,19.7,38.1,21.2,39.5,0,20
2026-08-12 13:19:27,36,55,67,19.9,37.8,21.4,39.5,0,20
2026-08-12 13:24:28,35,54,67,20,37.4,21.5,37.4,0,20
2026-08-12 13:29:27,35,54,66,20.2,37.3,21.7,38.4,0,20
2026-08-12 13:34:28,35,55,66,20.3,36.8,21.8,37.1,0,20
2026-08-12 13:39:28,35,59,70,20.3,36.9,21.9,37,0,20
2026-08-12 13:44:28,35,57,70,20.5,36.9,22,38.4,0,20
2026-08-12 13:49:28,37,62,73,20.5,36.2,22.1,36,0,20
2026-08-12 13:54:28,35,61,72,20.6,36.1,22.2,36.7,0,20
2026-08-12 13:59:28,35,60,70,20.7,36.1,22.4,37.3,0,20
2026-08-12 14:04:28,37,62,72,20.8,35.5,22.4,36.7,0,20
2026-08-12 14:09:28,35,56,69,20.9,35.8,22.5,37.3,0,20
2026-08-12 14:14:28,36,57,70,20.9,35.5,22.5,35.9,0,20
2026-08-12 14:19:28,38,65,75,21,35.5,22.6,36.4,0,20
2026-08-12 14:24:28,37,61,71,21,35.3,22.7,36.6,0,20
2026-08-12 14:29:28,36,60,70,21.2,35.4,22.9,36.9,0,20
2026-08-12 14:34:28,41,69,76,21.3,34.8,23,35.9,0,20
2026-08-12 14:39:28,42,68,75,21.4,34.7,23.1,36.3,0,20
2026-08-12 14:44:28,43,72,78,21.5,34.8,23.1,36.3,0,20
2026-08-12 14:49:28,44,74,80,21.4,34.7,23,36.1,0,20
2026-08-12 14:54:28,47,80,81,21.4,34.3,22.9,36.3,0,20
2026-08-12 14:59:28,51,87,89,21.3,34.3,22.8,36.1,0,20
2026-08-12 15:04:28,47,80,82,21.2,34.4,22.6,36.3,0,20
2026-08-12 15:09:28,49,80,83,21.1,34.7,22.5,36.6,0,20
2026-08-12 15:14:28,49,85,86,21,34.6,22.4,36.6,0,20
2026-08-12 15:19:28,52,84,87,20.9,34.5,22.2,36.3,0,20
2026-08-12 15:24:28,48,81,83,20.8,34.8,22.1,36.7,0,20
2026-08-12 15:29:28,54,91,93,20.7,34.5,21.9,36.6,0,20
2026-08-12 15:34:28,51,84,88,20.6,34.6,21.8,36.5,0,20
2026-08-12 15:39:28,54,91,95,20.5,35.1,21.6,37,0,20
2026-08-12 15:44:28,52,86,88,20.3,35,21.5,37.2,0,20
2026-08-12 15:49:28,52,86,87,20.3,35.3,21.4,37.1,0,20
2026-08-12 15:54:28,54,90,92,20.2,35.3,21.3,37.4,0,20
2026-08-12 15:59:28,54,90,92,20.1,35.5,21.1,37.5,0,20
2026-08-12 16:04:28,56,96,100,20,35.5,21.1,37.2,0,20
2026-08-12 16:09:28,52,89,90,20,35.7,21,37.6,0,20
2026-08-12 16:14:28,51,86,88,19.9,35.9,20.9,37.5,0,20
2026-08-12 16:19:28,52,92,93,19.8,35.7,20.8,37.8,0,20
2026-08-12 16:24:29,53,90,91,19.8,36,20.7,37.9,0,20
2026-08-12 16:29:28,59,96,100,19.7,36.2,20.6,38,0,20
2026-08-12 16:34:28,53,93,96,19.6,36.2,20.6,37.9,0,20
2026-08-12 16:39:28,54,91,93,19.5,36.2,20.5,37.8,0,20
2026-08-12 16:44:28,56,94,96,19.5,36.3,20.4,37.9,0,20
2026-08-12 16:49:28,53,90,92,19.4,36.3,20.4,37.9,0,20
2026-08-12 16:54:28,55,95,97,19.4,36.5,20.3,38.1,0,20
2026-08-12 16:59:28,58,97,102,19.3,36.3,20.2,38,0,20
2026-08-12 17:04:28,56,93,96,19.3,36.3,20.1,38.1,0,20
2026-08-12 17:09:28,55,98,101,19.2,36.6,20,38.1,0,20
2026-08-12 17:14:28,54,96,97,19.1,36.2,19.9,38,0,20
2026-08-12 17:19:28,56,97,98,19,36.3,19.8,38,0,20
2026-08-12 17:24:28,54,95,98,18.9,36.3,19.7,38.1,0,20
2026-08-12 17:29:29,54,90,94,18.9,36.5,19.6,38.5,0,20
2026-08-12 17:34:29,52,88,90,18.8,36.9,19.5,38.6,0,20
2026-08-12 17:39:28,54,88,93,18.7,36.9,19.4,38.6,0,20
2026-08-12 17:44:29,54,88,91,18.6,37,19.4,38.8,0,20
2026-08-12 17:49:28,53,93,95,18.6,37.3,19.3,38.9,0,20
2026-08-12 17:54:29,53,86,89,18.6,37.2,19.2,39,0,20
2026-08-12 17:59:28,51,89,93,18.5,37.2,19.1,39.1,0,20
2026-08-12 18:04:29,50,88,92,18.5,37.4,19,39.2,0,20
2026-08-12 18:09:28,53,92,95,18.4,37.4,19,39.3,0,20
2026-08-12 18:14:28,53,92,95,18.4,37.5,18.9,39.4,0,20
2026-08-12 18:19:29,53,95,96,18.3,37.7,18.8,39.5,0,20
2026-08-12 18:24:29,55,96,99,18.3,37.8,18.8,39.7,0,20
2026-08-12 18:29:28,53,94,96,18.2,38.2,18.7,40,0,20
2026-08-12 18:34:29,53,95,97,18.1,38.4,18.6,40.3,0,20
2026-08-12 18:39:29,57,92,96,18.1,38.5,18.5,40.3,0,20
2026-08-12 18:44:29,57,104,106,18,38.5,18.4,40.4,0,20
2026-08-12 18:49:29,56,97,99,17.9,38.9,18.3,40.7,0,20
2026-08-12 18:54:28,53,92,96,17.9,39,18.3,40.8,1,20
2026-08-12 18:59:28,52,90,94,17.8,39,18.2,41.1,1,20
2026-08-12 19:04:28,51,86,88,17.7,39.6,18.1,41.4,1,20
2026-08-12 19:09:29,49,85,88,17.7,39.6,18.1,41.4,1,20
2026-08-12 19:14:29,50,86,88,17.6,39.8,18,41.6,1,20
2026-08-12 19:19:28,49,84,88,17.6,39.9,18,41.6,1,20
2026-08-12 19:24:29,52,83,87,17.6,40.1,17.9,41.8,1,20
2026-08-12 19:29:29,48,85,89,17.5,40,17.8,41.8,1,20
2026-08-12 19:34:29,45,81,87,17.5,40.3,17.7,42,1,20
2026-08-12 19:39:28,46,81,87,17.4,40.4,17.7,42,1,20
2026-08-12 19:44:29,45,78,84,17.3,40.4,17.6,42.1,1,20
2026-08-12 19:49:29,48,77,85,17.3,40.5,17.5,42.3,1,20
2026-08-12 19:54:28,46,78,86,17.2,40.4,17.4,42.4,1,20
2026-08-12 19:59:29,43,73,82,17.2,40.7,17.4,42.6,1,20
2026-08-12 20:04:29,44,78,86,17.1,40.8,17.3,42.7,1,20
2026-08-12 20:09:29,40,70,81,17,40.8,17.2,42.8,1,20
2026-08-12 20:14:28,43,75,84,17,40.8,17.2,42.7,1,20
2026-08-12 20:19:29,42,74,84,16.9,40.8,17.1,42.8,1,20
2026-08-12 20:24:29,43,75,83,16.8,40.7,17,42.9,1,20
2026-08-12 20:29:29,46,84,88,16.8,40.8,17,42.9,1,20
2026-08-12 20:34:29,46,81,88,16.8,40.9,16.9,43.1,1,20
2026-08-12 20:39:29,44,78,85,16.7,41,16.9,43.2,1,20
2026-08-12 20:44:29,46,77,86,16.7,41.2,16.8,43.5,1,20
2026-08-12 20:49:29,41,70,81,16.6,41.6,16.8,43.7,1,20
2026-08-12 20:54:29,40,70,82,16.6,41.3,16.7,43.6,1,20
2026-08-12 20:59:29,39,65,79,16.6,41.5,16.6,43.7,1,20
2026-08-12 21:04:29,38,60,74,16.5,41.4,16.6,43.7,1,20
2026-08-12 21:09:29,39,67,78,16.5,41.5,16.5,43.7,1,20
2026-08-12 21:14:29,38,64,77,16.4,41.7,16.5,43.9,1,20
2026-08-12 21:19:29,36,60,74,16.4,41.7,16.4,44.1,1,20
2026-08-12 21:24:29,37,59,73,16.4,41.6,16.4,43.9,1,20
2026-08-12 21:29:29,37,59,72,16.3,41.9,16.3,44.2,1,20
2026-08-12 21:34:29,35,56,70,16.3,41.8,16.2,44.2,1,20
2026-08-12 21:39:29,35,56,67,16.2,41.8,16.2,44.3,1,20
2026-08-12 21:44:29,34,54,65,16.2,41.8,16.1,44.3,1,20
2026-08-12 21:49:29,30,50,58,16.1,41.6,16.1,44.1,1,20
2026-08-12 21:54:29,32,50,59,16.1,41.7,16,44.3,1,20
2026-08-12 21:59:29,32,50,61,16.1,42.1,16,44.5,1,20
2026-08-12 22:04:29,26,43,50,16,42,15.9,44.5,1,20
2026-08-12 22:09:29,29,48,56,15.9,42,15.9,44.4,1,20
2026-08-12 22:14:29,32,51,59,15.9,41.9,15.8,44.4,1,20
2026-08-12 22:19:29,31,50,59,15.9,42,15.8,44.5,1,20
2026-08-12 22:24:29,30,48,57,15.8,42.4,15.8,44.7,1,20
2026-08-12 22:29:29,28,48,56,15.8,42.3,15.7,44.8,1,20
2026-08-12 22:34:29,27,41,48,15.7,42.5,15.7,44.9,1,20
2026-08-12 22:39:29,25,41,44,15.7,42.2,15.7,44.7,1,20
2026-08-12 22:44:29,26,39,45,15.7,42.1,15.6,44.7,1,20
2026-08-12 22:49:29,25,38,43,15.7,42,15.6,44.6,1,20
2026-08-12 22:54:29,23,39,44,15.7,42.2,15.6,44.7,1,20
2026-08-12 22:59:29,24,38,44,15.7,42.4,15.6,45,1,20
2026-08-12 23:04:29,25,40,44,15.6,42.4,15.6,44.9,1,20
2026-08-12 23:09:30,24,38,42,15.7,42.5,15.6,45,1,20
2026-08-12 23:14:29,26,43,50,15.7,42.6,15.6,45.1,1,20
2026-08-12 23:19:29,26,41,44,15.7,42.7,15.6,45.1,1,20
2026-08-12 23:24:29,25,39,42,15.7,42.5,15.6,45.2,1,20
2026-08-12 23:29:30,24,37,39,15.7,42.7,15.6,45.2,1,20
2026-08-12 23:34:29,21,35,35,15.7,42.6,15.6,45.1,1,20
2026-08-12 23:39:29,16,27,29,15.7,42.5,15.6,44.9,1,20
2026-08-12 23:44:29,13,29,30,15.6,42.4,15.6,44.9,1,20
2026-08-12 23:49:29,12,28,28,15.6,42.4,15.6,44.9,1,20
2026-08-12 23:54:29,13,23,23,15.6,42.1,15.5,44.7,1,20
2026-08-12 23:59:29,10,25,25,15.6,42.1,15.5,44.8,1,20
2026-08-13 00:04:29,8,19,20,15.6,41.9,15.5,44.7,1,20
2026-08-13 00:09:29,9,21,23,15.6,42.1,15.5,44.7,1,20
2026-08-13 00:14:29,8,21,21,15.5,42.1,15.5,44.8,1,20
2026-08-13 00:19:29,6,17,19,15.5,42.1,15.4,44.8,1,20
2026-08-13 00:24:29,7,14,15,15.5,42.2,15.4,44.9,1,20
2026-08-13 00:29:29,6,15,15,15.5,42.2,15.4,44.9,1,20
2026-08-13 00:34:29,5,12,14,15.5,42.2,15.4,44.8,1,20
2026-08-13 00:39:29,4,9,9,15.5,42,15.4,44.8,1,20
2026-08-13 00:44:30,3,7,8,15.5,42,15.4,44.7,1,20
2026-08-13 00:49:30,3,7,7,15.5,42.2,15.4,44.9,1,20
2026-08-13 00:54:30,3,5,5,15.5,42.2,15.4,44.8,1,20
2026-08-13 00:59:29,1,5,5,15.5,41.8,15.4,44.7,1,20
2026-08-13 01:04:30,1,3,3,15.5,41.8,15.3,44.7,1,20
2026-08-13 01:09:29,1,3,4,15.4,41.9,15.3,44.6,1,20
2026-08-13 01:14:29,0,2,2,15.5,41.6,15.3,44.5,1,20
2026-08-13 01:19:30,1,2,2,15.4,41.8,15.3,44.6,1,20
2026-08-13 01:24:30,1,4,4,15.4,41.7,15.3,44.6,1,20
2026-08-13 01:29:29,0,2,2,15.4,41.9,15.2,44.6,1,20
2026-08-13 01:34:30,0,3,3,15.4,41.9,15.2,44.6,1,20
2026-08-13 01:39:30,0,1,1,15.3,41.9,15.2,44.7,1,20
2026-08-13 01:44:30,0,2,2,15.3,41.9,15.2,44.7,1,20
2026-08-13 01:49:29,0,1,1,15.3,41.8,15.1,44.6,1,20
2026-08-13 01:54:30,0,1,1,15.3,41.9,15.1,44.6,1,20
2026-08-13 01:59:29,0,0,0,15.3,41.6,15.1,44.4,1,20
2026-08-13 02:04:30,0,1,1,15.3,41.6,15.1,44.4,1,20
2026-08-13 02:09:30,0,2,2,15.3,41.7,15.1,44.5,1,20
2026-08-13 02:14:29,0,0,0,15.3,41.8,15,44.6,1,20
2026-08-13 02:19:30,0,1,1,15.2,41.8,15,44.6,1,20
2026-08-13 02:24:30,0,1,1,15.2,41.9,15,44.7,1,20
2026-08-13 02:29:30,0,1,1,15.2,41.7,14.9,44.7,1,20
2026-08-13 02:34:30,0,2,2,15.1,41.5,14.9,44.3,1,20
2026-08-13 02:39:30,0,2,3,15.2,41.5,14.9,44.5,1,20
2026-08-13 02:44:30,0,2,2,15.1,41.6,14.9,44.5,1,20
2026-08-13 02:49:30,1,1,1,15.1,41.7,14.8,44.6,1,20
2026-08-13 02:54:30,1,2,2,15.1,41.4,14.8,44.5,1,20
2026-08-13 02:59:30,0,1,1,15,41.6,14.8,44.5,1,20
2026-08-13 03:04:30,0,2,3,15,41.6,14.8,44.6,1,20
2026-08-13 03:09:30,0,2,2,15,41.9,14.7,44.8,1,20
2026-08-13 03:14:30,0,2,2,15,41.9,14.7,44.7,1,20
2026-08-13 03:19:30,0,1,1,14.9,41.9,14.7,44.8,1,20
2026-08-13 03:24:30,0,0,0,14.9,41.8,14.7,44.7,1,20
2026-08-13 03:29:30,0,1,1,14.9,42.1,14.6,44.9,1,20
2026-08-13 03:34:30,0,0,0,14.9,42,14.6,44.9,1,20
2026-08-13 03:39:30,0,0,0,14.9,42.1,14.6,44.9,1,20
2026-08-13 03:44:30,0,0,0,14.9,42,14.6,44.9,1,20
2026-08-13 03:49:30,0,0,0,14.9,42,14.6,45,1,20
2026-08-13 03:54:30,0,0,0,14.8,41.9,14.6,44.9,1,20
2026-08-13 03:59:30,0,1,1,14.9,42.1,14.6,44.9,1,20
2026-08-13 04:04:30,0,1,1,14.9,41.8,14.6,44.7,1,20
2026-08-13 04:09:30,0,1,1,14.9,41.8,14.6,44.8,1,20
2026-08-13 04:14:30,0,0,0,14.9,41.8,14.6,44.8,1,20
2026-08-13 04:19:30,0,0,0,14.9,41.9,14.6,44.7,1,20
2026-08-13 04:24:30,0,0,0,14.9,41.9,14.6,44.7,1,20
2026-08-13 04:29:30,0,0,0,14.8,41.7,14.6,44.7,1,20
2026-08-13 04:34:30,0,0,0,14.9,41.5,14.6,44.5,1,20
2026-08-13 04:39:30,0,0,0,14.9,41.6,14.6,44.6,1,20
2026-08-13 04:44:30,0,0,0,14.9,41.5,14.6,44.5,1,20
2026-08-13 04:49:30,0,0,0,14.9,41.5,14.5,44.5,1,20
2026-08-13 04:54:30,0,0,0,14.8,41.4,14.5,44.3,1,20
2026-08-13 04:59:30,0,0,0,14.8,41.3,14.5,44.5,1,20
2026-08-13 05:04:30,0,0,0,14.8,41.6,14.5,44.6,1,20
2026-08-13 05:09:30,0,0,0,14.8,41.5,14.4,44.4,1,20
2026-08-13 05:14:30,0,0,0,14.8,41.2,14.4,44.3,1,20
2026-08-13 05:19:30,0,0,0,14.7,41.4,14.4,44.4,1,20
2026-08-13 05:24:30,0,0,0,14.8,41.4,14.4,44.4,1,20
2026-08-13 05:29:30,0,0,0,14.7,41.2,14.4,44.3,1,20
2026-08-13 05:34:30,0,0,0,14.7,41.4,14.4,44.4,1,20
2026-08-13 05:39:31,0,0,0,14.7,41.1,14.4,44.2,1,20
2026-08-13 05:44:30,0,0,0,14.8,41.4,14.4,44.4,1,20
2026-08-13 05:49:31,0,0,0,14.7,41.4,14.4,44.3,1,20
2026-08-13 05:54:30,0,0,0,14.7,41.1,14.4,44.2,1,20
2026-08-13 05:59:30,0,0,0,14.7,41,14.4,44.1,1,20
2026-08-13 06:04:30,0,0,0,14.7,41.2,14.4,44.2,1,20
2026-08-13 06:09:30,0,0,0,14.8,41.2,14.4,44.3,1,20
2026-08-13 06:14:30,0,0,0,14.8,41.4,14.4,44.3,1,20
2026-08-13 06:19:30,0,0,0,14.8,41.3,14.4,44.3,1,20
2026-08-13 06:24:30,0,0,0,14.8,41.1,14.4,44,1,20
2026-08-13 06:29:30,0,0,0,14.7,41.3,14.4,44.2,1,20
2026-08-13 06:34:30,0,0,0,14.7,41,14.4,44,1,20
2026-08-13 06:39:30,0,0,0,14.7,41.2,14.4,44.2,1,20
2026-08-13 06:44:30,0,0,0,14.7,41.4,14.4,44.2,1,20
2026-08-13 06:49:30,0,0,0,14.7,41.4,14.4,44.3,1,20
2026-08-13 06:54:30,0,0,0,14.7,41.4,14.4,44.4,1,20
2026-08-13 06:59:30,0,0,0,14.7,41.4,14.4,44.4,1,20
2026-08-13 07:04:30,0,0,0,14.7,41.2,14.4,44.2,1,20
2026-08-13 07:09:30,0,0,0,14.7,41.2,14.4,44.3,1,20
2026-08-13 07:14:31,0,0,0,14.7,41.4,14.4,44.3,1,20
2026-08-13 07:19:30,0,0,0,14.8,41.3,14.4,44.4,1,20
2026-08-13 07:24:30,0,0,0,14.8,41.3,14.4,44.2,1,20
2026-08-13 07:29:30,0,0,0,14.7,41.2,14.4,44.2,1,20
2026-08-13 07:34:30,0,0,0,14.8,41.3,14.5,44.2,1,20
2026-08-13 07:39:30,0,0,0,14.8,41.3,14.5,44.2,1,20
2026-08-13 07:44:30,0,0,0,14.8,41,14.5,44.1,1,20
2026-08-13 07:49:30,0,0,0,14.8,40.8,14.5,43.9,1,20
2026-08-13 07:54:30,0,0,0,14.8,40.8,14.6,43.8,1,20
2026-08-13 07:59:31,0,0,0,14.8,40.8,14.6,43.8,1,20
2026-08-13 08:04:30,0,2,2,14.9,40.5,14.6,43.6,1,20
2026-08-13 08:09:31,0,1,1,14.9,40.5,14.7,43.6,1,20
2026-08-13 08:14:30,0,1,1,14.9,40.4,14.7,43.4,1,20
2026-08-13 08:19:30,0,0,0,14.9,40.1,14.8,43.1,1,20
2026-08-13 08:24:31,0,0,0,15,40.4,14.8,43.3,1,20
2026-08-13 08:29:30,0,0,0,15.1,40.3,14.9,43.3,1,20
2026-08-13 08:34:30,4,8,9,15.1,40.2,15,43.3,1,20
2026-08-13 08:39:31,9,22,22,15.1,40.2,15,43.2,1,20
2026-08-13 08:44:30,8,24,26,15.2,40.5,15.1,43.3,1,20
2026-08-13 08:49:31,3,5,7,15.3,41,15.2,43.6,1,20
2026-08-13 08:54:31,2,5,5,15.3,41.2,15.3,43.7,1,20
2026-08-13 08:59:31,1,5,7,15.4,41.3,15.4,43.9,1,20
2026-08-13 09:04:30,1,3,3,15.5,41.5,15.5,43.9,1,20
2026-08-13 09:09:31,0,0,0,15.6,41.4,15.6,43.8,1,20
2026-08-13 09:14:31,0,4,4,15.7,41.4,15.8,43.7,1,20
2026-08-13 09:19:31,0,1,2,15.8,40.4,15.8,42.8,1,20
2026-08-13 09:24:30,9,16,19,15.8,40.1,15.9,42.9,1,20
2026-08-13 09:29:31,3,7,7,15.9,40.4,16.1,42.9,1,20
2026-08-13 09:34:31,2,7,7,16,40.3,16.2,42.8,1,20
2026-08-13 09:39:31,1,3,3,16.2,40.3,16.3,42.7,1,20
2026-08-13 09:44:31,2,3,3,16.2,40.6,16.5,42.8,1,20
2026-08-13 09:49:30,0,3,3,16.4,40.7,16.6,42.9,1,20
2026-08-13 09:54:31,1,2,2,16.5,40.6,16.8,42.8,1,20
2026-08-13 09:59:31,1,1,1,16.6,40.4,16.9,42.6,1,20
2026-08-13 10:04:31,0,0,0,16.7,39,17,41.7,1,20
2026-08-13 10:09:31,0,0,0,16.7,39,17.1,41.8,1,20
2026-08-13 10:14:31,0,3,3,16.8,38.9,17.2,41.7,1,20
2026-08-13 10:19:31,0,2,2,16.9,39.1,17.3,41.7,0,20
2026-08-13 10:24:31,2,4,4,16.9,39.3,17.4,41.7,0,20
2026-08-13 10:29:31,0,2,2,17,38.2,17.4,41,0,20
2026-08-13 10:34:31,0,1,1,17,37.7,17.4,40.5,0,20
2026-08-13 10:39:31,0,2,2,17,36.7,17.4,39.8,0,20
2026-08-13 10:44:31,0,2,2,17,37,17.4,40,0,20
2026-08-13 10:49:31,0,2,2,17.1,37.4,17.4,40.2,0,20
2026-08-13 10:54:31,0,2,2,17.1,37.7,17.5,40.3,0,20
2026-08-13 10:59:31,0,1,1,17.1,37.8,17.5,40.4,0,20
2026-08-13 11:04:31,0,0,0,17.1,37,17.5,39.9,0,20
2026-08-13 11:09:31,5,12,13,17.1,36.7,17.5,39.7,0,20
2026-08-13 11:14:31,0,0,0,17.1,36.4,17.5,38.7,0,20
2026-08-13 11:19:31,0,0,0,17.2,35.9,17.6,38.9,0,20
2026-08-13 11:24:31,0,0,0,17.2,35.5,17.7,38.7,0,20
2026-08-13 11:31:43,0,0,0,17.3,35.8,17.8,38.7,0,20
2026-08-13 11:34:31,7,14,14,17.4,36,17.9,38.8,0,20
2026-08-13 11:39:31,0,1,1,17.4,35.4,18,38.2,0,20
2026-08-13 11:44:31,0,1,1,17.5,35.8,18.1,38.5,0,20
2026-08-13 11:49:31,0,1,1,17.6,35.8,18.1,38.4,0,20
2026-08-13 11:54:31,0,0,0,17.6,34.6,18.2,37.8,0,20
2026-08-13 11:59:31,0,0,0,17.6,33.6,18.3,36.8,0,20
2026-08-13 12:04:31,0,0,0,17.7,32.9,18.4,36.8,0,20
2026-08-13 12:09:31,0,0,0,17.8,32.3,18.5,35.7,0,20
2026-08-13 12:14:31,0,0,0,17.9,31.8,18.6,35.2,0,20
2026-08-13 12:19:31,0,0,0,18,30.8,18.8,33.2,0,20
2026-08-13 12:24:31,0,0,0,18.1,30.9,19,30.8,0,20
2026-08-13 12:29:31,0,0,0,18.3,30.4,19.3,32.5,0,20
2026-08-13 12:34:31,0,0,0,18.4,29.9,19.5,31.3,0,20
2026-08-13 12:39:31,0,0,0,18.6,30.2,19.7,30.9,0,20
2026-08-13 12:44:31,0,0,0,18.7,29.9,19.9,31.7,0,20
2026-08-13 12:49:31,0,0,0,18.8,30.3,19.9,30.2,0,20
2026-08-13 12:54:31,0,0,0,18.9,31.2,20,32.1,0,20
2026-08-13 12:59:32,0,0,0,18.9,31,20,30.4,0,20
2026-08-13 13:04:31,0,0,0,18.9,31.7,20,31.6,0,20
2026-08-13 13:09:31,0,0,0,19,31.3,20,30.4,0,20
2026-08-13 13:14:31,0,0,0,19,31.9,20.1,32.7,0,20
2026-08-13 13:19:32,0,0,0,19.1,32.3,20.1,32.6,0,20
2026-08-13 13:24:31,0,0,0,19.1,31.7,20.1,31.4,0,20
2026-08-13 13:29:31,0,0,0,19.1,31.3,20.1,32.3,0,20
2026-08-13 13:34:31,0,0,0,19.1,30.6,20.1,31.1,0,20
2026-08-13 13:39:32,0,0,0,19.1,30.7,20.2,31.6,0,20
2026-08-13 13:44:31,0,0,0,19.2,30.9,20.3,30.7,0,20
2026-08-13 13:49:31,0,0,0,19.2,31,20.3,31.2,0,20
2026-08-13 13:54:31,0,0,0,19.3,31.3,20.3,31.2,0,20
2026-08-13 13:59:31,0,0,0,19.3,32.7,20.3,33.1,0,20
2026-08-13 14:04:32,0,0,0,19.2,33.1,20.3,33.6,0,20
2026-08-13 14:09:31,0,0,0,19.2,34.3,20.3,35.4,0,20
2026-08-13 14:14:32,0,0,0,19.2,34.5,20.3,35,0,20
2026-08-13 14:19:32,0,0,0,19.3,35.2,20.3,35.3,0,20
2026-08-13 14:24:31,0,0,0,19.3,35,20.4,35.5,0,20
2026-08-13 14:29:31,0,0,0,19.3,35.8,20.5,35.7,0,20
2026-08-13 14:34:32,0,0,0,19.4,35.4,20.7,35.4,0,20
2026-08-13 14:39:32,0,0,0,19.5,34.7,20.8,35.2,0,20
2026-08-13 14:44:31,0,0,0,19.6,35.6,20.9,35.8,0,20
2026-08-13 14:49:32,0,0,0,19.7,35.1,21,35.3,0,20
2026-08-13 14:54:32,0,0,0,19.7,35.2,21,35.5,0,20
2026-08-13 14:59:31,0,0,0,19.8,34.7,21.1,35.1,0,20
2026-08-13 15:04:32,0,0,0,19.8,34.2,21.1,35,0,20
2026-08-13 15:09:31,0,0,0,19.9,34.2,21.2,34.9,0,20
2026-08-13 15:14:32,0,0,0,19.9,34.6,21.2,35.2,0,20
2026-08-13 15:19:32,0,0,0,20,34.6,21.3,35.1,0,20
2026-08-13 15:24:32,0,0,0,20,34.5,21.3,35.1,0,20
2026-08-13 15:29:32,0,0,0,20,34.4,21.3,34.9,0,20
2026-08-13 15:34:32,0,0,0,20,34.1,21.2,35,0,20
2026-08-13 15:39:32,0,0,0,20,34.4,21.2,35.1,0,20
2026-08-13 15:44:31,0,0,0,20,34.1,21.2,35.1,0,20
2026-08-13 15:49:32,0,0,0,20,33.7,21.1,34.8,0,20
2026-08-13 15:54:32,0,0,0,20,36.4,21.1,36.4,0,20
2026-08-13 15:59:32,0,0,0,20,37.3,21.1,37.1,0,20
2026-08-13 16:04:32,0,0,0,19.9,38.4,21,38.4,0,20
2026-08-13 16:09:31,1,2,3,19.9,40,20.9,39.2,0,20
2026-08-13 16:14:32,7,15,17,19.8,40.7,20.8,40.1,0,20
2026-08-13 16:19:31,8,16,18,19.6,41.6,20.7,40.7,0,20
2026-08-13 16:24:32,1,3,3,19.6,41.1,20.6,40.4,0,20
2026-08-13 16:29:32,0,0,0,19.5,41.1,20.5,41,0,20
2026-08-13 16:34:32,0,0,0,19.4,41.3,20.3,40.8,0,20
2026-08-13 16:39:32,0,0,0,19.3,41.6,20.2,41.3,0,19
2026-08-13 16:44:32,0,0,0,19.3,40.9,20.1,41,0,19
2026-08-13 16:49:32,0,0,0,19.2,39.5,20,41,0,19
2026-08-13 16:54:32,0,0,0,19,38.9,19.8,40.3,0,19
2026-08-13 16:59:32,0,0,0,18.9,39.3,19.7,41,0,19
2026-08-13 17:04:32,0,0,0,18.8,39.8,19.5,41.5,0,19
2026-08-13 17:09:32,0,0,0,18.7,40.7,19.5,42.4,0,19
2026-08-13 17:14:32,0,0,0,18.6,40.1,19.3,41.8,0,19
2026-08-13 17:19:32,0,0,0,18.6,40.6,19.3,41.7,0,19
2026-08-13 17:24:32,0,0,0,18.5,41.1,19.2,41.8,0,19
2026-08-13 17:29:32,0,0,0,18.5,42.6,19.2,42.9,0,19
2026-08-13 17:34:32,0,0,0,18.4,42.3,19.1,43.1,0,19
2026-08-13 17:39:32,0,0,0,18.3,42.4,19,45,0,19
2026-08-13 17:44:32,0,0,0,18.3,43.1,18.9,44.9,0,19
2026-08-13 17:49:32,0,0,0,18.2,43.3,18.8,45.8,0,19
2026-08-13 17:54:32,0,0,0,18.2,44,18.7,45.4,0,19
2026-08-13 17:59:32,0,0,0,18.1,45,18.6,49.6,1,19
2026-08-13 18:04:32,0,0,0,18,45.1,18.5,47,1,19
2026-08-13 18:09:32,0,0,0,18,46.1,18.5,47,1,19
2026-08-13 18:14:32,0,0,0,17.9,46.5,18.4,47.6,1,19
2026-08-13 18:19:32,0,0,0,17.8,45.6,18.3,47,1,19
2026-08-13 18:24:32,0,0,0,17.8,44.8,18.3,47.9,1,19
2026-08-13 18:29:32,0,0,0,17.8,45,18.2,46.8,1,19
2026-08-13 18:34:32,0,0,0,17.7,45.8,18.2,46.8,1,19
2026-08-13 18:39:32,0,0,0,17.7,46.6,18.1,48.9,1,19
2026-08-13 18:44:32,0,0,0,17.6,47.7,18.1,48.4,1,19
2026-08-13 18:49:33,0,0,0,17.6,47.1,18,48.6,1,19
2026-08-13 18:54:32,0,0,0,17.6,48.2,18,51.4,1,19
2026-08-13 18:59:32,0,0,0,17.5,48,17.9,52.5,1,19
2026-08-13 19:04:32,0,0,0,17.4,47.3,17.7,49.4,1,19
2026-08-13 19:09:32,0,0,0,17.3,48.3,17.6,49.3,1,20
2026-08-13 19:14:33,0,0,0,17.3,48.7,17.6,49.9,1,20
2026-08-13 19:19:32,0,0,0,17.2,47.5,17.5,49.9,1,20
2026-08-13 19:24:32,0,0,0,17.2,47.3,17.5,51.5,1,18
2026-08-13 19:29:32,0,0,0,17.1,47.3,17.4,49.5,1,18
2026-08-13 19:34:32,0,0,0,17.1,47.1,17.4,51.1,1,18
2026-08-13 19:39:32,0,0,0,17,47,17.3,49.6,1,18
2026-08-13 19:44:32,0,0,0,17,47.7,17.3,49.5,1,18
2026-08-13 19:49:32,0,0,0,17,48.2,17.3,50.4,1,18
2026-08-13 19:54:32,0,0,0,17,46.5,17.3,48.7,1,18
2026-08-13 19:59:32,0,0,0,16.9,47.5,17.3,49.3,1,18
2026-08-13 20:04:33,0,0,0,17,48.1,17.3,49.8,1,18
2026-08-13 20:09:32,0,0,0,17,48.1,17.3,49.6,1,18
2026-08-13 20:14:33,0,0,0,17,48.7,17.3,49.6,1,18
2026-08-13 20:19:32,0,0,0,17,48.9,17.3,50.2,1,18
2026-08-13 20:24:32,0,0,0,17,48.7,17.3,50.8,1,18
2026-08-13 20:29:32,0,0,0,17,49.8,17.3,51.2,1,18
2026-08-13 20:34:32,0,0,0,17,50.4,17.3,51.7,1,18
2026-08-13 20:39:33,0,0,0,17,50.7,17.3,52.5,1,18
2026-08-13 20:44:33,0,0,0,16.9,51.1,17.2,52.2,1,18
2026-08-13 20:49:33,0,0,0,16.9,51,17.2,52.9,1,18
2026-08-13 20:54:33,0,0,0,16.9,51.6,17.2,52.9,1,18
2026-08-13 20:59:33,0,0,0,16.9,51.6,17.1,53.5,1,18
2026-08-13 21:04:32,0,0,0,16.9,51.5,17.1,53.3,1,18
2026-08-13 21:09:33,0,0,0,16.8,51.9,17.1,53.9,1,18
2026-08-13 21:14:33,0,0,0,16.8,52.2,17.1,53.8,1,18
2026-08-13 21:19:32,0,0,0,16.8,52.4,17,54.6,1,18
2026-08-13 21:24:33,0,0,0,16.8,52.5,17,54.7,1,18
2026-08-13 21:29:33,0,0,0,16.8,52.7,17,54.9,1,18
2026-08-13 21:34:33,0,0,0,16.7,52.4,17,54.7,1,18
2026-08-13 21:39:33,0,0,0,16.7,52.4,16.9,55.1,1,18
2026-08-13 21:44:33,0,0,0,16.7,51.6,16.9,54.2,1,18
2026-08-13 21:49:33,0,0,0,16.7,51,16.9,53.7,1,18
2026-08-13 21:54:33,0,0,0,16.7,51.6,16.9,54.1,1,18
2026-08-13 21:59:33,0,0,0,16.7,51.9,16.9,54.5,1,18
2026-08-13 22:04:32,0,0,0,16.6,51.8,16.8,54.4,1,18
2026-08-13 22:09:33,0,0,0,16.6,52,16.8,54.9,1,18
2026-08-13 22:14:33,0,0,0,16.6,52.1,16.8,54.6,1,18
2026-08-13 22:19:33,0,0,0,16.5,52,16.7,54.7,1,18
2026-08-13 22:24:33,0,0,0,16.5,51.9,16.7,54.9,1,18
2026-08-13 22:29:33,0,0,0,16.5,52,16.6,54.7,1,18
2026-08-13 22:34:33,0,0,0,16.5,52.3,16.6,55.9,1,18
2026-08-13 22:39:32,0,0,0,16.4,52.6,16.6,55.4,1,18
2026-08-13 22:44:33,0,0,0,16.4,52.4,16.5,55,1,18
2026-08-13 22:49:33,0,0,0,16.4,52.5,16.5,55.1,1,18
2026-08-13 22:54:33,0,0,0,16.4,52.4,16.5,55.3,1,18
2026-08-13 22:59:33,0,0,0,16.4,52,16.5,55.8,1,18
2026-08-13 23:04:33,0,0,0,16.4,52.3,16.5,55.4,1,18
2026-08-13 23:09:33,0,0,0,16.3,52.6,16.4,55.3,1,18
2026-08-13 23:14:33,0,0,0,16.3,52.6,16.4,55.6,1,18
2026-08-13 23:19:33,0,0,0,16.3,52.7,16.4,55.6,1,18
2026-08-13 23:24:33,0,0,0,16.3,52.8,16.4,55.8,1,18
2026-08-13 23:29:33,0,0,0,16.3,53.2,16.4,55.9,1,18
2026-08-13 23:34:33,0,0,0,16.3,53.2,16.4,56.2,1,18
2026-08-13 23:39:33,0,0,0,16.3,53.1,16.4,56,1,18
2026-08-13 23:44:33,0,0,0,16.3,53,16.4,55.9,1,18
2026-08-13 23:49:33,0,0,0,16.3,53.1,16.4,56.2,1,18
2026-08-13 23:54:33,0,0,0,16.3,53.2,16.4,56.2,1,18
2026-08-13 23:59:33,0,0,0,16.3,53.6,16.4,56.5,1,18
2026-08-14 00:04:33,0,0,0,16.3,53.5,16.4,56.3,1,18
2026-08-14 00:09:33,0,0,0,16.3,53.7,16.3,56.7,1,18
2026-08-14 00:14:33,0,0,0,16.2,53.7,16.3,56.6,1,18
2026-08-14 00:19:33,0,0,0,16.2,53.9,16.3,56.8,1,18
2026-08-14 00:24:33,0,0,0,16.2,54,16.3,57.4,1,18
2026-08-14 00:29:33,0,0,0,16.2,53.9,16.3,56.8,1,18
2026-08-14 00:34:33,0,0,0,16.2,53.9,16.3,57.1,1,18
2026-08-14 00:39:33,0,0,0,16.2,54.4,16.3,57.5,1,18
2026-08-14 00:44:33,0,0,0,16.2,54.5,16.2,58,1,18
2026-08-14 00:49:33,0,0,0,16.2,54.6,16.2,57.7,1,18
2026-08-14 00:54:33,0,0,0,16.1,54.5,16.2,57.7,1,18
2026-08-14 00:59:33,0,0,0,16.1,54.8,16.1,57.9,1,18
2026-08-14 01:04:33,0,0,0,16.1,54.8,16.1,58.1,1,18
2026-08-14 01:09:33,0,0,0,16.1,55.2,16.1,58.1,1,18
2026-08-14 01:14:33,3,4,4,16,55,16.1,58.2,1,17
2026-08-14 01:19:33,2,5,5,16,54.9,16.1,58.2,1,17
2026-08-14 01:24:33,3,5,5,16,55,16,58.3,1,17
2026-08-14 01:29:33,7,10,12,16,55.2,16,58.5,1,17
2026-08-14 01:34:33,5,9,9,15.9,55.3,16,58.5,1,17
2026-08-14 01:39:33,3,10,12,15.9,55.2,15.9,58.3,1,17
2026-08-14 01:44:34,8,13,15,15.8,55.3,15.9,58.5,1,17
2026-08-14 01:49:33,8,21,21,15.8,55.2,15.8,58.9,1,17
2026-08-14 01:54:33,6,15,16,15.8,55.3,15.8,58.8,1,17
2026-08-14 01:59:33,6,17,18,15.7,55.6,15.8,58.8,1,17
2026-08-14 02:04:34,8,19,19,15.7,55.4,15.7,59.6,1,17
2026-08-14 02:09:33,6,15,16,15.7,55.7,15.7,59.1,1,17
2026-08-14 02:14:33,8,13,15,15.7,56,15.7,59.2,1,17
2026-08-14 02:19:33,9,17,18,15.6,55.9,15.6,61.1,1,17
2026-08-14 02:24:34,5,17,17,15.6,55.9,15.6,59.9,1,17
2026-08-14 02:29:33,8,16,17,15.6,56.2,15.6,61.1,1,17
2026-08-14 02:34:33,7,12,12,15.6,56,15.5,59.6,1,17
2026-08-14 02:39:33,7,15,16,15.6,56.2,15.5,59.7,1,17
2026-08-14 02:44:33,6,10,10,15.5,56.2,15.5,59.9,1,17
2026-08-14 02:49:33,5,9,9,15.5,56.1,15.5,59.6,1,17
2026-08-14 02:54:33,4,10,10,15.5,56.3,15.5,59.9,1,17
2026-08-14 02:59:33,4,9,9,15.5,56.3,15.5,60,1,17
2026-08-14 03:04:33,4,9,9,15.5,56.3,15.5,60.7,1,17
2026-08-14 03:09:33,5,9,9,15.5,56.4,15.5,60,1,17
2026-08-14 03:14:33,7,9,10,15.5,56.1,15.5,60,1,17
2026-08-14 03:19:33,8,15,16,15.5,56.3,15.5,60.4,1,17
2026-08-14 03:24:34,7,15,15,15.5,56.1,15.4,60.5,1,17
2026-08-14 03:29:34,7,10,10,15.4,56.3,15.4,60,1,17
2026-08-14 03:34:34,5,10,10,15.5,56.2,15.4,59.8,1,17
2026-08-14 03:39:34,5,9,9,15.4,55.9,15.4,59.8,1,17
2026-08-14 03:44:33,4,8,9,15.4,55.6,15.3,60,1,17
2026-08-14 03:49:33,5,8,8,15.4,55.8,15.3,59.8,1,17
2026-08-14 03:54:34,4,9,9,15.4,55.9,15.3,60,1,17
2026-08-14 03:59:34,5,10,10,15.4,55.3,15.2,59.4,1,17
2026-08-14 04:04:34,4,9,9,15.3,55.7,15.2,59.8,1,17
2026-08-14 04:09:34,5,8,8,15.3,55.8,15.2,59.8,1,17
2026-08-14 04:14:34,8,13,13,15.3,55.6,15.2,59.8,1,17
2026-08-14 04:19:33,4,9,9,15.3,55.9,15.2,59.9,1,17
2026-08-14 04:24:33,5,10,10,15.3,56.1,15.2,60.2,1,17
2026-08-14 04:29:33,4,7,7,15.3,56.2,15.1,60.2,1,17
2026-08-14 04:34:34,4,10,10,15.3,56.1,15.1,60.2,1,17
2026-08-14 04:39:33,5,13,13,15.3,55.8,15.1,60.1,1,17
2026-08-14 04:44:34,5,10,10,15.3,55.9,15.1,61,1,17
2026-08-14 04:49:34,4,10,10,15.3,56.2,15.1,60.2,1,17
2026-08-14 04:54:33,5,8,8,15.3,56.2,15.1,60.2,1,17
2026-08-14 04:59:34,3,9,9,15.3,55.9,15.2,60.1,1,17
2026-08-14 05:04:34,5,9,9,15.3,56.1,15.2,60.4,1,17
2026-08-14 05:09:34,5,7,8,15.3,56.2,15.2,60.1,1,17
2026-08-14 05:14:34,5,8,8,15.3,56,15.2,60.1,1,17
2026-08-14 05:19:34,4,9,9,15.3,55.6,15.2,60.4,1,17
2026-08-14 05:24:34,3,7,7,15.3,56.1,15.3,59.9,1,17
2026-08-14 05:29:33,5,8,9,15.4,56,15.3,60.1,1,17
2026-08-14 05:34:34,4,8,8,15.4,56,15.3,60.2,1,20
2026-08-14 05:39:34,5,8,9,15.4,55.5,15.3,59.7,1,17
2026-08-14 05:44:34,3,8,8,15.4,55.6,15.4,59.5,1,17
2026-08-14 05:49:33,3,4,4,15.5,55.4,15.4,59.6,1,17
2026-08-14 05:54:34,4,8,8,15.5,55.9,15.4,59.9,1,17
2026-08-14 05:59:34,2,5,5,15.5,55.7,15.5,59.8,1,17
2026-08-14 06:04:34,4,8,8,15.5,55.8,15.5,59.8,1,17
2026-08-14 06:09:34,5,7,8,15.5,56,15.5,60,1,17
2026-08-14 06:14:34,4,8,8,15.5,55.5,15.5,59.9,1,17
2026-08-14 06:19:34,7,10,10,15.5,55.8,15.5,59.9,1,17
2026-08-14 06:24:34,5,9,9,15.5,55.7,15.5,60.1,1,17
2026-08-14 06:29:34,5,9,9,15.5,55.7,15.4,60.1,1,17
2026-08-14 06:34:34,4,9,9,15.5,55.7,15.4,60,1,17
2026-08-14 06:39:34,7,10,10,15.5,55.7,15.4,60.1,1,17
2026-08-14 06:44:34,5,10,10,15.4,56,15.4,60.2,1,17
2026-08-14 06:49:34,4,9,9,15.4,56.1,15.3,60.2,1,17
2026-08-14 06:54:34,7,10,10,15.4,55.7,15.3,60.2,1,20
2026-08-14 06:59:34,5,13,13,15.4,56,15.3,60.2,1,17
2026-08-14 07:04:34,6,14,14,15.4,55.8,15.3,60.1,1,20
2026-08-14 07:09:34,6,9,9,15.4,56,15.3,60.3,1,17
2026-08-14 07:14:34,5,14,14,15.4,56.1,15.2,59.8,1,17
2026-08-14 07:19:34,5,10,10,15.4,55.5,15.2,60,1,17
2026-08-14 07:24:34,4,8,8,15.4,55.6,15.2,60,1,20
2026-08-14 07:29:34,4,8,8,15.4,55.7,15.2,60.1,1,17
2026-08-14 07:34:34,4,9,9,15.3,55.7,15.2,60.1,1,17
2026-08-14 07:39:34,7,15,19,15.3,55.7,15.2,60.1,1,20
2026-08-14 07:44:34,7,15,15,15.4,55.6,15.2,60.1,1,20
2026-08-14 07:49:34,7,14,15,15.3,55.6,15.2,60.2,1,20
2026-08-14 07:54:34,7,13,14,15.3,55.6,15.2,60.1,1,20
2026-08-14 07:59:34,5,13,13,15.3,56,15.2,60.3,1,20
2026-08-14 08:04:34,8,20,20,15.3,56.3,15.2,60.4,1,20
2026-08-14 08:09:34,7,16,16,15.4,56.3,15.2,60.4,1,20
2026-08-14 08:14:34,8,21,21,15.4,56.1,15.3,60.3,1,20
2026-08-14 08:19:34,8,16,17,15.4,56.2,15.3,61.1,1,20
2026-08-14 08:24:34,5,9,9,15.4,56.2,15.3,60.1,1,20
2026-08-14 08:29:34,2,7,7,15.4,55.8,15.4,60.1,1,20
2026-08-14 08:34:34,2,7,7,15.5,55.7,15.4,59.9,1,20
2026-08-14 08:39:34,3,5,5,15.5,55.6,15.5,59.8,1,20
2026-08-14 08:44:35,2,4,4,15.5,55.5,15.5,59.8,1,20
2026-08-14 08:49:34,4,9,9,15.6,55.7,15.6,59.8,1,20
2026-08-14 08:54:34,2,4,4,15.6,55.5,15.6,59.5,1,20
2026-08-14 08:59:34,2,5,5,15.6,55.4,15.7,59.6,1,20
2026-08-14 09:04:34,2,3,3,15.7,55.2,15.7,59.3,1,20
2026-08-14 09:09:34,2,4,4,15.7,55.6,15.8,59.5,1,20
2026-08-14 09:14:35,2,4,4,15.8,55.1,15.9,59.3,1,20
2026-08-14 09:19:34,2,4,5,15.8,55.5,15.9,59.4,1,20
2026-08-14 09:24:34,2,4,4,15.9,55.1,16,59.1,1,20
2026-08-14 09:29:34,3,7,7,16,55.2,16.1,59.2,1,20
2026-08-14 09:34:34,8,15,16,16,55.4,16.2,59.3,1,20
2026-08-14 09:39:34,8,14,14,16.1,55.4,16.3,59.2,1,20
2026-08-14 09:44:35,5,10,10,16.1,55.4,16.3,59.1,1,20
2026-08-14 09:49:34,7,14,15,16.2,55.7,16.4,59.3,1,20
2026-08-14 09:54:34,10,25,25,16.3,56.3,16.6,59.5,1,20
2026-08-14 09:59:35,12,25,26,16.4,55.7,16.7,59.3,1,20
2026-08-14 10:04:34,24,34,37,16.5,56.1,16.9,59.4,1,20
2026-08-14 10:09:34,15,26,26,16.6,56.4,17.1,59.3,1,20
2026-08-14 10:14:34,13,26,26,16.7,55.6,17.3,58.7,1,20
2026-08-14 10:19:48,15,27,27,16.9,55.6,17.5,58.4,1,20
2026-08-14 10:24:34,15,27,27,17,55.4,17.7,58.2,1,20
2026-08-14 10:29:34,14,28,29,17.2,55.4,17.8,58.1,1,20
2026-08-14 10:34:35,20,30,30,17.3,54.7,18,57.7,1,20
2026-08-14 10:39:35,22,31,33,17.5,55,18.2,57.6,1,20
2026-08-14 10:44:35,22,35,36,17.6,54.5,18.4,57.3,1,20
2026-08-14 10:49:35,23,31,34,17.7,54.1,18.6,57,1,20
2026-08-14 10:54:35,24,36,39,17.9,53.7,18.8,56.3,1,20
2026-08-14 10:59:34,24,35,37,18.1,53.5,19.1,55.8,1,20
2026-08-14 11:04:34,22,32,32,18.3,52.6,19.3,55.4,1,20
2026-08-14 11:09:35,24,32,37,18.4,52.2,19.6,54.8,1,20
2026-08-14 11:14:35,22,30,31,18.6,51.4,19.8,54.1,0,20
2026-08-14 11:19:36,23,36,39,18.8,51.3,20,53.6,0,20
2026-08-14 11:24:35,22,32,33,18.9,50.9,20.2,53.2,0,20
2026-08-14 11:29:35,22,30,30,19,50.3,20.3,53,0,20
2026-08-14 11:34:35,20,30,31,19.2,50.5,20.5,52.9,0,20
2026-08-14 11:39:38,23,35,40,19.3,49.9,20.6,52.3,0,20
2026-08-14 11:44:34,23,34,36,19.4,49.8,20.8,51.8,0,20
2026-08-14 11:49:35,23,34,37,19.6,49.5,21,51.1,0,20
2026-08-14 11:54:35,23,34,39,19.6,49,21.1,51.2,0,20
2026-08-14 11:59:35,24,34,36,19.8,48.6,21.3,50.2,0,20
2026-08-14 12:04:35,23,34,37,19.9,47.8,21.4,49,0,20
2026-08-14 12:09:35,24,34,38,20,47.8,21.5,49.6,0,20
2026-08-14 12:14:40,24,34,37,20.1,47,21.6,49.1,0,20
2026-08-14 12:19:35,24,37,41,20.2,46.7,21.7,48.3,0,20
2026-08-14 12:24:34,24,37,41,20.2,47,21.8,47.7,0,20
2026-08-14 12:29:35,24,34,38,20.3,46.2,21.9,46.8,0,19
2026-08-14 12:34:35,23,34,36,20.4,45.5,21.9,46.3,0,19
2026-08-14 12:39:35,24,34,38,20.4,45.7,21.9,47.2,0,19
2026-08-14 12:44:35,22,34,35,20.4,45.7,21.9,47.7,0,19
2026-08-14 12:49:34,24,34,38,20.4,45.4,21.8,46.9,0,19
2026-08-14 12:54:35,24,36,41,20.3,44.8,21.8,47,0,19
2026-08-14 12:59:35,27,41,47,20.3,45.1,21.6,47.3,0,19
2026-08-14 13:04:35,24,35,38,20.2,45.1,21.5,47.5,0,19
2026-08-14 13:09:35,25,37,40,20.1,45.3,21.4,47.7,0,19
2026-08-14 13:14:35,25,37,41,20,45.1,21.2,47.4,0,19
2026-08-14 13:19:35,26,41,48,19.9,45.1,21.1,47.8,0,19
2026-08-14 13:24:35,28,39,46,19.8,45.4,20.9,47.9,0,19
2026-08-14 13:29:35,26,39,46,19.7,45.5,20.8,47.6,0,19
2026-08-14 13:34:35,27,39,45,19.6,45.6,20.8,48.2,0,19
2026-08-14 13:39:35,25,37,41,19.5,45.7,20.7,48.3,0,19
2026-08-14 13:44:35,26,38,41,19.5,45.7,20.6,48.2,0,19
2026-08-14 13:49:35,23,34,37,19.5,46,20.5,48.6,0,19
2026-08-14 13:54:35,25,34,37,19.4,46,20.5,48.4,0,19
2026-08-14 13:59:35,22,34,36,19.4,46.1,20.4,48.6,0,19
2026-08-14 14:04:35,22,34,37,19.3,45.9,20.3,48.4,0,19
2026-08-14 14:09:35,22,34,36,19.2,46.3,20.2,48.7,0,19
2026-08-14 14:14:35,20,31,33,19.1,46.3,20.1,49.1,0,19
2026-08-14 14:19:35,21,31,31,19,47.5,20,49.8,1,19
2026-08-14 14:24:35,20,28,28,19,48.2,19.9,50.4,1,19
2026-08-14 14:29:35,19,32,33,18.9,48.3,19.8,50.7,1,19
2026-08-14 14:34:35,18,28,29,18.9,48.2,19.7,50.5,1,19
2026-08-14 14:39:35,21,29,30,18.8,48,19.7,50.4,1,19
2026-08-14 14:44:35,19,30,30,18.7,48.2,19.6,50.9,1,19
2026-08-14 14:49:35,15,26,26,18.7,48,19.5,50.6,1,19
2026-08-14 14:54:36,14,27,28,18.7,48.2,19.5,50.7,1,19
2026-08-14 14:59:35,18,29,30,18.6,48.3,19.5,50.8,1,19
2026-08-14 15:04:35,21,35,36,18.6,48.3,19.4,50.9,1,19
2026-08-14 15:09:35,18,27,27,18.6,48.2,19.4,50.8,1,19
2026-08-14 15:14:35,13,26,26,18.5,48.3,19.3,50.9,1,19
2026-08-14 15:19:35,14,27,28,18.5,48.1,19.3,50.8,1,19
2026-08-14 15:24:35,12,25,27,18.5,48.3,19.2,50.8,1,19
2026-08-14 15:29:35,12,24,24,18.4,48.1,19.1,50.8,1,19
2026-08-14 15:34:35,12,24,26,18.3,48.1,19,50.9,1,19
2026-08-14 15:39:35,12,25,25,18.3,48.2,19,51,1,19
2026-08-14 15:44:36,12,22,24,18.3,48.2,18.9,50.9,1,19
2026-08-14 15:49:35,16,25,25,18.2,48,18.8,50.9,1,19
2026-08-14 15:54:35,12,24,25,18.2,48.3,18.7,51,1,19
2026-08-14 15:59:35,12,26,27,18.1,48.4,18.7,51.3,1,19
2026-08-14 16:04:35,12,28,28,18.1,48.6,18.6,51.5,1,19
2026-08-14 16:09:35,13,26,26,18,49.2,18.6,51.9,1,19
2026-08-14 16:14:35,10,24,25,18,49.3,18.6,52,1,19
2026-08-14 16:19:35,9,22,22,18,49.3,18.5,52.2,1,19
2026-08-14 16:24:35,10,26,26,17.9,49,18.5,51.9,1,19
2026-08-14 16:29:35,19,35,38,17.9,49.3,18.5,52.2,1,19
2026-08-14 16:34:35,20,28,29,17.9,49.4,18.5,52.2,1,19
2026-08-14 16:39:35,19,29,29,17.9,49.7,18.4,52.6,1,20
2026-08-14 16:44:35,9,22,22,17.8,50.1,18.4,52.7,1,20
2026-08-14 16:49:35,9,22,22,17.8,50.6,18.3,53.3,1,20
2026-08-14 16:54:35,7,20,21,17.8,50.8,18.2,53.6,1,20
2026-08-14 16:59:35,7,22,22,17.7,51.5,18.2,54.2,1,20
2026-08-14 17:04:36,7,21,21,17.7,51.6,18.1,54.4,1,20
2026-08-14 17:09:36,10,22,22,17.6,51.9,18,54.5,1,20
2026-08-14 17:14:36,12,26,26,17.6,51.6,18,54.4,1,20
2026-08-14 17:19:35,12,24,24,17.5,51.8,17.9,54.8,1,20
2026-08-14 17:24:35,15,29,29,17.5,51.9,17.8,54.9,1,20
2026-08-14 17:29:36,14,26,27,17.4,52.4,17.8,55.2,1,20
2026-08-14 17:34:36,8,20,23,17.4,52.4,17.7,55.6,1,20
2026-08-14 17:39:36,9,26,26,17.3,52.9,17.7,55.8,1,20
2026-08-14 17:44:35,12,26,27,17.3,53.2,17.6,55.8,1,20
2026-08-14 17:49:35,9,22,22,17.2,52.9,17.5,55.8,1,20
2026-08-14 17:54:35,9,25,25,17.2,53.1,17.5,56.2,1,20
2026-08-14 17:59:36,14,28,29,17.1,53.1,17.4,56.2,1,20
2026-08-14 18:04:35,10,25,25,17.1,53.4,17.4,56.4,1,20
2026-08-14 18:09:36,12,26,26,17.1,53.6,17.3,56.5,1,20
2026-08-14 18:14:35,13,27,27,17,53.6,17.3,56.8,1,20
2026-08-14 18:19:36,12,28,28,17,54,17.3,57,1,20
2026-08-14 18:24:36,14,26,26,16.9,54.3,17.2,57.2,1,20
2026-08-14 18:29:36,17,27,28,16.9,54.3,17.2,57.2,1,20
2026-08-14 18:34:36,13,28,29,16.9,54.3,17.1,57.5,1,20
2026-08-14 18:39:36,15,31,31,16.9,54.5,17.1,58,1,20
2026-08-14 18:44:36,17,30,31,16.8,54.5,17.1,57.6,1,20
2026-08-14 18:49:36,17,30,30,16.8,54.4,17.1,58.2,1,20
2026-08-14 18:54:36,14,27,27,16.8,54,17,57.5,1,20
2026-08-14 18:59:36,18,29,31,16.8,53.8,17,57.6,1,20
2026-08-14 19:04:36,14,28,31,16.8,53.8,17,57.5,1,20
2026-08-14 19:09:36,17,31,33,16.7,53.7,16.9,58,1,20
2026-08-14 19:14:36,13,29,30,16.7,53.9,16.9,57.7,1,20
2026-08-14 19:19:36,17,29,29,16.7,54.3,16.9,57.9,1,20
2026-08-14 19:24:36,17,32,33,16.7,54.6,16.8,58.3,1,20
2026-08-14 19:29:36,17,28,29,16.6,54.4,16.8,58,1,20
2026-08-14 19:34:36,18,29,30,16.6,54.4,16.8,58.2,1,20
2026-08-14 19:39:36,17,29,30,16.6,54.2,16.8,57.9,1,20
2026-08-14 19:44:36,14,28,30,16.6,54.5,16.8,58.2,1,20
2026-08-14 19:49:36,9,26,26,16.6,54.2,16.7,58.2,1,20
2026-08-14 19:54:36,16,29,29,16.5,54.3,16.7,58.6,1,20
2026-08-14 19:59:36,10,27,28,16.5,54.2,16.7,58.3,1,20
2026-08-14 20:04:36,15,31,31,16.5,55,16.7,58.7,1,20
2026-08-14 20:09:36,15,31,31,16.5,55.1,16.6,58.7,1,20
2026-08-14 20:14:36,16,29,29,16.5,55.3,16.6,59.1,1,20
2026-08-14 20:19:36,12,26,26,16.5,55.4,16.6,59,1,20
2026-08-14 20:24:36,9,21,21,16.4,55.2,16.5,59.1,1,20
2026-08-14 20:29:36,9,23,23,16.4,55.1,16.5,58.9,1,20
2026-08-14 20:34:36,12,26,26,16.4,55.2,16.5,59,1,20
2026-08-14 20:39:36,8,23,26,16.4,55,16.5,59.1,1,20
2026-08-14 20:44:36,13,27,27,16.4,55.2,16.5,59,1,20
2026-08-14 20:49:36,10,26,28,16.3,54.9,16.4,58.9,1,20
2026-08-14 20:54:36,9,25,25,16.3,55,16.4,59.2,1,20
2026-08-14 20:59:36,15,26,26,16.3,54.8,16.4,58.7,1,20
2026-08-14 21:04:36,15,30,31,16.3,54.9,16.3,58.9,1,20
2026-08-14 21:09:36,14,28,28,16.3,55.2,16.3,59.3,1,20
2026-08-14 21:14:36,15,29,30,16.2,55.2,16.3,59.4,1,20
2026-08-14 21:19:36,14,29,29,16.2,55,16.3,59.3,1,20
2026-08-14 21:24:36,13,29,29,16.2,55.5,16.2,59.5,1,20
2026-08-14 21:29:36,13,29,30,16.2,55.4,16.2,59.5,1,20
2026-08-14 21:34:36,16,30,30,16.2,55.6,16.2,59.5,1,20
2026-08-14 21:39:36,14,29,29,16.2,55.7,16.2,59.8,1,20
2026-08-14 21:44:36,15,29,29,16.2,55.9,16.2,59.8,1,20
2026-08-14 21:49:36,16,30,30,16.2,55.8,16.2,59.8,1,20
2026-08-14 21:54:36,18,29,30,16.1,56.1,16.2,59.9,1,20
2026-08-14 21:59:36,17,29,29,16.1,56.3,16.1,60.1,1,20
2026-08-14 22:04:36,17,30,31,16.1,56,16.1,60.2,1,20
2026-08-14 22:09:36,13,29,30,16.1,56.4,16.1,60.4,1,20
2026-08-14 22:14:36,17,29,29,16.1,56.3,16.1,60.3,1,20
2026-08-14 22:19:36,19,30,30,16,56.4,16,60.4,1,20
2026-08-14 22:24:36,21,32,32,16,56.5,16,60.8,1,20
2026-08-14 22:29:36,22,32,32,16,56.8,16,60.8,1,20
2026-08-14 22:34:36,20,31,33,16,57,16,61.1,1,20
2026-08-14 22:39:36,17,31,31,15.9,57.1,15.9,61.2,1,20
2026-08-14 22:44:36,16,29,30,16,56.9,15.9,61,1,20
2026-08-14 22:49:37,14,31,31,15.9,56.9,15.9,60.9,1,20
2026-08-14 22:54:36,17,29,31,15.9,57,15.9,61.2,1,20
2026-08-14 22:59:36,17,28,28,15.9,56.9,15.8,61.1,1,20
2026-08-14 23:04:36,15,29,30,15.8,56.6,15.8,61,1,20
2026-08-14 23:09:36,15,27,27,15.8,56.2,15.8,60.9,1,20
2026-08-14 23:14:36,20,33,34,15.8,56.6,15.7,61,1,20
2026-08-14 23:19:36,21,31,33,15.7,57,15.7,61.3,1,20
2026-08-14 23:24:36,17,29,29,15.7,56.9,15.7,61.3,1,20
2026-08-14 23:29:36,16,29,30,15.7,56.9,15.7,61.4,1,20
2026-08-14 23:34:36,15,29,29,15.7,57.2,15.7,61.3,1,20
2026-08-14 23:39:36,15,27,27,15.7,56.9,15.6,61.2,1,20
2026-08-14 23:44:36,14,27,28,15.7,57.1,15.6,61.5,1,20
2026-08-14 23:49:37,12,23,23,15.7,56.7,15.6,61.2,1,20
2026-08-14 23:54:36,14,27,27,15.6,56.8,15.6,61.4,1,20
2026-08-14 23:59:36,15,26,26,15.6,56.8,15.6,61.7,1,20
2026-08-15 00:04:37,16,29,29,15.6,57.2,15.5,61.4,1,20
2026-08-15 00:09:37,14,29,30,15.6,57.1,15.5,61.6,1,20
2026-08-15 00:14:37,14,31,33,15.6,57.3,15.5,61.8,1,20
2026-08-15 00:19:36,16,30,30,15.6,57.4,15.5,61.7,1,20
2026-08-15 00:24:37,17,31,33,15.6,57.3,15.5,62.2,1,20
2026-08-15 00:29:37,17,29,29,15.6,57.5,15.5,62,1,20
2026-08-15 00:34:36,16,28,29,15.5,57.4,15.5,62.1,1,20
2026-08-15 00:39:37,21,28,30,15.5,57.4,15.4,61.9,1,20
2026-08-15 00:44:37,17,29,30,15.5,57.3,15.4,61.9,1,20
2026-08-15 00:49:37,16,32,32,15.5,57.2,15.4,61.9,1,20
2026-08-15 00:54:37,16,29,29,15.5,57.4,15.4,61.9,1,20
2026-08-15 00:59:37,17,29,29,15.5,57.2,15.4,62,1,20
2026-08-15 01:04:37,15,29,30,15.5,57,15.4,61.7,1,20
2026-08-15 01:09:37,15,32,32,15.5,57.2,15.4,61.8,1,20
2026-08-15 01:14:37,15,34,34,15.5,57.3,15.4,61.8,1,20
2026-08-15 01:19:37,16,29,29,15.5,57.1,15.4,61.8,1,20
2026-08-15 01:24:36,19,31,32,15.5,57.2,15.4,62.1,1,20
2026-08-15 01:29:37,21,33,33,15.5,57.3,15.4,61.9,1,20
2026-08-15 01:34:37,18,31,32,15.5,57.5,15.3,62,1,20
2026-08-15 01:39:37,15,31,31,15.4,57.2,15.3,61.9,1,20
2026-08-15 01:44:37,22,33,33,15.4,57,15.3,61.9,1,20
2026-08-15 01:49:37,21,32,32,15.4,57.3,15.3,61.9,1,20
2026-08-15 01:54:37,17,32,33,15.4,57.3,15.3,62.1,1,20
2026-08-15 01:59:37,18,32,35,15.4,57.4,15.3,62,1,20
2026-08-15 02:04:37,17,30,30,15.4,57.5,15.3,62.1,1,20
2026-08-15 02:09:37,15,30,30,15.4,57.4,15.3,62.2,1,20
2026-08-15 02:14:37,15,28,29,15.4,57.4,15.2,62.1,1,20
2026-08-15 02:19:37,15,29,29,15.4,57.3,15.2,62.1,1,20
2026-08-15 02:24:37,17,32,32,15.4,57.6,15.2,62.3,1,20
2026-08-15 02:29:37,14,29,29,15.3,57.8,15.2,62.4,1,20
2026-08-15 02:34:37,19,32,32,15.3,57.8,15.2,62.5,1,20
2026-08-15 02:39:37,17,31,33,15.4,57.8,15.2,62.6,1,20
2026-08-15 02:44:37,15,30,30,15.3,58,15.2,62.5,1,20
2026-08-15 02:49:37,16,31,31,15.3,57.8,15.2,62.5,1,20
2026-08-15 02:54:37,13,29,29,15.4,58,15.2,62.7,1,17
2026-08-15 02:59:37,13,28,29,15.3,57.9,15.2,62.8,1,17
2026-08-15 03:04:37,15,29,32,15.3,58.2,15.2,63,1,17
2026-08-15 03:09:37,15,29,29,15.3,58,15.1,62.9,1,17
2026-08-15 03:14:37,15,30,31,15.3,58.2,15.1,63.1,1,17
2026-08-15 03:19:37,12,28,29,15.3,58.1,15.1,62.8,1,18
2026-08-15 03:24:37,10,27,27,15.3,57.9,15.1,62.8,1,18
2026-08-15 03:29:37,9,26,26,15.2,58.1,15.1,63,1,18
2026-08-15 03:34:37,8,24,26,15.2,58.1,15.1,62.7,1,18
2026-08-15 03:39:37,9,27,27,15.2,57.6,15.1,62.5,1,17
2026-08-15 03:44:37,10,26,26,15.2,57.3,15.1,62.3,1,17
2026-08-15 03:49:37,14,31,31,15.2,57.9,15,62.9,1,17
2026-08-15 03:54:37,12,27,27,15.2,57.9,15,63,1,17
2026-08-15 03:59:37,13,27,28,15.2,58.4,15,62.9,1,17
2026-08-15 04:04:37,13,23,26,15.2,58,14.9,63,1,17
2026-08-15 04:09:37,14,23,23,15.2,58,14.9,63,1,17
2026-08-15 04:14:37,14,26,27,15.1,57.9,14.9,62.9,1,17
2026-08-15 04:19:37,15,28,28,15.1,57.9,14.9,62.9,1,17
2026-08-15 04:24:37,10,28,28,15.1,58.1,14.9,63.2,1,17
2026-08-15 04:29:37,10,26,26,15.1,58.2,14.9,63.1,1,17
2026-08-15 04:34:37,13,29,29,15.1,58.2,14.9,62.9,1,17
2026-08-15 04:39:37,14,29,29,15.1,57.9,14.9,63.3,1,17
2026-08-15 04:44:37,13,28,28,15.1,58.1,14.9,63,1,17
2026-08-15 04:49:37,13,27,27,15.1,58,14.8,63.6,1,17
2026-08-15 04:54:37,13,26,27,15,58.2,14.8,63.1,1,17
2026-08-15 04:59:37,10,26,26,15,58.1,14.8,63.1,1,17
2026-08-15 05:04:37,9,24,24,15,58.1,14.8,63.2,1,17
2026-08-15 05:09:37,9,26,26,15,58,14.8,63.1,1,17
2026-08-15 05:14:37,7,15,18,15,57.9,14.8,62.9,1,17
2026-08-15 05:19:37,13,26,27,15,57.9,14.8,63.2,1,17
2026-08-15 05:24:38,9,24,24,15,58.2,14.8,63.2,1,17
2026-08-15 05:29:37,9,26,26,15,58.1,14.8,63.3,1,17
2026-08-15 05:34:37,10,26,26,14.9,58.1,14.7,63.2,1,17
2026-08-15 05:39:37,14,28,28,15,58.4,14.7,63.6,1,17
2026-08-15 05:44:37,10,27,27,14.9,58.5,14.7,63.6,1,17
2026-08-15 05:49:37,10,23,26,15,58.5,14.7,63.6,1,17
2026-08-15 05:54:37,13,27,28,14.9,58.6,14.7,63.7,1,17
2026-08-15 05:59:37,14,30,31,15,58.6,14.7,63.8,1,17
2026-08-15 06:04:37,14,31,31,14.9,58.6,14.7,63.9,1,17
2026-08-15 06:09:37,16,31,31,14.9,58.6,14.7,64.3,1,17
2026-08-15 06:14:37,13,26,27,14.9,58.3,14.7,63.6,1,17
2026-08-15 06:19:37,10,27,27,14.9,58.4,14.7,63.6,1,17
2026-08-15 06:24:37,13,30,31,14.9,58.4,14.7,63.6,1,17
2026-08-15 06:29:37,13,28,28,14.9,58.3,14.6,63.6,1,17
2026-08-15 06:34:37,13,31,31,14.9,58.5,14.6,63.7,1,17
2026-08-15 06:39:37,18,31,31,14.9,58.5,14.6,63.6,1,17
2026-08-15 06:44:37,18,33,33,14.9,58.5,14.6,63.9,1,17
2026-08-15 06:49:37,20,30,30,14.9,58.5,14.6,63.7,1,17
2026-08-15 06:54:37,18,30,30,14.9,58.6,14.6,63.7,1,17
2026-08-15 06:59:38,13,31,31,14.9,58.6,14.6,63.7,1,17
2026-08-15 07:04:38,13,28,29,14.9,58.4,14.6,63.8,1,17
2026-08-15 07:09:38,14,29,29,14.9,58.4,14.6,63.6,1,17
2026-08-15 07:14:37,13,28,28,14.9,58.4,14.6,63.6,1,17
2026-08-15 07:19:37,10,26,27,14.9,58.3,14.6,63.6,1,17
2026-08-15 07:24:38,9,24,24,14.9,58.2,14.6,63.7,1,20
2026-08-15 07:29:37,13,24,24,14.9,58.2,14.6,63.6,1,17
2026-08-15 07:34:38,13,30,30,15,58,14.7,63.3,1,17
2026-08-15 07:39:37,10,26,26,14.9,58,14.7,63.4,1,17
2026-08-15 07:44:38,9,24,24,15,58.2,14.7,63.3,1,17
2026-08-15 07:49:38,10,27,28,14.9,57.9,14.7,63.2,1,17
2026-08-15 07:54:38,8,22,22,15,58,14.7,63.3,1,20
2026-08-15 07:59:38,7,20,21,15,57.7,14.7,63,1,21
2026-08-15 08:04:38,8,24,24,15,57.9,14.7,63.1,1,17
2026-08-15 08:09:38,5,17,20,15,57.7,14.7,63,1,17
2026-08-15 08:14:38,4,9,9,15,57.3,14.7,62.6,1,17
2026-08-15 08:19:38,6,10,10,15,57.2,14.7,62.5,1,17
2026-08-15 08:24:38,4,9,9,15,57.3,14.7,62.7,1,18
2026-08-15 08:29:38,8,16,16,15,57.5,14.8,62.9,1,18
2026-08-15 08:34:38,7,21,22,15,57.8,14.8,63.1,1,18
2026-08-15 08:39:38,9,26,26,15,57.8,14.8,63.1,1,18
2026-08-15 08:44:38,9,26,27,15,58,14.8,63.2,1,18
2026-08-15 08:49:38,14,23,23,15.1,58,14.8,63.2,1,18
2026-08-15 08:54:38,13,31,31,15,58.2,14.8,63.4,1,18
2026-08-15 08:59:38,10,26,27,15,58.4,14.8,63.5,1,18
2026-08-15 09:04:38,16,31,32,15.1,58.6,14.8,63.6,1,18
2026-08-15 09:09:38,18,32,33,15,58.5,14.8,63.7,1,18
2026-08-15 09:14:38,16,33,33,15,58.7,14.8,63.7,1,17
2026-08-15 09:19:38,22,33,33,15,58.8,14.8,63.8,1,17
2026-08-15 09:24:38,23,35,37,15,58.7,14.8,64,1,20
2026-08-15 09:29:38,24,36,40,15,58.4,14.8,63.7,1,21
2026-08-15 09:34:38,24,39,43,15,58.4,14.8,63.7,1,18
2026-08-15 09:39:38,25,36,40,15,58.4,14.8,63.7,1,18
2026-08-15 09:44:38,24,36,39,15,58.3,14.8,63.5,1,18
2026-08-15 09:49:38,25,39,41,15,58.4,14.7,63.4,1,18
2026-08-15 09:54:38,24,36,41,14.9,58.3,14.7,64.3,1,18
2026-08-15 09:59:38,22,38,40,14.9,58.3,14.7,63.8,1,18
2026-08-15 10:04:38,19,31,31,14.9,58.6,14.6,63.8,1,18
2026-08-15 10:09:38,9,23,23,14.9,58.6,14.6,63.9,1,18
2026-08-15 10:14:38,8,17,19,14.9,58.7,14.6,63.8,1,18
2026-08-15 10:19:38,9,16,16,14.9,58.6,14.6,63.8,1,18
2026-08-15 10:24:38,6,7,7,14.8,58.8,14.6,64,1,18
2026-08-15 10:29:38,3,7,7,14.8,58.7,14.5,64.1,1,18
2026-08-15 10:34:38,2,6,6,14.8,58.6,14.5,64,1,18
2026-08-15 10:39:38,2,7,7,14.8,58.6,14.5,63.7,1,18
2026-08-15 10:44:38,2,3,3,14.8,58.8,14.5,64,1,18
2026-08-15 10:49:38,1,3,3,14.8,58.7,14.5,64.2,1,18
2026-08-15 10:54:38,1,6,6,14.8,58.9,14.4,64.2,1,21
2026-08-15 10:59:38,2,4,4,14.7,58.8,14.4,64.3,1,18
2026-08-15 11:04:38,0,1,1,14.7,58.8,14.4,64.2,1,18
2026-08-15 11:09:38,0,0,0,14.7,59,14.4,64.1,1,18
2026-08-15 11:14:38,0,0,0,14.7,58.8,14.3,64.2,1,18
2026-08-15 11:19:38,0,0,0,14.7,58.8,14.3,64.1,1,18
2026-08-15 11:24:38,0,0,0,14.6,58.4,14.3,64.3,1,18
2026-08-15 11:29:38,0,0,0,14.6,58.6,14.3,64.2,1,18
2026-08-15 11:34:38,0,0,0,14.6,58.6,14.2,64.5,1,18
2026-08-15 11:39:38,0,0,0,14.6,58.6,14.2,64.5,1,18
2026-08-15 11:44:39,0,0,0,14.6,58.2,14.2,64.5,1,18
2026-08-15 11:49:39,0,0,0,14.6,58.5,14.2,64.4,1,18
2026-08-15 11:54:38,0,0,0,14.6,58.5,14.2,64.1,1,18
2026-08-15 11:59:39,0,0,0,14.5,58,14.1,64.1,1,18
2026-08-15 12:04:38,0,0,0,14.5,57.6,14.1,63.7,1,18
2026-08-15 12:09:39,0,0,0,14.5,57.8,14,63.8,1,18
2026-08-15 12:14:39,0,0,0,14.4,57.8,14,63.8,1,18
2026-08-15 12:19:39,0,0,0,14.4,57.8,14,63.8,1,18
2026-08-15 12:24:39,0,0,0,14.4,57.6,13.9,63.7,1,18
2026-08-15 12:29:38,0,0,0,14.4,57.5,13.9,63.4,1,18
2026-08-15 12:34:38,0,0,0,14.4,56.7,13.9,62.9,1,18
2026-08-15 12:39:38,0,0,0,14.3,57,13.9,63,1,18
2026-08-15 12:44:39,0,0,0,14.3,56.5,13.8,62.8,1,18
2026-08-15 12:49:39,0,0,0,14.2,56.9,13.8,63.1,1,18
2026-08-15 12:54:39,0,0,0,14.2,57.1,13.8,63.1,1,18
2026-08-15 12:59:39,0,0,0,14.2,57.1,13.7,63.3,1,18
2026-08-15 13:04:39,0,0,0,14.2,57.2,13.7,63.6,1,18
2026-08-15 13:09:39,0,0,0,14.2,57.6,13.7,63.8,1,18
2026-08-15 13:14:39,0,0,0,14.2,57.9,13.6,63.9,1,18
2026-08-15 13:19:39,0,0,0,14.2,58.1,13.7,64,1,18
2026-08-15 13:24:39,0,0,0,14.2,57.9,13.7,63.9,1,18
2026-08-15 13:29:39,0,0,0,14.2,58.2,13.7,63.9,1,18
2026-08-15 13:34:38,0,0,0,14.2,58.3,13.7,64.2,1,18
2026-08-15 13:39:39,0,0,0,14.2,58.2,13.7,64.1,1,18
2026-08-15 13:44:39,0,0,0,14.2,58.1,13.7,63.9,1,18
2026-08-15 13:49:39,0,0,0,14.2,58.1,13.7,64.1,1,18
2026-08-15 13:54:39,0,0,0,14.2,58.1,13.8,64,1,18
2026-08-15 13:59:39,0,0,0,14.2,58,13.8,63.9,1,18
2026-08-15 14:04:39,0,0,0,14.2,57.9,13.7,63.7,1,18
2026-08-15 14:09:39,0,0,0,14.2,57.6,13.7,63.7,1,18
2026-08-15 14:14:39,0,1,1,14.2,57.8,13.7,64.1,1,18
2026-08-15 14:19:38,0,0,0,14.2,58.1,13.7,64.1,1,18
2026-08-15 14:24:39,0,0,0,14.2,58.1,13.6,64.1,1,18
2026-08-15 14:29:39,0,2,2,14.2,58,13.6,64.2,1,18
2026-08-15 14:34:39,0,0,0,14.1,58.4,13.6,64.5,1,18
2026-08-15 14:39:39,0,0,0,14.2,58.3,13.6,64.5,1,18
2026-08-15 14:44:39,0,1,1,14.1,58.3,13.6,64.3,1,18
2026-08-15 14:49:39,0,0,0,14.1,58.2,13.6,64.3,1,18
2026-08-15 14:54:38,0,0,0,14.1,58,13.6,64.2,1,18
2026-08-15 14:59:39,0,0,0,14.1,58.3,13.6,64.3,1,18
2026-08-15 15:04:39,0,0,0,14.1,58.1,13.6,64.6,1,18
2026-08-15 15:09:39,0,0,0,14.1,58.2,13.6,64.4,1,18
2026-08-15 15:14:39,0,0,0,14.1,58.5,13.6,64.4,1,18
2026-08-15 15:19:39,0,0,0,14.1,58.5,13.6,64.5,1,18
2026-08-15 15:24:39,0,0,0,14.1,58.1,13.6,64.3,1,18
2026-08-15 15:29:39,0,0,0,14.1,58.4,13.6,64.3,1,18
2026-08-15 15:34:39,0,0,0,14.1,58.4,13.6,64.5,1,18
2026-08-15 15:39:39,0,0,0,14.1,58.2,13.6,64.3,1,18
2026-08-15 15:44:39,0,0,0,14.1,58.4,13.6,64.5,1,17
2026-08-15 15:49:39,0,0,0,14.1,57.8,13.6,63.9,1,20
2026-08-15 15:54:39,0,0,0,14.1,58,13.6,64.1,1,20
2026-08-15 15:59:39,0,0,0,14.1,58.1,13.6,64.3,1,20
2026-08-15 16:04:39,0,0,0,14.1,57.7,13.6,63.8,1,17
2026-08-15 16:09:39,0,0,0,14.1,57.7,13.6,63.9,1,17
2026-08-15 16:14:39,0,0,0,14.1,58.1,13.6,64.1,1,20
2026-08-15 16:19:39,0,0,0,14.1,58,13.5,64.2,1,20
2026-08-15 16:24:39,0,0,0,14.1,57.4,13.5,63.5,1,20
2026-08-15 16:29:39,0,0,0,14,56.3,13.4,62.4,1,20
2026-08-15 16:34:39,0,0,0,14,55.9,13.4,62.2,1,18
2026-08-15 16:39:39,0,0,0,13.9,55.9,13.4,62.2,1,18
2026-08-15 16:44:39,0,0,0,13.9,55.9,13.3,62.4,1,18
2026-08-15 16:49:39,0,0,0,13.9,55.8,13.2,62.4,1,20
2026-08-15 16:54:39,0,0,0,13.8,55.8,13.2,62.2,1,20
2026-08-15 16:59:39,0,0,0,13.8,55.4,13.1,62,1,17
2026-08-15 17:04:39,0,0,0,13.8,55.6,13.1,61.9,1,20
2026-08-15 17:09:39,0,0,0,13.7,55.7,13,62.1,1,20
2026-08-15 17:14:39,0,0,0,13.7,55.9,13,62.3,1,20
2026-08-15 17:19:39,0,0,0,13.7,55.7,12.9,62.1,1,20
2026-08-15 17:24:39,0,0,0,13.6,55.8,12.9,62.4,1,20
2026-08-15 17:29:39,0,0,0,13.6,55.6,12.9,62.2,1,20
2026-08-15 17:34:39,0,0,0,13.6,55.9,12.9,62.4,1,20
2026-08-15 17:39:39,0,0,0,13.5,55.5,12.8,62.1,1,20
2026-08-15 17:44:40,0,0,0,13.4,56.1,12.7,62.4,1,20
2026-08-15 17:49:39,0,0,0,13.4,55.8,12.6,62.3,1,17
2026-08-15 17:54:40,0,0,0,13.3,54.9,12.5,61.3,1,17
2026-08-15 17:59:39,0,0,0,13.1,54.5,12.3,60,1,20
2026-08-15 18:04:39,0,0,0,13,54.5,12.2,61.5,1,17
2026-08-15 18:09:39,0,0,0,13,55.3,12.2,62.1,1,17
2026-08-15 18:14:39,0,0,0,12.9,55.4,12.1,62.1,1,20
2026-08-15 18:19:40,0,0,0,12.9,54.6,12.1,61.8,1,17
2026-08-15 18:24:39,0,0,0,12.9,54.3,12.1,60.5,1,20
2026-08-15 18:29:39,0,0,0,12.9,53.8,12,59.3,1,20
2026-08-15 18:34:39,0,0,0,12.7,52.6,11.9,57.1,1,20
2026-08-15 18:39:39,0,0,0,12.6,52.2,11.6,58.1,1,17
2026-08-15 18:44:39,0,0,0,12.5,52.6,11.5,58.5,1,20
2026-08-15 18:49:39,0,0,0,12.3,52.5,11.3,58.7,1,18
2026-08-15 18:54:39,0,0,0,12.2,52.9,11.1,59.6,1,21
2026-08-15 18:59:40,0,0,0,12,53.1,10.9,59.4,1,18
2026-08-15 19:04:40,0,0,0,11.9,52.9,10.8,59.5,1,18
2026-08-15 19:09:40,0,0,0,11.8,53.3,10.6,60,1,18
2026-08-15 19:14:39,0,0,0,11.7,53.4,10.5,60,1,21
2026-08-15 19:19:40,0,0,0,11.6,53.6,10.4,60.6,1,21
2026-08-15 19:24:40,0,0,0,11.5,53.4,10.3,60.1,1,21
2026-08-15 19:29:40,0,0,0,11.3,53.6,10.1,60.6,1,18
2026-08-15 19:34:40,0,0,0,11.2,53.4,10,60.5,1,18
2026-08-15 19:39:40,0,0,0,11.2,53.6,10,60.6,1,21
2026-08-15 19:44:39,0,0,0,11.1,54,9.9,61,1,21
2026-08-15 19:49:40,0,0,0,11.1,54.3,9.9,61.4,1,21
2026-08-15 19:54:39,0,0,0,11.1,54.2,9.9,61.1,1,18
2026-08-15 19:59:40,0,0,0,11.1,54.4,10,60.8,1,19
2026-08-15 20:04:39,0,0,0,11.1,54.2,10,61.1,1,19
2026-08-15 20:09:40,0,0,0,11.1,54.5,10,61.2,1,19
2026-08-15 20:14:40,0,0,0,11.2,54.4,10.1,61,1,19
2026-08-15 20:19:40,0,0,0,11.3,54.6,10.2,61.1,1,19
2026-08-15 20:24:40,0,0,0,11.3,54.3,10.3,60.5,1,19
2026-08-15 20:29:40,0,0,0,11.4,54.5,10.3,61.1,1,21
2026-08-15 20:34:40,0,0,0,11.4,54.2,10.3,60.4,1,21
2026-08-15 20:39:40,0,0,0,11.4,54.3,10.4,61.1,1,21
2026-08-15 20:44:40,0,0,0,11.5,54.4,10.4,61.1,1,19
2026-08-15 20:49:40,0,0,0,11.5,54.2,10.5,60.5,1,19
2026-08-15 20:54:40,0,0,0,11.6,54.4,10.6,61.3,1,19
2026-08-15 20:59:40,0,0,0,11.7,54.4,10.6,60.9,1,18
2026-08-15 21:04:40,0,0,0,11.7,54.2,10.7,59.8,1,21
2026-08-15 21:09:40,0,0,0,11.7,53.2,10.6,58.8,1,21
2026-08-15 21:14:40,0,0,0,11.6,53.2,10.6,59.1,1,21
2026-08-15 21:19:40,0,0,0,11.7,53.2,10.6,59.9,1,21
2026-08-15 21:24:40,0,0,0,11.7,53.6,10.7,60.2,1,18
2026-08-15 21:29:40,0,0,0,11.8,53.9,10.8,60.7,1,18
2026-08-15 21:34:40,0,0,0,11.8,55,10.9,61.4,1,18
2026-08-15 21:39:40,0,0,0,11.9,52.9,10.9,58.7,1,21
2026-08-15 21:44:40,0,0,0,12,53,11,59.5,1,18
2026-08-15 21:49:40,0,0,0,12,53,11.1,59.6,1,18
2026-08-15 21:54:40,0,0,0,12.1,53.1,11.1,59.5,1,21
2026-08-15 21:59:40,0,0,0,12.1,53.7,11.2,60.3,1,18
2026-08-15 22:04:40,0,0,0,12.2,54.2,11.3,60.7,1,21
2026-08-15 22:09:40,0,0,0,12.2,54.3,11.3,60.8,1,21
2026-08-15 22:14:40,0,0,0,12.3,54.3,11.3,60.8,1,21
2026-08-15 22:19:40,0,0,0,12.3,54.3,11.3,60.7,1,21
2026-08-15 22:24:40,0,0,0,12.3,54.1,11.3,60.5,1,18
2026-08-15 22:29:40,0,0,0,12.3,54,11.4,60.5,1,18
2026-08-15 22:34:40,0,0,0,12.3,53.9,11.4,60.4,1,18
2026-08-15 22:39:40,0,0,0,12.3,53.5,11.4,60.2,1,18
2026-08-15 22:44:40,0,0,0,12.3,53.9,11.4,60.4,1,18
2026-08-15 22:49:40,0,0,0,12.3,53.8,11.4,60.1,1,18
2026-08-15 22:54:40,0,0,0,12.3,53.7,11.3,60.1,1,21
2026-08-15 22:59:40,0,0,0,12.3,53.5,11.3,60.1,1,18
2026-08-15 23:04:40,0,0,0,12.3,53.6,11.3,60.1,1,18
2026-08-15 23:09:40,0,0,0,12.3,53.3,11.3,59.8,1,18
2026-08-15 23:14:40,0,0,0,12.3,53.1,11.3,59.7,1,18
2026-08-15 23:19:40,0,0,0,12.3,53.3,11.3,59.9,1,18
2026-08-15 23:24:40,0,0,0,12.2,53,11.3,59.6,1,18
2026-08-15 23:29:40,0,0,0,12.3,52.9,11.3,59.6,1,18
2026-08-15 23:34:40,0,0,0,12.2,53,11.3,59.7,1,21
2026-08-15 23:39:40,0,0,0,12.3,53,11.3,59.6,1,18
2026-08-15 23:44:40,0,0,0,12.3,52.8,11.3,59.4,1,18
2026-08-15 23:49:40,0,0,0,12.2,52.7,11.3,59.3,1,21
2026-08-15 23:54:41,0,0,0,12.3,52.3,11.3,59,1,18
2026-08-15 23:59:41,0,0,0,12.3,52.7,11.3,59.4,1,18
2026-08-16 00:04:40,0,0,0,12.3,52.8,11.3,59.3,1,21
2026-08-16 00:09:41,0,0,0,12.3,52.5,11.3,59.3,1,18
2026-08-16 00:14:41,0,0,0,12.3,52.3,11.3,58.9,1,18
2026-08-16 00:19:41,0,0,0,12.3,52.3,11.3,59.1,1,18
2026-08-16 00:24:40,0,0,0,12.3,52.8,11.3,59.4,1,18
2026-08-16 00:29:41,0,0,0,12.3,52.8,11.3,59.4,1,18
2026-08-16 00:34:41,0,0,0,12.3,52.8,11.3,59.4,1,18
2026-08-16 00:39:41,0,0,0,12.3,52.7,11.3,59.3,1,21
2026-08-16 00:44:41,0,0,0,12.3,52.6,11.3,59.3,1,18
2026-08-16 00:49:41,0,0,0,12.3,52.9,11.2,59.5,1,21
2026-08-16 00:54:41,0,0,0,12.2,52.6,11.2,59.3,1,18
2026-08-16 00:59:40,0,0,0,12.2,52.7,11.2,59.3,1,18
2026-08-16 01:04:41,0,0,0,12.2,52.6,11.2,59.3,1,18
2026-08-16 01:09:40,0,0,0,12.2,52.4,11.1,59,1,18
2026-08-16 01:14:41,0,0,0,12.1,52.5,11.1,59.2,1,18
2026-08-16 01:19:40,0,0,0,12.1,52.8,11.1,59.4,1,18
2026-08-16 01:24:41,0,0,0,12.1,52.8,11,59.3,1,18
2026-08-16 01:29:41,0,0,0,12,52.7,11,59.4,1,18
2026-08-16 01:34:41,0,0,0,12.1,52.5,11,59.1,1,18
2026-08-16 01:39:41,0,0,0,12.1,52.7,11,59.4,1,18
2026-08-16 01:44:41,0,0,0,12,52.8,11,59.5,1,18
2026-08-16 01:49:41,0,0,0,12.1,52.7,11,59.2,1,18
2026-08-16 01:54:41,0,0,0,12,52.4,11,59.1,1,18
2026-08-16 01:59:41,0,0,0,12,52.6,11,59.3,1,18
2026-08-16 02:04:41,0,0,0,12,52.3,10.9,58.9,1,18
2026-08-16 02:09:41,0,0,0,12,52.2,10.9,58.9,1,18
2026-08-16 02:14:41,0,0,0,12,52.5,10.9,59.1,1,18
2026-08-16 02:19:41,0,0,0,12,52.6,10.9,59.2,1,18
2026-08-16 02:24:41,0,0,0,12,52.5,10.9,59.1,1,18
2026-08-16 02:29:41,0,0,0,12,52.6,10.9,59.3,1,18
2026-08-16 02:34:41,0,0,0,12,52.5,10.9,59.1,1,18
2026-08-16 02:39:41,0,0,0,12,52.5,10.9,59,1,18
2026-08-16 02:44:41,0,0,0,12,52.3,10.9,59.2,1,18
2026-08-16 02:49:41,0,0,0,12,52.6,10.9,59.1,1,18
2026-08-16 02:54:41,0,0,0,11.9,52.4,10.9,59,1,18
2026-08-16 02:59:41,0,0,0,12,52.5,10.9,59.1,1,18
2026-08-16 03:04:41,0,0,0,11.9,52.2,10.9,58.8,1,18
2026-08-16 03:09:41,0,0,0,12,52,10.9,58.7,1,18
2026-08-16 03:14:41,0,0,0,11.9,52.1,10.9,58.7,1,21
2026-08-16 03:19:41,0,0,0,11.9,52.3,10.9,58.8,1,18
2026-08-16 03:24:41,0,0,0,11.9,52,10.8,58.6,1,18
2026-08-16 03:29:41,0,0,0,11.9,52,10.8,58.7,1,18
2026-08-16 03:34:41,0,0,0,11.9,51.9,10.8,58.4,1,18
2026-08-16 03:39:41,0,0,0,11.9,51.8,10.8,58.5,1,18
2026-08-16 03:44:41,0,0,0,11.8,52.2,10.8,58.8,1,18
2026-08-16 03:49:41,0,0,0,11.8,52,10.7,58.7,1,18
2026-08-16 03:54:41,0,0,0,11.8,51.8,10.7,58.5,1,18
2026-08-16 03:59:41,0,0,0,11.8,51.6,10.7,58.4,1,18
2026-08-16 04:04:41,0,0,0,11.8,51.8,10.6,58.5,1,21
2026-08-16 04:09:41,0,0,0,11.8,51.8,10.6,58.4,1,18
2026-08-16 04:14:41,0,0,0,11.7,51.9,10.6,58.4,1,18
2026-08-16 04:19:41,0,0,0,11.7,52,10.6,58.7,1,18
2026-08-16 04:24:41,0,0,0,11.7,52,10.5,58.6,1,18
2026-08-16 04:29:41,0,0,0,11.6,51.7,10.5,58.5,1,18
2026-08-16 04:34:41,0,0,0,11.6,51.8,10.4,58.5,1,21
2026-08-16 04:39:41,0,0,0,11.6,51.8,10.4,58.6,1,18
2026-08-16 04:44:41,0,0,0,11.6,51.8,10.4,58.6,1,18
2026-08-16 04:49:41,0,0,0,11.6,51.8,10.4,58.6,1,18
2026-08-16 04:54:41,0,0,0,11.5,51.8,10.3,58.6,1,18
2026-08-16 04:59:41,0,0,0,11.5,52,10.3,58.8,1,18
2026-08-16 05:04:41,0,0,0,11.5,52.1,10.3,58.9,1,18
2026-08-16 05:09:41,0,0,0,11.5,52,10.3,58.6,1,18
2026-08-16 05:14:41,0,0,0,11.4,51.8,10.2,58.5,1,18
2026-08-16 05:19:41,0,0,0,11.4,52.1,10.2,58.8,1,18
2026-08-16 05:24:41,0,0,0,11.4,52.1,10.2,59,1,21
2026-08-16 05:29:41,0,0,0,11.4,52.1,10.2,58.8,1,18
2026-08-16 05:34:41,0,0,0,11.4,52.3,10.1,58.9,1,18
2026-08-16 05:39:41,0,0,0,11.4,52.1,10.1,58.9,1,18
2026-08-16 05:44:41,0,0,0,11.4,52.1,10.1,58.7,1,18
2026-08-16 05:49:41,0,0,0,11.3,52,10.1,58.8,1,18
2026-08-16 05:54:41,0,0,0,11.3,52.1,10.1,58.8,1,18
2026-08-16 05:59:41,0,0,0,11.3,52,10,58.5,1,18
2026-08-16 06:04:41,0,0,0,11.3,51.8,10,58.6,1,18
2026-08-16 06:09:41,0,0,0,11.3,51.7,10,58.6,1,18
2026-08-16 06:14:41,0,0,0,11.3,51.9,10,58.7,1,18
2026-08-16 06:19:41,0,0,0,11.3,51.9,10,58.7,1,18
2026-08-16 06:24:41,0,0,0,11.3,51.8,10,58.7,1,18
2026-08-16 06:29:41,0,0,0,11.3,51.8,10,58.5,1,18
2026-08-16 06:34:41,0,0,0,11.3,52,10,58.9,1,18
2026-08-16 06:39:41,0,0,0,11.3,52.2,10,58.9,1,18
2026-08-16 06:44:42,0,0,0,11.3,52.3,10,58.9,1,18
2026-08-16 06:49:41,0,0,0,11.3,52.2,10,58.9,1,18
2026-08-16 06:54:41,0,0,0,11.3,52.3,10,59.1,1,18
2026-08-16 06:59:41,0,0,0,11.3,52,10,59,1,18
2026-08-16 07:04:42,0,0,0,11.2,52.5,10,59.1,1,18
2026-08-16 07:09:42,0,0,0,11.3,52.3,10,59,1,18
2026-08-16 07:14:42,0,0,0,11.2,52.3,10,59.2,1,18
2026-08-16 07:19:41,0,0,0,11.3,52.4,10,59.1,1,18
2026-08-16 07:24:42,0,0,0,11.2,52.4,10,59.2,1,18
2026-08-16 07:29:42,0,0,0,11.2,52.6,10,59.2,1,18
2026-08-16 07:34:42,0,0,0,11.2,52.7,10,59.3,1,18
2026-08-16 07:39:41,0,0,0,11.2,52.6,10,59.2,1,18
2026-08-16 07:44:41,0,0,0,11.2,52.3,10,59,1,18
2026-08-16 07:49:42,0,0,0,11.2,52.4,10,59.2,1,18
2026-08-16 07:54:41,0,0,0,11.2,52.8,10,59.4,1,18
2026-08-16 07:59:42,0,0,0,11.2,53.3,10,59.6,1,18
2026-08-16 08:04:42,0,0,0,11.2,53,10,59.5,1,18
2026-08-16 08:09:42,0,0,0,11.2,53.1,10,59.9,1,18
2026-08-16 08:14:42,0,0,0,11.2,53.3,10,59.8,1,18
2026-08-16 08:19:42,0,0,0,11.3,53.4,10.1,60,1,18
2026-08-16 08:24:42,0,0,0,11.3,53.6,10.1,60,1,18
2026-08-16 08:29:42,0,0,0,11.3,53.5,10.1,59.9,1,18
2026-08-16 08:34:41,0,0,0,11.3,53.4,10.2,59.9,1,18
2026-08-16 08:39:42,0,0,0,11.4,53.8,10.2,60.1,1,18
2026-08-16 08:44:42,0,0,0,11.4,53.8,10.3,60.2,1,21
2026-08-16 08:49:42,0,0,0,11.5,53.7,10.3,60.1,1,18
2026-08-16 08:54:42,0,0,0,11.5,53.5,10.4,59.9,1,18
2026-08-16 08:59:42,0,0,0,11.5,53.7,10.5,60.3,1,18
2026-08-16 09:04:42,0,0,0,11.6,53.9,10.5,60.5,1,18
2026-08-16 09:09:42,0,0,0,11.7,53.8,10.6,60.2,1,18
2026-08-16 09:14:42,0,0,0,11.7,53.7,10.6,59.9,1,18
2026-08-16 09:19:42,0,0,0,11.7,53.6,10.7,59.7,1,18
2026-08-16 09:24:42,0,0,0,11.8,53.2,10.8,59.7,1,18
2026-08-16 09:29:42,0,0,0,11.8,53.7,10.9,59.8,1,18
2026-08-16 09:34:42,0,0,0,11.9,53.3,10.9,59.6,1,18
2026-08-16 09:39:42,0,0,0,12,53.1,11,59.3,1,18
2026-08-16 09:44:42,0,0,0,12.1,52.4,11.2,58.6,1,18
2026-08-16 09:49:42,0,0,0,12.2,52.6,11.3,58.9,1,18
2026-08-16 09:54:42,0,0,0,12.2,52.5,11.4,58.6,1,21
2026-08-16 09:59:42,0,0,0,12.3,52.4,11.5,58.5,1,21
2026-08-16 10:04:42,0,0,0,12.3,52.6,11.6,58.6,1,21
2026-08-16 10:09:42,0,0,0,12.4,52.6,11.7,58.5,1,21
2026-08-16 10:14:42,0,0,0,12.5,52.6,11.8,58.4,1,21
2026-08-16 10:19:42,0,0,0,12.6,52.7,12,58.5,1,19
2026-08-16 10:24:42,0,0,0,12.7,52.5,12.1,58.3,1,19
2026-08-16 10:29:42,0,0,0,12.8,52.2,12.2,57.9,1,19
2026-08-16 10:34:42,0,0,0,12.9,51.6,12.4,57.2,1,18
2026-08-16 10:39:42,0,0,0,13,51,12.4,56.7,1,21
2026-08-16 10:44:42,0,0,0,13.1,51.1,12.5,56.9,1,21
2026-08-16 10:49:42,0,0,0,13.1,51.1,12.6,56.8,1,21
2026-08-16 10:54:42,0,0,0,13.2,51.1,12.7,56.7,1,21
2026-08-16 10:59:42,0,0,0,13.3,51.1,12.8,56.9,1,21
2026-08-16 11:04:42,0,0,0,13.4,51.8,12.9,57.1,1,21
2026-08-16 11:09:42,0,0,1,13.6,51.5,13,56.7,1,21
2026-08-16 11:14:42,0,1,1,13.6,51.4,13.1,56.8,1,21
2026-08-16 11:19:42,0,0,1,13.7,51.2,13.2,56.6,1,21
2026-08-16 11:24:42,0,0,0,13.8,51.5,13.3,56.8,1,21
2026-08-16 11:29:42,0,1,1,13.9,51.5,13.4,56.6,1,21
2026-08-16 11:34:42,0,1,1,14,51.3,13.5,56.6,1,21
2026-08-16 11:39:42,0,0,0,14,51.5,13.6,56.4,1,21
2026-08-16 11:44:42,0,0,0,14.1,51.1,13.7,56.1,1,21
2026-08-16 11:49:42,0,0,0,14.2,50.9,13.8,55.7,1,21
2026-08-16 11:54:43,0,0,0,14.2,50.7,13.9,55.9,1,21
2026-08-16 11:59:42,0,0,0,14.3,50.6,14,55.7,1,21
2026-08-16 12:04:42,0,1,1,14.4,51.2,14.2,55.9,1,21
2026-08-16 12:09:42,0,2,2,14.5,51.1,14.4,55.7,1,21
2026-08-16 12:14:42,3,7,7,14.6,51.5,14.6,56.2,1,21
2026-08-16 12:19:42,5,8,8,14.8,52.2,14.8,56.2,1,21
2026-08-16 12:24:42,5,7,8,14.9,51.8,14.9,55.9,1,21
2026-08-16 12:29:43,7,10,10,15,51.6,15.1,55.7,1,21
2026-08-16 12:34:43,10,19,19,15.1,51.3,15.2,55.5,1,21
2026-08-16 12:39:42,12,20,20,15.2,51,15.3,55.2,1,21
2026-08-16 12:44:43,15,27,27,15.3,51.4,15.3,55.5,1,21
2026-08-16 12:49:42,21,31,32,15.4,51.4,15.4,55.3,1,21
2026-08-16 12:54:43,21,30,31,15.4,51.4,15.5,55.2,1,21
2026-08-16 12:59:43,21,30,30,15.5,51.1,15.5,55.3,1,21
2026-08-16 13:04:43,24,35,35,15.5,51.3,15.6,55.3,1,21
2026-08-16 13:09:42,21,30,33,15.5,51.3,15.6,55.2,1,21
2026-08-16 13:14:42,23,35,35,15.6,50.5,15.6,54.5,1,21
2026-08-16 13:19:42,21,29,29,15.6,50.4,15.6,54.5,1,21
2026-08-16 13:24:42,23,34,34,15.6,50.6,15.7,54.9,1,21
2026-08-16 13:29:43,23,33,35,15.6,51.1,15.7,55.2,1,21
2026-08-16 13:34:43,22,31,32,15.7,51.4,15.8,55.4,1,21
2026-08-16 13:39:43,21,30,31,15.8,51.5,16,55.6,1,21
2026-08-16 13:44:42,22,32,32,15.9,51.5,16.2,55.4,1,21
2026-08-16 13:49:43,22,33,34,16.1,51.4,16.4,54.7,1,21
2026-08-16 13:54:43,22,33,33,16.3,51.4,16.7,54.6,1,21
2026-08-16 13:59:42,21,30,31,16.5,50.7,16.9,54.2,1,21
2026-08-16 14:04:42,20,28,28,16.6,50.7,17.2,54.1,1,21
2026-08-16 14:09:43,17,26,26,16.8,49.7,17.4,52.8,0,21
2026-08-16 14:14:42,10,20,20,17,49.4,17.6,52.4,0,21
2026-08-16 14:19:43,7,14,16,17.1,48.6,17.8,51.6,0,21
2026-08-16 14:24:43,7,18,18,17.3,47.8,17.9,50.8,0,21
2026-08-16 14:29:43,6,18,18,17.4,47.5,18,50.8,0,21
2026-08-16 14:34:43,6,17,19,17.4,46.8,18.1,49,0,18
2026-08-16 14:39:43,7,19,20,17.5,46.6,18,49.6,0,18
2026-08-16 14:44:42,6,12,13,17.5,46.3,18,49.6,0,19
2026-08-16 14:49:42,6,14,15,17.4,46.2,17.9,49.7,0,19
2026-08-16 14:54:42,7,18,19,17.4,45.8,17.9,49.4,1,19
2026-08-16 14:59:43,6,13,13,17.3,45.9,17.8,49.6,1,19
2026-08-16 15:04:43,5,12,13,17.3,45.9,17.7,49.9,1,18
2026-08-16 15:09:43,6,12,12,17.2,45.6,17.6,49.1,1,18
2026-08-16 15:14:43,6,10,12,17.1,45.6,17.5,49.6,1,18
2026-08-16 15:19:43,6,13,13,17.1,45.8,17.4,49.7,1,21
2026-08-16 15:24:42,7,13,14,17,45.6,17.3,49.4,1,22
2026-08-16 15:29:43,6,13,13,16.9,45.4,17.1,49.5,1,21
2026-08-16 15:34:43,8,16,17,16.8,45.5,17,50,1,19
2026-08-16 15:39:42,8,18,19,16.8,45.8,17,50,1,21
2026-08-16 15:44:43,8,20,20,16.7,46,16.9,50.2,1,19
2026-08-16 15:49:43,8,23,23,16.6,45.9,16.8,50.3,1,22
2026-08-16 15:54:43,9,19,20,16.5,46.2,16.7,50.6,1,21
2026-08-16 15:59:43,9,18,18,16.5,46.1,16.6,50.4,1,21
2026-08-16 16:04:43,9,19,21,16.4,46.5,16.5,50.8,1,21
2026-08-16 16:09:43,6,18,18,16.4,46.2,16.5,50.4,1,22
2026-08-16 16:14:43,5,12,12,16.3,46,16.4,50.4,1,19
2026-08-16 16:19:43,5,15,15,16.3,46.2,16.3,50.5,1,19
2026-08-16 16:24:43,5,10,12,16.2,45.9,16.2,50.3,1,19
2026-08-16 16:29:43,7,14,14,16.2,45.5,16.2,50,1,18
2026-08-16 16:34:42,5,10,10,16.1,45.7,16.1,50,1,21
2026-08-16 16:39:43,4,8,9,16,45.8,16,50.2,1,21
2026-08-16 16:44:43,5,8,8,16,45.8,15.9,50.4,1,18
2026-08-16 16:49:43,5,10,12,15.9,45.8,15.9,50.4,1,18
2026-08-16 16:54:43,6,13,13,15.9,45.8,15.8,50.3,1,18
2026-08-16 16:59:43,6,10,10,15.8,45.8,15.8,50.2,1,21
2026-08-16 17:04:43,5,15,17,15.8,46.2,15.7,50.7,1,21
2026-08-16 17:09:43,9,20,21,15.7,46.4,15.7,50.7,1,22
2026-08-16 17:14:43,6,18,19,15.7,46.2,15.6,50.7,1,18
2026-08-16 17:19:43,12,26,30,15.6,47.5,15.6,51.7,1,19
2026-08-16 17:24:43,13,27,29,15.6,48,15.5,51.9,1,21
2026-08-16 17:29:43,8,22,23,15.6,48.4,15.5,52.3,1,19
2026-08-16 17:34:43,5,12,12,15.5,48.3,15.4,52.3,1,19
2026-08-16 17:39:43,4,12,12,15.5,48.4,15.3,52.4,1,19
2026-08-16 17:44:43,4,10,10,15.4,48.4,15.3,52.4,1,19
2026-08-16 17:49:43,4,13,13,15.4,48.6,15.2,52.7,1,19
2026-08-16 17:54:43,5,9,10,15.3,48.6,15.1,52.7,1,18
2026-08-16 17:59:43,4,8,8,15.3,48.7,15,52.9,1,19
2026-08-16 18:04:43,5,10,10,15.2,48.8,15,53,1,19
2026-08-16 18:09:43,4,9,9,15.1,49.1,14.9,53,1,19
2026-08-16 18:14:43,4,8,8,15.1,48.9,14.8,53.1,1,21
2026-08-16 18:19:43,4,7,7,15.1,49.1,14.8,53.2,1,19
2026-08-16 18:24:43,4,7,7,15,49.2,14.7,53.4,1,18
2026-08-16 18:29:43,3,8,9,15,49.2,14.6,53.4,1,18
2026-08-16 18:34:43,3,5,5,14.9,48.9,14.6,53.2,1,21
2026-08-16 18:39:43,3,7,7,14.9,49,14.6,53.4,1,19
2026-08-16 18:44:43,3,7,7,14.8,48.8,14.5,53.1,1,22
2026-08-16 18:49:43,3,7,8,14.8,48.9,14.4,53.3,1,19
2026-08-16 18:54:43,3,8,8,14.7,49.1,14.4,53.4,1,19
2026-08-16 18:59:43,2,7,7,14.7,49.3,14.3,53.7,1,22
2026-08-16 19:04:44,3,7,7,14.6,49.1,14.2,53.7,1,19
2026-08-16 19:09:43,2,5,5,14.6,49.2,14.2,53.9,1,19
2026-08-16 19:14:43,3,8,8,14.5,49.2,14.1,53.8,1,21
2026-08-16 19:19:43,3,7,8,14.5,49.3,14.1,54.2,1,19
2026-08-16 19:24:43,4,7,7,14.5,49.7,14,54.5,1,19
2026-08-16 19:29:43,4,8,8,14.4,49.8,14,54.5,1,19
2026-08-16 19:34:44,4,8,8,14.4,49.9,14,54.7,1,19
2026-08-16 19:39:44,4,13,13,14.4,50.1,13.9,54.8,1,19
2026-08-16 19:44:43,5,10,10,14.4,50.1,13.9,54.9,1,19
2026-08-16 19:49:43,6,15,19,14.3,50.3,13.9,55.2,1,19
2026-08-16 19:54:43,7,16,16,14.3,50.5,13.8,55.3,1,19
2026-08-16 19:59:43,7,18,20,14.3,50.7,13.8,55.4,1,22
2026-08-16 20:04:44,7,15,16,14.3,50.5,13.8,55.3,1,22
2026-08-16 20:09:43,7,14,16,14.3,50.8,13.8,55.5,1,18
2026-08-16 20:14:43,7,14,14,14.3,51,13.8,55.6,1,19
2026-08-16 20:19:44,6,14,14,14.2,50.9,13.8,55.8,1,21
2026-08-16 20:24:43,6,10,10,14.3,50.7,13.7,55.6,1,22
2026-08-16 20:29:44,6,14,15,14.2,50.8,13.7,55.7,1,19
2026-08-16 20:34:43,6,10,10,14.2,51.2,13.7,55.9,1,21
2026-08-16 20:39:43,7,15,15,14.2,51.1,13.7,55.9,1,19
2026-08-16 20:44:44,7,15,17,14.2,51,13.7,55.9,1,21
2026-08-16 20:49:43,4,10,10,14.2,51.2,13.6,55.9,1,19
2026-08-16 20:54:43,4,16,16,14.2,51.3,13.6,56,1,19
2026-08-16 20:59:44,7,15,18,14.2,51.2,13.6,56.1,1,19
2026-08-16 21:04:43,6,14,14,14.2,51.1,13.6,56.3,1,19
2026-08-16 21:09:44,7,19,20,14.1,51.1,13.6,56,1,19
2026-08-16 21:14:44,7,15,16,14.1,51.3,13.6,56,1,19
2026-08-16 21:19:44,7,20,21,14.1,51.2,13.6,56.1,1,19
2026-08-16 21:24:44,8,19,20,14.1,51.2,13.6,56.2,1,19
2026-08-16 21:29:43,7,20,21,14.1,51.2,13.5,56.2,1,19
2026-08-16 21:34:44,9,20,20,14.1,51.3,13.5,56.2,1,19
2026-08-16 21:39:43,9,23,23,14.1,51.4,13.5,56.3,1,19
2026-08-16 21:44:43,8,23,23,14,51.7,13.5,56.5,1,19
2026-08-16 21:49:43,7,20,23,14,51.7,13.5,56.6,1,19
2026-08-16 21:54:44,9,21,21,14,51.8,13.4,56.8,1,19
2026-08-16 21:59:44,8,22,23,14,51.9,13.4,56.7,1,19
2026-08-16 22:04:44,7,20,23,14,51.7,13.4,56.7,1,19
2026-08-16 22:09:44,9,20,21,13.9,51.7,13.4,56.7,1,19
2026-08-16 22:14:44,9,24,24,14,51.9,13.4,56.9,1,19
2026-08-16 22:19:44,9,19,20,14,52.2,13.4,57,1,19
2026-08-16 22:24:44,9,23,23,14,52.1,13.4,57,1,19
2026-08-16 22:29:44,8,21,21,14,52.1,13.4,57,1,19
2026-08-16 22:34:44,7,23,23,14,52.1,13.4,57.2,1,19
2026-08-16 22:39:44,11,24,24,14,52.1,13.4,57.5,1,19
2026-08-16 22:44:44,8,24,24,14,52.3,13.4,57.2,1,19
2026-08-16 22:49:43,8,15,19,14,52.4,13.4,57.1,1,19
2026-08-16 22:54:44,9,23,23,14,52.3,13.4,57.2,1,19
2026-08-16 22:59:44,1,4,4,14,50.9,13.4,56,1,19
2026-08-16 23:04:44,0,0,0,14,49.5,13.4,54.7,1,19
2026-08-16 23:09:44,0,0,0,14,49.2,13.4,53.9,1,19
2026-08-16 23:14:45,0,0,0,14,48.2,13.5,52.1,1,19
2026-08-16 23:19:44,0,0,0,14,47.3,13.5,49.2,1,19
2026-08-16 23:24:44,0,0,0,14,46.8,13.6,50,1,19
2026-08-16 23:29:44,0,0,0,14.1,46.1,13.7,51.2,1,19
2026-08-16 23:34:44,0,0,0,14.1,46.6,13.8,50,1,19
2026-08-16 23:39:43,0,0,0,14.2,45.6,13.9,48.7,1,19
2026-08-16 23:44:44,0,0,0,14.3,45.1,14,46.6,1,19
2026-08-16 23:49:44,0,0,0,14.4,45,14.1,47,1,19
2026-08-16 23:54:44,0,0,0,14.5,44.5,14.2,46.3,1,19
2026-08-16 23:59:44,0,0,0,14.5,44.3,14.3,47,1,19
2026-08-17 00:04:44,0,0,0,14.6,44.3,14.4,49.4,1,19
2026-08-17 00:09:44,0,0,0,14.7,43.9,14.5,49,1,19
2026-08-17 00:14:44,0,0,0,14.7,43.8,14.6,47.2,1,19
2026-08-17 00:19:44,0,0,0,14.8,42.9,14.6,43.4,1,19
2026-08-17 00:24:44,0,0,0,14.8,42,14.7,45.2,1,19
2026-08-17 00:29:44,0,0,0,14.9,42,14.8,44.8,1,19
2026-08-17 00:34:44,0,0,0,14.9,42.3,14.8,46.8,1,19
2026-08-17 00:39:44,0,0,0,15,41.9,14.9,44,1,19
2026-08-17 00:44:44,0,0,0,15,41.8,15,46.4,1,19
2026-08-17 00:49:44,10,22,22,15.1,44.9,15,49.1,1,19
2026-08-17 00:54:44,13,23,23,15.2,46,15,49.9,1,19
2026-08-17 00:59:44,16,30,31,15.2,46.7,15,50.4,1,19
2026-08-17 01:04:44,14,30,30,15.1,47.4,14.9,50.9,1,19
2026-08-17 01:09:44,13,27,28,15,47.5,14.8,51.3,1,19
2026-08-17 01:14:44,16,31,32,14.9,47.9,14.6,51.8,1,19
2026-08-17 01:19:44,16,31,34,14.8,48.5,14.5,52.1,1,19
2026-08-17 01:24:44,14,28,28,14.8,48.4,14.4,52.3,1,19
2026-08-17 01:29:44,13,26,26,14.7,48.8,14.3,52.7,1,19
2026-08-17 01:34:44,13,27,27,14.6,48.6,14.1,53,1,19
2026-08-17 01:39:44,9,26,27,14.5,48.8,14,53,1,19
2026-08-17 01:44:44,10,24,24,14.4,48.8,13.9,53.1,1,19
2026-08-17 01:49:44,8,23,24,14.3,48.9,13.8,53.3,1,19
2026-08-17 01:54:44,11,26,26,14.3,49.3,13.7,53.5,1,19
2026-08-17 01:59:44,9,27,27,14.2,49.2,13.7,53.8,1,19
2026-08-17 02:04:44,13,28,29,14.1,49.5,13.6,53.9,1,19
2026-08-17 02:09:44,10,27,27,14.1,49.7,13.5,54.3,1,19
2026-08-17 02:14:44,10,24,26,14.1,49.9,13.5,54.4,1,19
2026-08-17 02:19:44,9,28,28,14,49.8,13.5,54.3,1,19
2026-08-17 02:24:45,9,24,26,14,50,13.4,54.5,1,19
2026-08-17 02:29:44,11,26,26,14,50.2,13.4,54.8,1,19
2026-08-17 02:34:44,13,28,28,13.9,50.6,13.3,55,1,19
2026-08-17 02:39:44,13,28,28,13.9,50.7,13.3,55.2,1,19
2026-08-17 02:44:44,13,29,31,13.9,50.9,13.2,55.8,1,19
2026-08-17 02:49:44,14,29,30,13.8,51.4,13.2,56,1,19
2026-08-17 02:54:44,14,30,30,13.8,51.4,13.1,56.1,1,19
2026-08-17 02:59:44,17,31,31,13.8,51.8,13.1,56.4,1,19
2026-08-17 03:04:44,15,30,31,13.7,51.9,13.1,57.9,1,19
2026-08-17 03:09:44,13,28,28,13.7,51.9,13,56.9,1,19
2026-08-17 03:14:45,14,29,30,13.7,52.3,13,56.8,1,19
2026-08-17 03:19:44,13,27,28,13.6,52.5,12.9,57.6,1,19
2026-08-17 03:24:44,4,7,8,13.6,52.2,12.9,56.8,1,19
2026-08-17 03:29:44,0,6,6,13.6,52.1,12.9,56.8,1,19
2026-08-17 03:34:45,0,3,3,13.6,52.1,12.9,56.9,1,19
2026-08-17 03:39:44,1,3,4,13.6,51.7,12.9,56.5,1,19
2026-08-17 03:44:44,3,8,8,13.6,52.1,13,56.8,1,19
2026-08-17 03:49:44,7,17,17,13.6,52.9,13,57.3,1,19
2026-08-17 03:54:44,9,22,23,13.6,53.1,13,57.8,1,19
2026-08-17 03:59:44,11,27,27,13.6,53.4,13,57.9,1,19
2026-08-17 04:04:44,14,29,29,13.6,53.7,12.9,58.1,1,19
2026-08-17 04:09:44,13,26,27,13.6,53.6,12.9,58.6,1,19
2026-08-17 04:14:44,15,31,31,13.6,53.9,12.9,58.3,1,19
2026-08-17 04:19:44,16,32,32,13.6,53.8,12.9,58.9,1,19
2026-08-17 04:24:45,15,33,33,13.5,53.9,12.8,58.8,1,19
2026-08-17 04:29:44,14,33,33,13.4,54.1,12.8,59.1,1,19
2026-08-17 04:34:44,17,33,34,13.4,54.1,12.7,58.9,1,19
2026-08-17 04:39:44,13,30,30,13.3,54.1,12.7,59.1,1,19
2026-08-17 04:44:45,16,31,31,13.3,54.5,12.6,59.5,1,19
2026-08-17 04:49:44,9,27,27,13.3,54.5,12.6,59.3,1,19
2026-08-17 04:54:44,11,27,27,13.2,54.6,12.6,59.5,1,19
2026-08-17 04:59:44,9,29,31,13.2,54.8,12.6,59.6,1,19
2026-08-17 05:04:45,8,23,23,13.2,54.8,12.5,59.5,1,19
2026-08-17 05:09:44,7,14,17,13.2,54.8,12.5,60.3,1,19
2026-08-17 05:14:45,0,0,0,13.1,54,12.5,59.8,1,19
2026-08-17 05:19:45,0,0,0,13.1,53.2,12.4,58.5,1,19
2026-08-17 05:24:44,0,0,0,13.1,52.6,12.3,58.6,1,19
2026-08-17 05:29:44,0,0,0,13,53.2,12.3,58.8,1,19
2026-08-17 05:34:44,0,0,0,13,53.1,12.3,59.2,1,19
2026-08-17 05:39:44,0,0,0,12.9,52.4,12.2,58,1,19
2026-08-17 05:44:44,0,0,0,12.8,52.3,12.1,57.9,1,19
2026-08-17 05:49:45,0,0,0,12.8,52,12,57.8,1,19
2026-08-17 05:54:45,0,0,0,12.7,52.3,11.9,58.1,1,19
2026-08-17 05:59:45,0,0,0,12.6,52.9,11.8,58.9,1,19
2026-08-17 06:04:44,0,0,0,12.6,53.3,11.7,59.7,1,19
2026-08-17 06:09:45,0,0,0,12.5,52.7,11.6,58.7,1,19
2026-08-17 06:14:45,0,0,0,12.5,53,11.6,59.4,1,19
2026-08-17 06:19:45,0,0,0,12.4,53.1,11.5,59.4,1,19
2026-08-17 06:24:45,0,0,0,12.4,53,11.5,59.1,1,19
2026-08-17 06:29:44,3,7,7,12.4,55.1,11.6,60.4,1,19
2026-08-17 06:34:44,5,16,16,12.4,55.9,11.6,60.8,1,19
2026-08-17 06:39:45,7,18,18,12.4,56.6,11.6,61.4,1,19
2026-08-17 06:44:45,6,16,17,12.5,56.9,11.6,61.9,1,19
2026-08-17 06:49:44,7,11,14,12.5,57,11.6,61.9,1,19
2026-08-17 06:54:45,3,7,7,12.5,57.1,11.7,61.9,1,19
2026-08-17 06:59:45,5,8,8,12.5,56.9,11.7,62.2,1,19
2026-08-17 07:04:45,5,8,8,12.5,57.1,11.8,62.2,1,19
2026-08-17 07:09:45,6,10,10,12.6,57.2,11.8,62.5,1,19
2026-08-17 07:14:45,6,8,10,12.6,57,11.8,62.3,1,19
2026-08-17 07:19:45,8,10,10,12.6,57.1,11.8,62.5,1,19
2026-08-17 07:24:45,3,7,7,12.6,56.9,11.8,62.2,1,19
2026-08-17 07:29:45,3,5,5,12.6,56.5,11.8,61.6,1,19
2026-08-17 07:34:44,1,5,5,12.6,56.5,11.8,62,1,19
2026-08-17 07:39:45,2,8,8,12.6,56.8,11.8,62.1,1,19
2026-08-17 07:44:45,1,2,2,12.6,56.4,11.8,61.9,1,19
2026-08-17 07:49:45,6,10,10,12.7,56.6,11.9,62.1,1,19
2026-08-17 07:54:45,6,8,10,12.7,56.8,11.9,62.4,1,19
2026-08-17 07:59:45,3,5,5,12.6,56.9,11.9,62.5,1,19
2026-08-17 08:04:45,2,6,6,12.6,57,11.9,62.6,1,19
2026-08-17 08:09:45,3,7,8,12.6,57,11.8,62.5,1,19
2026-08-17 08:14:45,3,5,5,12.6,57,11.9,62.7,1,19
2026-08-17 08:19:45,2,7,7,12.7,57.4,11.9,62.7,1,19
2026-08-17 08:24:45,1,3,3,12.6,57.3,11.9,63.3,1,19
2026-08-17 08:29:45,2,3,3,12.7,57.1,11.9,62.7,1,19
2026-08-17 08:34:45,1,3,3,12.7,57,12,62.5,1,19
2026-08-17 08:39:45,1,2,2,12.7,56.9,12,62.3,1,19
2026-08-17 08:44:45,0,2,2,12.8,56.9,12.1,62.4,1,19
2026-08-17 08:49:45,1,2,2,12.8,57.1,12.1,62.5,1,19
2026-08-17 08:54:45,0,0,0,12.8,56.1,12.1,61.8,1,19
2026-08-17 08:59:45,0,0,0,12.8,56,12.1,61.8,1,19
2026-08-17 09:04:45,0,0,0,12.8,55.5,12.2,61.2,1,19
2026-08-17 09:09:45,0,0,0,12.9,56,12.2,61.4,1,19
2026-08-17 09:14:45,0,0,0,12.9,56.3,12.2,61.6,1,19
2026-08-17 09:19:45,0,0,0,12.9,56,12.3,61.5,1,19
2026-08-17 09:24:45,0,0,0,12.9,56.3,12.4,61.7,1,19
2026-08-17 09:29:45,0,0,0,13,55.8,12.4,61.3,1,19
2026-08-17 09:34:45,0,0,0,13.1,55.9,12.5,61.2,1,19
2026-08-17 09:39:45,0,0,0,13.1,56.2,12.6,61.2,1,19
2026-08-17 09:44:45,0,0,0,13.2,56.4,12.7,61.3,1,19
2026-08-17 09:49:45,0,0,0,13.3,56,12.8,60.8,1,19
2026-08-17 09:54:45,0,0,0,13.5,54.8,13,60.2,1,19
2026-08-17 09:59:45,0,0,0,13.6,55.3,13.2,60.3,1,19
2026-08-17 10:04:45,0,0,0,13.8,55.1,13.5,60.1,1,19
2026-08-17 10:09:45,0,0,0,14,55.8,13.7,60.6,1,19
2026-08-17 10:14:45,0,0,0,14.1,56.3,13.9,60.6,1,19
2026-08-17 10:19:45,0,0,0,14.3,55.5,14.1,60.3,1,19
2026-08-17 10:24:45,0,0,0,14.4,54.8,14.3,59.2,1,19
2026-08-17 10:29:45,0,0,0,14.5,54.1,14.4,58.8,1,19
2026-08-17 10:34:45,0,0,0,14.7,54,14.6,58.4,1,19
2026-08-17 10:39:45,0,0,0,14.7,53.7,14.7,58.2,1,19
2026-08-17 10:44:45,0,0,0,14.8,53.7,14.8,58.2,1,19
2026-08-17 10:49:45,0,0,0,14.9,53.6,14.8,57.9,1,19
2026-08-17 10:54:45,0,1,1,15,52.8,14.9,57.4,1,19
2026-08-17 10:59:45,0,0,0,15,52.5,14.9,57.4,1,19
2026-08-17 11:04:45,0,0,0,15,52.8,14.9,57.3,1,19
2026-08-17 11:09:45,0,0,0,15.1,52,15,56.9,1,19
2026-08-17 11:14:45,0,1,1,15.1,52.5,15,57.3,1,19
2026-08-17 11:19:45,0,0,0,15.1,52.3,15.1,57,1,19
2026-08-17 11:24:45,0,0,0,15.2,52.2,15.2,57,1,19
2026-08-17 11:29:45,0,0,0,15.3,52.5,15.3,57.1,1,19
2026-08-17 11:34:45,2,4,4,15.4,52.8,15.4,57.3,1,19
2026-08-17 11:39:46,1,2,2,15.4,53.2,15.4,57.5,1,19
2026-08-17 11:44:45,4,6,8,15.5,53.5,15.6,57.9,1,19
2026-08-17 11:49:45,7,15,16,15.6,54,15.7,58,1,19
2026-08-17 11:54:45,9,22,22,15.7,54.4,15.8,58.1,1,19
2026-08-17 11:59:45,6,17,18,15.8,54,15.9,57.8,1,19
2026-08-17 12:04:46,7,16,16,15.8,53.6,16,57.4,1,19
2026-08-17 12:09:45,5,9,12,15.9,53,16.1,57.1,1,19
2026-08-17 12:14:45,23,33,35,16,52.8,16.1,57,1,19
2026-08-17 12:19:45,18,27,27,16,52.4,16.2,56.6,1,19
2026-08-17 12:24:46,8,15,16,16.1,52.6,16.2,56.8,1,19
2026-08-17 12:29:45,17,28,30,16.1,52.7,16.2,57,1,19
2026-08-17 12:34:45,12,27,27,16.1,52.9,16.3,57,1,19
2026-08-17 12:39:46,17,28,30,16.1,52.6,16.3,56.8,1,19
2026-08-17 12:44:46,15,27,27,16.2,52.5,16.3,56.8,1,19
2026-08-17 12:49:45,17,29,29,16.2,52.5,16.3,56.8,1,19
2026-08-17 12:54:45,21,33,33,16.2,52.3,16.4,56.6,1,19
2026-08-17 12:59:45,13,27,27,16.3,52.3,16.4,56.4,1,19
2026-08-17 13:04:45,23,38,40,16.3,51.7,16.4,56.1,1,19
2026-08-17 13:09:46,10,29,29,16.3,51.5,16.5,55.7,1,19
2026-08-17 13:14:46,10,25,25,16.4,52,16.5,56.3,1,19
2026-08-17 13:19:46,10,23,26,16.4,51.1,16.6,55.4,1,19
2026-08-17 13:24:46,13,28,28,16.4,51.4,16.6,55.5,1,19
2026-08-17 13:29:46,14,28,29,16.5,51.3,16.7,55.3,1,19
2026-08-17 13:34:46,13,26,26,16.5,51.3,16.8,55.3,1,19
2026-08-17 13:39:46,9,23,26,16.6,50.9,17,55.1,1,21
2026-08-17 13:44:45,12,23,25,16.7,50.7,17.1,54.4,1,21
2026-08-17 13:49:46,10,23,23,16.8,50.2,17.3,53.7,1,21
2026-08-17 13:54:46,8,25,25,16.9,50,17.4,52.9,1,21
2026-08-17 13:59:45,9,22,22,17,49.2,17.6,51.7,1,21
2026-08-17 14:04:46,10,22,25,17.2,49.1,17.8,51.7,0,21
2026-08-17 14:09:46,10,22,22,17.3,48.9,18,51.1,0,21
2026-08-17 14:14:46,13,29,29,17.5,49.2,18.1,52.5,0,21
2026-08-17 14:19:46,24,37,41,17.6,48.6,18.3,51.6,0,21
2026-08-17 14:24:46,12,22,22,17.7,48,18.4,50.9,0,21
2026-08-17 14:29:46,13,25,25,17.8,48.2,18.6,51.5,0,21
2026-08-17 14:34:46,8,25,26,18,47.9,18.8,51,0,21
2026-08-17 14:39:46,6,18,18,18.1,47.8,18.9,50.6,0,21
2026-08-17 14:44:46,24,36,42,18.2,46.7,19,50,0,21
2026-08-17 14:49:46,17,31,31,18.3,46.4,19.2,50,0,21
2026-08-17 14:54:46,16,28,28,18.4,46,19.3,49.4,0,21
2026-08-17 14:59:46,26,39,45,18.4,45.8,19.3,48.7,0,21
2026-08-17 15:04:46,18,28,29,18.5,45.4,19.3,48.5,0,21
2026-08-17 15:09:46,14,28,28,18.5,45.3,19.3,48.9,0,21
2026-08-17 15:14:46,9,27,28,18.5,45.6,19.3,49,0,21
2026-08-17 15:19:46,23,35,39,18.5,45.4,19.2,48.7,0,21
2026-08-17 15:24:46,16,29,29,18.5,45.4,19.2,48.8,0,21
2026-08-17 15:29:46,23,33,34,18.4,45.1,19.1,48.7,0,21
2026-08-17 15:34:46,19,31,31,18.4,45.3,19.1,48.7,0,21
2026-08-17 15:39:46,17,31,31,18.4,45.5,19,49.1,0,21
2026-08-17 15:44:46,18,29,29,18.3,45.4,19,49.1,0,21
2026-08-17 15:49:46,16,30,32,18.3,45.3,18.9,49,0,21
2026-08-17 15:54:46,17,28,28,18.2,45.3,18.9,49,0,21
2026-08-17 15:59:46,18,27,28,18.2,45.4,18.8,49.2,0,21
2026-08-17 16:04:46,16,30,30,18.2,45.7,18.8,49.4,0,21
2026-08-17 16:09:46,20,28,28,18.1,45.7,18.7,49.3,0,21
2026-08-17 16:14:46,19,28,29,18.1,45.5,18.6,49.3,0,21
2026-08-17 16:19:46,18,30,30,18.1,45.6,18.6,49.4,0,21
2026-08-17 16:24:46,17,32,32,18,45.8,18.5,49.2,0,21
2026-08-17 16:29:46,25,38,46,18,45.8,18.5,49.6,0,21
2026-08-17 16:34:46,26,43,50,17.9,45.7,18.4,49.6,0,21
2026-08-17 16:39:46,21,32,32,17.9,45.6,18.4,49.2,0,21
2026-08-17 16:44:46,16,32,32,17.9,45.6,18.3,49.5,0,21
2026-08-17 16:49:47,14,31,33,17.8,46.1,18.3,49.7,0,21
2026-08-17 16:54:46,15,30,30,17.8,45.8,18.2,49.5,0,21
2026-08-17 16:59:46,15,31,31,17.7,45.6,18.2,49.5,0,21
2026-08-17 17:04:46,21,31,33,17.7,46.1,18.2,49.8,0,21
2026-08-17 17:09:46,21,31,31,17.7,45.7,18.1,49.4,0,21
2026-08-17 17:14:47,20,33,33,17.7,45.9,18.1,49.7,0,21
2026-08-17 17:19:46,19,33,33,17.6,46.1,18.1,50,0,21
2026-08-17 17:24:46,20,33,34,17.6,46.3,18,50,0,21
2026-08-17 17:29:47,19,33,33,17.6,46.1,18,49.9,0,21
2026-08-17 17:34:46,19,33,34,17.6,45.9,18,49.7,0,21
2026-08-17 17:39:46,21,33,37,17.5,46.2,17.9,49.9,0,18
2026-08-17 17:44:46,22,33,34,17.5,46.4,17.9,50.2,0,18
2026-08-17 17:49:47,19,33,37,17.5,46.6,17.9,50.3,0,21
2026-08-17 17:54:47,20,31,31,17.5,46.3,17.9,49.9,0,18
2026-08-17 17:59:47,17,32,32,17.5,46.3,17.8,49.9,0,21
2026-08-17 18:04:46,15,28,29,17.4,46,17.8,49.8,1,21
2026-08-17 18:09:46,20,31,33,17.4,46.6,17.7,50.2,1,21
2026-08-17 18:14:47,19,31,32,17.4,46.9,17.7,50.4,1,21
2026-08-17 18:19:46,23,36,38,17.4,46.6,17.7,50.3,1,21
2026-08-17 18:24:46,15,29,30,17.4,46.7,17.7,50.4,1,21
2026-08-17 18:29:47,15,28,28,17.3,47.1,17.7,50.6,1,21
2026-08-17 18:34:47,10,27,28,17.3,46.8,17.6,50.6,1,21
2026-08-17 18:39:47,14,28,28,17.3,47.6,17.6,51,1,21
2026-08-17 18:44:47,13,30,30,17.3,48.1,17.6,51.4,1,21
2026-08-17 18:49:46,12,26,26,17.2,48.5,17.5,51.6,1,21
2026-08-17 18:54:46,37,70,81,17.2,48.9,17.5,52,1,21
2026-08-17 18:59:47,23,38,43,17.2,49,17.4,52.3,1,21
2026-08-17 19:04:46,17,27,29,17.1,49.1,17.4,52.3,1,21
2026-08-17 19:09:47,10,26,26,17.1,49.3,17.3,52.4,1,21
2026-08-17 19:14:46,8,23,23,17,49.4,17.3,52.7,1,21
2026-08-17 19:19:47,10,25,25,17,49.5,17.3,52.8,1,21
2026-08-17 19:24:47,10,22,25,17,49.9,17.2,53,1,21
2026-08-17 19:29:47,9,22,22,16.9,50.2,17.1,53.4,1,21
2026-08-17 19:34:46,9,23,25,16.9,50,17.1,53.7,1,21
2026-08-17 19:39:47,9,27,27,16.8,50.3,17,53.9,1,21
2026-08-17 19:44:47,13,29,29,16.8,50.7,17,54.2,1,21
2026-08-17 19:49:47,10,29,29,16.7,50.9,16.9,54.4,1,21
2026-08-17 19:54:47,10,27,29,16.7,50.8,16.9,54.4,1,21
2026-08-17 19:59:46,13,28,28,16.7,50.9,16.8,54.5,1,21
2026-08-17 20:04:47,20,34,38,16.6,50.9,16.7,54.6,1,21
2026-08-17 20:09:47,30,47,55,16.6,51,16.7,54.6,1,21
2026-08-17 20:14:47,25,40,46,16.5,50.9,16.6,54.7,1,21
2026-08-17 20:19:47,12,26,27,16.5,50.7,16.6,54.7,1,18
2026-08-17 20:24:47,12,26,27,16.4,50.9,16.5,54.7,1,21
2026-08-17 20:29:47,10,25,25,16.4,51,16.5,54.8,1,21
2026-08-17 20:34:47,10,28,29,16.3,51.1,16.4,55,1,18
2026-08-17 20:39:47,10,26,26,16.3,51.2,16.4,55.1,1,18
2026-08-17 20:44:47,14,26,26,16.3,51.3,16.3,55.4,1,19
2026-08-17 20:49:47,10,27,29,16.3,51.4,16.2,55.4,1,19
2026-08-17 20:54:47,10,28,28,16.2,51.5,16.2,55.5,1,19
2026-08-17 20:59:47,9,27,27,16.2,51.6,16.1,55.7,1,19
2026-08-17 21:04:47,9,27,27,16.1,51.7,16.1,55.7,1,19
2026-08-17 21:09:47,10,27,27,16.1,51.6,16,55.7,1,19
2026-08-17 21:14:47,12,25,25,16.1,52,16,56.1,1,19
2026-08-17 21:19:47,12,29,31,16,52,15.9,56.1,1,19
2026-08-17 21:24:47,14,26,27,15.9,52,15.8,56.2,1,19
2026-08-17 21:29:47,12,26,28,15.9,52,15.8,56.2,1,19
2026-08-17 21:34:47,14,25,26,15.8,52.4,15.7,56.4,1,19
2026-08-17 21:39:47,13,28,29,15.8,52.4,15.7,56.8,1,19
2026-08-17 21:44:47,13,28,28,15.7,52.3,15.6,56.6,1,18
2026-08-17 21:49:47,14,30,30,15.7,52.5,15.6,56.6,1,21
2026-08-17 21:54:47,13,29,30,15.7,52.4,15.5,56.8,1,18
2026-08-17 21:59:47,14,27,27,15.7,52.6,15.5,56.7,1,18
2026-08-17 22:04:47,13,29,29,15.6,52.7,15.5,57,1,21
2026-08-17 22:09:47,10,27,28,15.6,52.7,15.4,56.9,1,18
2026-08-17 22:14:47,9,23,26,15.5,52.7,15.4,57.1,1,21
2026-08-17 22:19:47,14,28,28,15.5,53,15.4,57.3,1,21
2026-08-17 22:24:47,13,28,28,15.5,52.9,15.4,57.3,1,18
2026-08-17 22:29:47,14,28,29,15.5,53,15.4,57.2,1,18
2026-08-17 22:34:47,10,26,26,15.5,53.3,15.3,57.3,1,18
2026-08-17 22:39:47,13,27,29,15.5,53.4,15.3,57.6,1,18
2026-08-17 22:44:47,14,29,29,15.5,53.5,15.3,58.4,1,18
2026-08-17 22:49:48,13,28,28,15.4,53.6,15.2,58.3,1,18
2026-08-17 22:54:47,15,29,29,15.4,53.6,15.2,58.1,1,18
2026-08-17 22:59:48,19,33,33,15.4,54,15.2,58,1,21
2026-08-17 23:04:47,17,33,33,15.4,53.7,15.2,57.9,1,18
2026-08-17 23:09:48,16,31,32,15.4,53.6,15.2,58,1,18
2026-08-17 23:14:47,14,33,33,15.3,53.5,15.2,57.9,1,18
2026-08-17 23:19:48,14,31,33,15.3,53.2,15.1,57.8,1,18
2026-08-17 23:24:48,10,28,30,15.3,53.2,15.1,57.9,1,18
2026-08-17 23:29:47,10,27,28,15.3,53,15.1,57.5,1,21
2026-08-17 23:34:47,9,26,26,15.3,52.8,15.1,57.3,1,18
2026-08-17 23:39:48,9,28,28,15.3,52.9,15.1,57.5,1,18
2026-08-17 23:44:47,9,22,23,15.3,52.7,15.1,57.2,1,18
2026-08-17 23:49:47,7,21,21,15.3,52.7,15.1,57.3,1,18
2026-08-17 23:54:47,8,23,23,15.3,52.7,15.1,57.2,1,18
2026-08-17 23:59:48,8,21,21,15.3,52.8,15.1,57.2,1,18
2026-08-18 00:04:48,7,13,14,15.3,52.2,15.1,57,1,18
2026-08-18 00:09:47,5,9,9,15.3,52.3,15.1,56.9,1,18
2026-08-18 00:14:48,5,14,15,15.3,52,15.2,56.8,1,18
2026-08-18 00:19:48,5,14,17,15.3,52.6,15.2,57,1,21
2026-08-18 00:24:48,5,15,15,15.3,52.6,15.2,57,1,18
2026-08-18 00:29:47,4,8,8,15.4,52.1,15.2,56.6,1,18
2026-08-18 00:34:47,6,13,14,15.4,51.8,15.1,56.6,1,18
2026-08-18 00:39:48,4,10,14,15.4,51.9,15.1,56.6,1,18
2026-08-18 00:44:48,4,9,9,15.3,52.1,15.1,56.7,1,18
2026-08-18 00:49:48,4,9,9,15.3,52.3,15.1,56.8,1,18
2026-08-18 00:54:48,7,17,20,15.3,52.7,15.1,57.3,1,18
2026-08-18 00:59:48,9,27,27,15.3,52.9,15.1,57.5,1,18
2026-08-18 01:04:47,13,31,31,15.2,53,15,57.5,1,18
2026-08-18 01:09:48,10,28,28,15.2,53.2,14.9,57.5,1,18
2026-08-18 01:14:48,13,26,28,15.2,53.2,14.9,57.6,1,18
2026-08-18 01:19:48,16,28,31,15.1,53.2,14.8,58.3,1,18
2026-08-18 01:24:48,14,29,30,15.1,53.4,14.8,57.9,1,18
2026-08-18 01:29:48,9,27,29,15,53.5,14.7,58.1,1,18
2026-08-18 01:34:48,14,29,30,15,53.6,14.7,58.2,1,18
2026-08-18 01:39:47,14,28,28,15,53.8,14.6,58.2,1,18
2026-08-18 01:44:48,13,27,27,14.9,53.8,14.6,58.4,1,19
2026-08-18 01:49:48,9,29,29,14.9,53.8,14.6,58.5,1,19
2026-08-18 01:54:48,10,30,30,14.9,53.9,14.5,58.6,1,19
2026-08-18 01:59:48,10,26,26,14.8,54.1,14.5,58.8,1,19
2026-08-18 02:04:48,13,26,26,14.8,53.8,14.4,58.6,1,19
2026-08-18 02:09:48,9,26,26,14.8,54,14.4,58.9,1,19
2026-08-18 02:14:48,7,19,20,14.7,53.9,14.4,58.6,1,19
2026-08-18 02:19:48,8,19,20,14.7,53.6,14.3,58.4,1,19
2026-08-18 02:24:48,7,19,20,14.7,53.8,14.3,58.6,1,19
2026-08-18 02:29:48,7,21,26,14.6,53.4,14.2,58.5,1,19
2026-08-18 02:34:48,8,23,23,14.6,53.6,14.2,58.6,1,19
2026-08-18 02:39:48,7,23,23,14.5,53.6,14.1,58.9,1,19
2026-08-18 02:44:48,8,23,24,14.6,53.4,14.1,58.6,1,19
2026-08-18 02:49:48,7,13,16,14.5,53.5,14.1,58.6,1,19
2026-08-18 02:54:48,7,16,17,14.5,53,14,58.4,1,19
2026-08-18 02:59:48,4,10,13,14.5,52.7,14,58.2,1,19
2026-08-18 03:04:48,4,8,8,14.4,52.8,13.9,58.1,1,19
2026-08-18 03:09:48,3,9,10,14.4,52.9,13.9,58.1,1,19
2026-08-18 03:14:48,4,8,9,14.4,52.4,13.8,58,1,19
2026-08-18 03:19:48,7,13,13,14.3,52.5,13.8,58,1,19
2026-08-18 03:24:48,6,9,9,14.3,52.2,13.7,57.9,1,19
2026-08-18 03:29:48,4,13,13,14.3,52.4,13.7,58,1,19
2026-08-18 03:34:48,7,13,13,14.2,52.4,13.7,57.9,1,19
2026-08-18 03:39:48,7,13,13,14.2,52.7,13.6,58.2,1,19
2026-08-18 03:44:48,7,17,18,14.2,52.7,13.6,58.1,1,19
2026-08-18 03:49:48,6,17,17,14.1,52.6,13.5,58,1,19
2026-08-18 03:54:51,6,8,8,14.1,52,13.5,57.6,1,19
2026-08-18 03:59:48,3,11,11,14,51.8,13.5,57.5,1,19
2026-08-18 04:04:48,6,15,15,14,52,13.4,57.5,1,19
2026-08-18 04:09:48,4,11,13,14,52,13.4,57.5,1,19
2026-08-18 04:14:48,5,10,11,14,52,13.3,57.7,1,19
2026-08-18 04:19:48,7,13,14,13.9,51.8,13.3,57.4,1,19
2026-08-18 04:24:48,4,11,11,13.9,51.5,13.2,57.2,1,19
2026-08-18 04:29:49,4,14,14,13.9,51.6,13.2,57.3,1,19
2026-08-18 04:34:48,6,9,9,13.8,51.4,13.1,57.1,1,19
2026-08-18 04:39:48,6,13,15,13.8,51.8,13.1,57.4,1,19
2026-08-18 04:44:48,7,11,11,13.8,52.1,13.1,57.9,1,19
2026-08-18 04:49:48,7,17,17,13.7,52,13,57.7,1,19
2026-08-18 04:54:52,4,13,13,13.7,52,13,57.6,1,19
2026-08-18 04:59:48,6,14,16,13.7,52.3,13,57.8,1,19
2026-08-18 05:04:48,6,13,14,13.7,52.5,13,58.1,1,19
2026-08-18 05:09:48,4,9,9,13.7,52.4,13,57.9,1,19
2026-08-18 05:14:48,4,11,11,13.6,52.1,13,57.7,1,19
2026-08-18 05:19:48,4,13,14,13.6,52.2,13,57.7,1,19
2026-08-18 05:24:49,6,10,10,13.7,51.9,13,57.7,1,19
2026-08-18 05:29:48,4,13,13,13.7,52.1,13,57.7,1,19
2026-08-18 05:34:48,6,11,13,13.6,52.1,13,57.5,1,19
2026-08-18 05:39:49,4,9,9,13.6,51.9,12.9,57.2,1,19
2026-08-18 05:44:48,2,9,11,13.6,51.3,12.9,57,1,19
2026-08-18 05:49:48,6,11,11,13.6,51.1,12.9,56.7,1,19
2026-08-18 05:54:48,3,11,11,13.6,51.1,12.9,56.8,1,19
2026-08-18 05:59:48,6,16,16,13.6,51,12.9,56.7,1,19
2026-08-18 06:04:48,4,9,9,13.6,50.8,12.9,56.5,1,19
2026-08-18 06:09:48,6,8,10,13.6,50.2,12.9,56.1,1,19
2026-08-18 06:14:49,2,7,7,13.6,49.9,12.9,55.9,1,19
2026-08-18 06:19:48,3,11,11,13.6,50,12.9,55.8,1,19
2026-08-18 06:24:49,3,8,10,13.6,50,12.9,55.7,1,19
2026-08-18 06:29:49,3,8,8,13.6,49.8,12.9,55.5,1,19
2026-08-18 06:34:48,2,6,6,13.6,49.5,12.8,55.2,1,19
2026-08-18 06:39:49,2,7,7,13.5,49,12.8,54.7,1,19
2026-08-18 06:44:49,2,6,8,13.5,49.3,12.8,55,1,19
2026-08-18 06:49:48,3,6,8,13.5,49.4,12.8,55.2,1,19
2026-08-18 06:54:48,2,7,8,13.5,49.5,12.8,55.3,1,19
2026-08-18 06:59:49,3,7,8,13.4,49.4,12.7,55.1,1,19
2026-08-18 07:04:48,2,7,7,13.4,49.5,12.7,55.2,1,19
2026-08-18 07:09:48,2,4,4,13.3,49.4,12.6,55.2,1,19
2026-08-18 07:14:49,1,6,6,13.3,49.4,12.6,55.2,1,19
2026-08-18 07:19:49,2,7,7,13.3,49.2,12.6,55,1,19
2026-08-18 07:24:48,1,7,7,13.2,49.3,12.5,55,1,21
2026-08-18 07:29:49,1,8,8,13.2,49.1,12.5,54.8,1,21
2026-08-18 07:34:48,5,7,7,13.2,49.3,12.5,55,1,21
2026-08-18 07:39:49,2,6,7,13.2,49.1,12.5,54.8,1,18
2026-08-18 07:44:49,3,7,7,13.1,49.2,12.4,54.8,1,21
2026-08-18 07:49:49,1,6,6,13.1,49.4,12.4,55.1,1,21
2026-08-18 07:54:49,2,5,5,13.1,49.1,12.4,54.8,1,21
2026-08-18 07:59:49,3,6,7,13.1,49.3,12.4,55,1,21
2026-08-18 08:04:49,3,6,6,13.1,49,12.4,54.6,1,18
2026-08-18 08:09:49,1,3,3,13.1,48.9,12.4,54.5,1,21
2026-08-18 08:14:49,1,6,6,13.1,49.1,12.4,54.8,1,21
2026-08-18 08:19:49,2,6,6,13.1,49.3,12.5,54.9,1,18
2026-08-18 08:24:49,1,5,5,13.2,49.3,12.5,54.9,1,21
2026-08-18 08:29:49,5,11,11,13.2,49.2,12.6,54.9,1,21
2026-08-18 08:34:49,3,5,5,13.2,49.3,12.6,55,1,21
2026-08-18 08:39:49,1,6,6,13.3,49.4,12.7,55.1,1,18
2026-08-18 08:44:49,2,9,9,13.3,49.8,12.8,55.3,1,21
2026-08-18 08:49:49,6,10,10,13.4,49.4,12.8,54.4,1,21
2026-08-18 08:54:48,5,11,11,13.5,49.5,12.9,54.9,1,21
2026-08-18 08:59:49,4,8,8,13.6,49.1,13,54.6,1,21
2026-08-18 09:04:48,4,9,11,13.6,49.2,13.1,54.5,1,21
2026-08-18 09:09:49,6,13,13,13.7,49.5,13.1,54.8,1,21
2026-08-18 09:14:49,4,11,13,13.8,49.5,13.2,54.8,1,21
2026-08-18 09:19:49,4,14,14,13.8,49.7,13.4,54.9,1,21
2026-08-18 09:24:49,8,18,18,14,50,13.5,54.9,1,21
2026-08-18 09:29:49,6,13,14,14,49.9,13.7,54.7,1,21
2026-08-18 09:34:49,2,8,8,14.2,49.4,13.9,54.2,1,18
2026-08-18 09:39:49,2,6,7,14.3,48.6,14.1,53.3,1,21
2026-08-18 09:44:49,1,4,4,14.5,48.4,14.4,53.3,1,18
2026-08-18 09:49:49,1,4,4,14.7,48.4,14.7,53.1,1,18
2026-08-18 09:54:49,0,2,2,14.9,46.7,15,50.7,1,18
2026-08-18 09:59:49,0,1,1,15.1,46.1,15.3,51.2,1,18
2026-08-18 10:04:49,0,0,0,15.3,45.6,15.6,50.8,0,21
2026-08-18 10:09:49,0,0,0,15.5,44.8,15.8,49.7,0,21
2026-08-18 10:14:49,0,0,0,15.7,44.6,16.1,47.3,0,18
2026-08-18 10:19:49,0,0,0,15.9,44.4,16.4,49.4,0,18
2026-08-18 10:24:49,0,2,2,16.1,44.7,16.6,49,0,18
2026-08-18 10:29:49,0,3,4,16.4,44.4,16.9,48.6,0,18
2026-08-18 10:34:49,0,1,1,16.6,43.8,17.2,48.2,0,21
2026-08-18 10:39:49,0,2,2,16.8,43.7,17.5,47.9,0,18
2026-08-18 10:44:49,1,2,3,17,43.3,17.9,47.1,0,18
2026-08-18 10:49:49,0,5,5,17.3,43.1,18.2,44.9,0,18
2026-08-18 10:54:49,3,6,6,17.5,43.6,18.5,46.7,0,18
2026-08-18 10:59:49,4,9,9,17.8,43.5,18.8,45.6,0,18
2026-08-18 11:04:49,4,8,8,18,43.6,19.1,46.4,0,21
2026-08-18 11:09:49,4,8,8,18.2,43.1,19.3,45.5,0,18
2026-08-18 11:14:49,4,8,8,18.4,43.3,19.6,45.5,0,18
2026-08-18 11:19:49,4,6,6,18.6,43.4,19.9,45.9,0,18
2026-08-18 11:24:49,6,15,16,18.8,41.7,20.1,43.5,0,18
2026-08-18 11:29:49,3,6,6,19,41.8,20.3,44.2,0,18
2026-08-18 11:34:49,3,7,8,19.2,40.6,20.6,41.4,0,18
2026-08-18 11:39:49,3,6,7,19.4,40.4,20.8,42.7,0,18
2026-08-18 11:44:49,4,8,9,19.5,40.5,21,42.4,0,18
2026-08-18 11:49:49,5,9,9,19.7,39.6,21.2,41.6,0,18
2026-08-18 11:54:49,3,8,8,19.9,39.2,21.4,41.8,0,18
2026-08-18 11:59:49,3,9,11,20,39,21.6,41,0,18
2026-08-18 12:04:49,6,8,9,20.2,38.1,21.8,38.4,0,18
2026-08-18 12:09:50,2,6,6,20.4,37.9,22,38.7,0,18
2026-08-18 12:14:49,2,6,6,20.5,37.6,22.2,39.5,0,19
2026-08-18 12:19:49,2,6,6,20.6,36.8,22.3,38,0,19
2026-08-18 12:24:49,4,8,8,20.7,36.7,22.5,38.3,0,19
2026-08-18 12:29:49,4,8,8,20.8,36.4,22.6,38.6,0,19
2026-08-18 12:34:49,6,11,12,20.9,36.5,22.7,37.5,0,19
2026-08-18 12:39:49,4,9,9,21.1,36.4,22.9,38.3,0,19
2026-08-18 12:44:50,4,9,11,21.2,36.1,23,38.3,0,19
2026-08-18 12:49:49,4,8,8,21.3,36.1,23.1,37.4,0,19
2026-08-18 12:54:49,7,16,17,21.4,36.2,23.3,37.1,0,19
2026-08-18 12:59:49,7,19,19,21.5,36.3,23.4,37.6,0,19
2026-08-18 13:04:50,8,20,20,21.6,35.6,23.5,36.3,0,19
2026-08-18 13:09:49,7,18,18,21.7,35.3,23.6,35.5,0,19
2026-08-18 13:14:50,5,13,14,21.7,34.9,23.7,34.8,0,19
2026-08-18 13:19:50,7,16,17,21.8,34.8,23.7,35.1,0,19
2026-08-18 13:24:49,7,13,14,21.9,34.5,23.8,34.4,0,19
2026-08-18 13:29:50,8,19,19,21.9,34,23.9,33.8,0,19
2026-08-18 13:34:50,7,11,12,22,33.4,23.9,33.2,0,19
2026-08-18 13:39:50,17,26,28,22,33.6,23.9,34,0,19
2026-08-18 13:44:50,8,19,19,22,33.8,23.9,34.2,0,19
2026-08-18 13:49:56,14,18,18,21.9,34.3,24,34.1,0,21
2026-08-18 13:54:56,6,16,16,22.1,33.2,24,34,0,21
2026-08-18 13:59:55,5,15,16,22.1,33,24,34.4,0,21
2026-08-18 14:04:56,7,15,15,22.1,33.1,24,34.2,0,18
2026-08-18 14:09:55,9,20,20,22.1,32.8,24,32.9,0,21
2026-08-18 14:14:56,11,22,23,22.1,33.2,24,33.2,0,21
2026-08-18 14:19:55,12,24,24,22.1,33.2,24,33.7,0,21
2026-08-18 14:24:56,19,30,30,22.1,33.1,24,33.5,0,21
2026-08-18 14:29:56,14,25,25,22.1,33.2,23.9,33.7,0,21
2026-08-18 14:34:55,16,26,27,22.1,33.2,23.9,34.4,0,21
2026-08-18 14:39:56,16,28,30,22,33.6,23.9,34.5,0,21
2026-08-18 14:44:56,18,29,30,22,33.4,23.8,34.4,0,21
2026-08-18 14:49:56,17,28,28,22,33.5,23.8,34.7,0,21
2026-08-18 14:54:56,18,28,28,22,32.9,23.7,33.8,0,21
2026-08-18 14:59:56,13,23,25,21.9,33,23.5,34.4,0,21
2026-08-18 15:04:56,8,20,20,21.8,32.5,23.4,33.7,0,21
2026-08-18 15:09:56,7,14,14,21.7,32,23.3,33.4,0,21
2026-08-18 15:14:55,12,24,24,21.6,31.8,23.1,32.4,0,21
2026-08-18 15:19:56,7,20,21,21.5,31.8,22.9,33.7,0,20
2026-08-18 15:24:56,7,15,15,21.3,31.6,22.8,33.2,0,20
2026-08-18 15:29:56,3,3,4,21.3,30.6,22.6,32.5,0,21
2026-08-18 15:34:56,1,4,4,21.1,30.2,22.5,32.5,0,18
2026-08-18 15:39:56,6,11,11,21,31.9,22.4,34.1,0,18
2026-08-18 15:44:56,6,13,14,20.9,32.2,22.4,34.1,0,18
2026-08-18 15:49:56,6,16,16,20.9,32.8,22.3,34.5,0,18
2026-08-18 15:54:56,8,20,20,20.8,33.3,22.2,34.7,0,19
2026-08-18 15:59:56,7,19,19,20.8,33.1,22.1,34.9,0,19
2026-08-18 16:04:56,7,18,19,20.7,34.2,22.1,35.6,0,19
2026-08-18 16:09:56,8,18,18,20.7,34.1,22,35.4,0,19
2026-08-18 16:14:56,6,13,14,20.6,33.9,22,35.6,0,19
2026-08-18 16:19:56,15,30,31,20.6,33.5,21.9,35.3,0,19
2026-08-18 16:24:56,16,30,30,20.5,33.7,21.8,35.4,0,19
2026-08-18 16:29:56,9,25,25,20.5,34.4,21.8,36,0,19
2026-08-18 16:34:56,11,25,26,20.5,35.3,21.7,36.3,0,19
2026-08-18 16:39:56,14,27,27,20.4,34.5,21.7,35.7,0,19
2026-08-18 16:44:56,18,32,32,20.4,34.2,21.6,35.7,0,19
2026-08-18 16:49:56,15,25,26,20.4,34.8,21.5,36.1,0,19
2026-08-18 16:54:56,16,30,30,20.3,35.3,21.5,36.7,0,19
2026-08-18 16:59:56,17,32,32,20.3,35.4,21.4,36.5,0,19
2026-08-18 17:04:56,18,31,31,20.2,35.8,21.4,37,0,19
2026-08-18 17:09:56,15,28,28,20.2,36.2,21.3,37.3,0,19
2026-08-18 17:14:56,16,31,31,20.1,36.4,21.3,37.4,0,19
2026-08-18 17:19:56,21,34,36,20.1,36,21.2,37.3,0,19
2026-08-18 17:24:56,19,31,31,20,36.6,21.1,37.7,0,19
2026-08-18 17:29:56,14,29,30,19.9,36.8,21,37.9,0,19
2026-08-18 17:34:57,13,28,28,19.9,37.1,21,38.1,0,19
2026-08-18 17:39:57,11,27,27,19.8,37.5,20.9,38.4,0,19
2026-08-18 17:44:56,9,23,23,19.8,37.3,20.8,38.5,0,19
2026-08-18 17:49:56,9,23,25,19.7,37.5,20.8,38.4,0,19
2026-08-18 17:54:56,6,9,12,19.6,37,20.7,38.4,0,19
2026-08-18 17:59:56,5,9,9,19.6,37.3,20.6,38.5,0,19
2026-08-18 18:04:56,3,6,6,19.5,37.3,20.5,38.7,0,19
2026-08-18 18:09:56,1,4,4,19.5,37.7,20.4,38.9,0,19
2026-08-18 18:14:56,1,3,3,19.4,37.9,20.3,39.2,0,19
2026-08-18 18:19:56,0,2,2,19.3,38,20.2,39.3,0,19
2026-08-18 18:24:56,1,2,3,19.3,38.1,20.1,39.3,0,19
2026-08-18 18:29:57,1,2,2,19.2,38.2,20,39.6,0,19
2026-08-18 18:34:56,0,2,2,19.1,38.6,19.9,39.9,0,19
2026-08-18 18:39:56,0,2,2,19,38.5,19.8,40,0,19
2026-08-18 18:44:56,0,3,3,18.9,38.8,19.7,40.2,0,19
2026-08-18 18:49:57,2,3,3,18.8,38.7,19.6,40.3,0,19
2026-08-18 18:54:57,0,3,3,18.7,38.8,19.5,40.4,0,19
2026-08-18 18:59:57,1,2,2,18.7,39.2,19.4,40.6,0,19
2026-08-18 19:04:57,1,3,3,18.6,39.6,19.2,41.1,0,19
2026-08-18 19:09:57,0,2,2,18.5,39.4,19.1,41.1,0,19
2026-08-18 19:14:57,0,2,2,18.4,39.6,19,41.1,0,19
2026-08-18 19:19:56,1,2,2,18.3,39.7,18.9,41.3,0,19
2026-08-18 19:24:57,1,4,4,18.2,39.9,18.8,41.6,0,19
2026-08-18 19:29:56,1,2,2,18.1,40.2,18.6,41.7,0,19
2026-08-18 19:34:57,1,2,2,18,39.9,18.5,41.7,0,19
2026-08-18 19:39:57,1,2,3,17.9,40.2,18.4,41.7,0,21
2026-08-18 19:44:57,2,3,4,17.9,40.4,18.3,42.2,0,21
2026-08-18 19:49:57,1,5,5,17.7,40.7,18.2,42.3,0,21
2026-08-18 19:54:57,1,4,5,17.7,40.7,18.2,42.4,1,19
2026-08-18 19:59:56,1,5,5,17.6,41.2,18.1,42.9,1,19
2026-08-18 20:04:57,1,4,5,17.6,41.4,18,43.1,1,19
2026-08-18 20:09:57,1,4,4,17.5,41.8,18,43.3,1,21
2026-08-18 20:14:57,2,4,4,17.5,41.9,18,43.4,1,19
2026-08-18 20:19:57,1,5,5,17.5,42,17.9,43.7,1,19
2026-08-18 20:24:57,3,6,6,17.4,42,17.9,43.5,1,19
2026-08-18 20:29:57,4,7,7,17.4,42.1,17.8,43.7,1,19
2026-08-18 20:34:57,5,12,13,17.3,42.3,17.7,44.1,1,19
2026-08-18 20:39:57,4,9,9,17.3,42.5,17.6,44.2,1,19
2026-08-18 20:44:57,3,6,6,17.2,42.9,17.6,44.5,1,19
2026-08-18 20:49:57,5,9,9,17.1,42.6,17.5,44.4,1,19
2026-08-18 20:54:56,5,12,12,17.1,42.9,17.4,44.6,1,19
2026-08-18 20:59:57,3,6,6,17,42.9,17.3,44.6,1,19
2026-08-18 21:04:57,2,6,6,17,42.7,17.3,44.5,1,19
2026-08-18 21:09:57,4,6,6,16.9,42.5,17.2,44.5,1,19
2026-08-18 21:14:57,3,6,6,16.9,42.7,17.1,44.8,1,19
2026-08-18 21:19:57,1,6,6,16.8,42.5,17.1,44.7,1,19
2026-08-18 21:24:57,2,5,5,16.7,42.3,17,44.5,1,19
2026-08-18 21:29:57,2,4,4,16.7,42.2,17,44.4,1,19
2026-08-18 21:34:57,3,6,6,16.7,41.9,16.9,44.2,1,19
2026-08-18 21:39:56,1,4,5,16.7,41.8,16.9,44.1,1,19
2026-08-18 21:44:57,4,8,8,16.6,41.6,16.8,43.9,1,19
2026-08-18 21:49:57,2,9,9,16.6,41.2,16.8,43.8,1,19
2026-08-18 21:54:57,4,8,9,16.5,41,16.7,43.5,1,19
2026-08-18 21:59:57,3,8,8,16.5,40.8,16.7,43.2,1,19
2026-08-18 22:04:57,4,8,8,16.5,40.2,16.6,43.1,1,19
2026-08-18 22:09:57,2,5,5,16.4,40,16.6,42.2,1,19
2026-08-18 22:14:57,3,8,8,16.4,39.9,16.5,42.1,1,21
2026-08-18 22:19:57,3,5,5,16.3,39.3,16.4,42.1,1,21
2026-08-18 22:24:57,2,5,5,16.2,39.1,16.3,41.6,1,21
2026-08-18 22:29:57,2,5,5,16.1,39.1,16.1,41.7,1,21
2026-08-18 22:34:57,1,4,4,16.1,39,16,42.3,1,18
2026-08-18 22:39:57,2,7,7,16,39.7,16,42.5,1,18
2026-08-18 22:44:57,2,6,6,15.9,39.9,15.9,42.8,1,21
2026-08-18 22:49:57,3,5,5,15.9,40.4,15.9,43.1,1,21
2026-08-18 22:54:58,1,5,5,15.8,40.4,15.8,43.1,1,21
2026-08-18 22:59:57,3,8,8,15.8,41.1,15.8,43.6,1,18
2026-08-18 23:04:57,3,7,7,15.8,40.7,15.8,43.5,1,18
2026-08-18 23:09:57,5,9,9,15.7,41.5,15.8,44,1,18
2026-08-18 23:14:57,4,8,8,15.7,41.6,15.7,44.2,1,18
2026-08-18 23:19:57,4,8,8,15.7,41.3,15.7,43.6,1,18
2026-08-18 23:24:57,1,5,5,15.6,40.6,15.6,43.3,1,18
2026-08-18 23:29:57,3,8,9,15.6,41.3,15.6,43.8,1,18
2026-08-18 23:34:57,2,5,5,15.6,41.3,15.6,43.9,1,18
2026-08-18 23:39:57,3,5,5,15.6,41.8,15.6,44.3,1,18
2026-08-18 23:45:00,2,4,4,15.5,41.4,15.6,44,1,18
2026-08-18 23:49:58,1,4,5,15.5,40.6,15.5,43.3,1,21
2026-08-18 23:54:58,3,7,7,15.5,41.1,15.5,43.8,1,18
2026-08-18 23:59:57,2,4,5,15.5,40.7,15.5,43.4,1,18
2026-08-19 00:04:57,0,0,0,15.5,38.2,15.5,38.1,1,18
2026-08-19 00:09:57,0,0,0,15.5,36.8,15.4,39.2,1,18
2026-08-19 00:14:57,0,0,0,15.4,36.6,15.4,38.8,1,18
2026-08-19 00:19:57,0,0,0,15.4,35.5,15.4,37.6,1,18
2026-08-19 00:24:57,0,0,0,15.4,34.8,15.4,34.6,1,18
2026-08-19 00:29:57,0,0,0,15.4,34.8,15.4,37.6,1,18
2026-08-19 00:34:58,0,0,0,15.4,35.6,15.4,38.9,1,21
2026-08-19 00:39:57,0,0,0,15.4,36.9,15.4,40,1,21
2026-08-19 00:44:57,0,0,0,15.4,36.6,15.4,39.8,1,18
2026-08-19 00:49:57,0,0,1,15.4,37.6,15.4,40.5,1,18
2026-08-19 00:54:57,0,3,3,15.4,38.2,15.4,41.2,1,18
2026-08-19 00:59:58,0,4,4,15.4,38.9,15.4,41.7,1,18
2026-08-19 01:04:58,0,3,4,15.4,39.2,15.4,41.9,1,18
2026-08-19 01:09:58,1,3,3,15.4,39.9,15.3,42.3,1,18
2026-08-19 01:14:58,1,2,2,15.4,39.6,15.3,42.2,1,18
2026-08-19 01:19:58,0,3,3,15.4,39.4,15.3,42.1,1,18
2026-08-19 01:24:58,1,3,3,15.4,39.5,15.3,42.1,1,18
2026-08-19 01:29:58,1,3,3,15.3,39.8,15.3,42.3,1,18
2026-08-19 01:34:57,1,2,2,15.3,39.7,15.2,42.4,1,21
2026-08-19 01:39:58,0,3,3,15.3,39.8,15.2,42.3,1,18
2026-08-19 01:44:58,0,3,4,15.3,39.9,15.1,42.4,1,18
2026-08-19 01:49:57,0,5,5,15.2,40.3,15.1,42.8,1,18
2026-08-19 01:54:57,0,2,2,15.2,40,15.1,42.4,1,18
2026-08-19 01:59:57,0,3,3,15.1,40.2,15,42.7,1,18
2026-08-19 02:04:58,1,3,3,15.1,40.2,15,43,1,18
2026-08-19 02:09:58,1,3,3,15.1,40.4,14.9,43,1,18
2026-08-19 02:14:58,1,5,7,15.1,40.2,14.9,43.2,1,21
2026-08-19 02:19:58,1,4,4,15.1,40.3,14.9,42.7,1,18
2026-08-19 02:24:58,0,2,2,15,39.8,14.8,42.6,1,18
2026-08-19 02:29:58,1,3,3,15,40.1,14.8,42.8,1,18
2026-08-19 02:34:58,1,6,7,15,40.2,14.8,42.7,1,18
2026-08-19 02:39:58,2,4,4,14.9,40.3,14.8,43,1,18
2026-08-19 02:44:57,0,5,5,15,40.6,14.8,43.4,1,18
2026-08-19 02:49:58,1,3,3,14.9,40.3,14.8,43,1,18
2026-08-19 02:54:58,1,3,3,14.9,40.7,14.7,43.1,1,18
2026-08-19 02:59:58,1,3,3,14.9,40.6,14.7,43.3,1,18
2026-08-19 03:04:58,0,1,2,14.9,40.3,14.7,43.1,1,18
2026-08-19 03:09:58,0,1,1,14.9,40.4,14.6,43,1,18
2026-08-19 03:14:58,0,1,1,14.8,40.1,14.6,42.8,1,18
2026-08-19 03:19:58,0,0,1,14.8,39.9,14.6,42.8,1,18
2026-08-19 03:24:58,0,1,1,14.8,40.3,14.6,43.1,1,18
2026-08-19 03:29:58,0,0,1,14.8,39.7,14.6,42.5,1,18
2026-08-19 03:34:58,0,0,0,14.8,39.6,14.6,42.5,1,18
2026-08-19 03:39:58,0,1,1,14.8,39.8,14.6,42.8,1,18
2026-08-19 03:44:58,0,1,1,14.8,39.2,14.5,42.3,1,18
2026-08-19 03:49:58,0,0,0,14.8,39.4,14.5,42.4,1,18
2026-08-19 03:54:58,0,0,0,14.7,39.1,14.5,41.7,1,18
2026-08-19 03:59:58,0,0,0,14.8,38.5,14.5,41.8,1,18
2026-08-19 04:04:58,0,0,0,14.7,38.8,14.5,42,1,18
2026-08-19 04:09:58,0,0,0,14.7,38.9,14.4,42,1,18
2026-08-19 04:14:58,0,0,0,14.7,39.1,14.4,42.1,1,18
2026-08-19 04:19:58,0,0,0,14.7,38.8,14.4,41.8,1,18
2026-08-19 04:24:58,0,0,0,14.6,38.6,14.4,41.9,1,18
2026-08-19 04:29:58,0,0,0,14.6,39.2,14.3,42.2,1,18
2026-08-19 04:34:58,0,0,0,14.6,38.9,14.3,42.3,1,18
2026-08-19 04:39:58,0,0,0,14.6,39.1,14.2,42.4,1,18
2026-08-19 04:44:58,0,0,0,14.5,39.4,14.2,42.4,1,18
2026-08-19 04:49:58,0,1,1,14.5,39.3,14.2,42.5,1,18
2026-08-19 04:54:58,0,0,0,14.5,38.9,14.1,42.2,1,18
2026-08-19 04:59:58,0,1,1,14.5,38.6,14.1,42,1,18
2026-08-19 05:04:58,0,0,0,14.5,38.9,14.1,42.2,1,18
2026-08-19 05:09:58,0,0,0,14.5,38.5,14.1,41.9,1,18
2026-08-19 05:14:58,0,0,0,14.4,38.5,14.1,41.9,1,18
2026-08-19 05:19:58,0,0,0,14.4,39.5,14.1,42.8,1,18
2026-08-19 05:24:58,0,1,1,14.4,39.4,14,42.8,1,18
2026-08-19 05:29:59,0,1,1,14.4,39.5,14,42.7,1,18
2026-08-19 05:34:59,0,0,0,14.3,39.8,14,42.7,1,21
2026-08-19 05:39:58,0,0,0,14.4,39.7,13.9,42.7,1,18
2026-08-19 05:44:59,0,0,0,14.3,39.6,13.9,42.7,1,21
2026-08-19 05:49:58,0,0,0,14.3,39.3,13.9,42.5,1,18
2026-08-19 05:54:58,0,0,0,14.3,39.5,13.8,42.8,1,18
2026-08-19 05:59:58,0,0,0,14.2,39.9,13.8,42.9,1,18
2026-08-19 06:04:59,0,0,1,14.2,39.5,13.7,42.7,1,18
2026-08-19 06:09:58,0,0,0,14.1,39.3,13.7,42.6,1,18
2026-08-19 06:14:59,0,0,0,14.1,39.1,13.7,42.4,1,18
2026-08-19 06:19:58,0,0,0,14.1,39.7,13.6,42.9,1,21
2026-08-19 06:24:58,0,0,0,14.1,39.4,13.6,42.7,1,18
2026-08-19 06:29:58,0,0,0,14.1,38.9,13.6,42.3,1,18
2026-08-19 06:34:58,0,0,0,14.1,39.2,13.6,42.5,1,18
2026-08-19 06:39:58,0,0,0,14.1,39,13.6,42.1,1,18
2026-08-19 06:44:58,0,0,0,14.1,38.3,13.6,41.5,1,18
2026-08-19 06:49:59,0,0,0,14.1,38.4,13.6,42,1,18
2026-08-19 06:54:58,0,0,0,14.1,38.3,13.6,41.9,1,18
2026-08-19 06:59:59,0,0,0,14.1,38.2,13.6,41.6,1,18
2026-08-19 07:04:59,0,0,0,14.1,38,13.6,41.4,1,18
2026-08-19 07:09:58,0,0,0,14.1,38.5,13.6,41.9,1,21
2026-08-19 07:14:59,0,0,0,14.1,38.3,13.6,41.6,1,21
2026-08-19 07:19:58,0,0,0,14.1,38.7,13.6,42,1,18
2026-08-19 07:24:59,0,0,0,14.1,38.2,13.6,41.7,1,21
2026-08-19 07:29:58,0,0,0,14.1,38.2,13.6,41.8,1,18
2026-08-19 07:34:58,0,0,0,14.1,38.3,13.6,41.6,1,18
2026-08-19 07:39:59,0,0,0,14.1,38.1,13.6,41.5,1,21
2026-08-19 07:44:59,0,0,0,14.1,38.2,13.7,41.8,1,21
2026-08-19 07:49:59,0,0,0,14.1,38.9,13.7,42.3,1,18
2026-08-19 07:54:58,0,0,0,14.1,38.4,13.7,41.3,1,18
2026-08-19 07:59:59,0,1,1,14.1,38.5,13.7,41.7,1,21
2026-08-19 08:04:58,0,0,0,14.2,37.7,13.7,41,1,18
2026-08-19 08:09:59,0,0,0,14.2,38.3,13.8,41.7,1,21
2026-08-19 08:14:59,0,0,0,14.2,38.6,13.8,41.9,1,21
2026-08-19 08:19:59,0,0,0,14.2,38.9,13.8,42.1,1,21
2026-08-19 08:24:58,0,0,0,14.2,39.1,13.8,42.4,1,21
2026-08-19 08:29:58,0,0,0,14.2,37.7,13.8,41.2,1,21
2026-08-19 08:34:59,0,0,0,14.2,36.4,13.9,40.3,1,21
2026-08-19 08:39:59,0,0,0,14.3,35.8,13.9,39.3,1,21
2026-08-19 08:44:59,0,0,0,14.3,35.6,14,39.6,1,21
2026-08-19 08:49:59,0,0,0,14.4,36.6,14.1,40.3,1,21
2026-08-19 08:54:59,0,0,0,14.5,37.2,14.2,40.8,1,21
2026-08-19 08:59:59,0,0,0,14.6,37.8,14.4,40.9,1,21
2026-08-19 09:04:58,0,0,0,14.6,37.3,14.5,40.7,1,21
2026-08-19 09:09:59,0,0,0,14.7,37.4,14.6,40.4,1,21
2026-08-19 09:14:59,0,1,1,14.8,37.5,14.8,40.5,1,21
2026-08-19 09:19:59,0,0,0,14.9,37.4,14.9,40.4,1,21
2026-08-19 09:24:59,0,0,0,15,37.6,15.1,40.5,1,21
2026-08-19 09:29:59,0,0,0,15.2,37.4,15.4,40.3,1,20
2026-08-19 09:34:58,0,0,0,15.4,37.6,15.6,40.3,1,19
2026-08-19 09:39:59,0,0,0,15.6,37.9,15.9,40.3,0,19
2026-08-19 09:44:59,0,0,0,15.8,38.1,16.2,40.3,0,19
2026-08-19 09:49:59,0,1,1,15.9,38.1,16.4,40,0,19
2026-08-19 09:54:59,3,7,7,16.2,38.2,16.7,40.2,0,19
2026-08-19 09:59:58,2,4,4,16.4,38.4,17,40.2,0,19
2026-08-19 10:04:59,4,8,8,16.6,38.9,17.2,40.4,0,19
2026-08-19 10:09:59,4,8,8,16.7,39,17.5,40.4,0,19
2026-08-19 10:14:59,5,8,9,16.9,39.6,17.8,40.7,0,19
2026-08-19 10:19:59,5,12,12,17.2,39.5,18,40.5,0,19
2026-08-19 10:24:59,6,12,14,17.4,39.8,18.3,40.5,0,19
2026-08-19 10:29:59,6,12,12,17.6,39.1,18.6,40,0,19
2026-08-19 10:34:59,23,36,42,17.8,38.8,18.8,39.7,0,19
2026-08-19 10:39:59,7,19,19,18,38.6,19.1,39.6,0,19
2026-08-19 10:44:59,7,15,15,18.2,38.5,19.3,39.4,0,19
2026-08-19 10:49:59,8,18,18,18.3,38.3,19.5,39,0,19
2026-08-19 10:54:59,7,12,15,18.5,37.9,19.8,38.7,0,19
2026-08-19 10:59:59,7,16,17,18.7,37.7,20.1,38.7,0,19
2026-08-19 11:04:59,13,25,25,18.9,37.4,20.3,38.2,0,19
2026-08-19 11:09:59,9,23,23,19.1,37.5,20.5,38,0,19
2026-08-19 11:14:59,6,18,18,19.3,37.2,20.8,38,0,19
2026-08-19 11:19:59,6,14,15,19.5,37,21,37.8,0,19
2026-08-19 11:24:59,6,9,11,19.7,36.6,21.3,37.3,0,19
2026-08-19 11:29:59,5,12,14,19.9,36.2,21.5,36.9,0,19
2026-08-19 11:34:59,13,25,25,20,35.7,21.8,36.7,0,19
2026-08-19 11:39:59,5,18,20,20.2,35.2,22,35.4,0,19
2026-08-19 11:44:59,4,9,11,20.4,35,22.2,35.4,0,19
2026-08-19 11:49:59,6,12,13,20.6,34.9,22.4,35.8,0,19
2026-08-19 11:55:00,7,18,19,20.7,34.5,22.6,35.1,0,19
2026-08-19 11:59:59,7,19,19,20.8,34.1,22.8,34.9,0,19
2026-08-19 12:04:59,9,23,23,21,34,22.9,34.4,0,19
2026-08-19 12:09:59,3,9,9,21.2,33.6,23.1,33.7,0,19
2026-08-19 12:15:00,7,14,15,21.3,33.5,23.3,33.5,0,19
2026-08-19 12:20:00,7,19,19,21.5,33.7,23.5,33.4,0,19
2026-08-19 12:24:59,12,24,24,21.6,32.9,23.7,31.1,0,19
2026-08-19 12:29:59,20,28,29,21.7,33.8,23.8,33.4,0,19
2026-08-19 12:35:00,20,28,30,21.9,33.2,24,32.7,0,19
2026-08-19 12:39:59,18,28,28,22,32.9,24.1,33.2,0,19
2026-08-19 12:44:59,11,24,25,22.1,32.9,,,0,19
2026-08-19 12:50:00,11,25,25,22.2,32.8,,,0,19
2026-08-19 12:54:59,19,30,30,22.3,32.5,,,0,19
2026-08-19 12:59:59,17,26,26,22.4,32.2,,,0,19
2026-08-19 13:05:00,15,26,26,22.5,32.4,,,0,19
2026-08-19 13:09:59,22,33,37,22.6,32.6,,,0,19
2026-08-19 13:15:00,28,40,47,22.6,32.1,,,0,19
2026-08-19 13:19:59,23,35,41,22.7,32.1,,,0,19
2026-08-19 13:24:59,22,33,35,22.7,31.7,,,0,19
2026-08-19 13:29:59,23,34,37,22.8,31.8,,,0,19
2026-08-19 13:35:00,23,34,38,22.8,32,,,0,19
2026-08-19 13:40:00,23,36,41,22.9,31.8,,,0,19
2026-08-19 13:44:59,22,31,35,22.9,31.7,,,0,19
2026-08-19 13:49:59,23,35,40,22.9,31.2,25.1,31,0,19
2026-08-19 13:55:00,24,35,39,22.9,31.3,25.1,31,0,19
2026-08-19 14:00:00,22,33,36,22.9,31.6,25.1,31.1,0,19
2026-08-19 14:05:00,23,34,39,22.9,31.3,25.1,30.5,0,19
2026-08-19 14:09:59,24,38,45,22.9,31.1,25.1,30.9,0,19
2026-08-19 14:14:59,24,37,42,22.9,31.5,25.1,31.1,0,19
2026-08-19 14:20:00,23,33,38,22.9,31,25.1,30.6,0,19
2026-08-19 14:25:00,23,37,45,22.9,31.2,25.1,30.6,0,19
2026-08-19 14:29:59,23,35,40,22.9,31.3,25.1,31.1,0,19
2026-08-19 14:35:00,23,34,37,22.9,31.1,25,30.5,0,19
2026-08-19 14:40:00,24,35,39,22.9,31.1,25,30.8,0,19
2026-08-19 14:44:59,23,35,39,22.8,31.3,25,31,0,19
2026-08-19 14:50:00,24,36,41,22.8,31.2,24.9,30.8,0,19
2026-08-19 14:55:00,24,36,40,22.8,31.5,24.9,30.5,0,19
2026-08-19 15:00:00,25,41,49,22.7,31.6,24.8,30.9,0,19
2026-08-19 15:05:00,24,36,43,22.7,31.9,24.7,31.7,0,19
2026-08-19 15:10:00,22,33,38,22.6,31.9,24.6,31.6,0,19
2026-08-19 15:15:00,22,33,35,22.5,32.2,24.5,32.2,0,19
2026-08-19 15:20:00,22,34,37,22.5,31.9,24.3,31.9,0,19
2026-08-19 15:24:59,22,35,39,22.4,32.3,24.2,32.3,0,19
2026-08-19 15:30:00,22,30,34,22.3,32.9,,,0,19
2026-08-19 15:34:59,22,32,35,22.2,33.1,,,0,19
2026-08-19 15:40:00,21,33,35,22.1,33.7,,,0,19
2026-08-19 15:45:00,20,30,31,22,33.9,,,0,19
2026-08-19 15:50:00,22,33,35,22,33.9,,,0,19
2026-08-19 15:55:00,21,29,29,21.9,34.4,,,0,19
2026-08-19 16:00:00,20,29,29,21.8,34.6,,,0,19
2026-08-19 16:05:00,19,31,31,21.7,34.8,,,0,19
2026-08-19 16:10:00,18,27,29,21.6,35.4,,,0,19
2026-08-19 16:15:00,18,28,28,21.5,36,,,0,22
2026-08-19 16:20:00,22,33,34,21.5,36.4,,,0,19
2026-08-19 16:25:00,18,28,28,21.4,36.1,,,0,22
2026-08-19 16:30:00,20,28,28,21.3,36.6,,,0,22
2026-08-19 16:35:00,20,28,29,21.2,36.8,,,0,19
2026-08-19 16:40:00,19,29,29,21.1,37.1,,,0,19
2026-08-19 16:45:00,19,31,31,21,37.4,,,0,19
2026-08-19 16:50:00,16,28,28,20.9,37.4,,,0,19
2026-08-19 16:55:00,16,29,30,20.9,37.5,,,0,19
2026-08-19 17:00:00,15,26,27,20.8,37.8,,,0,19
2026-08-19 17:05:00,11,25,25,20.7,38,,,0,19
2026-08-19 17:10:00,14,27,27,20.6,38,,,0,19
2026-08-19 17:15:01,13,25,26,20.6,38.5,,,0,21
2026-08-19 17:20:00,13,26,26,20.4,38.9,,,0,21
2026-08-19 17:25:00,15,26,27,20.4,39.3,,,0,21
2026-08-19 17:30:00,16,27,27,20.3,39.8,,,0,21
2026-08-19 17:35:00,17,27,27,20.2,40.3,,,0,21
2026-08-19 17:40:01,12,25,26,20.1,40.7,,,0,21
2026-08-19 17:45:00,17,27,28,20.1,41,,,0,21
2026-08-19 17:50:00,13,27,27,19.9,41.3,21.1,41.4,0,21
2026-08-19 17:55:00,15,29,30,19.8,41.7,20.9,42,0,21
2026-08-19 18:00:00,13,25,25,19.7,41.9,20.8,42.2,0,21
2026-08-19 18:05:01,12,27,27,19.5,42.2,20.6,42.5,0,21
2026-08-19 18:10:00,13,27,27,19.4,42.5,20.5,43.1,0,21
2026-08-19 18:15:00,13,26,27,19.3,42.8,20.3,43.6,0,21
2026-08-19 18:20:00,12,26,27,19.2,42.9,20.1,43.5,0,21
2026-08-19 18:25:00,9,23,23,19,43.2,19.9,44.1,0,21
2026-08-19 18:30:01,13,25,25,18.9,43.4,19.8,44.2,0,21
2026-08-19 18:35:00,10,25,26,18.7,43.9,19.6,44.8,0,21
2026-08-19 18:40:01,13,26,26,18.6,44.2,19.4,45.4,1,21
2026-08-19 18:45:00,13,28,29,18.5,44.6,19.3,45.5,1,21
2026-08-19 18:50:01,12,25,25,18.4,44.8,19.2,46.1,1,21
2026-08-19 18:55:00,13,25,26,18.3,45.1,19.1,46.4,1,21
2026-08-19 19:00:01,12,26,26,18.3,45.4,19,46.8,1,21
2026-08-19 19:05:00,12,26,26,18.2,45.5,18.9,47,1,21
2026-08-19 19:10:00,17,30,31,18.1,45.6,18.8,47,1,21
2026-08-19 19:15:00,19,32,35,18,46,18.7,47.5,1,21
2026-08-19 19:20:00,14,28,28,18,46,18.6,48,1,21
2026-08-19 19:25:00,8,24,25,17.9,46,18.6,47.4,1,21
2026-08-19 19:30:00,13,27,27,17.9,46.2,18.5,47.7,1,21
2026-08-19 19:35:01,15,28,29,17.8,46.3,18.5,48,1,21
2026-08-19 19:40:00,15,28,28,17.8,46.4,18.4,48,1,21
2026-08-19 19:45:00,14,30,33,17.7,46.3,18.3,48.1,1,21
2026-08-19 19:50:01,15,29,29,17.7,46.5,18.3,48.2,1,21
2026-08-19 19:55:00,16,29,29,17.6,46.7,18.2,48.4,1,21
2026-08-19 20:00:00,20,29,29,17.6,46.6,18.1,48.6,1,18
2026-08-19 20:05:00,14,28,29,17.5,46.8,18.1,48.8,1,21
2026-08-19 20:10:01,16,29,30,17.5,46.6,18,49.1,1,21
2026-08-19 20:15:01,15,28,30,17.5,46.9,18,48.6,1,21
2026-08-19 20:20:01,12,29,29,17.4,47.1,17.9,48.6,1,21
2026-08-19 20:25:01,14,29,29,17.4,47.6,17.9,49.5,1,21
2026-08-19 20:30:01,13,28,28,17.3,47.5,17.8,49.7,1,21
2026-08-19 20:35:01,13,28,30,17.3,47.9,17.8,49.7,1,18
2026-08-19 20:40:01,15,28,28,17.3,48,17.7,49.9,1,21
2026-08-19 20:45:01,17,27,27,17.2,48.2,17.6,50.1,1,21
2026-08-19 20:50:01,19,30,31,17.2,48.2,17.6,50.1,1,18
2026-08-19 20:55:01,19,31,32,17.1,48.3,17.5,50.6,1,21
2026-08-19 21:00:02,21,32,33,17.1,48.4,17.5,50.4,1,18
2026-08-19 21:05:00,18,28,30,17,48.5,17.4,50.5,1,21
2026-08-19 21:10:01,19,34,35,17,48.6,17.4,50.7,1,18
2026-08-19 21:15:00,19,34,35,16.9,48.5,17.3,50.8,1,21
2026-08-19 21:20:01,21,36,37,16.9,48.5,17.3,50.8,1,18
2026-08-19 21:25:01,20,32,32,16.8,48.4,17.2,50.8,1,21
2026-08-19 21:30:01,20,31,32,16.8,48.5,17.1,50.7,1,18
2026-08-19 21:35:01,21,32,33,16.8,48.4,17.1,51,1,21
2026-08-19 21:40:01,20,31,32,16.7,48.6,17.1,51,1,21
2026-08-19 21:45:01,20,34,37,16.7,48.4,17,51,1,21
2026-08-19 21:50:01,22,34,34,16.7,48.4,17,50.8,1,21
2026-08-19 21:55:01,20,32,32,16.7,48.5,16.9,51,1,18
2026-08-19 22:00:01,22,34,38,16.6,48.6,16.9,51,1,18
2026-08-19 22:05:01,23,38,41,16.6,48.4,16.8,51.1,1,18
2026-08-19 22:10:00,23,38,40,16.5,48.4,16.7,51.3,1,18
2026-08-19 22:15:01,24,37,39,16.4,48.5,16.7,51.4,1,21
2026-08-19 22:20:01,24,37,40,16.4,48.9,16.6,51.9,1,19
2026-08-19 22:25:01,23,37,38,16.3,48.8,16.5,51.2,1,19
2026-08-19 22:30:01,24,38,43,16.3,48.8,16.5,51.3,1,19
2026-08-19 22:35:01,25,39,44,16.3,48.9,16.5,51.3,1,19
2026-08-19 22:40:01,24,40,45,16.3,48.8,16.4,51.4,1,19
2026-08-19 22:45:01,25,38,41,16.2,48.9,16.4,51.6,1,19
2026-08-19 22:50:01,24,37,41,16.2,48.8,16.4,51.7,1,19
2026-08-19 22:55:01,23,38,42,16.2,48.7,16.4,51.7,1,19
2026-08-19 23:00:01,25,37,41,16.2,48.7,16.3,51.3,1,19
2026-08-19 23:05:01,25,38,43,16.1,48.6,16.3,51.6,1,19
2026-08-19 23:10:01,25,39,44,16.1,48.6,16.2,51.6,1,19
2026-08-19 23:15:01,24,37,38,16.1,48.8,16.1,51.7,1,19
2026-08-19 23:20:01,25,38,40,16,49.2,16.1,52.3,1,19
2026-08-19 23:25:01,23,37,40,16,49.3,16,52.4,1,19
2026-08-19 23:30:01,23,39,43,15.9,49.5,16,52.6,1,19
2026-08-19 23:35:01,24,35,38,15.8,49.5,15.9,52.6,1,19
2026-08-19 23:40:01,23,37,40,15.8,49.7,15.9,52.8,1,19
2026-08-19 23:45:01,21,38,40,15.8,49.9,15.9,52.7,1,19
2026-08-19 23:50:01,22,37,40,15.8,50,15.9,53.1,1,19
2026-08-19 23:55:01,25,37,40,15.7,50,15.9,53.1,1,19
2026-08-20 00:00:01,22,35,40,15.8,50.1,15.9,52.9,1,19
2026-08-20 00:05:01,23,37,41,15.8,50,15.9,53,1,19
2026-08-20 00:10:01,23,37,41,15.8,50.1,15.8,53.1,1,19
2026-08-20 00:15:01,22,37,38,15.7,50,15.8,53.2,1,19
2026-08-20 00:20:01,22,34,35,15.7,50.1,15.8,53.3,1,19
2026-08-20 00:25:01,22,37,38,15.7,50.1,15.8,53.4,1,19
2026-08-20 00:30:01,24,35,36,15.7,49.9,15.7,53.3,1,19
2026-08-20 00:35:01,22,38,41,15.7,49.9,15.7,53.3,1,19
2026-08-20 00:40:01,22,35,35,15.6,50.2,15.6,53.7,1,19
2026-08-20 00:45:01,23,35,39,15.6,50.2,15.6,53.3,1,18
2026-08-20 00:50:01,23,38,40,15.6,50.3,15.6,53.7,1,18
2026-08-20 00:55:01,22,35,37,15.6,50.4,15.6,53.7,1,18
2026-08-20 01:00:01,21,34,39,15.6,50.3,15.6,54,1,21
2026-08-20 01:05:01,23,38,40,15.5,50.1,15.5,53.5,1,18
2026-08-20 01:10:01,23,38,41,15.5,49.8,15.5,53.3,1,18
2026-08-20 01:15:01,22,38,39,15.5,49,15.4,52.5,1,18
2026-08-20 01:20:01,22,34,36,15.4,48.9,15.3,52.4,1,18
2026-08-20 01:25:02,22,37,39,15.4,49.3,15.3,52.9,1,18
2026-08-20 01:30:01,25,39,42,15.3,49.1,15.2,52.7,1,18
2026-08-20 01:35:01,21,38,40,15.3,48.4,15.2,52.1,1,18
2026-08-20 01:40:01,22,38,39,15.2,48.1,15.1,51.9,1,18
2026-08-20 01:45:01,15,32,32,15.2,47.2,15.1,51.1,1,18
2026-08-20 01:50:01,19,34,34,15.2,47.5,15,51.3,1,18
2026-08-20 01:55:02,21,33,34,15.1,47.8,15,51.5,1,18
2026-08-20 02:00:01,18,32,32,15.1,47.6,14.9,51.4,1,18
2026-08-20 02:05:01,21,36,39,15.1,47.8,14.9,51.5,1,18
2026-08-20 02:10:01,23,36,36,15,47.6,14.9,51.2,1,18
2026-08-20 02:15:01,16,30,31,15,46.8,14.8,50.9,1,18
2026-08-20 02:20:02,16,32,36,15,46.9,14.8,50.9,1,18
2026-08-20 02:25:02,10,29,29,15,46.4,14.8,50.5,1,18
2026-08-20 02:30:01,20,33,35,14.9,46.6,14.8,50.7,1,18
2026-08-20 02:35:01,18,31,31,14.9,46.5,14.7,50.7,1,18
2026-08-20 02:40:01,15,30,30,14.9,46.5,14.7,50.6,1,18
2026-08-20 02:45:02,24,36,37,14.9,47.1,14.7,51.1,1,18
2026-08-20 02:50:01,24,40,42,14.9,47.6,14.7,51.2,1,18
2026-08-20 02:55:02,24,39,40,14.8,47.7,14.6,51.3,1,18
2026-08-20 03:00:01,25,38,41,14.8,47.9,14.6,51.5,1,18
2026-08-20 03:05:01,24,38,41,14.8,48.2,14.6,51.9,1,18
2026-08-20 03:10:01,25,40,43,14.7,48.3,14.5,51.9,1,18
2026-08-20 03:15:02,25,40,43,14.7,48.1,14.5,51.9,1,18
2026-08-20 03:20:01,25,40,46,14.7,48.4,14.5,51.9,1,18
2026-08-20 03:25:02,20,33,35,14.7,48,14.5,51.4,1,18
2026-08-20 03:30:02,6,21,21,14.7,45.8,14.5,50.2,1,18
2026-08-20 03:35:01,8,16,16,14.7,44.3,14.5,48.2,1,18
2026-08-20 03:40:02,13,27,29,14.7,45.1,14.5,49.4,1,18
2026-08-20 03:45:02,21,32,34,14.8,46,14.6,50.3,1,18
2026-08-20 03:50:01,25,36,37,14.8,46.7,14.6,50.6,1,18
2026-08-20 03:55:02,25,38,40,14.8,46.8,14.6,50.7,1,18
2026-08-20 04:00:02,23,35,39,14.7,46.9,14.6,50.9,1,18
2026-08-20 04:05:02,23,38,41,14.8,46.9,14.6,50.7,1,18
2026-08-20 04:10:01,24,39,42,14.8,47,14.5,50.8,1,18
2026-08-20 04:15:02,24,38,43,14.7,47.1,14.5,50.9,1,18
2026-08-20 04:20:02,24,38,42,14.7,47.2,14.5,51.1,1,21
2026-08-20 04:25:01,23,40,42,14.7,47.5,14.4,51.3,1,18
2026-08-20 04:30:02,25,38,41,14.7,47.6,14.4,51.2,1,18
2026-08-20 04:35:02,24,39,40,14.6,47.3,14.4,51.2,1,18
2026-08-20 04:40:02,24,39,41,14.6,47.6,14.4,51.9,1,18
2026-08-20 04:45:02,21,38,40,14.6,47.7,14.3,51.5,1,18
2026-08-20 04:50:02,25,38,42,14.6,48,14.3,51.7,1,18
2026-08-20 04:55:02,24,36,36,14.5,47.8,14.2,51.8,1,18
2026-08-20 05:00:02,23,39,42,14.5,47.6,14.2,51.6,1,18
2026-08-20 05:05:02,23,38,41,14.5,47.9,14.1,51.7,1,18
2026-08-20 05:10:02,23,36,37,14.4,48.1,14.1,52.1,1,18
2026-08-20 05:15:02,24,37,41,14.4,48.2,14.1,52.2,1,18
2026-08-20 05:20:02,22,37,40,14.4,48.2,14,52.1,1,18
2026-08-20 05:25:02,24,39,40,14.3,48.6,14,52.3,1,18
2026-08-20 05:30:02,24,39,44,14.3,48.7,13.9,53,1,18
2026-08-20 05:35:02,24,40,46,14.3,48.4,13.9,52.5,1,18
2026-08-20 05:40:02,25,38,41,14.3,48,13.9,52.2,1,18
2026-08-20 05:45:02,24,36,40,14.3,48.1,13.9,52.5,1,21
2026-08-20 05:50:02,24,37,38,14.3,47.9,13.9,52,1,21
2026-08-20 05:55:02,24,39,43,14.3,47.7,13.9,51.9,1,18
2026-08-20 06:00:02,22,39,42,14.2,47.9,13.8,52.2,1,18
2026-08-20 06:05:02,23,39,41,14.2,47.8,13.8,51.9,1,18
2026-08-20 06:10:02,23,39,41,14.2,47.9,13.8,51.9,1,18
2026-08-20 06:15:02,25,40,42,14.2,47.8,13.7,51.9,1,18
2026-08-20 06:20:02,23,36,38,14.1,47.6,13.7,51.8,1,18
2026-08-20 06:25:02,24,36,40,14.1,47.7,13.6,51.9,1,21
2026-08-20 06:30:02,23,39,43,14.1,47.6,13.6,51.7,1,18
2026-08-20 06:35:02,23,40,42,14.1,47.6,13.6,51.8,1,18
2026-08-20 06:40:02,23,37,37,14,47.5,13.5,51.7,1,18
2026-08-20 06:45:02,21,34,35,14,47.3,13.5,51.4,1,18
2026-08-20 06:50:02,14,33,33,13.9,47,13.4,51.4,1,18
2026-08-20 06:55:03,23,37,37,13.9,47.4,13.4,51.8,1,21
2026-08-20 07:00:02,16,31,32,13.9,47,13.4,51.5,1,21
2026-08-20 07:05:03,13,28,29,13.9,47,13.4,51.5,1,18
2026-08-20 07:10:02,13,31,31,13.9,46.4,13.4,51.1,1,18
2026-08-20 07:15:02,11,28,28,13.8,46.4,13.4,51,1,21
2026-08-20 07:20:02,11,29,30,13.9,46.5,13.4,51.1,1,21
2026-08-20 07:25:02,9,28,28,13.8,46.4,13.3,50.9,1,21
2026-08-20 07:30:02,8,28,28,13.8,46.1,13.3,50.6,1,21
2026-08-20 07:35:02,9,22,22,13.8,45.9,13.3,50.5,1,21
2026-08-20 07:40:02,6,13,13,13.8,45.7,13.3,50.2,1,21
2026-08-20 07:45:02,6,13,16,13.8,45.5,13.3,50.1,1,20
2026-08-20 07:50:02,6,13,16,13.8,45.3,13.3,49.9,1,20
2026-08-20 07:55:02,7,15,17,13.8,45.3,13.3,49.9,1,20
2026-08-20 08:00:03,5,11,15,13.8,45.2,13.3,49.8,1,20
2026-08-20 08:05:02,3,11,11,13.8,45.4,13.3,49.9,1,20
2026-08-20 08:10:03,6,17,18,13.8,45.6,13.4,50,1,20
2026-08-20 08:15:02,6,17,17,13.9,45.3,13.4,49.8,1,20
2026-08-20 08:20:02,7,13,13,13.9,45.5,13.4,50,1,22
2026-08-20 08:25:03,4,13,13,13.9,45.5,13.4,50,1,19
2026-08-20 08:30:02,3,10,10,13.9,45.2,13.4,49.8,1,19
2026-08-20 08:35:03,5,10,10,13.9,45,13.5,49.6,1,19
2026-08-20 08:40:02,4,9,9,14,45.2,13.5,49.8,1,19
2026-08-20 08:45:03,7,17,18,14.1,45.5,13.6,50,1,19
2026-08-20 08:50:03,8,23,27,14.1,45.9,13.7,50.3,1,19
2026-08-20 08:55:03,14,33,33,14.2,47.4,13.8,51.2,1,22
2026-08-20 09:00:03,23,40,45,14.2,48.7,13.9,52.3,1,21
2026-08-20 09:05:03,23,35,37,14.3,48.5,14.1,51.8,1,21
2026-08-20 09:10:03,15,32,34,14.4,47.9,14.2,51.3,1,21
2026-08-20 09:15:03,14,28,30,14.5,47.1,14.3,50.8,1,21
2026-08-20 09:20:02,15,34,35,14.6,47.3,14.4,50.9,1,21
2026-08-20 09:25:03,14,31,31,14.7,47.5,14.6,50.8,1,21
2026-08-20 09:30:03,16,31,31,14.8,47.5,14.8,50.6,1,21
2026-08-20 09:35:03,10,26,26,15,46.3,15.1,49.7,1,21
2026-08-20 09:40:03,10,24,24,15.2,45.7,15.4,49.3,1,21
2026-08-20 09:45:03,8,23,23,15.3,45.5,15.7,48.8,0,21
2026-08-20 09:50:03,8,21,24,15.5,44.8,15.9,48.2,0,21
2026-08-20 09:55:03,9,22,22,15.7,44.5,16.2,47.8,0,21
2026-08-20 10:00:03,8,20,21,16,44,16.5,47.4,0,21
2026-08-20 10:05:03,8,22,22,16.2,43.5,16.8,46.8,0,21
2026-08-20 10:10:03,9,22,25,16.4,43.3,17.1,46.3,0,21
2026-08-20 10:15:03,12,28,28,16.7,43.3,17.4,46.1,0,21
2026-08-20 10:20:03,13,28,28,16.9,43.6,17.7,46.2,0,21
2026-08-20 10:25:03,15,33,33,17.1,43.6,18,46.1,0,21
2026-08-20 10:30:03,18,33,34,17.3,43.4,18.3,45.5,0,20
2026-08-20 10:35:03,21,33,33,17.6,43,18.6,44.9,0,20
2026-08-20 10:40:03,21,32,33,17.8,42.9,18.9,44.9,0,20
2026-08-20 10:45:03,21,33,34,18,42.6,19.2,44,0,20
2026-08-20 10:50:03,21,33,36,18.2,41.8,19.5,43.8,0,20
2026-08-20 10:55:03,21,30,32,18.4,41.2,19.7,43.1,0,20
2026-08-20 11:00:03,19,32,32,18.6,41,20,42.9,0,20
2026-08-20 11:05:03,21,32,34,18.8,40.9,20.2,42.8,0,20
2026-08-20 11:10:03,16,30,30,19,40.4,20.5,42.5,0,20
2026-08-20 11:15:03,14,26,28,19.2,39.9,20.7,41.8,0,20
2026-08-20 11:20:03,16,28,28,19.4,39.3,20.9,40.1,0,20
2026-08-20 11:25:03,13,25,25,19.6,38.9,21.1,40.9,0,20
2026-08-20 11:30:03,16,30,30,19.7,38.5,21.4,40.2,0,20
2026-08-20 11:35:03,12,28,30,20,38.3,21.6,39.9,0,20
2026-08-20 11:40:03,18,30,31,20.1,38.4,21.9,39.7,0,20
2026-08-20 11:45:03,24,40,47,20.3,38.9,22.1,40,0,20
2026-08-20 11:50:04,23,35,39,20.5,38.8,22.3,39.5,0,20
2026-08-20 11:55:03,24,38,44,20.7,38.6,22.6,39.4,0,20
2026-08-20 12:00:03,23,37,42,20.9,38.5,22.8,38.4,0,20
2026-08-20 12:05:03,26,41,49,21.1,38.4,23,38.8,0,20
2026-08-20 12:10:04,26,43,51,21.3,38.2,23.2,39,0,20
2026-08-20 12:15:03,27,40,48,21.4,38.2,23.3,38.6,0,20
2026-08-20 12:20:03,26,41,48,21.5,38.2,23.4,38.2,0,20
2026-08-20 12:25:03,26,41,50,21.6,37.9,23.5,38.2,0,20
2026-08-20 12:30:03,28,46,55,21.7,37.8,23.6,37.8,0,20
2026-08-20 12:35:03,28,44,54,21.7,37.5,23.6,38.3,0,20
2026-08-20 12:40:03,29,43,51,21.7,37.5,23.6,37.7,0,20
2026-08-20 12:45:03,28,44,54,21.8,37.6,23.7,38.2,0,20
2026-08-20 12:50:03,28,46,54,21.8,37.1,23.7,37.4,0,20
2026-08-20 12:55:03,28,46,55,21.8,37.3,23.8,38.2,0,20
2026-08-20 13:00:04,29,45,55,21.9,37,23.8,37.8,0,20
2026-08-20 13:05:04,29,46,56,21.9,36.7,23.9,36.4,0,20
2026-08-20 13:10:03,28,45,54,22,36.9,24,37.1,0,20
2026-08-20 13:15:04,29,47,58,22,36.5,24,37.1,0,20
2026-08-20 13:20:03,30,47,56,22.1,36.6,24.1,37.1,0,20
2026-08-20 13:25:03,33,53,65,22.1,36.3,24.2,36.6,0,20
2026-08-20 13:30:03,33,51,62,22.2,36.3,,,0,20
2026-08-20 13:35:03,34,51,64,22.2,35.9,,,0,20
2026-08-20 13:40:04,33,54,67,22.2,35.7,,,0,20
2026-08-20 13:45:04,33,51,63,22.3,35.7,,,0,20
2026-08-20 13:50:03,34,54,67,22.2,35.5,24.3,35.8,0,20
2026-08-20 13:55:04,33,52,64,22.3,35.4,24.3,34.8,0,20
2026-08-20 14:00:03,33,52,63,22.2,35.4,24.3,35.1,0,20
2026-08-20 14:05:04,33,51,62,22.3,35.5,24.3,35.6,0,20
2026-08-20 14:10:03,31,50,61,22.3,34.6,24.3,35.2,0,20
2026-08-20 14:15:04,29,47,56,22.3,34.6,24.3,35.2,0,20
2026-08-20 14:20:04,26,43,50,22.3,33.9,,,0,20
2026-08-20 14:25:04,28,42,50,22.3,33.9,,,0,20
2026-08-20 14:30:04,29,47,56,22.2,34.1,,,0,20
2026-08-20 14:35:04,28,45,55,22.2,34.6,,,0,20
2026-08-20 14:40:04,28,44,53,22.1,34.8,,,0,20
2026-08-20 14:45:04,31,48,59,22.1,35.3,,,0,20
2026-08-20 14:50:04,33,53,64,22.1,35.3,,,0,20
2026-08-20 14:55:04,31,52,63,22,35.9,,,0,21
2026-08-20 15:00:04,33,53,65,22,36.1,,,0,21
2026-08-20 15:05:04,34,56,68,21.9,36.2,,,0,21
2026-08-20 15:10:04,34,55,68,21.9,36.3,,,0,21
2026-08-20 15:15:04,34,58,68,21.8,36.5,,,0,21
2026-08-20 15:20:04,35,55,68,21.8,37,,,0,21
2026-08-20 15:25:04,36,63,73,21.7,36.8,,,0,21
2026-08-20 15:30:04,34,60,70,21.7,36.9,,,0,21
2026-08-20 15:35:04,37,64,74,21.6,37.1,,,0,21
2026-08-20 15:40:04,34,56,68,21.6,37.4,,,0,21
2026-08-20 15:45:04,35,58,69,21.6,37.5,,,0,21
2026-08-20 15:50:04,34,57,69,21.5,37.7,,,0,21
2026-08-20 15:55:04,35,58,69,21.5,38,,,0,21
2026-08-20 16:00:04,35,56,69,21.5,38.3,,,0,21
2026-08-20 16:05:04,36,59,69,21.4,38.3,,,0,21
2026-08-20 16:10:04,39,64,74,21.4,38.1,,,0,21
2026-08-20 16:15:04,37,60,72,21.4,38.2,,,0,21
2026-08-20 16:15:12,0,0,0,,,,,,29
2026-08-20 16:20:04,39,66,74,21.3,38.3,,,0,21
2026-08-20 16:20:12,0,0,0,,,,,,21
2026-08-20 16:25:04,35,60,70,21.3,38.6,,,0,21
2026-08-20 16:25:12,0,0,0,,,,,,24
2026-08-20 16:30:04,35,58,69,21.3,38.6,,,0,21
2026-08-20 16:30:12,0,0,0,,,,,,21
2026-08-20 16:35:04,35,60,70,21.3,38.7,,,0,21
2026-08-20 16:40:04,35,57,70,21.2,38.5,,,0,21
2026-08-20 16:45:04,35,58,71,21.1,38.5,,,0,21
2026-08-20 16:50:04,35,61,72,21,38.8,,,0,21
2026-08-20 16:55:04,39,66,75,21,38.7,,,0,21
2026-08-20 17:00:04,35,60,69,20.9,39,,,0,21
2026-08-20 17:05:04,34,54,66,20.8,39.2,,,0,21
2026-08-20 17:10:04,34,58,70,20.8,38.9,,,0,21
2026-08-20 17:15:04,34,55,68,20.8,39.2,,,0,21
2026-08-20 17:20:04,34,56,69,20.7,39.2,,,0,21
2026-08-20 17:25:04,35,56,70,20.7,39.4,,,0,21
2026-08-20 17:30:04,34,60,71,20.6,39.9,,,0,21
2026-08-20 17:35:04,37,63,73,20.6,40.1,,,0,21
2026-08-20 17:40:04,36,60,73,20.5,40,,,0,21
2026-08-20 17:45:04,35,59,70,20.5,39.8,,,0,21
2026-08-20 17:50:04,35,58,70,20.4,40,21.8,40.7,0,21
2026-08-20 17:55:04,35,56,70,20.4,40,21.7,40.8,0,21
2026-08-20 18:00:04,35,56,67,20.3,40.5,21.6,41.1,0,21
2026-08-20 18:05:04,34,56,69,20.3,40.6,21.5,41.3,0,21
2026-08-20 18:10:04,34,54,66,20.2,40.9,21.4,41.6,0,21
2026-08-20 18:15:04,34,55,67,20.1,41.1,21.3,41.8,0,21
2026-08-20 18:20:04,33,54,67,20.1,41.2,21.2,41.9,0,21
2026-08-20 18:25:04,35,58,71,20,41.3,21.1,42.2,0,21
2026-08-20 18:30:04,36,62,73,19.9,41.7,21,42.3,0,21
2026-08-20 18:35:05,35,60,72,19.8,42.2,20.9,42.7,0,21
2026-08-20 18:40:04,34,56,67,19.7,42.2,20.8,42.7,0,21
2026-08-20 18:45:04,34,57,71,19.6,42.2,20.7,43,0,21
2026-08-20 18:50:05,35,56,69,19.5,42.5,20.6,43.3,0,21
2026-08-20 18:55:04,35,56,68,19.5,42.9,20.5,43.5,0,21
2026-08-20 19:00:05,35,55,68,19.4,42.8,20.4,43.8,0,21
2026-08-20 19:05:05,34,55,68,19.3,43,20.3,43.6,0,21
2026-08-20 19:10:04,36,57,70,19.3,43.2,20.2,44.3,0,21
2026-08-20 19:15:04,35,55,68,19.1,42.8,20.1,44.1,0,21
2026-08-20 19:20:04,33,55,67,19.1,43.1,20,44.3,0,21
2026-08-20 19:25:04,35,56,68,19,43.1,19.9,44.4,0,21
2026-08-20 19:30:05,34,56,68,18.9,43,19.7,44.4,0,21
2026-08-20 19:35:04,32,52,63,18.8,42.8,19.6,44.2,0,18
2026-08-20 19:40:05,33,51,62,18.7,42.2,19.5,43.8,0,21
2026-08-20 19:45:05,29,47,58,18.6,41.7,19.4,43.5,0,21
2026-08-20 19:50:05,31,45,52,18.6,41.7,19.3,43.5,0,21
2026-08-20 19:55:05,29,47,56,18.5,41.8,19.3,43.5,0,21
2026-08-20 20:00:05,31,50,62,18.4,42.1,19.2,43.8,0,21
2026-08-20 20:05:05,32,51,62,18.4,42.4,19.1,44.1,0,21
2026-08-20 20:10:04,34,52,67,18.3,42.9,19,44.5,0,21
2026-08-20 20:15:05,34,53,62,18.3,43.3,18.9,44.9,0,21
2026-08-20 20:20:05,35,57,70,18.2,43.4,18.9,45,0,21
2026-08-20 20:25:05,34,56,68,18.2,43.9,18.8,45.6,0,18
2026-08-20 20:30:04,36,58,72,18.1,44,18.7,45.7,0,21
2026-08-20 20:35:05,36,58,70,18.1,44.3,18.7,45.9,0,21
2026-08-20 20:40:05,34,58,70,18,44.3,18.6,46.2,0,21
2026-08-20 20:45:05,37,58,71,18,44.4,18.6,46.3,0,21
2026-08-20 20:50:04,34,56,69,17.9,44.7,18.5,46.2,0,21
2026-08-20 20:55:05,35,59,71,17.9,44.7,18.5,46.7,0,18
2026-08-20 21:00:05,36,56,70,17.8,44.8,18.4,46.7,0,21
2026-08-20 21:05:05,37,58,70,17.7,45,18.3,47,0,18
2026-08-20 21:10:05,36,57,70,17.7,44.9,18.2,46.9,0,18
2026-08-20 21:15:05,36,58,70,17.6,45.1,18.2,46.9,1,18
2026-08-20 21:20:04,35,57,70,17.6,45.1,18.1,47.1,1,18
2026-08-20 21:25:05,35,56,70,17.6,45,18.1,47.1,1,18
2026-08-20 21:30:05,34,56,68,17.5,45.2,18,47.3,1,18
2026-08-20 21:35:05,33,56,69,17.5,45.4,18,47.4,1,18
2026-08-20 21:40:05,33,56,67,17.5,45.3,18,47.3,0,21
2026-08-20 21:45:05,33,54,67,17.5,45.2,18,47.2,0,18
2026-08-20 21:50:05,35,57,70,17.5,45.4,18,47.4,1,21
2026-08-20 21:55:05,35,55,66,17.4,45.3,18,47.3,1,21
2026-08-20 22:00:05,35,57,70,17.5,45.2,17.9,47.5,1,21
2026-08-20 22:05:05,33,56,68,17.4,45.3,17.9,47.3,1,18
2026-08-20 22:10:05,33,55,66,17.4,45.2,17.9,47.4,1,21
2026-08-20 22:15:05,33,54,65,17.4,45.2,17.8,47.4,1,18
2026-08-20 22:20:05,32,54,67,17.4,45.3,17.8,47.5,1,21
2026-08-20 22:25:05,34,53,64,17.3,45.4,17.7,47.6,1,18
2026-08-20 22:30:05,32,52,64,17.3,45.3,17.7,47.5,1,18
2026-08-20 22:35:05,32,52,64,17.2,45,17.6,47.4,1,18
2026-08-20 22:40:05,31,50,59,17.2,44.9,17.6,47.2,1,21
2026-08-20 22:45:05,25,37,42,17.2,44.1,17.5,46.6,1,18
2026-08-20 22:50:05,26,42,51,17.1,44.1,17.5,46.5,1,21
2026-08-20 22:55:05,22,34,34,17.1,43.2,17.5,45.6,1,18
2026-08-20 23:00:05,22,34,37,17.1,42.9,17.5,45.5,1,18
2026-08-20 23:05:05,10,26,26,17.1,41.9,17.5,44.9,1,18
2026-08-20 23:10:05,18,33,34,17.1,41.7,17.5,44.6,1,18
2026-08-20 23:15:05,12,26,26,17.1,41.8,17.5,44.5,1,18
2026-08-20 23:20:05,9,23,25,17,41.4,17.4,44.2,1,18
2026-08-20 23:25:05,15,28,29,17,41.3,17.4,43.9,1,21
2026-08-20 23:30:05,22,36,42,17,42.1,17.4,44.8,1,18
2026-08-20 23:35:05,27,45,53,16.9,43.2,17.3,45.6,1,18
2026-08-20 23:40:05,31,51,61,16.9,44.2,17.3,46,1,18
2026-08-20 23:45:05,32,53,64,17,44.3,17.3,46.7,1,18
2026-08-20 23:50:05,33,52,65,17,44.3,17.4,46.7,1,18
2026-08-20 23:55:05,32,52,62,17,44.4,17.4,46.6,1,18
2026-08-21 00:00:05,30,51,61,16.9,44.4,17.3,46.6,1,21
2026-08-21 00:05:05,29,46,57,16.9,44.2,17.3,46.4,1,18
2026-08-21 00:10:05,29,49,59,16.9,44.2,17.2,46.5,1,18
2026-08-21 00:15:05,29,48,57,16.9,43.8,17.2,46.4,1,18
2026-08-21 00:20:05,26,41,48,16.8,42.8,17.1,45.5,1,18
2026-08-21 00:25:05,26,42,52,16.8,42.4,17,45.1,1,18
2026-08-21 00:30:05,24,39,43,16.7,42,17,44.8,1,17
2026-08-21 00:35:05,23,38,40,16.7,40.9,17,43.3,1,20
2026-08-21 00:40:06,19,31,31,16.7,40.9,17,43.9,1,20
2026-08-21 00:45:05,13,31,32,16.7,40.2,17,43.2,1,20
2026-08-21 00:50:05,9,21,23,16.7,39.7,17,42.9,1,20
2026-08-21 00:55:05,18,34,34,16.7,40.4,17,43.5,1,20
2026-08-21 01:00:05,24,39,42,16.7,40.9,17,43.8,1,20
2026-08-21 01:05:05,27,42,51,16.7,42.1,17,44.7,1,20
2026-08-21 01:20:06,30,47,56,16.7,42.6,17.1,45,1,20
2026-08-21 01:25:05,29,45,54,16.7,42.6,17.1,44.9,1,20
2026-08-21 01:30:06,27,45,52,16.8,42.7,17,45.2,1,20
2026-08-21 01:35:05,28,45,53,16.7,42.7,17,45.2,1,20
2026-08-21 01:40:05,27,45,53,16.7,42.6,17,45.1,1,20
2026-08-21 01:45:05,27,43,50,16.7,42.4,16.9,45,1,20
2026-08-21 01:50:05,26,43,51,16.6,42.6,16.9,45.1,1,20
2026-08-21 01:55:05,27,46,54,16.6,42.6,16.8,45.3,1,20
2026-08-21 02:00:05,29,48,56,16.6,43,16.8,45.6,1,20
2026-08-21 02:05:05,30,51,59,16.5,43.2,16.7,45.7,1,20
2026-08-21 02:10:06,30,50,60,16.5,43.3,16.7,45.9,1,20
2026-08-21 02:15:06,30,50,60,16.5,43.5,16.6,46,1,20
2026-08-21 02:20:05,30,50,58,16.4,43.4,16.6,45.9,1,20
2026-08-21 02:25:06,31,51,62,16.4,43.7,16.5,46.1,1,20
2026-08-21 02:30:05,30,51,62,16.4,43.6,16.5,46.3,1,20
2026-08-21 02:35:05,30,50,60,16.3,43.7,16.5,46.3,1,20
2026-08-21 02:40:05,30,52,63,16.3,43.8,16.4,46.5,1,20
2026-08-21 02:45:05,32,51,62,16.2,43.9,16.4,46.6,1,20
2026-08-21 02:50:05,32,52,63,16.2,43.9,16.3,46.6,1,20
2026-08-21 02:55:05,28,45,54,16.2,43.5,16.2,46,1,20
2026-08-21 03:00:05,25,41,44,16.1,42.3,16.2,45.2,1,20
2026-08-21 03:05:05,25,40,45,16.1,42.6,16.2,45.4,1,20
2026-08-21 03:10:05,24,41,45,16.1,42.7,16.1,45.5,1,20
2026-08-21 03:15:05,9,27,27,16,41.1,16.1,43.8,1,20
2026-08-21 03:20:05,9,23,27,16,40.3,16.1,43.6,1,20
2026-08-21 03:25:05,8,22,25,16,40,16,43.1,1,20
2026-08-21 03:30:06,8,21,22,15.9,40.1,16,43,1,20
2026-08-21 03:35:05,8,20,21,15.9,39.7,15.9,42.8,1,20
2026-08-21 03:40:06,8,15,15,15.8,39.8,15.9,43,1,20
2026-08-21 03:45:05,3,9,9,15.8,39.2,15.9,42.3,1,20
2026-08-21 03:50:05,2,4,4,15.8,39,15.8,42.3,1,20
2026-08-21 03:55:06,0,2,2,15.7,37.9,15.8,41.2,1,20
2026-08-21 04:00:05,0,1,2,15.7,37.8,15.8,41.1,1,20
2026-08-21 04:05:06,0,1,1,15.7,37.7,15.8,40.9,1,20
2026-08-21 04:10:06,0,2,2,15.7,37.6,15.7,41.3,1,20
2026-08-21 04:15:06,0,0,0,15.7,37.2,15.7,40.7,1,20
2026-08-21 04:20:06,0,0,0,15.7,37,15.7,40.9,1,20
2026-08-21 04:25:06,0,0,0,15.7,36.2,15.7,39.8,1,20
2026-08-21 04:30:06,0,0,0,15.6,36,15.6,39.6,1,20
2026-08-21 04:35:05,1,9,10,15.6,36.7,15.6,40,1,20
2026-08-21 04:40:06,7,20,21,15.6,37.8,15.6,41.2,1,20
2026-08-21 04:45:06,9,25,27,15.6,38.2,15.6,41.3,1,20
2026-08-21 04:50:06,13,29,29,15.6,38.7,15.6,41.9,1,20
2026-08-21 04:55:05,12,31,31,15.6,39.7,15.6,42.3,1,20
2026-08-21 05:00:06,10,29,31,15.6,39.6,15.6,42.5,1,20
2026-08-21 05:05:06,9,27,28,15.6,39.4,15.6,42.2,1,20
2026-08-21 05:10:06,8,22,23,15.6,39.4,15.6,42.1,1,20
2026-08-21 05:15:06,8,16,17,15.6,38.6,15.6,41.5,1,20
2026-08-21 05:20:06,4,16,16,15.6,38.4,15.6,41.5,1,20
2026-08-21 05:25:06,5,16,20,15.6,38.4,15.6,41.4,1,20
2026-08-21 05:30:06,8,17,18,15.6,38.4,15.6,41.4,1,20
2026-08-21 05:35:06,5,14,15,15.5,38.6,15.5,41.5,1,20
2026-08-21 05:40:06,4,13,13,15.5,38.2,15.5,41.2,1,20
2026-08-21 05:45:06,3,5,5,15.5,38,15.4,41.1,1,20
2026-08-21 05:50:06,1,3,3,15.4,37.4,15.4,40.2,1,20
2026-08-21 05:55:06,0,1,1,15.4,37,15.3,40.2,1,20
2026-08-21 06:00:06,0,0,1,15.4,36.6,15.3,39.8,1,20
2026-08-21 06:05:06,0,2,2,15.4,36.9,15.3,40,1,20
2026-08-21 06:10:06,0,0,0,15.3,36.8,15.3,40.1,1,20
2026-08-21 06:15:06,0,0,0,15.3,36.1,15.3,39.1,1,20
2026-08-21 06:20:06,0,0,0,15.3,36.3,15.2,39.7,1,20
2026-08-21 06:25:06,0,0,0,15.3,35.6,15.2,38.6,1,20
2026-08-21 06:30:06,0,0,0,15.3,35.2,15.2,38.7,1,20
2026-08-21 06:35:06,0,0,0,15.3,35,15.3,38.1,1,20
2026-08-21 06:40:06,0,0,0,15.3,35,15.2,38.3,1,20
2026-08-21 06:45:06,0,0,0,15.3,35.1,15.2,38,1,20
2026-08-21 06:50:06,0,0,0,15.3,35,15.2,38.1,1,20
2026-08-21 06:55:06,0,0,0,15.3,35.4,15.1,38.6,1,20
2026-08-21 07:00:06,0,0,0,15.2,35.3,15.1,38.5,1,20
2026-08-21 07:05:06,0,0,0,15.2,35,15.1,38,1,20
2026-08-21 07:10:06,0,0,0,15.2,34.5,15.1,37.9,1,20
2026-08-21 07:15:06,0,0,0,15.2,34.1,15.1,37.3,1,20
2026-08-21 07:20:06,0,0,0,15.2,34.2,15.1,37.4,1,20
2026-08-21 07:25:06,0,2,2,15.2,34.1,15.1,37.4,1,20
2026-08-21 07:30:06,0,0,0,15.2,34.2,15.1,37.6,1,20
2026-08-21 07:35:06,0,0,0,15.3,34.3,15.1,37.6,1,20
2026-08-21 07:40:06,0,1,2,15.3,34.1,15.2,37.7,1,20
2026-08-21 07:45:06,0,0,0,15.3,34.3,15.2,37.3,1,20
2026-08-21 07:50:06,0,0,0,15.3,33.6,15.2,36.7,1,20
2026-08-21 07:55:06,0,0,0,15.3,33.6,15.2,36.5,1,20
2026-08-21 08:00:06,0,0,0,15.3,34.1,15.2,37.1,1,20
2026-08-21 08:05:06,0,0,0,15.3,34,15.2,37.1,1,20
2026-08-21 08:10:06,0,1,1,15.3,34.2,15.3,37.1,1,20
2026-08-21 08:15:06,0,0,0,15.3,34.2,15.3,36.9,1,20
2026-08-21 08:20:06,0,0,0,15.3,34.2,15.3,37.2,1,20
2026-08-21 08:25:06,0,3,3,15.3,34.3,15.3,37.1,1,20
2026-08-21 08:30:06,0,1,1,15.4,34.8,15.3,37.6,1,20
2026-08-21 08:35:06,0,1,1,15.4,35.4,15.3,38.3,1,20
2026-08-21 08:40:06,0,2,2,15.4,34.4,15.4,37.1,1,20
2026-08-21 08:45:06,0,0,0,15.5,34.8,15.4,37.6,1,20
2026-08-21 08:50:06,0,0,1,15.5,34.7,15.5,37.7,1,20
2026-08-21 08:55:06,2,4,4,15.5,35.2,15.6,37.8,1,20
2026-08-21 09:00:06,0,2,2,15.6,35.2,15.7,37.9,1,20
2026-08-21 09:05:06,5,12,12,15.7,35.5,15.8,38.1,1,20
2026-08-21 09:10:06,5,10,10,15.7,34.3,15.9,37.4,1,20
2026-08-21 09:15:07,0,1,1,15.9,33.1,16.1,36.2,1,20
2026-08-21 09:20:07,0,2,2,16,33.8,16.3,36.8,1,20
2026-08-21 09:25:07,0,1,1,16.2,33.8,16.5,36.8,0,20
2026-08-21 09:30:07,0,0,0,16.3,33,16.7,35.9,0,20
2026-08-21 09:35:06,0,0,0,16.4,32.6,17,35.8,0,20
2026-08-21 09:40:07,0,0,0,16.6,32.3,17.2,35.6,0,20
2026-08-21 09:45:06,0,0,0,16.8,32.5,17.5,35.4,0,20
2026-08-21 09:50:07,0,0,0,17,32.9,17.8,35.4,0,20
2026-08-21 09:55:07,0,0,0,17.3,32.8,18.1,34.8,0,20
2026-08-21 10:00:07,0,0,0,17.5,32.3,18.4,34.7,0,20
2026-08-21 10:05:07,0,3,4,17.7,32.2,18.8,34.6,0,20
2026-08-21 10:10:06,0,2,2,18,32.9,19.1,34.8,0,20
2026-08-21 10:15:07,1,2,2,18.3,33.4,19.5,34.9,0,20
2026-08-21 10:20:07,1,3,3,18.5,33.4,19.9,34.9,0,19
2026-08-21 10:25:07,4,8,8,18.8,33.8,20.2,34.7,0,19
2026-08-21 10:30:06,4,11,11,19,33.3,20.6,34.6,0,19
2026-08-21 10:35:07,6,9,9,19.3,33.2,20.9,34.2,0,19
2026-08-21 10:40:07,23,37,42,19.6,32.9,21.3,33.9,0,19
2026-08-21 10:45:07,11,21,23,19.9,32.6,21.6,32.9,0,19
2026-08-21 10:50:07,3,7,7,20.1,31.8,21.9,32.5,0,19
2026-08-21 10:55:07,4,9,9,20.4,31.6,22.3,32.4,0,19
2026-08-21 11:00:07,6,11,11,20.6,31,22.6,32,0,19
2026-08-21 11:05:07,4,9,9,20.8,30.8,22.9,31.3,0,19
2026-08-21 11:10:07,5,8,9,21.1,30.7,23.1,31.4,0,19
2026-08-21 11:15:07,3,5,6,21.4,29.8,23.4,30.9,0,19
2026-08-21 11:20:07,4,7,7,21.6,30.2,23.7,31.1,0,19
2026-08-21 11:25:07,4,6,6,21.8,29.8,24,30.6,0,20
2026-08-21 11:30:07,4,9,11,22,30,,,0,20
2026-08-21 11:35:07,8,17,18,22.2,29.8,,,0,20
2026-08-21 11:40:07,6,13,13,22.4,29.4,,,0,20
2026-08-21 11:45:07,6,13,14,22.5,29.2,,,0,20
2026-08-21 11:50:07,6,11,11,22.7,28.4,,,0,20
2026-08-21 11:55:07,5,8,8,22.9,28.1,,,0,20
2026-08-21 12:00:07,4,8,8,23.1,27.7,,,0,20
2026-08-21 12:05:07,4,8,8,23.3,27.6,,,0,20
2026-08-21 12:10:07,4,6,6,23.4,26.9,,,0,20
2026-08-21 12:15:07,6,12,12,23.6,27.1,,,0,20
2026-08-21 12:20:07,3,7,8,23.8,26.8,,,0,20
2026-08-21 12:25:07,3,7,8,24,26.7,,,0,20
2026-08-21 12:30:07,4,6,6,24.2,26.1,,,0,20
2026-08-21 12:35:07,1,4,4,24.3,25.8,,,0,20
2026-08-21 12:40:07,3,7,7,24.4,25.5,,,0,20
2026-08-21 12:45:07,4,8,8,24.6,25.4,,,0,20
2026-08-21 12:50:07,4,12,13,24.7,25.7,,,0,20
2026-08-21 12:55:07,5,11,11,24.8,26.2,,,0,20
2026-08-21 13:05:09,6,16,16,25.1,26.4,,,0,19
2026-08-21 13:10:07,18,37,45,25.2,26.3,,,0,19
2026-08-21 13:15:08,4,16,16,25.3,25.4,,,0,19
2026-08-21 13:20:07,5,12,13,25.3,24.7,,,0,19
2026-08-21 13:25:07,5,10,11,25.4,25.1,,,0,19
2026-08-21 13:30:07,6,16,16,25.5,25.4,,,0,19
2026-08-21 13:35:07,7,18,18,25.6,25.6,,,0,19
2026-08-21 13:40:07,8,19,23,25.6,25.6,,,0,19
2026-08-21 13:45:07,7,17,18,25.6,25.7,,,0,19
2026-08-21 13:50:07,10,21,21,25.7,25.3,28.3,25.1,0,19
2026-08-21 13:55:07,11,23,23,25.7,25.4,28.3,25.1,0,19
2026-08-21 14:00:07,14,26,27,25.7,25.8,28.2,24.8,0,19
2026-08-21 14:05:07,19,30,31,25.6,25.7,28.2,25.2,0,19
2026-08-21 14:10:07,20,32,33,25.6,25.8,28.1,25.2,0,19
2026-08-21 14:15:07,18,31,34,25.6,25.3,28.1,24.9,0,19
2026-08-21 14:20:07,20,32,34,25.5,25.4,28,25,0,19
2026-08-21 14:25:08,21,34,38,25.5,25.6,28,24.7,0,19
2026-08-21 14:30:07,22,36,40,25.4,25.8,27.9,25.2,0,19
2026-08-21 14:35:07,22,37,44,25.4,25.8,27.9,25.1,0,19
2026-08-21 14:40:07,24,38,45,25.4,26.1,27.8,25.3,0,19
2026-08-21 14:45:07,25,41,49,25.3,26.1,27.8,25.4,0,19
2026-08-21 14:50:07,27,41,49,25.2,26.3,27.7,25.5,0,19
2026-08-21 14:55:08,25,41,48,25.2,26.4,27.6,25.7,0,19
2026-08-21 15:00:07,26,42,49,25.1,26.4,27.5,25.7,0,19
2026-08-21 15:05:08,25,41,49,25.1,26.4,27.5,25.9,0,19
2026-08-21 15:10:07,25,43,51,25,26.4,27.4,26.1,0,19
2026-08-21 15:15:08,28,46,55,24.9,26.4,27.2,25.9,0,19
2026-08-21 15:20:07,28,45,53,24.9,26.3,27.1,25.9,0,19
2026-08-21 15:25:08,28,45,54,24.7,26.6,27,26.1,0,19
2026-08-21 15:30:08,28,45,54,24.7,26.5,26.8,26,0,19
2026-08-21 15:35:08,25,43,52,24.5,26.6,26.7,26.2,0,19
2026-08-21 15:40:08,27,44,53,24.4,26.6,26.6,26.1,0,19
2026-08-21 15:45:08,27,44,53,24.3,26.6,26.5,26.3,0,19
2026-08-21 15:50:08,26,42,50,24.2,26.7,26.4,26.4,0,19
2026-08-21 15:55:08,25,42,49,24.2,27,26.3,26.4,0,19
2026-08-21 16:00:07,27,44,53,24.1,27.2,26.1,26.6,0,19
2026-08-21 16:05:08,25,41,48,24,26.9,26,26.5,0,19
2026-08-21 16:10:08,24,40,48,23.9,27.1,25.9,26.8,0,19
2026-08-21 16:15:08,24,40,48,23.7,27.1,25.8,26.8,0,19
2026-08-21 16:20:08,25,39,46,23.7,27.4,25.7,27,0,19
2026-08-21 16:25:08,24,43,51,23.5,27.4,25.7,27,0,19
2026-08-21 16:30:08,28,46,56,23.5,27.6,25.6,27.1,0,19
2026-08-21 16:35:08,28,45,55,23.4,27.6,25.5,27.2,0,19
2026-08-21 16:40:08,25,42,50,23.3,27.3,25.4,27.1,0,19
2026-08-21 16:45:08,25,40,48,23.2,27.7,25.3,27.2,0,19
2026-08-21 16:50:08,23,38,45,23.1,27.7,25.2,27.4,0,19
2026-08-21 16:55:08,25,41,48,23.1,27.7,25.1,27.2,0,19
2026-08-21 17:00:08,26,40,49,23,27.8,25,27.3,0,19
2026-08-21 17:05:08,24,41,49,23,27.9,25,27.4,0,19
2026-08-21 17:10:08,26,42,50,22.9,28,24.9,27.6,0,19
2026-08-21 17:15:08,24,40,47,22.9,27.9,24.8,27.5,0,19
2026-08-21 17:20:08,24,39,48,22.7,27.8,24.7,27.4,0,19
2026-08-21 17:25:08,25,40,47,22.7,28.1,24.6,27.6,0,19
2026-08-21 17:30:08,24,38,45,22.6,27.9,24.5,27.5,0,19
2026-08-21 17:35:08,24,40,47,22.6,28,24.4,27.5,0,19
2026-08-21 17:40:08,24,39,45,22.5,27.9,24.3,27.5,0,19
2026-08-21 17:45:08,28,46,56,22.4,28.1,24.2,27.7,0,19
2026-08-21 17:50:08,34,56,67,22.4,28.2,24.1,27.7,0,19
2026-08-21 17:55:08,43,76,79,22.3,28,24,27.6,0,19
2026-08-21 18:00:08,40,66,75,22.2,28.2,24,27.7,0,19
2026-08-21 18:05:08,31,51,63,22.1,28.2,23.9,27.8,0,19
2026-08-21 18:10:08,27,45,54,22.1,28.3,23.8,27.9,0,19
2026-08-21 18:15:08,26,42,49,22,28.4,23.7,28,0,19
2026-08-21 18:20:08,24,39,45,21.9,28.7,23.6,28.2,0,19
2026-08-21 18:25:08,23,35,42,21.8,28.6,23.5,28.2,0,19
2026-08-21 18:30:08,22,36,39,21.8,28.5,23.4,28.2,0,19
2026-08-21 18:35:08,22,35,41,21.7,29.2,23.3,28.6,0,19
2026-08-21 18:40:08,21,34,37,21.6,28.8,23.2,28.5,0,19
2026-08-21 18:45:08,32,50,63,21.5,29.2,23.1,28.7,0,19
2026-08-21 18:50:08,22,37,43,21.4,28.7,23,28.4,0,19
2026-08-21 18:55:08,21,35,39,21.4,28.7,22.9,28.5,0,19
2026-08-21 19:00:08,22,33,36,21.3,28.8,22.8,28.7,0,19
2026-08-21 19:05:08,25,39,47,21.3,29.2,22.7,28.9,0,19
2026-08-21 19:10:08,24,38,45,21.2,29.3,22.6,29,0,19
2026-08-21 19:15:08,27,44,51,21.1,29.4,22.6,29.2,0,19
2026-08-21 19:20:08,24,42,48,21,29.3,22.5,29,0,19
2026-08-21 19:25:08,26,41,48,20.9,29.6,22.4,29.3,0,19
2026-08-21 19:30:08,27,42,50,20.9,30,22.3,29.6,0,19
2026-08-21 19:35:08,30,50,59,20.8,30.1,22.3,29.7,0,19
2026-08-21 19:40:08,27,43,52,20.7,30.5,22.2,30.1,0,19
2026-08-21 19:45:08,28,44,52,20.7,30.5,22.1,30.2,0,19
2026-08-21 19:50:09,25,42,49,20.6,30.4,22,30.1,0,19
2026-08-21 19:55:08,25,41,49,20.5,30.5,21.9,30.1,0,19
2026-08-21 20:00:09,28,43,51,20.5,30.7,21.8,30.4,0,19
2026-08-21 20:05:08,25,41,48,20.4,31,21.8,30.6,0,19
2026-08-21 20:10:09,25,42,49,20.4,30.4,21.7,30.3,0,19
2026-08-21 20:15:08,24,37,45,20.3,30.1,21.6,30.1,0,19
2026-08-21 20:20:09,22,35,42,20.3,30.6,21.5,30.3,0,19
2026-08-21 20:25:08,23,35,38,20.2,30.4,21.5,30.5,0,19
2026-08-21 20:30:09,22,35,39,20.2,30.4,21.5,30.3,0,19
2026-08-21 20:35:08,23,37,40,20.1,30.3,21.4,30.3,0,19
2026-08-21 20:40:09,28,48,56,20.1,30.7,21.3,30.8,0,19
2026-08-21 20:45:08,25,43,53,20,30.9,21.3,30.7,0,19
2026-08-21 20:50:09,24,38,45,20,30.8,21.2,30.7,0,19
2026-08-21 20:55:09,23,35,40,19.9,30.8,21.1,30.8,0,19
2026-08-21 21:00:09,20,32,36,19.8,30.7,21,30.8,0,19
2026-08-21 21:05:08,21,32,35,19.7,31,20.9,30.9,0,19
2026-08-21 21:10:09,12,29,31,19.7,30.8,20.8,30.8,0,19
2026-08-21 21:15:08,17,30,30,19.6,30.5,20.8,30.7,0,19
2026-08-21 21:20:09,11,23,23,19.6,29.8,20.7,30.4,0,19
2026-08-21 21:25:09,12,26,27,19.5,30.5,20.6,30.6,0,19
2026-08-21 21:30:09,11,23,24,19.5,30.7,20.6,30.8,0,19
2026-08-21 21:35:09,11,24,25,19.4,30.7,20.5,30.8,0,19
2026-08-21 21:40:09,8,25,26,19.4,30.7,20.5,30.7,0,19
2026-08-21 21:45:09,8,23,23,19.4,30.8,20.4,30.9,0,19
2026-08-21 21:50:09,7,21,21,19.3,30.6,20.3,30.8,0,19
2026-08-21 21:55:09,6,18,21,19.2,30.6,20.3,30.9,0,19
2026-08-21 22:00:09,7,18,18,19.2,30.7,20.2,30.8,0,19
2026-08-21 22:05:09,6,13,13,19.1,30.5,20.1,30.8,0,19
2026-08-21 22:10:09,5,8,8,19.1,30.2,20.1,30.6,0,19
2026-08-21 22:15:09,4,8,9,19,30.1,20,30.5,0,19
2026-08-21 22:20:09,3,6,6,19,29.8,20,30.4,0,19
2026-08-21 22:25:09,4,7,8,19,29.7,19.9,30.5,0,19
2026-08-21 22:30:09,4,7,9,19,29.7,19.9,30.3,0,19
2026-08-21 22:35:09,4,9,9,18.9,29.9,19.9,30.4,0,19
2026-08-21 22:40:09,5,9,9,18.9,29.9,19.9,30.4,0,19
2026-08-21 22:45:09,5,12,12,18.9,29.9,19.8,30.5,0,19
2026-08-21 22:50:09,5,8,8,18.9,29.6,19.8,30.2,0,19
2026-08-21 22:55:09,4,7,7,18.8,29.3,19.8,30,0,19
2026-08-21 23:00:12,3,5,5,18.8,29.5,19.8,30.1,0,19
2026-08-21 23:05:09,4,8,9,18.8,29.7,19.7,30.3,0,19
2026-08-21 23:10:09,4,8,8,18.8,29.9,19.7,30.4,0,19
2026-08-21 23:15:09,4,10,10,18.8,30,19.7,30.5,0,19
2026-08-21 23:20:09,3,8,9,18.8,29.9,19.7,30.3,0,19
2026-08-21 23:25:09,4,6,6,18.7,29.9,19.7,30.3,0,19
2026-08-21 23:30:09,5,9,12,18.7,30.2,19.6,30.7,0,19
2026-08-21 23:35:09,4,8,8,18.7,30.4,19.6,30.8,0,19
2026-08-21 23:40:09,3,8,8,18.7,30.1,19.6,30.6,0,19
2026-08-21 23:45:09,3,4,4,18.6,30.2,19.6,30.5,0,19
2026-08-21 23:50:09,3,6,6,18.7,30.4,19.5,30.8,0,19
2026-08-21 23:55:09,1,5,5,18.7,30.3,19.5,30.9,0,19
2026-08-22 00:00:09,3,5,5,18.6,30.5,19.5,30.9,0,19
2026-08-22 00:05:09,1,5,6,18.6,29.9,19.5,30.4,0,19
2026-08-22 00:10:09,1,3,4,18.6,30.2,19.4,30.4,0,19
2026-08-22 00:15:09,2,3,3,18.5,29.9,19.4,30.4,0,19
2026-08-22 00:20:09,0,3,3,18.5,29.7,19.3,30.4,0,19
2026-08-22 00:25:09,0,3,3,18.5,29.8,19.3,30.3,0,19
2026-08-22 00:30:09,1,4,4,18.5,29.9,19.3,30.6,0,19
2026-08-22 00:35:09,0,2,2,18.5,30,19.3,30.5,0,19
2026-08-22 00:40:09,1,3,3,18.5,30.1,19.3,30.6,0,19
2026-08-22 00:45:09,0,2,2,18.4,30,19.3,30.6,0,19
2026-08-22 00:50:09,0,2,2,18.4,30,19.2,30.4,0,19
2026-08-22 00:55:09,0,2,2,18.4,30.1,19.2,30.7,0,19
2026-08-22 01:00:09,1,2,2,18.4,29.8,19.2,30.3,0,19
2026-08-22 01:05:09,0,3,4,18.3,30,19.2,30.6,0,19
2026-08-22 01:10:09,0,2,2,18.4,30.2,19.1,30.8,0,19
2026-08-22 01:15:09,1,3,3,18.4,30.2,19.1,30.5,0,19
2026-08-22 01:20:09,1,4,4,18.3,30.3,19.1,30.8,0,19
2026-08-22 01:25:09,1,5,5,18.3,30.6,19.1,31,0,19
2026-08-22 01:30:09,3,5,5,18.3,30.2,19,30.8,0,19
2026-08-22 01:35:09,3,5,6,18.3,30.3,19,30.6,0,19
2026-08-22 01:40:09,3,8,8,18.2,29.9,19,30.6,0,19
2026-08-22 01:45:09,4,8,10,18.2,30.6,18.9,31.1,0,19
2026-08-22 01:50:09,4,10,10,18.2,30.6,18.9,31,0,19
2026-08-22 01:55:09,6,12,13,18.2,30.7,18.9,31,0,19
2026-08-22 02:00:09,3,8,10,18.1,30.8,18.8,31.3,0,19
2026-08-22 02:05:09,4,7,7,18.1,30.7,18.8,31.2,0,18
2026-08-22 02:10:09,3,7,7,18.1,30.5,18.8,31.1,0,18
2026-08-22 02:15:09,1,3,3,18.1,30.4,18.8,30.9,0,18
2026-08-22 02:20:09,0,2,2,18,30.3,18.7,30.9,0,18
2026-08-22 02:25:09,0,2,2,18,30.1,18.7,30.9,0,18
2026-08-22 02:30:09,0,1,1,18,30.2,18.7,30.8,0,18
2026-08-22 02:35:09,0,1,1,18,30.3,18.6,30.9,0,18
2026-08-22 02:40:09,1,3,3,18,30.2,18.6,30.9,0,18
2026-08-22 02:45:09,2,3,3,17.9,30.4,18.6,31.1,0,18
2026-08-22 02:50:09,2,5,5,17.9,30.5,18.6,31.1,0,18
2026-08-22 02:55:09,3,8,10,17.9,30.2,18.6,30.9,0,18
2026-08-22 03:00:09,3,10,10,17.9,30.4,18.6,31,0,18
2026-08-22 03:05:09,3,7,7,17.9,30.3,18.6,30.9,0,18
2026-08-22 03:10:09,5,10,10,17.9,30.6,18.5,31.1,0,18
2026-08-22 03:15:09,4,7,8,17.9,30.7,18.5,31.4,0,18
2026-08-22 03:20:10,4,10,10,17.8,31,18.5,31.5,0,18
2026-08-22 03:25:09,5,9,9,17.9,31.2,18.4,31.6,0,18
2026-08-22 03:30:09,3,7,9,17.8,31.3,18.4,31.9,0,18
2026-08-22 03:35:09,3,10,10,17.8,31.1,18.4,31.7,0,18
2026-08-22 03:40:10,1,6,6,17.7,30.8,18.3,31.4,0,18
2026-08-22 03:45:09,4,7,7,17.7,30.9,18.3,31.5,0,18
2026-08-22 03:50:10,2,6,7,17.7,30.9,18.3,31.5,0,18
2026-08-22 03:55:09,2,3,3,17.7,30.3,18.2,31.1,0,18
2026-08-22 04:00:10,1,4,5,17.6,30.4,18.2,31.2,0,18
2026-08-22 04:05:10,1,4,4,17.6,30.6,18.1,31.3,0,18
2026-08-22 04:10:09,0,4,4,17.5,30.6,18.1,31.4,0,18
2026-08-22 04:15:10,1,4,4,17.5,30.7,18,31.3,0,18
2026-08-22 04:20:09,1,2,2,17.5,30.4,18,31.2,0,18
2026-08-22 04:25:09,1,3,3,17.5,30.2,18,31,0,18
2026-08-22 04:30:10,0,2,3,17.4,30.4,18,31.1,0,18
2026-08-22 04:35:10,0,1,1,17.4,30.4,18,31.1,0,18
2026-08-22 04:40:09,0,0,0,17.4,29.8,18,30.7,0,18
2026-08-22 04:45:10,0,0,0,17.4,29.9,17.9,30.7,0,18
2026-08-22 04:50:09,0,0,0,17.4,29.6,17.9,30.5,0,18
2026-08-22 04:55:10,0,0,0,17.4,29.6,17.9,30.4,0,18
2026-08-22 05:00:10,0,0,0,17.4,29.8,17.9,30.6,0,18
2026-08-22 05:05:10,0,0,0,17.4,29.9,17.9,30.6,0,18
2026-08-22 05:10:10,0,0,0,17.4,29.7,17.9,30.6,0,18
2026-08-22 05:15:10,0,0,0,17.4,29.6,17.9,30.5,0,18
2026-08-22 05:20:09,0,0,0,17.4,29.6,17.9,30.5,0,18
2026-08-22 05:25:10,0,1,1,17.4,29.6,17.9,30.5,0,18
2026-08-22 05:30:10,0,0,0,17.4,29.8,17.9,30.6,0,18
2026-08-22 05:35:10,0,1,1,17.4,30.1,17.9,30.9,0,18
2026-08-22 05:40:09,0,1,1,17.4,30.3,18,31,0,18
2026-08-22 05:45:10,0,1,1,17.5,30.1,18,30.7,0,18
2026-08-22 05:50:10,0,0,0,17.5,30.1,18,31,0,18
2026-08-22 05:55:10,0,0,0,17.5,30.3,18,30.8,0,18
2026-08-22 06:00:10,0,1,1,17.5,30.1,18,30.8,0,18
2026-08-22 06:05:10,0,1,1,17.5,30.1,18,30.8,0,18
2026-08-22 06:10:10,0,0,0,17.5,30.1,18.1,30.9,0,18
2026-08-22 06:15:10,0,0,0,17.5,29.9,18.1,30.7,0,18
2026-08-22 06:20:10,0,0,0,17.5,29.5,18.1,30.5,0,18
2026-08-22 06:25:10,0,0,0,17.5,30,18.1,30.5,0,18
2026-08-22 06:30:10,0,0,0,17.5,29.7,18.1,30.5,0,18
2026-08-22 06:35:10,0,0,0,17.6,29.5,18.1,30.2,0,18
2026-08-22 06:40:10,0,0,0,17.5,29.4,18.1,30.2,0,18
2026-08-22 06:45:10,0,0,0,17.6,29.4,18.1,30.3,0,18
2026-08-22 06:50:10,0,0,0,17.6,29.5,18.1,30.1,0,18
2026-08-22 06:55:10,0,0,0,17.6,29.5,18.1,30.3,0,18
2026-08-22 07:00:10,0,0,0,17.6,29.4,18.1,30.2,0,18
2026-08-22 07:05:10,0,0,0,17.6,29.7,18.1,30.5,0,18
2026-08-22 07:10:10,0,0,0,17.6,29.9,18.2,30.6,0,18
2026-08-22 07:15:10,0,0,0,17.6,30.1,18.2,30.6,0,18
2026-08-22 07:20:10,0,0,0,17.6,30.1,18.2,30.8,0,18
2026-08-22 07:25:10,0,0,0,17.6,29.8,18.2,30.6,0,18
2026-08-22 07:30:10,0,0,0,17.6,30.2,18.2,30.9,0,18
2026-08-22 07:35:10,0,0,0,17.6,30.4,18.2,31,0,18
2026-08-22 07:40:10,0,1,1,17.6,30.3,18.2,30.9,0,18
2026-08-22 07:45:10,0,0,0,17.6,30.4,18.2,31.1,0,18
2026-08-22 07:50:10,0,0,0,17.6,30.5,18.2,30.9,0,21
2026-08-22 07:55:10,0,0,0,17.7,30.3,18.3,31,0,21
2026-08-22 08:00:10,0,0,0,17.7,30.5,18.3,31.1,0,21
2026-08-22 08:05:10,0,0,0,17.7,30.5,18.3,31.2,0,21
2026-08-22 08:10:10,0,0,0,17.7,30.7,18.4,31.2,0,21
2026-08-22 08:15:10,0,0,0,17.8,30.9,18.4,31.3,0,21
2026-08-22 08:20:10,0,0,0,17.8,31,18.4,31.5,0,18
2026-08-22 08:25:10,0,0,0,17.8,30.9,18.5,31.3,0,21
2026-08-22 08:30:10,0,0,0,17.8,30.9,18.5,31.5,0,20
2026-08-22 08:35:10,0,0,0,17.8,30.9,18.5,31.4,0,20
2026-08-22 08:40:10,0,0,0,17.9,31.2,18.5,31.7,0,20
2026-08-22 08:45:10,0,0,0,17.9,31.6,18.6,31.8,0,20
2026-08-22 08:50:10,0,0,0,17.9,31.7,18.6,32.1,0,20
2026-08-22 08:55:10,0,0,0,18,31.8,18.7,32.1,0,20
2026-08-22 09:00:10,0,0,0,18,32.1,18.8,32.4,0,20
2026-08-22 09:05:10,0,0,0,18.1,32.4,18.9,32.5,0,20
2026-08-22 09:10:10,0,0,0,18.1,32.7,19,32.6,0,20
2026-08-22 09:15:10,0,0,0,18.2,32.5,19.1,32.5,0,20
2026-08-22 09:20:10,0,0,0,18.3,32.3,19.2,32.5,0,20
2026-08-22 09:25:10,8,40,51,18.4,32.6,19.3,32.4,0,20
2026-08-22 09:30:11,3,26,26,18.5,32.4,19.5,32.3,0,20
2026-08-22 09:35:10,1,17,18,18.6,32.4,19.7,32.4,0,20
2026-08-22 09:40:11,0,4,5,18.7,32.1,20,32.2,0,20
2026-08-22 09:45:11,0,1,3,18.9,32.2,20.2,32,0,20
2026-08-22 09:50:10,0,2,2,19.1,31.8,20.5,31.8,0,20
2026-08-22 09:55:11,0,1,1,19.3,31.3,20.8,31.2,0,19
2026-08-22 10:00:10,0,1,1,19.5,31.4,21,31.3,0,19
2026-08-22 10:05:11,0,3,3,19.7,31.4,21.3,31.2,0,19
2026-08-22 10:10:10,0,1,1,19.9,31,21.5,30.9,0,19
2026-08-22 10:15:11,0,1,1,20.1,30.6,21.7,30.4,0,19
2026-08-22 10:20:11,0,1,1,20.2,30.2,21.9,30.2,0,19
2026-08-22 10:25:11,0,1,1,20.4,30.2,22.1,30.1,0,19
2026-08-22 10:30:11,0,2,2,20.5,29.8,22.2,29.8,0,19
2026-08-22 10:35:11,0,1,1,20.6,29.9,22.4,29.8,0,19
2026-08-22 10:40:11,0,3,3,20.8,30,22.5,29.8,0,19
2026-08-22 10:45:11,0,4,4,20.9,30.1,22.7,29.8,0,19
2026-08-22 10:50:11,0,3,3,21.1,30.3,22.9,29.9,0,19
2026-08-22 10:55:11,1,3,3,21.2,30.2,23,29.8,0,19
2026-08-22 11:00:11,2,6,6,21.3,30,23.2,29.8,0,19
2026-08-22 11:05:11,1,4,4,21.4,30.4,23.3,29.8,0,19
2026-08-22 11:10:11,2,4,4,21.5,30.3,23.4,29.7,0,19
2026-08-22 11:15:11,3,7,7,21.6,30.4,23.5,29.7,0,19
2026-08-22 11:20:11,2,6,6,21.7,30.6,23.5,29.9,0,19
2026-08-22 11:25:11,4,6,6,21.7,30.7,23.6,30,0,19
2026-08-22 11:30:11,5,9,9,21.7,31,23.6,30.3,0,19
2026-08-22 11:35:11,6,15,16,21.8,31.1,23.7,30.2,0,19
2026-08-22 11:40:11,8,18,20,21.8,31.2,23.7,30.3,0,19
2026-08-22 11:45:11,7,19,22,21.9,31.3,23.8,30.4,0,19
2026-08-22 11:50:11,12,23,24,22,31,23.9,30.3,0,19
2026-08-22 11:55:11,13,26,28,22,30.7,24.1,30,0,19
2026-08-22 12:00:11,15,29,29,22.2,30.7,,,0,19
2026-08-22 12:05:11,18,29,29,22.3,30.8,,,0,19
2026-08-22 12:10:11,21,32,34,22.5,30.3,,,0,19
2026-08-22 12:15:11,20,32,34,22.7,30.2,,,0,19
2026-08-22 12:20:11,19,27,27,22.8,29.2,,,0,19
2026-08-22 12:25:11,8,17,19,23,28,,,0,19
2026-08-22 12:30:11,12,25,26,23.1,28.2,,,0,19
2026-08-22 12:35:11,11,22,23,23.3,27.9,,,0,19
2026-08-22 12:40:11,6,15,16,23.4,27.2,,,0,19
2026-08-22 12:45:11,5,18,19,23.7,27,,,0,19
2026-08-22 12:50:11,6,12,12,23.9,26.2,,,0,19
2026-08-22 12:55:11,7,13,15,24,26.4,,,0,19
2026-08-22 13:00:11,7,16,16,24.2,26.5,,,0,19
2026-08-22 13:05:11,6,17,18,24.3,26.5,,,0,19
2026-08-22 13:10:11,7,19,19,24.4,26.4,,,0,19
2026-08-22 13:15:11,9,16,19,24.5,26.4,,,0,19
2026-08-22 13:20:12,8,19,19,24.6,26.5,,,0,19
2026-08-22 13:25:11,11,20,22,24.6,26.5,,,0,19
2026-08-22 13:30:11,8,19,19,24.7,26.6,,,0,19
2026-08-22 13:35:11,8,22,22,24.7,26.7,,,0,19
2026-08-22 13:40:11,10,22,22,24.8,26.9,,,0,19
2026-08-22 13:45:11,14,26,27,24.8,26.7,,,0,19
2026-08-22 13:50:11,14,27,27,24.9,26.8,27.5,25.9,0,19
2026-08-22 13:55:11,16,30,30,24.9,26.6,27.5,25.6,0,19
2026-08-22 14:00:11,18,28,29,25,26.4,27.6,25.4,0,19
2026-08-22 14:05:11,15,29,33,25,26.3,27.6,25.5,0,19
2026-08-22 14:10:11,14,29,29,25.1,26.2,27.6,25.4,0,19
2026-08-22 14:15:11,17,27,27,25.1,26.1,27.7,25.4,0,19
2026-08-22 14:20:11,15,27,30,25.1,26,27.7,25.2,0,19
2026-08-22 14:25:11,15,26,28,25.1,25.7,27.7,25.1,0,19
2026-08-22 14:30:11,15,29,30,25.2,25.8,27.7,24.9,0,19
2026-08-22 14:35:11,16,29,32,25.2,25.9,27.8,24.9,0,19
2026-08-22 14:40:11,19,32,33,25.2,25.6,27.8,24.8,0,19
2026-08-22 14:45:11,21,35,39,25.2,25.6,27.8,24.9,0,19
2026-08-22 14:50:11,21,36,41,25.2,25.6,27.8,24.7,0,19
2026-08-22 14:55:11,24,36,42,25.2,25.6,27.8,24.7,0,19
2026-08-22 15:00:11,22,37,44,25.2,25.7,27.7,24.7,0,19
2026-08-22 15:05:11,24,38,45,25.2,25.4,27.7,24.7,0,19
2026-08-22 15:10:12,22,38,45,25.2,25.5,27.7,24.7,0,19
2026-08-22 15:15:11,22,36,42,25.2,25.4,27.6,24.6,0,19
2026-08-22 15:20:11,21,38,44,25.1,25.6,27.6,24.7,0,19
2026-08-22 15:25:11,22,39,46,25.1,25.6,27.5,24.8,0,19
2026-08-22 15:30:12,22,35,40,25,25.7,27.4,24.9,0,19
2026-08-22 15:35:11,23,39,47,25,25.7,27.4,24.8,0,19
2026-08-22 15:40:12,23,38,45,24.9,25.7,27.3,24.8,0,19
2026-08-22 15:45:11,23,40,47,24.9,25.8,27.2,24.9,0,19
2026-08-22 15:50:12,23,38,45,24.8,26,27.1,25.2,0,19
2026-08-22 15:55:11,23,38,45,24.8,26.3,27.1,25.3,0,19
2026-08-22 16:00:12,25,41,49,24.7,26.3,27,25.3,0,19
2026-08-22 16:05:11,25,41,49,24.6,26.4,26.9,25.5,0,19
2026-08-22 16:10:12,24,41,49,24.5,26.5,26.8,25.6,0,19
2026-08-22 16:15:11,26,42,50,24.5,26.5,26.7,25.6,0,19
2026-08-22 16:20:12,24,41,49,24.4,26.6,26.7,25.5,0,19
2026-08-22 16:25:11,23,41,48,24.4,26.7,26.6,25.7,0,19
2026-08-22 16:30:12,25,42,49,24.3,27.1,26.5,25.9,0,19
2026-08-22 16:35:12,25,40,48,24.3,27,26.5,25.9,0,19
2026-08-22 16:40:12,23,36,41,24.2,27.3,26.4,26.1,0,19
2026-08-22 16:45:12,21,35,41,24.1,27.1,26.3,26.1,0,19
2026-08-22 16:50:12,21,33,37,24.1,27.3,26.3,26.1,0,19
2026-08-22 16:55:12,21,35,39,24,27.3,26.2,26.3,0,19
2026-08-22 17:00:12,22,33,36,24,27.7,26.1,26.4,0,19
2026-08-22 17:05:11,19,32,34,23.9,27.6,26,26.5,0,19
2026-08-22 17:10:12,22,30,33,23.8,27.5,25.9,26.6,0,19
2026-08-22 17:15:12,19,32,35,23.7,27.6,25.8,26.5,0,19
2026-08-22 17:20:12,19,28,30,23.6,27.6,25.7,26.7,0,19
2026-08-22 17:25:12,16,28,28,23.5,27.8,25.6,26.9,0,19
2026-08-22 17:30:12,14,25,26,23.4,28.2,25.5,27,0,19
2026-08-22 17:35:12,13,26,27,23.4,28.1,25.4,27.1,0,19
2026-08-22 17:40:12,9,24,24,23.2,28.1,25.4,27.1,0,19
2026-08-22 17:45:12,9,20,22,23.2,28.1,25.3,27.2,0,19
2026-08-22 17:50:12,7,18,19,23.1,28.1,25.2,27.2,0,19
2026-08-22 17:55:12,6,13,14,23,28.2,25.1,27.3,0,19
2026-08-22 18:00:12,7,17,19,23,28.2,25,27.4,0,19
2026-08-22 18:05:12,5,12,12,22.9,28.6,24.9,27.5,0,19
2026-08-22 18:10:12,7,11,12,22.8,28.5,24.8,27.6,0,19
2026-08-22 18:15:12,5,11,11,22.7,28.6,24.7,27.6,0,19
2026-08-22 18:20:12,5,12,12,22.7,28.6,24.6,27.7,0,19
2026-08-22 18:25:12,5,7,8,22.6,28.5,24.5,27.6,0,19
2026-08-22 18:30:12,5,8,8,22.5,28.6,24.4,27.8,0,19
2026-08-22 18:35:12,4,7,7,22.5,28.7,24.3,27.9,0,19
2026-08-22 18:40:12,5,7,7,22.4,28.7,24.2,27.9,0,19
2026-08-22 18:45:12,4,6,7,22.3,28.9,24.1,28.1,0,19
2026-08-22 18:50:12,4,7,7,22.3,28.9,24,28.1,0,19
2026-08-22 18:55:12,4,8,8,22.2,28.9,23.9,28.2,0,19
2026-08-22 19:00:12,6,9,11,22.1,28.9,23.9,28.3,0,19
2026-08-22 19:05:12,6,9,9,22,29.1,23.8,28.4,0,19
2026-08-22 19:10:12,5,7,7,22,29,23.7,28.3,0,19
2026-08-22 19:15:12,5,8,8,21.9,29.1,23.6,28.5,0,19
2026-08-22 19:20:12,4,8,8,21.9,29.6,23.6,28.6,0,19
2026-08-22 19:25:12,6,8,8,21.8,29.5,23.5,28.7,0,19
2026-08-22 19:30:13,5,8,8,21.8,29.5,23.4,28.8,0,19
2026-08-22 19:35:12,5,7,7,21.7,29.6,23.4,28.8,0,19
2026-08-22 19:40:12,5,8,8,21.7,29.3,23.3,28.8,0,19
2026-08-22 19:45:12,5,9,9,21.6,29.8,23.3,28.9,0,19
2026-08-22 19:50:12,4,7,7,21.6,29.8,23.2,29.1,0,19
2026-08-22 19:55:12,5,9,9,21.6,29.8,23.2,29,0,19
2026-08-22 20:00:12,4,7,8,21.5,29.9,23.1,29.3,0,19
2026-08-22 20:05:12,4,7,7,21.5,30.1,23.1,29.3,0,19
2026-08-22 20:10:13,5,8,8,21.5,29.8,23,29.2,0,19
2026-08-22 20:15:12,3,6,6,21.4,29.7,23,29.2,0,19
2026-08-22 20:20:13,6,7,8,21.4,29.5,23,29.1,0,19
2026-08-22 20:25:12,4,6,6,21.3,29.2,22.9,28.7,0,19
2026-08-22 20:30:13,5,7,7,21.3,28.8,22.9,28.6,0,19
2026-08-22 20:35:12,6,9,9,21.3,28.9,22.8,28.8,0,19
2026-08-22 20:40:13,6,11,11,21.2,29.1,22.8,28.7,0,19
2026-08-22 20:45:12,7,9,9,21.2,29.2,22.8,29,0,19
2026-08-22 20:50:13,5,8,8,21.2,29.6,22.7,29.2,0,19
2026-08-22 20:55:12,5,11,11,21.2,29.4,22.7,29,0,19
2026-08-22 21:00:13,5,8,8,21.1,29.6,22.6,29.1,0,19
2026-08-22 21:05:12,7,13,14,21,29.5,22.6,29,0,19
2026-08-22 21:10:13,5,9,9,21,29.1,22.5,28.8,0,19
2026-08-22 21:15:12,6,8,9,21,29.7,22.5,29.2,0,19
2026-08-22 21:20:19,6,11,11,20.9,29.9,22.4,29.3,0,19
2026-08-22 21:25:12,5,8,8,20.9,29.8,22.4,29.4,0,19
2026-08-22 21:30:13,6,8,8,20.8,29.9,22.3,29.4,0,19
2026-08-22 21:35:12,5,8,8,20.8,29.8,22.3,29.3,0,19
2026-08-22 21:40:13,4,8,8,20.7,29.8,22.2,29.4,0,19
2026-08-22 21:45:12,7,11,11,20.7,30,22.2,29.5,0,19
2026-08-22 21:50:13,5,11,12,20.7,30.1,22.1,29.7,0,19
2026-08-22 21:55:12,4,7,7,20.6,30.3,22.1,29.8,0,19
2026-08-22 22:00:13,5,7,8,20.6,30.3,22.1,29.8,0,19
2026-08-22 22:05:13,4,8,8,20.6,30.1,22,29.9,0,19
2026-08-22 22:10:13,5,8,9,20.6,30.4,22,30,0,19
2026-08-22 22:15:13,5,8,8,20.5,30.6,22,30.1,0,19
2026-08-22 22:20:13,6,9,9,20.5,30.5,21.9,29.8,0,19
2026-08-22 22:25:13,6,11,11,20.5,30.7,21.9,30.2,0,19
2026-08-22 22:30:13,6,9,9,20.5,30.6,21.9,30.2,0,19
2026-08-22 22:35:13,4,8,8,20.4,30.5,21.8,30.1,0,19
2026-08-22 22:40:13,5,8,8,20.4,30.6,21.8,30.2,0,19
2026-08-22 22:45:13,4,8,9,20.4,30.5,21.8,30.1,0,19
2026-08-22 22:50:13,6,9,9,20.4,30.5,21.7,30.1,0,19
2026-08-22 22:55:13,5,8,8,20.3,30.2,21.7,29.9,0,19
2026-08-22 23:00:13,5,11,11,20.3,30.2,21.7,30,0,19
2026-08-22 23:05:13,7,12,13,20.3,30.6,21.6,30.3,0,19
2026-08-22 23:10:13,5,12,12,20.3,30.6,21.6,30.1,0,19
2026-08-22 23:15:13,5,9,9,20.2,30.3,21.5,30.1,0,19
2026-08-22 23:20:13,7,14,14,20.2,30.6,21.5,30.2,0,19
2026-08-22 23:25:13,4,8,9,20.1,30.2,21.4,29.9,0,19
2026-08-22 23:30:13,3,7,7,20.1,30.1,21.3,29.9,0,19
2026-08-22 23:35:13,4,6,6,20,30,21.3,29.8,0,19
2026-08-22 23:40:13,3,8,8,20,30,21.2,29.9,0,19
2026-08-22 23:45:13,4,7,7,19.9,29.9,21.2,29.9,0,19
2026-08-22 23:50:13,4,7,7,19.9,30.2,21.1,30.1,0,19
2026-08-22 23:55:13,5,7,7,19.8,30.1,21.1,29.9,0,19
2026-08-23 00:00:13,4,7,8,19.8,30.1,21,30.1,0,19
2026-08-23 00:05:13,4,8,8,19.8,30.2,21,30.2,0,19
2026-08-23 00:10:13,4,9,9,19.7,30.4,21,30.2,0,19
2026-08-23 00:15:13,3,6,6,19.7,30.6,20.9,30.4,0,19
2026-08-23 00:20:13,3,5,5,19.7,30.4,20.8,30.3,0,19
2026-08-23 00:25:13,3,7,7,19.6,30.1,20.7,30.2,0,19
2026-08-23 00:30:13,3,6,6,19.5,30.2,20.7,30.2,0,19
2026-08-23 00:35:13,3,6,6,19.5,30.2,20.6,30.1,0,19
2026-08-23 00:40:13,2,6,6,19.5,30.4,20.6,30.4,0,19
2026-08-23 00:45:13,3,6,6,19.4,30.5,20.5,30.4,0,19
2026-08-23 00:50:13,3,7,8,19.3,30.7,20.4,30.5,0,19
2026-08-23 00:55:13,4,8,8,19.3,30.2,20.4,30.2,0,19
2026-08-23 01:00:13,5,9,9,19.3,30.4,20.3,30.4,0,19
2026-08-23 01:05:13,4,9,9,19.2,30.3,20.3,30.4,0,19
2026-08-23 01:10:13,4,7,7,19.2,30.5,20.2,30.4,0,19
2026-08-23 01:15:13,4,7,7,19.1,30.1,20.2,30.4,0,19
2026-08-23 01:20:13,4,8,8,19.1,30.1,20.1,30.4,0,19
2026-08-23 01:25:13,3,7,8,19.1,30.3,20.1,30.5,0,19
2026-08-23 01:30:13,3,5,5,19,30.3,20.1,30.6,0,19
2026-08-23 01:35:13,2,6,7,19,30.5,20,30.6,0,19
2026-08-23 01:40:13,2,5,5,19,30.6,20,30.7,0,19
2026-08-23 01:45:13,4,7,7,19,30.5,20,30.6,0,19
2026-08-23 01:50:13,2,5,6,19,30.5,19.9,30.7,0,19
2026-08-23 01:55:13,3,6,6,18.9,30.6,19.9,30.9,0,19
2026-08-23 02:00:13,2,5,6,18.9,30.4,19.9,30.6,0,19
2026-08-23 02:05:13,3,5,6,18.9,30.7,19.8,30.8,0,19
2026-08-23 02:10:13,2,5,5,18.8,30.9,19.8,31.1,0,19
2026-08-23 02:15:13,3,5,5,18.8,31.2,19.8,31.3,0,19
2026-08-23 02:20:13,2,5,5,18.8,31.2,19.7,31.5,0,19
2026-08-23 02:25:13,3,5,5,18.8,31.3,19.7,31.5,0,19
2026-08-23 02:30:13,1,4,4,18.8,31.2,19.7,31.4,0,19
2026-08-23 02:35:13,3,6,6,18.7,31.2,19.6,31.4,0,19
2026-08-23 02:40:13,3,5,5,18.7,31.3,19.6,31.5,0,19
2026-08-23 02:45:13,2,5,5,18.6,31.1,19.5,31.4,0,19
2026-08-23 02:50:13,1,6,6,18.6,31.2,19.5,31.5,0,19
2026-08-23 02:55:13,2,3,3,18.6,31.2,19.4,31.5,0,19
2026-08-23 03:00:13,1,4,4,18.5,31.2,19.3,31.5,0,19
2026-08-23 03:05:13,2,3,3,18.5,31.2,19.3,31.5,0,19
2026-08-23 03:10:13,2,5,5,18.4,31.2,19.2,31.6,0,19
2026-08-23 03:15:14,1,5,5,18.3,31.2,19.1,31.6,0,19
2026-08-23 03:20:13,3,4,4,18.3,31.2,19,31.7,0,19
2026-08-23 03:25:14,2,4,4,18.2,31.1,19,31.6,0,19
2026-08-23 03:30:13,2,4,5,18.2,31.3,18.9,31.8,0,19
2026-08-23 03:35:14,2,4,4,18.1,31.5,18.8,31.9,0,19
2026-08-23 03:40:13,3,4,4,18.1,31.2,18.8,31.7,0,19
2026-08-23 03:45:14,3,6,6,18,31.1,18.7,31.7,0,19
2026-08-23 03:50:13,6,8,8,18,31,18.7,31.5,0,19
2026-08-23 03:55:14,4,10,10,18,30.9,18.7,31.5,0,19
2026-08-23 04:00:13,4,7,7,18,31.3,18.7,31.8,0,19
2026-08-23 04:05:14,3,5,5,18,31.6,18.7,32,0,19
2026-08-23 04:10:13,3,5,5,17.9,31.4,18.6,31.9,0,19
2026-08-23 04:15:14,5,7,7,17.9,31.7,18.6,32.1,0,19
2026-08-23 04:20:13,2,4,4,17.9,31.6,18.6,32.1,0,19
2026-08-23 04:25:13,2,4,4,17.9,31.5,18.5,31.8,0,19
2026-08-23 04:30:14,2,6,6,17.9,31.4,18.5,31.9,0,19
2026-08-23 04:35:14,2,4,4,17.8,31.2,18.4,31.8,0,19
2026-08-23 04:40:14,1,2,2,17.8,31.2,18.4,31.8,0,19
2026-08-23 04:45:14,0,0,0,17.7,30.4,18.4,31.3,0,19
2026-08-23 04:50:14,0,0,0,17.7,30.2,18.4,31,0,19
2026-08-23 04:55:14,0,0,0,17.7,30.3,18.4,31,0,19
2026-08-23 05:00:14,0,0,0,17.7,29.9,18.3,30.7,0,19
2026-08-23 05:05:13,0,0,0,17.7,30.3,18.3,30.9,0,19
2026-08-23 05:10:14,0,1,1,17.7,30.4,18.3,31,0,19
2026-08-23 05:15:14,0,1,2,17.7,30.5,18.3,31.1,0,19
2026-08-23 05:20:14,0,0,0,17.7,30.3,18.3,31,0,19
2026-08-23 05:25:14,0,0,1,17.6,30.5,18.2,31.2,0,19
2026-08-23 05:30:14,0,2,2,17.6,30.4,18.2,31,0,19
2026-08-23 05:35:14,1,2,2,17.6,30.4,18.2,30.9,0,19
2026-08-23 05:40:14,0,1,1,17.6,30.5,18.2,31.1,0,19
2026-08-23 05:45:14,0,1,1,17.6,30.5,18.1,31,0,19
2026-08-23 05:50:14,0,0,1,17.6,30.8,18.1,31.3,0,19
2026-08-23 05:55:14,0,1,1,17.5,31,18.1,31.5,0,19
2026-08-23 06:00:14,0,2,2,17.5,31.1,18.1,31.6,0,19
2026-08-23 06:05:14,0,1,1,17.5,31.3,18.1,31.8,1,19
2026-08-23 06:10:14,0,2,2,17.5,31.4,18,31.9,1,19
2026-08-23 06:15:14,0,2,2,17.5,31.5,18,32.1,1,19
2026-08-23 06:20:14,0,2,2,17.4,31.7,18,32.2,1,19
2026-08-23 06:25:14,0,1,1,17.4,31.3,17.9,31.9,1,19
2026-08-23 06:30:14,0,2,2,17.4,31.1,17.9,31.7,1,19
2026-08-23 06:35:14,0,1,1,17.4,31.4,17.9,31.9,1,19
2026-08-23 06:40:14,1,1,1,17.4,31.4,17.9,32,1,19
2026-08-23 06:45:14,0,2,2,17.4,31.5,17.9,32.1,1,19
2026-08-23 06:50:14,0,3,3,17.3,31.6,17.8,32.2,1,19
2026-08-23 06:55:14,0,2,2,17.3,31.8,17.8,32.4,1,19
2026-08-23 07:00:14,1,1,2,17.3,31.7,17.8,32.4,1,19
2026-08-23 07:05:14,1,2,2,17.3,31.6,17.8,32.4,1,19
2026-08-23 07:10:14,0,2,2,17.3,31.8,17.8,32.4,1,19
2026-08-23 07:15:14,0,1,1,17.3,31.6,17.7,32.3,1,19
2026-08-23 07:20:14,0,1,1,17.2,31.5,17.7,32.2,1,19
2026-08-23 07:25:14,0,3,3,17.2,31.4,17.8,32.2,1,19
2026-08-23 07:30:14,0,1,1,17.3,31.7,17.8,32.4,1,19
2026-08-23 07:35:14,1,3,3,17.3,31.8,17.8,32.5,1,19
2026-08-23 07:40:14,0,1,1,17.4,31.6,17.8,32.2,0,19
2026-08-23 07:45:14,0,4,4,17.3,31.5,17.8,32,0,19
2026-08-23 07:50:14,0,2,3,17.4,31.6,17.9,32.2,0,19
2026-08-23 07:55:14,1,3,4,17.4,32,17.9,32.6,0,19
2026-08-23 08:00:14,0,3,3,17.3,31.9,17.9,32.5,0,19
2026-08-23 08:05:14,1,3,3,17.3,32.2,17.9,32.8,0,19
2026-08-23 08:10:14,1,3,4,17.3,32.1,17.9,32.7,0,19
2026-08-23 08:15:14,0,3,3,17.3,32.5,17.9,33,0,19
2026-08-23 08:20:14,1,4,4,17.4,32.8,17.9,33.2,0,19
2026-08-23 08:25:14,1,4,4,17.4,32.6,17.9,33.1,0,19
2026-08-23 08:30:14,1,2,2,17.4,32.8,17.9,33.2,0,19
2026-08-23 08:35:14,0,2,2,17.4,32.7,18,33,0,19
2026-08-23 08:40:14,0,3,3,17.5,32.3,18,32.9,0,19
2026-08-23 08:45:14,1,4,4,17.5,32.3,18,32.8,0,19
2026-08-23 08:50:15,1,3,3,17.5,32.1,18.1,32.7,0,19
2026-08-23 08:55:14,1,1,1,17.5,32,18.1,32.6,0,19
2026-08-23 09:00:15,0,1,1,17.6,32.2,18.2,32.7,0,19
2026-08-23 09:05:14,0,1,1,17.6,32.5,18.3,33,0,19
2026-08-23 09:10:15,0,0,2,17.6,32.3,18.3,32.8,0,19
2026-08-23 09:15:14,0,1,1,17.7,31.1,18.4,32,0,19
2026-08-23 09:20:15,0,1,1,17.8,31.1,18.6,31.9,0,19
2026-08-23 09:25:14,0,1,1,17.9,31.1,18.7,31.7,0,19
2026-08-23 09:30:15,0,3,3,18,31.2,18.9,31.8,0,19
2026-08-23 09:35:14,1,3,4,18.2,31.3,19.2,31.8,0,19
2026-08-23 09:40:14,1,3,3,18.3,31.2,19.4,31.6,0,19
2026-08-23 09:45:14,0,4,4,18.5,31.4,19.7,31.5,0,19
2026-08-23 09:50:15,1,4,4,18.7,31.3,19.9,31.4,0,19
2026-08-23 09:55:15,2,5,5,18.9,31.1,20.2,31.2,0,19
2026-08-23 10:00:14,1,2,2,19.1,30.9,20.5,30.9,0,19
2026-08-23 10:05:15,1,3,3,19.3,30.9,20.8,30.8,0,19
2026-08-23 10:10:15,1,3,3,19.5,30.8,21.1,30.5,0,19
2026-08-23 10:15:15,1,2,2,19.7,30.9,21.4,30.5,0,19
2026-08-23 10:20:15,1,4,4,19.9,30.5,21.7,29.9,0,19
2026-08-23 10:25:15,2,5,5,20.2,30.4,22,30,0,19
2026-08-23 10:30:15,2,4,4,20.4,30,22.3,29.6,0,19
2026-08-23 10:35:15,1,4,4,20.6,29.8,22.5,29.4,0,19
2026-08-23 10:40:14,3,5,5,20.8,29.7,22.8,29.2,0,19
2026-08-23 10:45:15,2,7,7,21,29.4,23.1,28.9,0,19
2026-08-23 10:50:15,3,6,6,21.3,29,23.4,28.6,0,19
2026-08-23 10:55:15,3,4,4,21.5,28.9,23.6,28.4,0,19
2026-08-23 11:00:15,3,5,6,21.7,28.7,23.8,28.3,0,19
2026-08-23 11:05:15,2,4,4,21.9,28.5,24.1,27.7,0,19
2026-08-23 11:10:15,3,5,6,22.1,28.2,24.3,27.5,0,19
2026-08-23 11:15:15,4,5,6,22.3,28.1,24.5,27.3,0,19
2026-08-23 11:20:15,2,5,6,22.4,28.1,24.8,27.3,0,19
2026-08-23 11:25:15,3,6,6,22.6,27.7,25,27,0,19
2026-08-23 11:30:15,4,6,7,22.8,27.7,25.2,26.6,0,19
2026-08-23 11:35:15,2,6,6,22.9,27.6,25.4,26.8,0,19
2026-08-23 11:40:15,1,5,5,23.1,27,25.6,26.3,0,19
2026-08-23 11:45:15,3,7,7,23.3,27.1,25.8,26.1,0,19
2026-08-23 11:50:15,1,6,6,23.4,26.7,26,25.8,0,19
2026-08-23 11:55:15,3,8,8,23.6,26.5,26.2,25.8,0,19
2026-08-23 12:00:15,5,8,8,23.8,26.9,26.4,25.7,0,19
2026-08-23 12:05:15,6,11,13,24,26.7,26.5,25.6,0,19
2026-08-23 12:10:15,4,11,11,24.1,26.7,26.7,25.6,0,19
2026-08-23 12:15:15,6,18,18,24.2,26.2,26.8,24.7,0,19
2026-08-23 12:20:15,8,16,18,24.4,26.2,27,25.2,0,19
2026-08-23 12:25:15,7,18,18,24.5,26.1,27.1,24.8,0,19
2026-08-23 12:30:15,7,18,19,24.6,26.1,27.3,25.1,0,19
2026-08-23 12:35:15,7,21,21,24.7,25.9,27.4,24.9,0,19
2026-08-23 12:40:15,8,18,19,24.8,25.9,27.5,24.7,0,19
2026-08-23 12:45:15,8,20,20,24.9,26.1,27.5,24.8,0,19
2026-08-23 12:50:15,11,24,24,25,25.9,27.6,24.4,0,19
2026-08-23 12:55:15,10,22,22,25.1,25.9,27.7,24.6,0,19
2026-08-23 13:00:15,15,25,26,25.1,25.9,27.7,24.6,0,19
2026-08-23 13:05:15,18,29,31,25.1,25.9,27.8,24.6,0,19
2026-08-23 13:10:15,19,29,30,25.2,25.9,27.8,24.5,0,19
2026-08-23 13:15:15,19,29,30,25.2,26.1,27.8,24.6,0,19
2026-08-23 13:20:15,21,32,35,25.2,26.2,27.8,24.8,0,19
2026-08-23 13:25:15,21,31,34,25.2,26.2,27.8,24.7,0,19
2026-08-23 13:30:15,22,34,39,25.2,26.2,27.8,24.9,0,19
2026-08-23 13:35:15,24,38,45,25.3,26.2,27.8,24.8,0,19
2026-08-23 13:40:15,25,41,48,25.2,26.3,27.9,25,0,20
2026-08-23 13:45:15,28,43,50,25.3,26.3,27.9,25.1,0,20
2026-08-23 13:50:15,27,42,50,25.3,26.5,27.9,25.1,0,20
2026-08-23 13:55:15,30,47,57,25.3,26.7,27.9,25.1,0,20
2026-08-23 14:00:15,30,48,58,25.3,26.7,27.9,25.3,0,19
2026-08-23 14:05:15,32,50,61,25.3,27.6,27.9,25.9,0,19
2026-08-23 14:10:15,31,50,60,25.3,28.5,27.9,26.3,0,19
2026-08-23 14:15:15,30,47,58,25.3,29,27.9,26.7,0,19
2026-08-23 14:20:15,31,48,57,25.3,29.5,27.8,27.1,0,19
2026-08-23 14:25:15,28,46,54,25.3,29.5,27.8,27.3,0,19
2026-08-23 14:30:15,29,45,54,25.3,29.8,27.8,27.5,0,19
2026-08-23 14:35:15,30,46,55,25.2,30,27.7,28,0,19
2026-08-23 14:40:15,28,45,53,25.2,30.2,27.6,28.4,0,19
2026-08-23 14:45:15,30,46,55,25.1,30.5,27.6,28.6,0,19
2026-08-23 14:50:15,29,45,54,25.1,30.5,27.5,28.4,0,19
2026-08-23 14:55:15,28,44,52,25,30.6,27.5,28.5,0,19
2026-08-23 15:00:15,29,46,55,25,30.6,27.3,29,0,19
2026-08-23 15:05:16,30,45,55,24.9,30.9,27.2,28.9,0,19
2026-08-23 15:10:15,28,44,52,24.8,30.9,27.1,29.1,0,19
2026-08-23 15:15:16,30,44,52,24.7,31.2,27,29.6,0,19
2026-08-23 15:20:15,30,47,56,24.6,31.7,26.8,30.2,0,19
2026-08-23 15:25:16,28,42,50,24.5,31.9,26.7,30,0,19
2026-08-23 15:30:15,28,44,54,24.4,32.1,26.5,30.5,0,19
2026-08-23 15:35:16,28,43,52,24.3,32.3,26.4,30.6,0,19
2026-08-23 15:40:15,28,44,53,24.1,32.5,26.3,30.9,0,19
2026-08-23 15:45:16,29,44,53,24,32.7,26.2,31,0,19
2026-08-23 15:50:15,29,45,55,23.9,32.8,26.1,31.2,0,19
2026-08-23 15:55:16,30,46,55,23.8,33,26,32,0,19
2026-08-23 16:00:15,28,44,52,23.7,33.2,25.8,31.8,0,19
2026-08-23 16:05:16,29,45,53,23.5,33.4,25.7,32.1,0,19
2026-08-23 16:10:16,28,43,52,23.5,33.7,25.6,32.1,0,19
2026-08-23 16:15:16,29,44,53,23.3,34,25.4,32.5,0,19
2026-08-23 16:20:15,28,43,51,23.2,34.3,25.3,32.8,0,19
2026-08-23 16:25:16,29,44,53,23.1,34.6,25.2,33.3,0,19
2026-08-23 16:30:16,29,45,54,23,35,25.1,34,0,19
2026-08-23 16:35:16,28,44,53,22.9,35.2,24.9,34.2,0,19
2026-08-23 16:40:16,30,46,55,22.8,35.5,24.8,34.3,0,19
2026-08-23 16:45:16,30,46,56,22.7,35.9,24.6,35,0,19
2026-08-23 16:50:16,28,45,54,22.6,36.3,24.5,35.2,0,19
2026-08-23 16:55:16,28,43,52,22.4,36.5,24.3,35.5,0,19
2026-08-23 17:00:16,29,43,51,22.3,36.8,24.1,35.7,0,19
2026-08-23 17:05:16,30,46,57,22.2,36.9,24,36.8,0,19
2026-08-23 17:10:16,28,46,54,22.1,37.2,23.9,36.5,0,19
2026-08-23 17:15:16,29,45,54,22,37.6,23.7,36.5,0,19
2026-08-23 17:20:16,30,45,55,21.9,37.7,23.6,36.9,0,19
2026-08-23 17:25:16,28,44,53,21.8,38.2,23.5,37.1,0,19
2026-08-23 17:30:16,29,44,51,21.7,38.3,23.4,37.3,0,19
2026-08-23 17:35:16,28,45,55,21.6,38.6,23.3,38.1,0,21
2026-08-23 17:40:16,29,45,55,21.5,38.8,23.1,38.1,0,21
2026-08-23 17:45:16,28,45,53,21.4,39,23,38.2,0,21
2026-08-23 17:50:15,27,42,51,21.3,39,22.9,38.4,0,17
2026-08-23 17:55:16,29,43,51,21.2,39.1,22.7,38.8,0,20
2026-08-23 18:00:16,27,43,50,21.1,39.2,22.6,39,0,17
2026-08-23 18:05:16,27,42,50,21,39.6,22.5,39.5,0,17
2026-08-23 18:10:16,26,42,49,20.8,39.8,22.3,39.7,0,17
2026-08-23 18:15:16,27,42,50,20.7,40.2,22.2,39.7,0,17
2026-08-23 18:20:16,26,43,51,20.6,40.3,22.1,40.1,0,17
2026-08-23 18:25:16,28,43,52,20.6,40.5,22,40.1,0,20
2026-08-23 18:30:16,27,42,48,20.4,40.7,21.8,40.6,0,20
2026-08-23 18:35:16,27,43,52,20.3,40.9,21.7,40.7,0,20
2026-08-23 18:40:16,29,45,52,20.3,41.1,21.6,41.8,0,17
2026-08-23 18:45:16,27,43,51,20.2,41.4,21.5,41.3,0,20
2026-08-23 18:50:16,27,42,52,20.2,41.7,21.4,41.4,0,20
2026-08-23 18:55:16,27,44,53,20.1,41.8,21.3,41.8,0,20
2026-08-23 19:00:16,27,44,52,20,41.9,21.3,41.7,0,20
2026-08-23 19:05:16,27,45,53,20,42,21.2,42.5,0,20
2026-08-23 19:10:16,28,45,54,19.9,42.4,21.1,42.4,0,20
2026-08-23 19:15:16,29,45,54,19.9,42.3,21.1,41.9,0,20
2026-08-23 19:20:16,28,45,53,19.8,42.3,21.1,42.5,0,20
2026-08-23 19:25:16,27,43,50,19.8,42.7,21.1,43,0,20
2026-08-23 19:30:16,27,44,52,19.8,42.8,21,42.8,0,20
2026-08-23 19:35:16,29,45,54,19.7,43,21,42.8,0,20
2026-08-23 19:40:16,27,44,53,19.7,42.9,20.9,42.5,0,20
2026-08-23 19:45:16,28,42,50,19.7,42.9,20.9,42.8,0,20
2026-08-23 19:50:16,28,43,51,19.6,43,20.8,42.2,0,20
2026-08-23 19:55:16,29,45,54,19.6,43,20.7,43.8,0,20
2026-08-23 20:00:16,30,45,52,19.5,43.1,20.6,43.2,0,20
2026-08-23 20:05:16,30,46,54,19.5,43.3,20.6,43.2,0,20
2026-08-23 20:10:16,29,46,54,19.5,43.4,20.5,43.7,0,20
2026-08-23 20:15:16,30,44,53,19.4,43.5,20.5,43.8,0,20
2026-08-23 20:20:16,30,47,56,19.4,43.6,20.5,44.3,0,20
2026-08-23 20:25:16,30,46,57,19.3,43.6,20.4,44.1,0,20
2026-08-23 20:30:16,30,48,57,19.3,43.8,20.4,44.1,0,20
2026-08-23 20:35:16,30,49,58,19.3,43.8,20.4,44.1,0,20
2026-08-23 20:40:16,28,44,53,19.3,43.9,20.4,44.3,0,20
2026-08-23 20:45:17,27,44,51,19.3,44,20.4,45.1,0,20
2026-08-23 20:50:16,27,43,50,19.2,44.1,20.3,44.7,0,20
2026-08-23 20:55:16,27,44,52,19.2,44.1,20.2,45,0,20
2026-08-23 21:00:16,28,42,50,19.1,44,20.1,45,0,20
2026-08-23 21:05:16,28,43,50,19,44.2,20,45,0,20
2026-08-23 21:10:16,27,43,51,19,44.4,19.9,45.8,0,20
2026-08-23 21:15:17,27,44,51,18.9,44.4,19.8,45.6,0,20
2026-08-23 21:20:16,27,43,51,18.8,44.7,19.7,45.9,0,20
2026-08-23 21:25:17,26,42,50,18.7,44.8,19.6,45.9,0,20
2026-08-23 21:30:16,26,43,51,18.6,44.9,19.5,45.9,0,20
2026-08-23 21:35:17,26,44,52,18.6,44.9,19.4,46.4,0,20
2026-08-23 21:40:16,27,44,51,18.5,45.1,19.3,46.2,0,20
2026-08-23 21:45:17,32,52,63,18.5,45.3,19.3,46.4,0,20
2026-08-23 21:50:17,29,46,55,18.4,45.6,19.2,46.9,0,20
2026-08-23 21:55:16,27,45,53,18.3,45.6,19.1,46.9,0,20
2026-08-23 22:00:17,26,43,51,18.3,45.7,19.1,47.2,0,20
2026-08-23 22:05:16,28,44,52,18.3,45.9,19,47.1,1,20
2026-08-23 22:10:17,29,44,52,18.3,45.6,19,47.9,1,20
2026-08-23 22:15:16,29,47,55,18.3,45.7,19,47.1,1,20
2026-08-23 22:20:17,29,45,53,18.3,45.9,19,47.5,1,20
2026-08-23 22:25:16,29,47,56,18.3,46.1,19.1,47.1,1,20
2026-08-23 22:30:17,29,45,54,18.3,45.8,19.1,47.2,1,20
2026-08-23 22:35:17,31,48,56,18.3,45.8,19.1,47.2,1,20
2026-08-23 22:40:17,31,47,55,18.3,45.8,19.1,47.2,1,20
2026-08-23 22:45:17,29,47,57,18.3,45.7,19.1,47.3,1,20
2026-08-23 22:50:17,31,47,56,18.3,45.5,19.1,47,1,20
2026-08-23 22:55:17,31,48,56,18.3,45.5,19.1,47,1,20
2026-08-23 23:00:17,31,48,58,18.3,45.5,19.1,46.9,1,20
2026-08-23 23:05:17,31,46,55,18.4,45.4,19.2,46.9,1,20
2026-08-23 23:10:17,31,49,59,18.3,45.3,19.2,46.7,1,20
2026-08-23 23:15:17,31,48,58,18.4,45.2,19.2,46.5,1,20
2026-08-23 23:20:17,30,48,56,18.4,45.2,19.2,46.6,1,20
2026-08-23 23:25:17,29,46,54,18.4,44.8,19.2,46.2,0,20
2026-08-23 23:30:17,28,45,52,18.4,44.5,19.2,46,0,20
2026-08-23 23:35:17,28,44,53,18.4,43.8,19.2,45.5,0,20
2026-08-23 23:40:17,26,43,50,18.4,43.8,19.2,45.4,0,20
2026-08-23 23:45:17,26,40,48,18.4,43.4,19.2,45.2,0,20
2026-08-23 23:50:17,25,40,45,18.4,43.3,19.2,44.9,0,20
2026-08-23 23:55:17,25,39,43,18.4,42.9,19.2,44.6,0,20
2026-08-24 00:00:17,24,35,37,18.4,42.3,19.2,44.2,0,20
2026-08-24 00:05:17,23,36,40,18.4,42.4,19.2,44.1,0,20
2026-08-24 00:10:17,25,41,46,18.4,42.7,19.2,44.4,0,20
2026-08-24 00:15:17,25,39,45,18.3,42.7,19.1,44.5,0,20
2026-08-24 00:20:16,24,37,39,18.3,42.5,19.1,44.3,0,20
2026-08-24 00:25:17,23,33,36,18.3,42.2,19,44,0,20
2026-08-24 00:30:17,23,33,36,18.2,42.1,19,43.9,0,20
2026-08-24 00:35:17,24,39,46,18.2,42.4,19,44.2,0,20
2026-08-24 00:40:17,25,37,41,18.2,43,18.9,44.6,0,20
2026-08-24 00:45:17,24,37,39,18.1,42.9,18.9,44.5,0,20
2026-08-24 00:50:17,24,36,38,18.1,42.8,18.8,44.5,0,20
2026-08-24 00:55:17,24,37,40,18,42.8,18.7,44.5,0,20
2026-08-24 01:00:17,24,37,41,18,42.7,18.7,44.4,0,20
2026-08-24 01:05:17,23,36,37,17.9,42.8,18.6,44.3,0,20
2026-08-24 01:10:17,23,37,40,17.9,42.5,18.6,44.3,0,20
2026-08-24 01:15:17,21,31,31,17.9,42.7,18.5,44.4,0,20
2026-08-24 01:20:17,22,31,31,17.8,42.6,18.4,44.3,0,20
2026-08-24 01:25:17,22,32,33,17.8,42.5,18.4,44.2,0,20
2026-08-24 01:30:17,21,31,32,17.7,42.4,18.4,44.2,0,20
2026-08-24 01:35:17,18,29,30,17.7,42,18.3,43.8,0,20
2026-08-24 01:40:17,19,33,34,17.7,41.8,18.3,43.6,0,20
2026-08-24 01:45:17,16,28,28,17.6,41.7,18.3,43.5,0,20
2026-08-24 01:50:17,14,30,31,17.6,41.7,18.2,43.4,0,20
2026-08-24 01:55:17,23,33,37,17.6,42,18.2,43.7,0,20
2026-08-24 02:00:17,25,40,46,17.6,42.5,18.1,44.4,0,20
2026-08-24 02:05:17,26,40,47,17.5,42.8,18.1,44.5,0,20
2026-08-24 02:10:17,26,41,47,17.5,43.1,18,44.7,0,20
2026-08-24 02:15:17,25,40,47,17.5,43,18,44.6,1,20
2026-08-24 02:20:17,25,38,44,17.4,42.9,18,44.6,1,20
2026-08-24 02:25:17,25,38,43,17.4,42.9,17.9,44.6,1,20
2026-08-24 02:30:17,25,39,42,17.4,42.8,17.9,44.5,1,20
2026-08-24 02:35:17,26,45,52,17.4,43,17.9,44.8,1,20
2026-08-24 02:40:17,28,45,54,17.4,43.6,17.9,45.4,1,20
2026-08-24 02:45:17,26,44,51,17.4,44,17.9,45.7,1,20
2026-08-24 02:50:17,26,41,47,17.4,43.6,17.8,45.5,1,20
2026-08-24 02:55:17,27,42,51,17.3,43.8,17.8,45.7,1,20
2026-08-24 03:00:17,27,43,51,17.3,43.9,17.7,45.9,1,20
2026-08-24 03:05:17,25,41,46,17.2,43.7,17.7,45.8,1,20
2026-08-24 03:10:17,26,41,48,17.2,43.4,17.6,45.4,1,20
2026-08-24 03:15:17,29,44,53,17.2,44.4,17.5,46.5,1,20
2026-08-24 03:20:17,29,47,55,17.1,44.9,17.5,46.9,1,20
2026-08-24 03:25:17,26,42,48,17,44.7,17.4,47,1,20
2026-08-24 03:30:17,26,43,51,16.9,44.6,17.3,46.4,1,20
2026-08-24 03:35:17,26,42,49,16.9,44.6,17.3,46.8,1,20
2026-08-24 03:40:17,26,42,48,16.9,44.3,17.2,46.6,1,20
2026-08-24 03:45:17,26,42,49,16.8,44.5,17.2,46.9,1,20
2026-08-24 03:50:17,27,46,54,16.8,44.5,17.1,46.8,1,20
2026-08-24 03:55:18,27,44,52,16.8,44.5,17.1,47,1,20
2026-08-24 04:00:17,29,46,56,16.7,44.8,17,47.2,1,20
2026-08-24 04:05:17,27,44,52,16.7,44.7,17,47.1,1,20
2026-08-24 04:10:17,27,46,54,16.6,44.9,16.9,47.3,1,20
2026-08-24 04:15:17,28,46,54,16.6,45.1,16.8,47.5,1,20
2026-08-24 04:20:17,28,45,52,16.5,44.8,16.8,47.5,1,20
2026-08-24 04:25:17,28,45,55,16.5,44.8,16.7,47.7,1,20
2026-08-24 04:30:17,27,38,44,16.4,44.7,16.6,47.3,1,20
2026-08-24 04:35:17,26,42,49,16.4,45.1,16.6,47.9,1,20
2026-08-24 04:40:17,27,44,52,16.4,46.1,16.5,48.9,1,20
2026-08-24 04:45:17,28,45,52,16.3,46.6,16.4,49.3,1,20
2026-08-24 04:50:18,29,46,53,16.3,46.8,16.4,49.6,1,20
2026-08-24 04:55:17,30,48,59,16.2,47.9,16.3,50.5,1,20
2026-08-24 05:00:18,31,49,57,16.2,48.5,16.3,51.1,1,20
2026-08-24 05:05:17,30,50,59,16.1,48.8,16.3,51.3,1,20
2026-08-24 05:10:18,30,50,58,16.1,49.2,16.2,51.9,1,20
2026-08-24 05:15:17,29,48,57,16.1,49.5,16.2,52.3,1,20
2026-08-24 05:20:18,29,48,57,16,50,16.1,53,1,20
2026-08-24 05:25:17,28,47,55,16,50.1,16.1,53.3,1,20
2026-08-24 05:30:18,29,49,58,15.9,50.5,16,53.2,1,20
2026-08-24 05:35:17,28,49,59,15.9,50.8,16,53.6,1,20
2026-08-24 05:40:18,28,52,62,15.8,50.7,15.9,53.5,1,20
2026-08-24 05:45:18,29,50,59,15.8,50.9,15.8,54.6,1,20
2026-08-24 05:50:18,29,47,55,15.7,51.2,15.8,53.7,1,20
2026-08-24 05:55:18,29,47,58,15.7,51.1,15.7,53.9,1,20
2026-08-24 06:00:18,29,49,58,15.6,51.3,15.7,53.6,1,20
2026-08-24 06:05:18,27,45,54,15.6,51.2,15.6,54,1,20
2026-08-24 06:10:18,29,47,56,15.6,51.2,15.6,55.1,1,20
2026-08-24 06:15:18,28,47,57,15.5,51,15.6,54.6,1,20
2026-08-24 06:20:18,30,49,57,15.5,51,15.5,54.3,1,20
2026-08-24 06:25:18,29,46,53,15.5,51.3,15.5,54.4,1,20
2026-08-24 06:30:18,28,48,56,15.5,51.3,15.5,54.4,1,20
2026-08-24 06:35:18,28,50,58,15.4,51.3,15.4,55.2,1,20
2026-08-24 06:40:18,28,47,56,15.4,51.6,15.4,55.2,1,20
2026-08-24 06:45:18,27,46,54,15.4,51.5,15.4,55.1,1,20
2026-08-24 06:50:18,28,49,59,15.4,51.5,15.4,54.8,1,20
2026-08-24 06:55:18,27,47,55,15.4,51.3,15.4,54.3,1,20
2026-08-24 07:00:18,29,48,56,15.4,51.2,15.3,54.3,1,20
2026-08-24 07:05:18,28,48,56,15.3,51,15.3,54.2,1,20
2026-08-24 07:10:18,27,46,55,15.3,51,15.3,54.7,1,20
2026-08-24 07:15:18,28,47,58,15.3,51,15.2,54.4,1,20
2026-08-24 07:20:18,29,49,58,15.2,51.4,15.1,55.1,1,20
2026-08-24 07:25:18,29,48,56,15.2,51.4,15.1,54.8,1,20
2026-08-24 07:30:18,29,47,54,15.2,51.7,15.1,55.1,1,20
2026-08-24 07:35:18,29,48,57,15.2,51.6,15.1,55.2,1,20
2026-08-24 07:40:18,27,48,55,15.2,51.5,15.1,55.1,1,20
2026-08-24 07:45:18,28,50,59,15.1,51.6,15,55.3,1,20
2026-08-24 07:50:18,29,47,57,15.1,51.8,15,56.1,1,20
2026-08-24 07:55:18,28,46,56,15.1,52,15,55.4,1,20
2026-08-24 08:00:18,28,48,56,15.1,52.1,14.9,55.8,1,20
2026-08-24 08:05:18,31,50,59,15,52.6,14.9,56.1,1,20
2026-08-24 08:10:18,28,49,60,15,52.4,14.9,56.2,1,20
2026-08-24 08:15:18,29,48,58,15,52.4,14.9,56.2,1,20
2026-08-24 08:20:18,29,48,56,15,52.5,14.9,55.7,1,20
2026-08-24 08:25:18,29,51,60,15,52.7,14.9,56.2,1,20
2026-08-24 08:30:18,28,48,56,15,52.5,15,55.9,1,20
2026-08-24 08:35:18,28,47,54,15.1,52.1,15,57.3,1,20
2026-08-24 08:40:18,30,50,58,15.1,52.2,15,56.3,1,20
2026-08-24 08:45:18,31,49,59,15.1,52.2,15,56.5,1,20
2026-08-24 08:50:18,30,51,61,15.1,52.2,15,55.4,1,21
2026-08-24 08:55:18,29,49,58,15.1,51.8,15,55.2,1,21
2026-08-24 09:00:18,30,49,58,15.1,51.8,15.1,55.7,1,21
2026-08-24 09:05:18,28,49,57,15.1,51.9,15.1,55.4,1,21
2026-08-24 09:10:18,28,49,57,15.2,51.5,15.2,55.4,1,21
2026-08-24 09:15:18,31,48,56,15.2,51.5,15.3,54.4,1,21
2026-08-24 09:20:18,29,49,58,15.3,51.6,15.3,54.9,1,21
2026-08-24 09:25:18,29,48,56,15.3,51.4,15.4,55,1,21
2026-08-24 09:30:18,30,50,60,15.4,51.2,15.5,54.6,1,18
2026-08-24 09:35:18,30,51,61,15.4,51.1,15.5,54.4,1,21
2026-08-24 09:40:18,31,50,59,15.5,51.3,15.6,54.4,1,18
2026-08-24 09:45:18,29,51,60,15.6,50.7,15.7,54,1,21
2026-08-24 09:50:19,33,54,65,15.6,50.9,15.8,54.1,1,18
2026-08-24 09:55:18,31,51,61,15.7,50.7,15.9,53.7,1,21
2026-08-24 10:00:19,30,49,59,15.8,51,16,54,1,18
2026-08-24 10:05:18,32,52,60,15.9,51,16.1,53.9,1,21
2026-08-24 10:10:19,30,52,62,16,51,16.3,53.8,1,21
2026-08-24 10:15:19,31,51,62,16.1,51,16.4,53.9,1,21
2026-08-24 10:20:18,32,54,63,16.2,51,16.5,53.7,1,21
2026-08-24 10:25:19,34,54,65,16.3,50.8,16.7,53.5,1,21
2026-08-24 10:30:19,34,54,66,16.4,50.5,16.8,53.4,1,21
2026-08-24 10:35:19,34,56,69,16.4,50.4,16.8,53.6,1,21
2026-08-24 10:40:19,32,53,65,16.5,50.6,16.9,53.3,1,21
2026-08-24 10:45:19,33,56,69,16.5,50.6,16.9,53.6,1,21
2026-08-24 10:50:19,34,55,69,16.5,50.5,16.9,53.5,1,21
2026-08-24 10:55:19,35,58,71,16.6,50.5,16.9,53.5,1,21
2026-08-24 11:00:19,33,55,68,16.6,50.8,17,53.3,1,21
2026-08-24 11:05:18,34,55,66,16.7,50.7,17,53.4,1,21
2026-08-24 11:10:19,41,74,83,16.7,50.6,17.1,53.4,1,21
2026-08-24 11:15:19,34,58,73,16.8,50.5,17.2,54.1,1,21
2026-08-24 11:20:19,36,58,72,16.9,50.6,17.3,53.2,1,21
2026-08-24 11:25:18,35,57,70,16.9,50.8,17.4,53.3,1,21
2026-08-24 11:30:19,35,57,71,17,50.5,17.5,53,1,21
2026-08-24 11:35:18,35,58,73,17,50.7,17.5,53.1,1,21
2026-08-24 11:40:19,35,59,71,17.1,50.4,17.6,52.9,1,21
2026-08-24 11:45:18,36,58,72,17.2,50.6,17.8,52.8,1,21
2026-08-24 11:50:19,34,57,70,17.3,50.5,17.9,52.7,1,21
2026-08-24 11:55:19,35,57,70,17.4,50.4,18,52.9,1,21
2026-08-24 12:00:19,35,56,69,17.4,50.2,18.1,52.6,1,21
2026-08-24 12:05:19,35,58,72,17.5,50.1,18.2,52.3,1,21
2026-08-24 12:10:18,35,59,72,17.6,50,18.3,52.4,1,21
2026-08-24 12:15:19,38,66,78,17.6,50,18.3,52.2,1,21
2026-08-24 12:20:19,38,65,78,17.7,50,18.4,52.1,1,21
2026-08-24 12:25:19,43,79,85,17.8,49.7,18.5,52.1,1,21
2026-08-24 12:30:19,35,58,72,17.9,49.6,18.6,52,1,21
2026-08-24 12:35:19,35,61,74,17.9,49.5,18.7,51.8,1,21
2026-08-24 12:40:19,36,59,74,18,49.4,18.8,51.7,1,21
2026-08-24 12:45:19,34,59,74,18,49.2,18.8,51.5,1,21
2026-08-24 12:50:19,34,57,71,18.1,49.1,18.8,51.4,1,21
2026-08-24 12:55:19,38,66,79,18.1,49.2,18.8,51.4,1,21
2026-08-24 13:00:19,34,58,71,18.1,49.1,18.9,51.3,1,21
2026-08-24 13:05:19,34,59,74,18.2,49.1,18.9,51.5,1,21
2026-08-24 13:10:19,34,58,70,18.2,48.9,18.9,51.3,1,21
2026-08-24 13:15:19,34,58,70,18.2,49,19,51.2,1,21
2026-08-24 13:20:19,37,59,74,18.2,49,19,51.2,1,21
2026-08-24 13:25:19,37,65,77,18.3,48.7,19,51.1,1,21
2026-08-24 13:30:19,35,60,75,18.3,48.8,19,51.1,1,21
2026-08-24 13:35:19,40,76,84,18.3,48.6,19,51.1,1,21
2026-08-24 13:40:19,38,68,80,18.2,48.6,18.9,51,1,21
2026-08-24 13:45:19,37,63,75,18.2,48.6,18.9,51,1,21
2026-08-24 13:50:19,37,62,75,18.2,48.8,18.8,51.1,1,21
2026-08-24 13:55:19,36,63,75,18.1,48.8,18.8,51.2,1,21
2026-08-24 14:00:19,36,62,76,18.1,48.8,18.8,51.3,1,21
2026-08-24 14:05:19,37,67,79,18.1,48.9,18.8,51.3,1,21
2026-08-24 14:10:19,36,62,76,18.1,49,18.8,51.3,1,21
2026-08-24 14:15:19,38,64,78,18.1,48.9,18.8,51.4,1,21
2026-08-24 14:20:19,38,69,80,18.1,49,18.8,51.4,1,21
2026-08-24 14:25:19,38,68,79,18.1,49,18.8,51.3,1,21
2026-08-24 14:30:19,45,78,85,18.1,49,18.8,51.3,1,21
2026-08-24 14:35:19,38,62,74,18.1,49,18.8,51.2,1,21
2026-08-24 14:40:19,43,77,85,18.1,49.1,18.8,51.3,1,21
2026-08-24 14:45:19,38,67,79,18.1,48.9,18.8,51.3,1,21
2026-08-24 14:50:19,38,69,79,18.1,48.9,18.8,51.7,1,21
2026-08-24 14:55:19,39,69,80,18.1,49.2,18.7,51.6,1,21
2026-08-24 15:00:19,38,65,79,18.1,49.2,18.7,51.6,1,21
2026-08-24 15:05:19,38,67,78,18.1,49.4,18.7,51.6,1,21
2026-08-24 15:10:19,39,72,82,18,49.3,18.7,51.8,1,21
2026-08-24 15:15:44,43,82,87,18,49.5,18.7,51.7,1,21
2026-08-24 15:20:19,38,68,79,18,49.4,18.7,51.8,1,21
2026-08-24 15:25:20,37,65,78,18,49.4,18.7,51.8,1,21
2026-08-24 15:30:19,44,83,87,18.1,49.6,18.7,51.9,1,21
2026-08-24 15:35:20,40,73,82,18.1,49.2,18.8,51.8,1,21
2026-08-24 15:40:19,37,63,75,18.1,49.4,18.8,52,1,21
2026-08-24 15:45:25,38,67,79,18.1,49.3,18.8,51.8,1,21
2026-08-24 15:50:20,37,64,78,18.1,49.5,18.7,51.8,1,21
2026-08-24 15:55:21,37,65,78,18,49.2,18.7,52,1,21
2026-08-24 16:00:19,37,62,76,18,49.4,18.6,51.8,1,21
2026-08-24 16:05:24,36,62,74,18,49.3,18.5,52,1,21
2026-08-24 16:10:19,37,65,76,17.9,49.5,18.5,52,1,21
2026-08-24 16:15:20,37,68,81,17.8,49.7,18.4,52.4,1,21
2026-08-24 16:20:19,37,63,75,17.8,49.9,18.4,52.4,1,21
2026-08-24 16:25:20,37,63,76,17.8,49.7,18.3,52.5,1,21
2026-08-24 16:30:19,37,63,76,17.8,49.9,18.3,52.6,1,21
2026-08-24 16:35:21,37,65,79,17.7,49.8,18.3,52.8,1,21
2026-08-24 16:40:19,35,65,77,17.7,50,18.2,52.6,1,21
2026-08-24 16:45:21,38,67,79,17.7,50,18.2,52.6,1,21
2026-08-24 16:50:20,37,64,76,17.6,50,18.1,52.9,1,21
2026-08-24 16:55:20,35,56,70,17.6,50,18,52.9,1,21
2026-08-24 17:00:20,34,57,70,17.5,50.1,18,53,1,21
2026-08-24 17:05:20,34,59,73,17.5,50.2,17.9,53.1,1,21
2026-08-24 17:10:20,34,58,73,17.4,50.5,17.8,53.2,1,21
2026-08-24 17:15:20,35,58,73,17.3,50.4,17.8,53.5,1,21
2026-08-24 17:20:20,34,58,72,17.3,50.4,17.7,53.4,1,21
2026-08-24 17:25:20,34,58,71,17.2,50.6,17.6,53.7,1,21
2026-08-24 17:30:19,35,60,75,17.1,50.7,17.5,54,1,21
2026-08-24 17:35:20,35,61,76,17.1,51.1,17.4,54,1,21
2026-08-24 17:40:20,35,57,71,17,51.2,17.3,55.2,1,21
2026-08-24 17:45:20,34,60,73,16.9,51.2,17.2,54.5,1,21
2026-08-24 17:50:20,36,60,76,16.9,51.2,17.1,54.4,1,21
2026-08-24 17:55:20,34,60,75,16.8,51.4,17,54.7,1,21
2026-08-24 18:00:20,36,62,77,16.7,51.5,17,54.5,1,21
2026-08-24 18:05:21,36,61,76,16.8,51.5,17,55.1,1,21
2026-08-24 18:10:20,35,60,74,16.7,51.7,16.9,55.4,1,21
2026-08-24 18:15:20,34,59,74,16.6,52,16.8,55.1,1,21
2026-08-24 18:20:20,35,61,76,16.6,52,16.8,55.3,1,21
2026-08-24 18:25:20,35,61,76,16.5,51.9,16.8,56.5,1,21
2026-08-24 18:30:19,34,59,73,16.5,52,16.8,55.2,1,21
2026-08-24 18:35:21,36,60,74,16.5,52.3,16.7,57.4,1,21
2026-08-24 18:40:20,34,59,71,16.5,52.4,16.7,55.6,1,21
2026-08-24 18:45:20,35,59,73,16.5,52.5,16.7,55.8,1,21
2026-08-24 18:50:20,35,59,72,16.4,52.2,16.6,55.6,1,21
2026-08-24 18:55:20,34,59,73,16.5,52.5,16.6,55.8,1,21
2026-08-24 19:00:20,34,58,71,16.4,52.5,16.6,55.9,1,21
2026-08-24 19:05:20,36,61,76,16.4,52.9,16.6,56.7,1,21
2026-08-24 19:10:20,32,58,70,16.4,51.7,16.5,55.3,1,21
2026-08-24 19:15:20,32,56,66,16.4,51.4,16.5,55.5,1,21
2026-08-24 19:20:20,33,54,67,16.3,51.2,16.5,55,1,21
2026-08-24 19:25:20,32,54,65,16.3,51.2,16.5,54.8,1,21
2026-08-24 19:30:20,33,56,67,16.4,51.3,16.6,54.9,1,18
2026-08-24 19:35:20,32,53,65,16.4,51.3,16.6,54.9,1,21
2026-08-24 19:40:20,30,53,66,16.4,50.9,16.6,54.6,1,21
2026-08-24 19:45:20,32,55,69,16.5,51.5,16.7,55,1,21
2026-08-24 19:50:20,31,54,65,16.5,51,16.7,54.5,1,21
2026-08-24 19:55:20,34,57,71,16.5,50.7,16.7,54.4,1,21
2026-08-24 20:00:20,30,54,65,16.5,50.2,16.8,53.9,1,21
2026-08-24 20:05:20,31,53,63,16.5,50.3,16.8,54,1,21
2026-08-24 20:10:20,29,49,58,16.6,49.9,16.8,53.5,1,21
2026-08-24 20:15:20,32,55,67,16.6,49.1,16.9,52.9,1,21
2026-08-24 20:20:20,26,46,54,16.6,48.6,16.9,52.6,1,18
2026-08-24 20:25:20,33,55,68,16.6,49.1,17,53,1,21
2026-08-24 20:30:20,26,49,57,16.7,48,17,51.3,1,21
2026-08-24 20:35:21,27,48,57,16.8,48.6,17.1,52.2,1,18
2026-08-24 20:40:20,27,45,53,16.8,48,17.1,51.8,1,18
2026-08-24 20:45:20,27,44,52,16.8,47.9,17.1,51.7,1,18
2026-08-24 20:50:20,13,27,29,16.9,45.8,17.2,50.1,1,19
2026-08-24 20:55:20,6,18,18,16.9,42.7,17.3,48.9,0,19
2026-08-24 21:00:20,1,3,3,16.9,42,17.4,47.1,0,19
2026-08-24 21:05:20,0,0,0,17,40,17.5,46.2,0,19
2026-08-24 21:10:20,0,1,2,17,38.6,17.6,44.8,0,19
2026-08-24 21:15:20,8,19,20,17.2,41,17.8,45.9,0,19
2026-08-24 21:20:20,9,22,24,17.3,41.3,17.9,46.2,0,19
2026-08-24 21:25:20,5,16,16,17.4,41.3,18,45.7,0,19
2026-08-24 21:30:20,0,0,0,17.5,39.2,18.1,44,0,19
2026-08-24 21:35:20,0,0,0,17.6,37.3,18.3,37.1,0,19
2026-08-24 21:40:20,0,0,0,17.7,36.9,18.4,42.1,0,19
2026-08-24 21:45:21,0,0,0,17.8,36.3,18.6,42.1,0,19
2026-08-24 21:50:21,0,0,0,18,35.3,18.9,33.1,0,19
2026-08-24 21:55:20,0,0,0,18.1,35.2,19.1,35.2,0,19
2026-08-24 22:00:20,0,0,0,18.3,35,19.3,38.8,0,19
2026-08-24 22:05:20,0,0,0,18.4,35.1,19.5,39.4,0,19
2026-08-24 22:10:21,0,0,0,18.6,34,19.7,33.5,0,19
2026-08-24 22:15:20,0,0,0,18.7,34,19.8,37.9,0,19
2026-08-24 22:20:21,0,0,0,18.8,34,20,38.2,0,19
2026-08-24 22:25:20,0,0,0,18.9,33.4,20,34.6,0,19
2026-08-24 22:30:20,0,0,0,19,32.2,20.2,31.4,0,19
2026-08-24 22:35:21,0,0,0,19.1,31.7,20.3,34.3,0,19
2026-08-24 22:40:20,0,0,0,19.2,32,20.5,35.3,0,19
2026-08-24 22:45:21,0,0,0,19.3,31.8,20.6,30.7,0,19
2026-08-24 22:50:20,0,0,0,19.4,31.3,20.7,29.8,0,19
2026-08-24 22:55:21,0,0,0,19.5,31.1,20.8,34.2,0,19
2026-08-24 23:00:21,0,0,0,19.5,30.7,20.9,30.6,0,19
2026-08-24 23:05:21,0,0,0,19.6,30.8,21,30.4,0,19
2026-08-24 23:10:20,0,0,0,19.7,31,21.1,33.4,0,19
2026-08-24 23:15:20,0,0,0,19.8,30.5,21.1,31.8,0,19
2026-08-24 23:20:21,0,0,0,19.9,30.7,21.2,33,0,19
2026-08-24 23:25:21,0,0,0,19.9,30.3,21.2,32.3,0,19
2026-08-24 23:30:21,0,0,0,19.9,30.4,21.2,30.1,0,19
2026-08-24 23:35:21,0,0,0,19.9,30.2,21.3,31.8,0,19
2026-08-24 23:40:21,0,0,0,20,30.3,21.3,29.2,0,19
2026-08-24 23:45:21,0,0,0,20,30,21.3,30.2,0,19
2026-08-24 23:50:21,0,3,3,20,31.4,21.4,32.8,0,19
2026-08-24 23:55:21,0,0,0,20,30.2,21.4,30.9,0,19
2026-08-25 00:00:21,0,0,0,20,30.1,21.4,28.9,0,19
2026-08-25 00:05:21,0,0,0,20,30.1,21.4,31.1,0,19
2026-08-25 00:10:21,0,0,0,20.1,29.8,21.4,30.9,0,19
2026-08-25 00:15:21,0,0,0,20.1,29.6,21.4,30.8,0,19
2026-08-25 00:20:21,0,0,0,20.1,29.9,21.4,31.5,0,19
2026-08-25 00:25:21,0,0,0,20.1,30.5,21.4,32,0,19
2026-08-25 00:30:21,0,0,0,20.1,30.2,21.4,30.3,0,19
2026-08-25 00:35:21,0,0,0,20.1,29.9,21.4,31.7,0,19
2026-08-25 00:40:21,0,0,0,20.1,30.6,21.4,32.1,0,19
2026-08-25 00:45:21,1,7,7,20.1,31.3,21.4,32.8,0,19
2026-08-25 00:50:21,24,39,48,20.1,34.8,21.3,35.2,0,19
2026-08-25 00:55:21,24,38,44,20,35.5,21.2,35.8,0,19
2026-08-25 01:00:21,24,41,48,20,36.3,21,36.5,0,19
2026-08-25 01:05:21,23,38,44,19.8,36.5,20.8,36.7,0,19
2026-08-25 01:10:21,25,42,50,19.7,37.2,20.6,37.4,0,19
2026-08-25 01:15:21,24,40,48,19.5,37.4,20.5,38.4,0,19
2026-08-25 01:20:21,23,37,43,19.3,37.7,20.3,38.5,0,19
2026-08-25 01:25:21,23,38,43,19.2,38.1,20.1,38.5,0,19
2026-08-25 01:30:21,25,39,47,19.1,38.7,19.9,39.2,0,19
2026-08-25 01:35:21,24,39,44,18.9,38.8,19.7,39.4,0,19
2026-08-25 01:40:21,28,44,53,18.8,40,19.6,41.1,0,19
2026-08-25 01:45:21,26,45,53,18.6,40.5,19.4,41.2,0,19
2026-08-25 01:50:21,26,44,53,18.5,41,19.2,42.7,0,19
2026-08-25 01:55:21,26,45,54,18.4,41.4,19,42.1,0,19
2026-08-25 02:00:21,26,45,53,18.3,41.6,18.8,42.3,0,19
2026-08-25 02:05:21,26,46,53,18.1,41.9,18.7,42.7,0,19
2026-08-25 02:10:21,25,44,52,18,42,18.6,42.5,0,19
2026-08-25 02:15:21,24,39,43,17.9,41.1,18.5,42.3,0,19
2026-08-25 02:20:21,22,33,38,17.8,40.9,18.4,42.1,0,19
2026-08-25 02:25:21,21,33,34,17.8,40.6,18.3,42.2,0,19
2026-08-25 02:30:21,17,30,32,17.8,40.2,18.3,41.6,0,19
2026-08-25 02:35:21,2,5,6,17.8,38.5,18.3,40.1,0,19
2026-08-25 02:40:21,0,0,0,17.7,36.3,18.3,35.9,0,19
2026-08-25 02:45:21,0,0,0,17.8,34.9,18.4,36.6,0,19
2026-08-25 02:50:21,0,0,0,17.8,34.7,18.6,35,0,19
2026-08-25 02:55:21,0,0,0,17.9,34,18.9,34.3,0,19
2026-08-25 03:00:21,0,0,0,18.1,33.9,19.1,36.5,0,19
2026-08-25 03:05:21,1,5,5,18.3,35.5,19.3,37.2,0,19
2026-08-25 03:10:21,4,6,7,18.4,35.8,19.4,37.4,0,19
2026-08-25 03:15:21,0,4,4,18.5,35.2,19.5,36.8,0,19
2026-08-25 03:20:21,0,2,2,18.6,35.3,19.6,36.8,0,19
2026-08-25 03:25:21,0,1,2,18.7,34.4,19.6,36.5,0,19
2026-08-25 03:30:21,1,2,2,18.7,34.5,19.7,36.6,0,19
2026-08-25 03:35:21,0,0,0,18.8,33.4,19.7,33,0,19
2026-08-25 03:40:21,0,0,0,18.8,32.8,19.8,34.8,0,19
2026-08-25 03:45:21,0,0,0,18.8,32.5,19.9,34.3,0,19
2026-08-25 03:50:21,0,0,0,18.9,32.3,20,34.9,0,19
2026-08-25 03:55:21,0,0,0,18.9,32.2,20,32.7,0,19
2026-08-25 04:00:21,0,0,0,19,32.4,20.1,33.8,0,19
2026-08-25 04:05:21,0,0,0,19.1,32,20.2,31.8,0,19
2026-08-25 04:10:21,0,0,0,19.1,32,20.3,31.4,0,19
2026-08-25 04:15:21,0,0,0,19.2,32.4,20.3,31.7,0,19
2026-08-25 04:20:21,0,0,0,19.2,32.6,20.4,33.3,0,19
2026-08-25 04:25:21,0,0,0,19.3,33.5,20.4,34.4,0,19
2026-08-25 04:30:21,0,0,0,19.3,33.8,20.4,34.5,0,19
2026-08-25 04:35:21,0,0,0,19.3,33.9,20.4,34.6,0,19
2026-08-25 04:40:21,0,0,0,19.3,33.9,20.4,34.7,0,19
2026-08-25 04:45:21,0,0,0,19.3,33.9,20.4,34.7,0,19
2026-08-25 04:50:21,0,0,0,19.3,33.7,20.4,34.4,0,19
2026-08-25 04:55:22,0,0,0,19.3,33.3,20.4,34.5,0,19
2026-08-25 05:00:22,0,0,0,19.3,32.6,20.4,34.1,0,19
2026-08-25 05:05:21,0,0,0,19.3,32.7,20.4,34.1,0,19
2026-08-25 05:10:21,0,0,0,19.3,33.1,20.4,34.2,0,19
2026-08-25 05:15:22,0,0,0,19.3,32.9,20.4,34.1,0,19
2026-08-25 05:20:21,0,0,0,19.3,32.4,20.4,33.8,0,19
2026-08-25 05:25:22,0,0,0,19.3,31.9,20.4,33.4,0,19
2026-08-25 05:30:22,0,0,0,19.3,31.9,20.4,33.3,0,19
2026-08-25 05:35:21,0,0,0,19.3,32.1,20.4,33.4,0,19
2026-08-25 05:40:22,0,0,0,19.3,32.1,20.4,33.3,0,19
2026-08-25 05:45:22,0,0,0,19.3,31.9,20.4,33.2,0,19
2026-08-25 05:50:21,0,0,0,19.4,32.2,20.4,33.4,0,19
2026-08-25 05:55:21,0,0,0,19.3,31.6,20.4,30.7,0,19
2026-08-25 06:00:21,0,0,0,19.4,31.3,20.5,32.4,0,18
2026-08-25 06:05:21,0,0,0,19.4,31.3,20.5,32.3,0,18
2026-08-25 06:10:21,0,0,0,19.4,31.4,20.6,32.2,0,18
2026-08-25 06:15:21,0,0,0,19.5,31.3,20.6,32.2,0,18
2026-08-25 06:20:21,0,0,0,19.5,31.5,20.7,32.1,0,18
2026-08-25 06:25:22,0,0,0,19.5,31.3,20.7,31.8,0,18
2026-08-25 06:30:21,0,0,0,19.6,31.2,20.7,32.3,0,18
2026-08-25 06:35:22,0,0,0,19.6,31.2,20.8,32.3,0,18
2026-08-25 06:40:22,0,0,0,19.6,31.1,20.8,32,0,18
2026-08-25 06:45:22,0,0,0,19.6,31.1,20.8,32,0,18
2026-08-25 06:50:21,0,0,0,19.7,31.1,20.9,32.4,0,18
2026-08-25 06:55:21,0,0,0,19.6,31.1,20.8,30.6,0,18
2026-08-25 07:00:22,0,0,0,19.7,31.2,20.9,31.9,0,18
2026-08-25 07:05:22,0,0,0,19.6,31.2,20.8,31.6,0,18
2026-08-25 07:10:22,0,0,0,19.6,31,20.8,30.7,0,18
2026-08-25 07:15:22,0,0,0,19.6,30.7,20.8,29.8,0,18
2026-08-25 07:20:22,0,0,0,19.6,30.9,20.9,30.2,0,18
2026-08-25 07:25:22,0,0,0,19.7,30.9,20.9,31.2,0,18
2026-08-25 07:30:22,0,0,0,19.7,30.9,21,31.4,0,18
2026-08-25 07:35:22,0,0,0,19.7,30.5,21,30,0,18
2026-08-25 07:40:22,0,0,0,19.8,30.3,21,31.1,0,18
2026-08-25 07:45:22,0,0,0,19.8,30.3,21.1,31.2,0,18
2026-08-25 07:50:22,0,0,0,19.9,30.4,21.1,30.4,0,21
2026-08-25 07:55:22,0,0,0,19.9,30.7,21.1,30.8,0,21
2026-08-25 08:00:22,0,0,0,19.9,31.2,21.1,31.2,0,21
2026-08-25 08:05:22,0,0,0,19.8,31.4,21,31.5,0,20
2026-08-25 08:10:22,0,0,0,19.8,31.2,21,31.3,0,21
2026-08-25 08:15:22,0,0,0,19.7,31.6,20.9,31.6,0,21
2026-08-25 08:20:22,0,0,0,19.7,31.9,20.9,31.7,0,21
2026-08-25 08:25:22,0,0,0,19.7,31.8,20.8,32,0,21
2026-08-25 08:30:21,0,0,0,19.6,31.6,20.8,31.5,0,21
2026-08-25 08:35:22,0,0,0,19.6,31.9,20.7,31.8,0,21
2026-08-25 08:40:22,0,0,0,19.6,31.9,20.7,32,0,18
2026-08-25 08:45:22,0,0,0,19.5,32.1,20.6,32.3,0,21
2026-08-25 08:50:22,0,0,0,19.5,32.1,20.6,32.3,0,19
2026-08-25 08:55:22,0,0,0,19.4,32.3,20.5,32.7,0,19
2026-08-25 09:00:22,0,0,0,19.4,32.7,20.5,33.1,0,19
2026-08-25 09:05:22,0,0,0,19.4,33.1,20.5,33.2,0,19
2026-08-25 09:10:22,0,0,0,19.4,32.7,20.5,32.8,0,19
2026-08-25 09:15:22,0,0,0,19.4,32.4,20.5,32.8,0,19
2026-08-25 09:20:22,0,0,0,19.4,32.6,20.5,33.1,0,19
2026-08-25 09:25:22,0,0,0,19.4,32.7,20.5,33.1,0,19
2026-08-25 09:30:22,0,0,0,19.4,32.8,20.4,33.1,0,19
2026-08-25 09:35:22,0,0,0,19.4,32.9,20.4,33.2,0,19
2026-08-25 09:40:22,0,0,0,19.4,32.8,20.4,33.1,0,19
2026-08-25 09:45:22,0,0,0,19.4,32.9,20.4,33.1,0,19
2026-08-25 09:50:22,0,0,0,19.4,33.4,20.5,33.6,0,19
2026-08-25 09:55:22,0,0,0,19.4,33.3,20.5,33.5,0,19
2026-08-25 10:00:22,0,0,0,19.4,33.1,20.5,33.5,0,19
2026-08-25 10:05:22,0,0,0,19.4,33.2,20.5,33.5,0,19
2026-08-25 10:10:22,0,0,0,19.4,33.4,20.5,33.7,0,19
2026-08-25 10:15:22,0,0,0,19.5,34,20.6,34.1,0,19
2026-08-25 10:20:22,0,0,0,19.5,33.5,20.6,33.8,0,19
2026-08-25 10:25:22,0,0,0,19.5,33.6,20.6,33.8,0,19
2026-08-25 10:30:22,0,0,0,19.5,33.2,20.7,33.5,0,19
2026-08-25 10:35:22,0,0,0,19.5,33.2,20.7,33.7,0,19
2026-08-25 10:40:22,0,1,1,19.6,33.3,20.7,33.8,0,19
2026-08-25 10:45:22,0,0,0,19.6,33.4,20.8,33.7,0,19
2026-08-25 10:50:22,0,0,0,19.6,33,20.8,33.5,0,19
2026-08-25 10:55:22,0,0,0,19.7,33.1,20.8,33.7,0,19
2026-08-25 11:00:22,0,0,0,19.7,33,20.9,33.5,0,19
2026-08-25 11:05:22,0,0,0,19.7,33,20.9,33.2,0,19
2026-08-25 11:10:22,0,0,0,19.7,32.8,21,33.1,0,19
2026-08-25 11:15:22,0,0,0,19.8,32.7,21,33.3,0,19
2026-08-25 11:20:22,0,0,0,19.8,32.9,21.1,33.4,0,19
2026-08-25 11:25:22,0,0,0,19.9,32.9,21.1,33.4,0,19
2026-08-25 11:30:22,0,0,0,19.9,32.8,21.2,33.3,0,19
2026-08-25 11:35:22,0,1,1,20,32.7,21.2,33.3,0,19
2026-08-25 11:40:23,0,0,0,20,32.5,21.3,32.9,0,19
2026-08-25 11:45:22,0,0,0,20.1,32.3,21.4,32.9,0,19
2026-08-25 11:50:22,0,0,0,20.1,32.6,21.4,33,0,19
2026-08-25 11:55:22,0,1,3,20.2,32.6,21.5,33,0,19
2026-08-25 12:00:23,0,0,0,20.2,32.1,21.6,32.6,0,19
2026-08-25 12:05:22,0,0,0,20.2,31.8,21.6,32.4,0,19
2026-08-25 12:10:22,0,0,0,20.3,32.3,21.7,32.8,0,19
2026-08-25 12:15:22,0,0,0,20.3,31.7,21.7,31.2,0,19
2026-08-25 12:20:23,0,0,0,20.4,31.4,21.8,32.1,0,19
2026-08-25 12:25:22,0,0,0,20.4,31.5,21.8,31.3,0,19
2026-08-25 12:30:23,0,0,0,20.4,31.3,21.9,31.8,0,19
2026-08-25 12:35:23,0,0,0,20.5,31.7,22,31.6,0,19
2026-08-25 12:40:23,0,0,0,20.5,31.5,22,31.9,0,19
2026-08-25 12:45:23,0,0,0,20.6,31.7,22,32,0,19
2026-08-25 12:50:23,0,0,0,20.6,31.4,22.1,31.6,0,19
2026-08-25 12:55:22,0,2,2,20.6,31,22.1,31.7,0,19
2026-08-25 13:00:22,0,0,0,20.6,31.1,22.2,31.2,0,19
2026-08-25 13:05:22,0,0,0,20.7,31.1,22.2,31.5,0,19
2026-08-25 13:10:23,0,0,0,20.7,31.1,22.2,31,0,19
2026-08-25 13:15:23,0,0,0,20.7,31,22.3,31.3,0,19
2026-08-25 13:20:23,0,0,0,20.8,31.3,22.3,31.6,0,20
2026-08-25 13:25:23,1,13,15,20.8,31,22.4,31.2,0,20
2026-08-25 13:30:23,0,0,0,20.9,31.4,22.4,31.6,0,20
2026-08-25 13:35:23,0,0,0,20.9,31.2,22.4,31.3,0,20
2026-08-25 13:40:23,0,0,0,20.9,31.1,22.4,31.2,0,20
2026-08-25 13:45:23,0,0,0,20.9,30.7,22.4,31.2,0,20
2026-08-25 13:50:23,0,0,0,20.9,31.3,22.4,31.4,0,20
2026-08-25 13:55:23,0,0,0,20.9,31,22.4,31.3,0,20
2026-08-25 14:00:23,0,0,0,20.9,31.2,22.4,31.5,0,20
2026-08-25 14:05:23,0,0,0,21,32.3,22.4,32.3,0,20
2026-08-25 14:10:23,0,0,0,20.9,32.6,22.4,32.3,0,20
2026-08-25 14:15:23,0,0,0,20.9,32.6,22.4,32.4,0,20
2026-08-25 14:20:23,0,0,0,20.9,32.5,22.3,32.4,0,20
2026-08-25 14:25:23,0,0,0,20.9,31.9,22.3,32.1,0,20
2026-08-25 14:30:23,0,0,0,20.8,31.9,22.3,32.1,0,20
2026-08-25 14:35:23,0,0,0,20.8,31.3,22.2,31.5,0,20
2026-08-25 14:40:23,0,0,0,20.7,31.1,22.1,30,0,20
2026-08-25 14:45:23,0,0,0,20.7,31.1,22.1,30.9,0,20
2026-08-25 14:50:23,0,0,0,20.7,31.2,22.1,31.5,0,20
2026-08-25 14:55:23,0,0,0,20.6,31,22.1,31.4,0,20
2026-08-25 15:00:23,0,0,0,20.6,32.4,22.1,32.5,0,20
2026-08-25 15:05:23,0,0,0,20.6,33.9,22,33.8,0,20
2026-08-25 15:10:23,0,1,1,20.6,34.3,22,33.4,0,20
2026-08-25 15:15:23,0,1,1,20.6,34.9,21.9,34.2,0,20
2026-08-25 15:20:23,0,3,4,20.5,35.4,21.9,35.2,0,20
2026-08-25 15:25:23,7,13,13,20.5,36,21.8,35.1,0,20
2026-08-25 15:30:23,1,7,7,20.4,36.6,21.6,35.6,0,20
2026-08-25 15:35:23,1,3,3,20.3,36.6,21.5,35.9,0,20
2026-08-25 15:40:23,0,2,2,20.2,36.8,21.4,36.3,0,20
2026-08-25 15:45:23,0,3,3,20.1,36.9,21.2,36.4,0,20
2026-08-25 15:50:23,0,0,0,20,36.2,21.1,36.6,0,20
2026-08-25 15:55:23,0,0,0,19.9,34.1,20.9,34.2,0,20
2026-08-25 16:00:23,0,0,0,19.7,34.4,20.8,34.9,0,20
2026-08-25 16:05:23,0,0,0,19.7,33.5,20.8,34.3,0,20
2026-08-25 16:10:23,0,0,0,19.7,34.7,20.8,35.2,0,20
2026-08-25 16:15:23,0,0,0,19.7,34.8,20.8,35.1,0,20
2026-08-25 16:20:23,0,5,5,19.7,34.7,20.8,35.1,0,20
2026-08-25 16:25:23,0,0,0,19.7,34.6,20.8,34.9,0,20
2026-08-25 16:30:23,0,0,0,19.7,34.4,20.9,34.9,0,20
2026-08-25 16:35:23,0,0,0,19.7,34.4,20.9,34.8,0,20
2026-08-25 16:40:23,0,1,1,19.7,35.5,20.9,35.7,0,20
2026-08-25 16:45:23,0,0,0,19.7,37.1,20.9,36.7,0,20
2026-08-25 16:50:23,8,14,14,19.8,37.6,20.9,37.3,0,20
2026-08-25 16:55:23,2,4,4,19.7,38.3,20.8,38,0,20
2026-08-25 17:00:23,1,2,3,19.7,38.3,20.8,38.4,0,20
2026-08-25 17:05:23,1,2,2,19.6,38.4,20.7,38,0,20
2026-08-25 17:10:24,0,1,1,19.5,38,20.6,38.1,0,20
2026-08-25 17:15:23,0,0,1,19.5,37.9,20.5,38,0,20
2026-08-25 17:20:23,0,0,0,19.4,37.5,20.4,38.4,0,20
2026-08-25 17:25:23,0,0,0,19.4,37.5,20.4,37.7,0,20
2026-08-25 17:30:23,0,0,0,19.3,37.9,20.3,38.2,0,20
2026-08-25 17:35:23,0,0,0,19.3,38.8,20.2,38.8,0,20
2026-08-25 17:40:23,6,18,18,19.3,38.8,20.2,38.8,0,20
2026-08-25 17:45:24,2,4,4,19.2,38.8,20.2,38.9,0,20
2026-08-25 17:50:24,0,0,0,19.2,39.2,20.1,39.2,0,20
2026-08-25 17:55:23,0,0,0,19.2,38.7,20.1,38.8,0,20
2026-08-25 18:00:24,0,0,0,19.1,38,20.1,38.5,0,20
2026-08-25 18:05:24,0,0,0,19.1,37.3,20,37.9,0,20
2026-08-25 18:10:24,0,0,0,19.1,37.3,20,38.2,0,20
2026-08-25 18:15:24,0,0,0,19,37.5,20,38.4,0,20
2026-08-25 18:20:23,0,0,0,19,38.9,19.9,39.7,0,20
2026-08-25 18:25:24,0,0,0,19,40.1,19.9,40,0,20
2026-08-25 18:30:23,0,0,0,19,39.2,19.8,39.7,0,20
2026-08-25 18:35:23,0,0,0,18.9,40.5,19.8,40.7,0,20
2026-08-25 18:40:24,0,0,0,18.9,40.3,19.7,40.5,0,20
2026-08-25 18:45:24,0,0,0,18.8,39.9,19.7,40.4,0,20
2026-08-25 18:50:23,0,0,0,18.8,39.6,19.6,40.3,0,20
2026-08-25 18:55:24,0,0,0,18.7,38.9,19.5,39.8,0,20
2026-08-25 19:00:23,0,0,0,18.7,38.9,19.5,39.7,0,20
2026-08-25 19:05:23,0,0,0,18.7,38.5,19.5,39.7,0,20
2026-08-25 19:10:23,0,0,0,18.6,38.2,19.4,39.2,0,20
2026-08-25 19:15:23,0,0,0,18.6,37.6,19.4,38.6,0,20
2026-08-25 19:20:24,0,0,0,18.6,36.8,19.3,37.7,0,20
2026-08-25 19:25:23,0,0,0,18.5,36.4,19.2,37.3,0,20
2026-08-25 19:30:23,0,0,0,18.5,36,19.2,37.2,0,20
2026-08-25 19:35:24,0,0,0,18.4,35.5,19.2,37.4,0,20
2026-08-25 19:40:24,0,0,0,18.4,34.2,19.1,33.2,0,20
2026-08-25 19:45:23,0,0,0,18.4,35.2,19.2,36.8,0,20
2026-08-25 19:50:24,0,0,0,18.4,36.2,19.2,37.3,0,20
2026-08-25 19:55:23,0,0,0,18.4,36.2,19.2,37.5,0,20
2026-08-25 20:00:24,0,0,0,18.4,36.6,19.2,37.7,0,20
2026-08-25 20:05:23,0,0,0,18.5,37.3,19.2,38.3,0,20
2026-08-25 20:10:24,0,1,1,18.5,39.6,19.3,40.2,0,20
2026-08-25 20:15:24,3,5,6,18.5,41.4,19.2,41.4,0,20
2026-08-25 20:20:24,4,5,7,18.4,42.2,19.2,42.1,0,20
2026-08-25 20:25:24,2,4,4,18.4,42.4,19.1,42.7,0,20
2026-08-25 20:30:24,4,6,6,18.4,42.7,19.1,42.6,0,20
2026-08-25 20:35:24,3,5,5,18.3,42.7,19,42.7,0,20
2026-08-25 20:40:24,5,8,8,18.3,43.1,18.9,43.3,0,20
2026-08-25 20:45:24,5,8,8,18.2,43.5,18.9,43.9,0,20
2026-08-25 20:50:24,4,6,6,18.1,43,18.8,44.8,0,20
2026-08-25 20:55:24,4,9,9,18.1,43.9,18.7,44.9,0,20
2026-08-25 21:00:24,2,6,6,18,43.5,18.6,44.1,0,20
2026-08-25 21:05:24,1,2,2,17.9,42.6,18.5,43.3,0,20
2026-08-25 21:10:24,0,0,0,17.9,38.7,18.4,40.9,0,20
2026-08-25 21:15:24,0,0,0,17.8,38.7,18.4,40.7,0,20
2026-08-25 21:20:24,2,5,5,17.9,42,18.4,43,0,20
2026-08-25 21:25:24,3,5,6,17.9,43.3,18.4,44.6,0,20
2026-08-25 21:30:24,6,9,9,17.9,43.8,18.4,45,0,19
2026-08-25 21:35:24,4,8,8,18.7,43.7,21,40.6,1,19
2026-08-25 21:40:24,5,8,8,19,41.9,20.6,40.2,1,19
2026-08-25 21:45:24,4,8,8,18.7,41.8,19.7,41.6,1,19
2026-08-25 21:50:24,5,12,12,18.4,42.5,19,44.1,1,19
2026-08-25 21:55:24,4,7,7,18.2,42.9,18.6,43.9,1,19
2026-08-25 22:00:24,5,9,9,17.9,43.4,18.3,44.7,1,19
2026-08-25 22:05:24,5,9,9,17.7,44.1,18.1,45.6,1,19
2026-08-25 22:10:24,4,7,7,17.6,44.5,17.9,46,1,19
2026-08-25 22:15:24,4,9,9,17.4,45,17.7,46.8,1,19
2026-08-25 22:20:24,5,12,12,17.3,45.3,17.6,46.9,1,19
2026-08-25 22:25:24,5,10,12,17.2,45.7,17.4,47.4,1,19
2026-08-25 22:30:24,4,9,9,17.1,46.1,17.4,48,1,19
2026-08-25 22:35:24,5,12,12,17,46.2,17.3,47.8,1,19
2026-08-25 22:40:24,5,9,9,16.9,46.2,17.2,47.7,1,19
2026-08-25 22:45:24,4,9,9,16.9,45.8,17.1,47.8,1,19
2026-08-25 22:50:24,3,6,6,16.8,45.5,17.1,47.5,1,19
2026-08-25 22:55:24,3,5,5,16.8,45.6,17.1,47.5,1,19
2026-08-25 23:00:24,3,5,8,16.8,45.6,17,47.7,1,19
2026-08-25 23:05:24,1,5,5,16.8,45.1,17,47.1,1,19
2026-08-25 23:10:24,1,2,3,16.8,44.4,17,46.5,1,19
2026-08-25 23:15:24,0,1,1,16.8,44.4,17.1,46.5,1,19
2026-08-25 23:20:24,0,0,1,16.8,43.7,17.1,45.5,1,19
2026-08-25 23:25:24,0,0,0,16.8,42.3,17.1,44.8,1,19
2026-08-25 23:30:24,0,0,0,16.8,42.8,17.2,45,1,19
2026-08-25 23:35:24,0,0,0,16.9,42.7,17.3,44.8,1,19
2026-08-25 23:40:24,0,0,0,16.9,42.8,17.3,45,1,19
2026-08-25 23:45:24,0,1,1,17,42.9,17.4,45.5,1,19
2026-08-25 23:50:24,1,1,1,17,43.1,17.4,44.6,1,19
2026-08-25 23:55:24,0,0,0,17,41.8,17.5,44.1,1,19
2026-08-26 00:00:25,0,1,2,17.1,42,17.5,44.1,1,19
2026-08-26 00:05:24,0,1,1,17.1,42.8,17.5,44.5,1,19
2026-08-26 00:10:24,0,1,1,17.1,43,17.6,44.8,1,19
2026-08-26 00:15:24,0,1,1,17.2,43.3,17.6,44.9,1,19
2026-08-26 00:20:24,0,1,1,17.2,43.4,17.6,45,1,19
2026-08-26 00:25:25,0,2,2,17.2,43.5,17.6,45.2,1,19
2026-08-26 00:30:25,4,10,10,17.2,44.3,17.7,47.2,1,19
2026-08-26 00:35:25,5,6,7,17.2,44.9,17.6,46.7,1,19
2026-08-26 00:40:25,4,8,8,17.2,45.2,17.6,46.8,1,19
2026-08-26 00:45:25,5,9,9,17.2,45.4,17.5,46.8,1,19
2026-08-26 00:50:24,4,9,9,17.1,45.5,17.5,47.4,1,19
2026-08-26 00:55:25,4,8,9,17.1,45.6,17.4,47.3,1,19
2026-08-26 01:00:24,5,10,12,17,45.9,17.4,47.8,1,19
2026-08-26 01:05:25,5,13,13,17,46.3,17.3,49,1,19
2026-08-26 01:10:24,6,12,12,16.9,46.5,17.1,49.1,1,19
2026-08-26 01:15:25,5,13,13,16.8,46.7,17,48.6,1,19
2026-08-26 01:20:25,6,13,15,16.7,47.1,16.9,50.1,1,19
2026-08-26 01:25:24,4,12,12,16.6,47.6,16.8,50.4,1,19
2026-08-26 01:30:24,5,10,12,16.5,47.6,16.7,50.2,1,19
2026-08-26 01:35:24,4,10,10,16.5,47.9,16.6,50,1,19
2026-08-26 01:40:25,5,10,15,16.4,48.3,16.5,50.6,1,19
2026-08-26 01:45:25,6,15,15,16.3,48.4,16.4,50.6,1,19
2026-08-26 01:50:25,5,10,10,16.3,48.6,16.3,50.8,1,19
2026-08-26 01:55:25,5,10,10,16.2,48.7,16.2,51.2,1,19
2026-08-26 02:00:25,4,9,9,16.2,48.7,16.2,51.2,1,19
2026-08-26 02:05:25,5,12,12,16.1,48.8,16.1,51.5,1,19
2026-08-26 02:10:24,4,8,8,16,48.9,16.1,51.5,1,19
2026-08-26 02:15:25,4,10,10,16,49.2,16,51.6,1,19
2026-08-26 02:20:25,5,10,10,16,49.1,16,51.5,1,19
2026-08-26 02:25:25,7,10,12,16,49.3,16,52.1,1,19
2026-08-26 02:30:25,5,13,13,16,49.5,16,52.3,1,19
2026-08-26 02:35:24,5,10,12,16,49.5,16,52.6,1,19
2026-08-26 02:40:25,4,8,8,16,49.2,16,51.7,1,19
2026-08-26 02:45:25,3,8,8,16,48.8,16,51.3,1,19
2026-08-26 02:50:25,5,10,13,16,48.8,16,51.6,1,19
2026-08-26 02:55:25,5,10,14,16,49.5,16,52.7,1,19
2026-08-26 03:00:25,5,12,12,16,49.7,16,54.9,1,19
2026-08-26 03:05:25,3,9,9,16,49.2,16,51.6,1,19
2026-08-26 03:10:25,7,13,13,16,49.4,16,51.9,1,19
2026-08-26 03:15:25,5,9,10,16,49.8,16,52.7,1,19
2026-08-26 03:20:25,8,15,16,15.9,50.1,16,53.2,1,19
2026-08-26 03:25:25,7,17,20,15.9,50,16,52.4,1,19
2026-08-26 03:30:25,9,21,22,15.9,50,16,52.6,1,19
2026-08-26 03:35:25,8,22,22,15.9,50.2,15.9,52.6,1,19
2026-08-26 03:40:25,10,22,24,15.9,50.4,15.9,53.4,1,19
2026-08-26 03:45:25,8,21,23,15.8,50.6,15.8,54.7,1,19
2026-08-26 03:50:25,8,23,23,15.8,50.8,15.8,53.7,1,19
2026-08-26 03:55:25,4,9,9,15.8,50.6,15.7,53.7,1,19
2026-08-26 04:00:25,3,7,8,15.7,50.6,15.7,54,1,19
2026-08-26 04:05:25,3,7,7,15.7,50.6,15.6,54.5,1,19
2026-08-26 04:10:25,4,8,8,15.6,50.6,15.6,54.1,1,19
2026-08-26 04:15:25,3,9,9,15.6,50.9,15.5,54.2,1,19
2026-08-26 04:20:25,3,7,7,15.6,50.9,15.5,54.3,1,19
2026-08-26 04:25:25,2,5,5,15.5,50.7,15.4,54.4,1,19
2026-08-26 04:30:25,1,3,3,15.5,50.7,15.4,53.7,1,19
2026-08-26 04:35:25,0,2,2,15.4,50.5,15.3,54,1,19
2026-08-26 04:40:25,1,4,4,15.4,50.7,15.3,54.4,1,19
2026-08-26 04:45:25,1,2,2,15.4,50.9,15.3,54.5,1,19
2026-08-26 04:50:25,1,4,4,15.3,51.1,15.2,54.2,1,19
2026-08-26 04:55:25,0,1,1,15.3,51.3,15.2,54.5,1,19
2026-08-26 05:00:25,0,3,4,15.3,51.3,15.2,54.4,1,19
2026-08-26 05:05:25,0,3,4,15.2,51.3,15.1,54.3,1,19
2026-08-26 05:10:25,1,2,2,15.3,51.4,15.1,55.3,1,19
2026-08-26 05:15:25,1,2,2,15.2,51.2,15.1,54.6,1,19
2026-08-26 05:20:25,0,1,2,15.2,51.4,15.1,54.8,1,19
2026-08-26 05:25:25,0,1,1,15.2,51.7,15,55.1,1,19
2026-08-26 05:30:25,0,2,2,15.2,51.6,15,55.3,1,19
2026-08-26 05:35:25,0,2,2,15.2,51.7,15,55,1,19
2026-08-26 05:40:25,0,1,1,15.1,51.8,15,55.8,1,19
2026-08-26 05:45:25,0,1,1,15.1,51.9,15,55.4,1,19
2026-08-26 05:50:25,0,1,1,15.1,52.1,15,55.7,1,19
2026-08-26 05:55:25,0,1,1,15.1,52.1,14.9,55.9,1,19
2026-08-26 06:00:26,0,2,2,15.1,52.5,14.9,56.6,1,19
2026-08-26 06:05:25,0,1,3,15.1,52.3,14.9,55.9,1,19
2026-08-26 06:10:25,0,2,2,15.1,52.8,14.9,56.1,1,19
2026-08-26 06:15:25,0,2,2,15,52.8,14.8,56.3,1,19
2026-08-26 06:20:25,0,3,3,15,52.8,14.8,56.4,1,19
2026-08-26 06:25:26,1,1,1,15,52.8,14.8,56.7,1,19
2026-08-26 06:30:25,0,2,2,15,52.8,14.8,56.7,1,19
2026-08-26 06:35:26,0,3,3,15,52.8,14.8,56.5,1,19
2026-08-26 06:40:25,0,3,3,14.9,53,14.7,56.6,1,19
2026-08-26 06:45:25,0,2,2,14.9,53.2,14.7,57.1,1,19
2026-08-26 06:50:26,0,2,2,14.9,53.2,14.7,56.7,1,19
2026-08-26 06:55:26,0,3,3,14.9,53.3,14.7,56.7,1,19
2026-08-26 07:00:25,0,2,2,15,53.2,14.8,56.7,1,19
2026-08-26 07:05:25,0,2,2,14.9,53.3,14.8,56.7,1,19
2026-08-26 07:10:26,0,4,4,15,53.2,14.8,57,1,19
2026-08-26 07:15:26,2,3,4,15,53.1,14.8,56.8,1,19
2026-08-26 07:21:07,1,3,3,15,53.2,14.8,56.9,1,19
2026-08-26 07:25:26,0,2,2,15,53.2,14.8,57.1,1,19
2026-08-26 07:30:26,0,1,1,15,53.1,14.8,56.8,1,19
2026-08-26 07:35:26,0,3,3,15,53.1,14.8,57,1,19
2026-08-26 07:40:26,0,4,4,15,53.3,14.8,57,1,19
2026-08-26 07:45:25,0,3,3,15,53.3,14.8,57.1,1,19
2026-08-26 07:50:26,0,3,3,15,53.2,14.9,56.8,1,19
2026-08-26 07:55:26,0,3,3,15,53.2,14.9,57.3,1,19
2026-08-26 08:00:26,0,4,4,15.1,53.5,14.9,56.8,1,19
2026-08-26 08:05:26,1,2,2,15.1,53.2,14.9,56.7,1,19
2026-08-26 08:10:26,0,2,2,15.1,53.2,14.9,56.8,1,19
2026-08-26 08:15:26,0,1,1,15.1,53.1,14.9,56.7,1,19
2026-08-26 08:20:26,1,2,3,15.1,53.2,14.9,56.8,1,19
2026-08-26 08:25:26,1,4,4,15.1,53.3,15,56.9,1,19
2026-08-26 08:30:26,0,1,2,15.1,53.1,15,56.7,1,19
2026-08-26 08:35:26,0,2,2,15.1,53.2,15,56.8,1,19
2026-08-26 08:40:26,0,2,2,15.1,53.1,15,56.8,1,19
2026-08-26 08:45:26,0,2,3,15.1,53.3,15,56.8,1,19
2026-08-26 08:50:26,0,2,2,15.2,53.3,15,56.7,1,19
2026-08-26 08:55:26,0,1,1,15.2,53.1,15,56.8,1,19
2026-08-26 09:00:26,0,2,3,15.2,53,15.1,56.6,1,19
2026-08-26 09:05:26,1,2,2,15.2,53,15.1,56.7,1,19
2026-08-26 09:10:26,0,3,3,15.2,53.2,15.1,57,1,19
2026-08-26 09:15:26,1,2,2,15.2,53.3,15.1,56.8,1,19
2026-08-26 09:20:26,0,2,2,15.2,53,15.1,56.9,1,19
2026-08-26 09:25:26,0,3,3,15.2,53.3,15.1,56.9,1,19
2026-08-26 09:30:26,13,28,30,15.2,53.4,15.1,57.4,1,19
2026-08-26 09:35:26,2,6,6,15.2,53.3,15.1,57,1,19
2026-08-26 09:40:26,0,2,2,15.2,53.3,15.1,56.9,1,19
2026-08-26 09:45:26,1,4,4,15.2,53.3,15.1,57.2,1,19
2026-08-26 09:50:26,1,3,3,15.2,53.1,15.1,56.9,1,19
2026-08-26 09:55:26,3,4,4,15.2,53.2,15.1,57.2,1,19
2026-08-26 10:00:26,1,4,4,15.2,53.2,15.1,57.2,1,19
2026-08-26 10:05:26,2,3,4,15.3,53.4,15.1,57,1,19
2026-08-26 10:10:26,2,6,6,15.2,53.2,15.1,57.1,1,19
2026-08-26 10:15:26,3,6,6,15.2,53,15.1,56.9,1,19
2026-08-26 10:20:26,1,3,6,15.2,53,15.1,56.9,1,19
2026-08-26 10:25:26,2,4,6,15.3,53,15.2,56.9,1,19
2026-08-26 10:30:26,1,6,6,15.3,52.9,15.2,57.1,1,19
2026-08-26 10:35:27,1,3,3,15.3,52.7,15.2,56.5,1,19
2026-08-26 10:40:26,2,8,9,15.3,52.8,15.2,57.6,1,19
2026-08-26 10:45:27,2,6,6,15.3,52.5,15.2,56.6,1,19
2026-08-26 10:50:26,1,6,6,15.3,53,15.2,56.7,1,19
2026-08-26 10:55:27,4,8,8,15.3,52.8,15.2,56.7,1,19
2026-08-26 11:00:26,3,8,9,15.3,52.6,15.3,56.7,1,19
2026-08-26 11:05:27,3,8,8,15.3,52.6,15.3,56.5,1,19
2026-08-26 11:10:26,2,7,7,15.4,52.8,15.3,56.6,1,19
2026-08-26 11:13:04,3,3,3,15.2,53,15.3,56.6,1,19
2026-08-26 11:18:04,2,6,6,15.4,52.6,15.3,56.2,1,19
2026-08-26 11:23:05,2,8,9,15.4,52.7,15.3,56.4,1,19
2026-08-26 11:28:04,2,6,6,15.4,52.4,15.3,56.4,1,19
2026-08-26 11:33:04,1,6,6,15.4,52.2,15.4,56.2,1,19
2026-08-26 11:38:04,1,3,3,15.4,52,15.4,56,1,19
2026-08-26 11:43:04,1,4,4,15.5,51.9,15.5,55.9,1,19
2026-08-26 11:48:04,2,7,8,15.5,52,15.5,55.7,1,19
2026-08-26 11:53:04,1,7,7,15.5,52.4,15.5,55.9,1,19
2026-08-26 11:58:04,4,7,7,15.6,52.3,15.6,55.8,1,19
2026-08-26 12:03:05,2,6,6,15.6,52.2,15.6,55.9,1,19
2026-08-26 12:08:40,4,10,13,15.6,52.4,15.7,56.4,1,19
2026-08-26 12:13:04,3,8,8,15.6,52.2,15.7,56,1,19
2026-08-26 12:18:04,4,9,9,15.6,52.7,15.7,56.2,1,19
2026-08-26 12:23:09,2,7,7,15.7,52.5,15.7,55.8,1,19
2026-08-26 12:28:04,4,8,8,15.6,52.7,15.6,56.2,1,19
2026-08-26 12:33:04,4,10,10,15.6,52.5,15.6,56.1,1,19
2026-08-26 12:38:05,3,7,7,15.6,52.3,15.6,56.4,1,19
2026-08-26 12:43:05,4,15,15,15.6,53.2,15.6,56.7,1,19
2026-08-26 12:48:04,4,13,13,15.6,53.3,15.7,56.6,1,19
2026-08-26 12:53:04,5,14,15,15.7,53.7,15.7,56.8,1,19
2026-08-26 12:58:05,4,10,13,15.7,53.7,15.8,57,1,19
2026-08-26 13:03:05,6,13,13,15.7,53.5,15.8,57,1,19
2026-08-26 13:08:35,8,20,20,15.8,53.9,15.9,57.2,1,19
2026-08-26 13:13:04,7,19,21,15.8,53.4,15.9,57,1,19
2026-08-26 13:18:05,7,19,19,15.9,53.1,15.9,56.6,1,19
2026-08-26 13:23:04,19,47,59,15.8,53.4,16,56.7,1,19
2026-08-26 13:28:05,7,18,19,15.9,53.1,16,56.8,1,19
2026-08-26 13:33:05,8,15,16,15.9,52.7,16,56.2,1,19
2026-08-26 13:38:05,8,26,26,15.9,52.9,15.9,56.1,1,19
2026-08-26 13:43:05,7,19,20,15.9,53,15.9,56.6,1,19
2026-08-26 13:48:05,7,19,19,15.9,53.2,15.9,57,1,19
2026-08-26 13:53:05,7,16,16,15.8,52.8,15.9,56.5,1,19
2026-08-26 13:58:05,4,13,14,15.8,52.5,15.9,56.2,1,19
2026-08-26 14:03:05,6,15,16,15.8,52.1,15.8,56.2,1,19
2026-08-26 14:08:33,8,22,22,15.8,52.5,15.8,56.3,1,19
2026-08-26 14:13:05,3,6,7,15.8,51.8,15.8,55.6,1,19
2026-08-26 14:18:05,2,6,6,15.8,51,15.8,55.1,1,19
2026-08-26 14:23:05,0,1,1,15.8,49.3,15.8,53.9,1,19
2026-08-26 14:28:05,0,0,0,15.8,47.3,15.8,52.4,1,19
2026-08-26 14:33:04,0,0,0,15.7,44.9,15.8,48.8,1,19
2026-08-26 14:38:05,0,0,0,15.7,44.8,15.7,49.9,1,19
2026-08-26 14:43:04,0,0,0,15.7,44.8,15.7,46.2,1,19
2026-08-26 14:48:05,0,0,0,15.6,44.5,15.6,49.1,1,19
2026-08-26 14:53:05,0,0,0,15.6,44.1,15.6,47.2,1,19
2026-08-26 14:58:05,0,0,0,15.6,44.1,15.5,47.5,1,19
2026-08-26 15:03:05,0,0,0,15.5,43.6,15.4,48,1,19
2026-08-26 15:08:42,0,0,0,15.5,43.2,15.4,44.8,1,19
2026-08-26 15:13:05,0,0,0,15.4,42.6,15.4,45.5,1,19
2026-08-26 15:18:05,0,0,0,15.4,42.9,15.4,46.5,1,19
2026-08-26 15:23:05,0,0,0,15.4,42.8,15.4,44.4,1,19
2026-08-26 15:28:05,0,0,0,15.4,43.3,15.4,47.1,1,19
2026-08-26 15:33:04,0,0,0,15.4,42.8,15.3,45,1,19
2026-08-26 15:38:05,0,0,0,15.4,42.5,15.3,45.5,1,19
2026-08-26 15:43:05,0,0,0,15.4,41.9,15.3,45.3,1,19
2026-08-26 15:48:05,0,0,0,15.4,41.7,15.3,45.6,1,19
2026-08-26 15:53:05,0,0,0,15.4,41.3,15.4,44.6,1,19
2026-08-26 15:58:05,0,0,0,15.4,41.5,15.4,43.5,1,19
2026-08-26 16:03:05,0,0,0,15.4,42.5,15.4,46.3,1,19
2026-08-26 16:08:38,19,32,32,15.5,46.3,15.5,50,1,19
2026-08-26 16:13:05,22,32,32,15.5,49.2,15.6,51.9,1,19
2026-08-26 16:18:05,27,44,50,15.6,50.5,15.6,53,1,19
2026-08-26 16:23:05,22,38,39,15.6,51.3,15.6,54,1,19
2026-08-26 16:28:05,23,33,35,15.6,51.3,15.6,54,1,19
2026-08-26 16:33:05,20,29,29,15.7,51.5,15.7,54,1,19
2026-08-26 16:38:05,15,30,31,15.7,51.4,15.7,54,1,19
2026-08-26 16:43:06,19,33,33,15.7,51.7,15.7,54.8,1,19
2026-08-26 16:48:05,18,31,32,15.7,52.3,15.6,54.8,1,19
2026-08-26 16:53:05,18,28,31,15.6,52.3,15.6,55,1,19
2026-08-26 16:58:05,16,31,32,15.7,52.5,15.6,55.6,1,19
2026-08-26 17:03:05,28,43,49,15.6,52.6,15.6,55.7,1,19
2026-08-26 17:08:23,19,32,32,15.6,52.9,15.6,55.9,1,19
2026-08-26 17:13:05,14,28,30,15.7,52.6,15.6,55.6,1,19
2026-08-26 17:18:05,15,29,29,15.7,52.8,15.6,56.4,1,19
2026-08-26 17:23:05,16,31,31,15.6,53,15.6,56.3,1,19
2026-08-26 17:28:05,9,24,27,15.6,52.6,15.6,55.3,1,19
2026-08-26 17:33:05,9,27,28,15.6,52.5,15.5,55.7,1,19
2026-08-26 17:38:05,14,29,30,15.6,52.5,15.5,56.1,1,19
2026-08-26 17:43:05,14,31,31,15.6,52.4,15.4,56.2,1,19
2026-08-26 17:48:05,13,27,29,15.5,52.8,15.4,56.6,1,19
2026-08-26 17:53:05,26,43,51,15.5,53.2,15.4,56.6,1,19
2026-08-26 17:58:06,22,35,37,15.5,53.1,15.3,56.7,1,19
2026-08-26 18:03:05,21,31,35,15.4,53.1,15.3,57,1,19
2026-08-26 18:08:19,16,31,32,15.4,53.2,15.3,57,1,19
2026-08-26 18:13:05,13,28,29,15.4,53.4,15.3,57.2,1,19
2026-08-26 18:18:05,15,30,31,15.4,53.6,15.2,57.4,1,19
2026-08-26 18:23:06,13,29,29,15.4,53.6,15.2,57,1,19
2026-08-26 18:28:06,9,27,29,15.4,53.3,15.2,57.1,1,19
2026-08-26 18:33:06,7,21,21,15.3,52.7,15.2,56.4,1,19
2026-08-26 18:38:05,4,10,10,15.4,51.1,15.2,55.2,1,19
2026-08-26 18:43:06,8,19,21,15.4,51.5,15.2,55.8,1,19
2026-08-26 18:48:05,14,28,28,15.4,52.6,15.2,56.7,1,19
2026-08-26 18:53:05,16,29,31,15.4,53.4,15.2,57.4,1,19
2026-08-26 18:58:05,13,30,30,15.4,53.8,15.2,57.6,1,19
2026-08-26 19:03:06,15,32,33,15.3,54.1,15.2,57.8,1,19
2026-08-26 19:08:33,20,36,37,15.4,54.2,15.2,57.8,1,19
2026-08-26 19:13:06,19,32,32,15.3,54.4,15.1,58.9,1,19
2026-08-26 19:18:06,13,29,29,15.3,54.2,15.1,58,1,19
2026-08-26 19:23:06,13,27,27,15.3,54.2,15.2,58.2,1,19
2026-08-26 19:28:06,13,30,30,15.3,54.4,15.1,58,1,19
2026-08-26 19:33:05,14,31,32,15.3,54.2,15.1,57.7,1,19
2026-08-26 19:38:06,15,30,30,15.3,54.2,15.1,58,1,19
2026-08-26 19:43:06,9,26,26,15.3,54.2,15.1,58.1,1,19
2026-08-26 19:48:06,10,26,26,15.2,54.6,15.1,58.9,1,19
2026-08-26 19:53:06,9,26,26,15.2,54.7,15,58.6,1,19
2026-08-26 19:58:06,9,26,26,15.2,54.7,15,58.8,1,19
2026-08-26 20:03:05,10,27,27,15.2,54.6,15,58.8,1,19
2026-08-26 20:08:32,9,27,27,15.2,54.5,15,58.7,1,19
2026-08-26 20:13:06,9,24,24,15.1,54.6,14.9,58.3,1,19
2026-08-26 20:18:06,10,27,27,15.1,54.6,14.9,58.6,1,19
2026-08-26 20:23:06,8,24,26,15.1,54.7,14.9,58.9,1,19
2026-08-26 20:28:06,13,29,30,15.1,54.8,14.9,59.2,1,19
2026-08-26 20:33:06,13,24,27,15,55.1,14.8,59.1,1,19
2026-08-26 20:38:06,9,26,26,15,55.2,14.8,59.2,1,19
2026-08-26 20:43:06,11,24,24,15,55.2,14.8,59.7,1,19
2026-08-26 20:48:05,8,26,26,15,55.4,14.8,59.2,1,19
2026-08-26 20:53:06,9,22,24,15,55.2,14.7,59.1,1,19
2026-08-26 20:58:06,9,24,24,14.9,55.2,14.7,59.5,1,19
2026-08-26 21:03:06,9,23,23,14.9,55,14.7,59.2,1,19
2026-08-26 21:08:46,7,15,17,14.9,54.3,14.7,58.7,1,19
2026-08-26 21:13:06,8,23,23,14.9,54.8,14.7,59.3,1,19
2026-08-26 21:18:06,9,24,24,14.9,55,14.7,59.3,1,19
2026-08-26 21:23:06,9,20,20,14.9,55,14.7,59.3,1,19
2026-08-26 21:28:06,9,18,19,14.9,54.9,14.7,59.6,1,19
2026-08-26 21:33:06,7,17,17,14.9,54.2,14.6,58.6,1,19
2026-08-26 21:38:06,6,15,15,14.9,54.2,14.6,58.5,1,19
2026-08-26 21:43:06,7,20,20,14.9,54.7,14.6,59.1,1,19
2026-08-26 21:48:06,8,23,24,14.9,54.8,14.6,59.2,1,19
2026-08-26 21:53:06,8,23,23,14.9,54.6,14.6,59,1,19
2026-08-26 21:58:06,11,24,24,14.9,55.1,14.6,59.6,1,19
2026-08-26 22:03:07,8,14,16,14.9,54.9,14.6,59.7,1,19
2026-08-26 22:08:22,8,24,24,14.9,54.8,14.6,59.3,1,19
2026-08-26 22:13:06,8,20,22,14.9,54.9,14.6,59.5,1,19
2026-08-26 22:18:06,8,23,23,14.9,55.1,14.6,59.2,1,19
2026-08-26 22:23:06,7,24,24,14.8,55.1,14.6,59.2,1,19
2026-08-26 22:28:06,4,8,8,14.8,54.8,14.5,59.3,1,19
2026-08-26 22:33:06,0,1,1,14.8,52.9,14.5,56.9,1,19
2026-08-26 22:38:06,4,8,8,14.8,53.3,14.5,58.4,1,19
2026-08-26 22:43:06,8,20,23,14.8,54.4,14.5,59,1,19
2026-08-26 22:48:06,7,19,22,14.8,54.5,14.5,59.3,1,19
2026-08-26 22:53:06,6,13,14,14.8,54.5,14.5,59,1,19
2026-08-26 22:58:06,7,15,17,14.8,54.7,14.5,59.3,1,19
2026-08-26 23:03:06,7,17,18,14.8,54.8,14.4,59.3,1,19
2026-08-26 23:08:36,6,11,11,14.8,55.1,14.4,59.4,1,19
2026-08-26 23:13:06,6,11,11,14.8,54.7,14.4,59,1,19
2026-08-26 23:18:06,4,10,13,14.8,55,14.4,59.4,1,19
2026-08-26 23:23:06,2,6,6,14.8,54.6,14.4,59.1,1,20
2026-08-26 23:28:06,4,11,13,14.7,54.8,14.4,59.3,1,20
2026-08-26 23:33:06,7,14,17,14.7,54.8,14.4,59.2,1,20
2026-08-26 23:38:06,4,11,11,14.7,54.9,14.4,59.4,1,20
2026-08-26 23:43:06,6,9,9,14.7,55.3,14.4,59.7,1,20
2026-08-26 23:48:06,3,9,9,14.8,55,14.4,59.5,1,20
2026-08-26 23:53:06,4,7,7,14.7,55,14.4,59.5,1,20
2026-08-26 23:58:06,1,6,7,14.8,54.9,14.4,59.4,1,20
2026-08-27 00:03:07,6,14,14,14.7,54.6,14.4,59.2,1,20
2026-08-27 00:08:32,3,13,14,14.8,55.1,14.4,59.7,1,20
2026-08-27 00:13:06,6,13,17,14.7,55.6,14.4,60.1,1,20
2026-08-27 00:18:07,6,13,13,14.7,55.3,14.4,59.9,1,20
2026-08-27 00:23:06,8,22,23,14.8,55.7,14.4,60.3,1,20
2026-08-27 00:28:06,7,14,14,14.7,55.8,14.4,60.2,1,20
2026-08-27 00:33:06,6,15,17,14.7,55.8,14.4,60.1,1,20
2026-08-27 00:38:06,6,18,19,14.7,55.5,14.4,60.1,1,20
2026-08-27 00:43:06,6,21,22,14.7,55.7,14.4,60.3,1,20
2026-08-27 00:48:06,6,11,14,14.7,55.6,14.4,60,1,20
2026-08-27 00:53:06,8,16,17,14.7,55.7,14.4,60.1,1,20
2026-08-27 00:58:06,7,23,24,14.7,55.8,14.4,60.3,1,20
2026-08-27 01:03:06,11,22,22,14.7,55.9,14.4,60.6,1,17
2026-08-27 01:08:35,11,28,28,14.7,56,14.4,60.5,1,17
2026-08-27 01:13:07,9,24,24,14.6,56.1,14.3,60.6,1,18
2026-08-27 01:18:07,9,24,27,14.6,56.1,14.3,60.7,1,18
2026-08-27 01:23:06,11,28,29,14.7,56.2,14.3,60.8,1,18
2026-08-27 01:28:07,11,24,24,14.7,56.2,14.3,60.6,1,18
2026-08-27 01:33:07,8,22,23,14.6,55.7,14.3,60.8,1,17
2026-08-27 01:38:06,8,26,26,14.6,55.9,14.3,60.8,1,17
2026-08-27 01:43:07,7,23,23,14.7,56.2,14.3,60.8,1,18
2026-08-27 01:48:07,11,24,24,14.6,55.8,14.3,60.8,1,18
2026-08-27 01:53:07,9,24,24,14.6,56.1,14.3,61.1,1,18
2026-08-27 01:58:07,9,26,26,14.6,56.1,14.3,60.8,1,18
2026-08-27 02:03:07,9,24,27,14.6,56.2,14.3,61.2,1,18
2026-08-27 02:08:35,9,24,27,14.6,56.4,14.3,61.4,1,18
2026-08-27 02:13:06,8,23,23,14.6,56.3,14.2,61.1,1,18
2026-08-27 02:18:06,9,27,27,14.6,56.3,14.2,61.5,1,18
2026-08-27 02:23:07,9,23,24,14.6,56.5,14.2,61.4,1,18
2026-08-27 02:28:07,8,22,23,14.6,56.3,14.2,61.3,1,18
2026-08-27 02:33:07,8,23,23,14.5,56.1,14.2,61.2,1,18
2026-08-27 02:38:07,8,23,24,14.5,56.3,14.2,61.2,1,18
2026-08-27 02:43:07,8,24,24,14.5,56.1,14.1,61.1,1,18
2026-08-27 02:48:07,7,22,22,14.5,56.2,14.1,61.3,1,18
2026-08-27 02:53:07,8,23,23,14.5,56.2,14.1,61.3,1,18
2026-08-27 02:58:07,7,23,27,14.5,56.2,14.1,61.4,1,18
2026-08-27 03:03:07,10,23,25,14.5,56.1,14.1,61.2,1,18
2026-08-27 03:08:33,9,23,23,14.5,56,14.1,61,1,18
2026-08-27 03:13:07,8,18,19,14.5,56.1,14.1,61.2,1,18
2026-08-27 03:18:07,7,21,21,14.5,56,14.1,61,1,18
2026-08-27 03:23:07,7,20,22,14.5,55.9,14.1,61.1,1,18
2026-08-27 03:28:07,7,17,19,14.5,55.7,14.1,61,1,18
2026-08-27 03:33:06,9,19,22,14.5,55.8,14.1,60.9,1,18
2026-08-27 03:38:07,7,17,18,14.5,55.3,14.1,60.7,1,18
2026-08-27 03:43:07,7,14,14,14.5,55.2,14.1,60.5,1,18
2026-08-27 03:48:07,7,13,14,14.4,55.3,14,60.5,1,18
2026-08-27 03:53:07,8,17,18,14.4,55.2,14,60.3,1,18
2026-08-27 03:58:07,7,13,13,14.4,55,14,60.4,1,18
2026-08-27 04:03:07,7,14,16,14.4,54.9,14,60.4,1,18
2026-08-27 04:08:21,6,13,13,14.4,55,13.9,60.3,1,18
2026-08-27 04:13:07,6,14,16,14.4,55,13.9,60.3,1,18
2026-08-27 04:18:07,4,11,13,14.4,55.2,13.9,60.5,1,18
2026-08-27 04:23:07,7,14,14,14.3,54.9,13.9,60.2,1,18
2026-08-27 04:28:07,6,16,16,14.3,54.8,13.9,60.3,1,17
2026-08-27 04:33:07,6,11,11,14.3,54.9,13.8,60.1,1,17
2026-08-27 04:38:07,4,9,9,14.3,54.4,13.8,59.8,1,17
2026-08-27 04:43:07,3,8,11,14.3,54.3,13.8,59.6,1,17
2026-08-27 04:48:07,6,13,13,14.3,54.1,13.8,59.6,1,17
2026-08-27 04:53:07,5,10,10,14.3,54,13.8,59.6,1,17
2026-08-27 04:58:07,4,8,8,14.2,54,13.7,59.4,1,17
2026-08-27 05:03:07,3,8,9,14.2,53.9,13.7,59.5,1,17
2026-08-27 05:08:41,3,10,10,14.2,53.9,13.6,59.5,1,17
2026-08-27 05:13:07,5,8,8,14.2,54.1,13.6,59.5,1,17
2026-08-27 05:18:07,3,7,7,14.2,54.1,13.6,59.5,1,17
2026-08-27 05:23:07,5,8,10,14.1,53.7,13.6,59.4,1,17
2026-08-27 05:28:07,6,10,10,14.1,53.8,13.5,59.5,1,17
2026-08-27 05:33:07,6,9,11,14.1,53.9,13.5,59.4,1,17
2026-08-27 05:38:07,2,9,9,14,53.8,13.5,59.4,1,17
2026-08-27 05:43:07,3,8,8,14,53.8,13.4,59.2,1,17
2026-08-27 05:48:07,3,6,6,14,53.6,13.4,58.9,1,17
2026-08-27 05:53:07,3,6,7,13.9,53.2,13.3,58.8,1,17
2026-08-27 05:58:07,3,7,7,13.9,53.4,13.3,58.8,1,17
2026-08-27 06:03:07,2,6,6,13.9,53.2,13.3,58.8,1,17
2026-08-27 06:08:29,3,8,8,13.9,53.1,13.2,58.8,1,17
2026-08-27 06:13:07,3,9,9,13.8,53.2,13.2,58.9,1,17
2026-08-27 06:18:07,5,11,11,13.8,53.5,13.2,59.2,1,17
2026-08-27 06:23:07,5,13,13,13.8,53.5,13.1,59.2,1,17
2026-08-27 06:28:07,6,11,13,13.8,53.7,13.1,59.3,1,17
2026-08-27 06:33:07,5,10,13,13.7,53.8,13.1,59.4,1,17
2026-08-27 06:38:07,7,21,21,13.8,53.7,13.1,59.4,1,17
2026-08-27 06:43:07,5,13,13,13.8,53.5,13.1,59.2,1,17
2026-08-27 06:48:08,7,13,16,13.7,53.6,13.1,59.2,1,20
2026-08-27 06:53:07,5,11,11,13.7,53.8,13,59.3,1,17
2026-08-27 06:58:07,6,10,11,13.7,53.7,13,59.4,1,17
2026-08-27 07:03:07,6,16,16,13.7,53.7,13,59.3,1,17
2026-08-27 07:08:34,3,13,17,13.7,53.7,13,59.4,1,17
2026-08-27 07:13:07,5,13,13,13.6,53.6,13,59.2,1,17
2026-08-27 07:18:07,7,17,21,13.7,53.8,12.9,59.5,1,20
2026-08-27 07:23:08,7,17,20,13.6,53.8,12.9,59.5,1,20
2026-08-27 07:28:08,6,17,19,13.6,53.9,12.9,59.7,1,20
2026-08-27 07:33:08,6,20,21,13.6,54.2,12.9,59.7,1,20
2026-08-27 07:38:07,7,17,18,13.6,54.3,12.9,59.7,1,20
2026-08-27 07:43:08,6,21,22,13.6,54.2,12.9,59.8,1,17
2026-08-27 07:48:07,6,20,21,13.5,54.2,12.9,59.7,1,20
2026-08-27 07:53:07,6,18,18,13.6,54.1,12.9,59.8,1,20
2026-08-27 07:58:08,7,16,17,13.6,54.2,12.9,59.7,1,20
2026-08-27 08:03:08,8,17,20,13.6,54,12.9,59.7,1,20
2026-08-27 08:08:41,6,17,18,13.6,54.2,12.9,59.8,1,20
2026-08-27 08:13:08,6,13,15,13.6,54.4,12.9,59.9,1,20
2026-08-27 08:18:07,6,19,19,13.6,54.5,12.9,59.9,1,20
2026-08-27 08:23:07,6,14,15,13.6,54.5,13,60,1,20
2026-08-27 08:28:08,6,11,11,13.6,54.8,13,60,1,20
2026-08-27 08:33:07,5,11,14,13.7,54.9,13.1,60.3,1,20
2026-08-27 08:38:08,3,11,14,13.7,55.2,13.1,60.4,1,20
2026-08-27 08:43:08,5,11,11,13.8,55.2,13.2,60.4,1,20
2026-08-27 08:48:07,3,7,7,13.8,55.2,13.3,60.3,1,20
2026-08-27 08:53:08,7,22,23,13.9,54.9,13.3,60.1,1,20
2026-08-27 08:58:08,3,10,13,13.9,55,13.4,60.1,1,20
2026-08-27 09:03:08,3,13,13,14,55,13.5,59.9,1,20
2026-08-27 09:08:43,2,9,9,14.1,54.8,13.6,59.9,1,20
2026-08-27 09:13:08,3,10,10,14.2,54.8,13.7,59.8,1,20
2026-08-27 09:18:08,6,11,13,14.3,54.8,13.9,59.8,1,20
2026-08-27 09:23:08,3,8,9,14.3,54.8,14,59.6,1,20
2026-08-27 09:28:08,7,22,22,14.4,54.8,14.2,59.5,1,19
2026-08-27 09:33:07,7,23,23,14.5,54.8,14.3,59.4,1,19
2026-08-27 09:38:08,6,18,18,14.7,54.9,14.5,59.2,1,20
2026-08-27 09:43:08,9,28,28,14.8,55,14.7,59.3,1,20
2026-08-27 09:48:08,8,24,24,15,54.6,14.9,58.7,1,20
2026-08-27 09:53:08,8,24,26,15.1,54.7,15.2,58.5,1,20
2026-08-27 09:58:07,8,22,23,15.3,53.9,15.4,58.2,1,20
2026-08-27 10:03:08,7,22,22,15.4,53.8,15.6,57.8,1,20
2026-08-27 10:08:20,9,27,30,15.6,54,15.8,57.8,1,19
2026-08-27 10:13:08,14,31,31,15.7,53.8,15.9,57.8,1,20
