fecha,pm1_ugm3,pm25_ugm3,pm10_ugm3,temperatura_c,humedad_pct,temperatura_interna_c,humedad_interna_pct,relay,senal
2026-09-01 11:47:51,0,0,0,,,20.2,42.9,0,16
2026-09-01 12:04:38,0,0,0,,,20.1,43,0,24
2026-09-01 12:13:06,1,2,3,16.5,52.2,20.4,41.5,0,27
2026-09-01 12:18:06,1,1,1,18.1,47,20.9,39.3,0,22
2026-09-01 12:23:07,0,4,4,18.9,45.1,21.3,38.6,0,26
2026-09-01 12:28:06,1,3,4,19.5,43.4,21.7,37.5,0,21
2026-09-01 12:33:07,0,3,3,19.9,42.6,22.1,36.7,0,27
2026-09-01 12:38:07,1,3,3,20.3,42,22.4,36.4,0,27
2026-09-01 12:43:06,1,3,3,20.6,41.2,22.8,35.9,0,22
2026-09-01 12:48:07,2,2,3,20.8,40,23,35.1,0,27
2026-09-01 12:53:07,1,3,3,21,39.2,23.1,34.2,0,22
2026-09-01 12:58:06,0,5,5,21.2,39,23.3,34.1,0,27
2026-09-01 13:03:06,0,3,3,21.3,38.8,23.5,34.2,0,21
2026-09-01 13:08:06,0,3,3,21.5,38.9,23.6,34.2,0,28
2026-09-01 13:13:07,0,2,2,21.7,38.6,23.8,33.7,0,22
2026-09-01 13:18:06,0,2,3,21.8,38.6,24,34.2,0,27
2026-09-01 13:23:07,1,4,5,21.9,38,24.1,33.5,0,20
2026-09-01 13:28:07,1,4,4,22,38.2,24.2,33.6,0,26
2026-09-01 13:33:07,2,5,5,22.1,38,24.4,33.4,0,22
2026-09-01 13:38:07,1,4,4,22.2,37.9,24.5,33.4,0,25
2026-09-01 13:43:07,1,6,6,22.3,37.5,24.6,33.2,0,22
2026-09-01 13:48:07,5,11,11,22.4,37.3,24.7,32.9,0,26
2026-09-01 13:53:07,4,8,8,22.5,38.1,24.8,33.7,0,21
2026-09-01 13:58:07,3,6,8,22.6,37.7,25,33.3,0,26
2026-09-01 14:03:07,4,7,9,22.7,37.5,25,33.4,0,23
2026-09-01 14:08:07,4,8,9,22.7,37.5,25.1,33.3,0,27
2026-09-01 14:13:07,3,8,8,22.8,37.5,25.2,33.2,0,31
2026-09-01 14:18:06,3,6,6,22.9,37,25.2,32.7,0,21
2026-09-01 14:23:07,4,8,8,22.9,36.9,25.3,32.4,0,27
2026-09-01 14:28:07,5,8,8,22.9,36.7,25.3,32.4,0,22
2026-09-01 14:33:07,4,6,7,22.9,36.6,25.3,32.5,0,27
2026-09-01 14:38:07,3,7,7,23,36.3,25.3,32,0,27
2026-09-01 14:43:07,4,6,7,22.9,36.4,25.2,32.1,0,23
2026-09-01 14:48:07,2,7,7,22.9,36.2,25.2,32,0,29
2026-09-01 14:53:07,1,4,4,22.9,36.1,25.2,31.6,0,22
2026-09-01 14:58:07,1,5,5,22.9,35.5,25.2,31,0,26
2026-09-01 15:03:07,1,4,5,22.9,35.6,25.2,31.3,0,26
2026-09-01 15:08:07,1,4,6,22.9,35.7,25.2,31.4,0,22
2026-09-01 15:13:07,4,8,8,22.9,35.2,25.1,30.9,0,26
2026-09-01 15:18:07,5,11,12,22.9,35.4,25.1,31.1,0,21
2026-09-01 15:23:07,5,8,8,22.9,35.4,25.1,31.3,0,26
2026-09-01 15:28:07,1,6,6,22.9,34.8,25,30.5,0,21
2026-09-01 15:33:07,4,7,7,22.8,34.9,24.9,30.8,0,26
2026-09-01 15:38:07,3,9,11,22.7,34.9,24.8,30.9,0,22
2026-09-01 15:43:07,3,7,8,22.7,34.9,24.7,30.9,0,27
2026-09-01 15:48:07,2,8,11,22.6,34.7,24.6,30.8,0,28
2026-09-01 15:53:07,4,11,11,22.5,35,24.5,30.8,0,22
2026-09-01 15:58:07,15,30,34,22.4,34.6,24.4,30.4,0,27
2026-09-01 16:03:07,5,15,18,22.4,34.7,24.2,30.7,0,27
2026-09-01 16:08:07,4,14,16,22.3,34.3,24.1,30.2,0,27
2026-09-01 16:13:07,4,12,12,22.2,34.4,24,30.5,0,21
2026-09-01 16:18:07,4,13,18,22.2,34.4,24,30.5,0,26
2026-09-01 16:23:07,6,19,19,22.1,34.3,23.9,30.5,0,21
2026-09-01 16:28:07,3,12,13,22,34.6,23.8,30.8,0,27
2026-09-01 16:33:07,4,15,18,21.9,34.5,23.7,30.6,0,25
2026-09-01 16:38:07,5,19,20,21.9,34.7,23.6,30.7,0,27
2026-09-01 16:43:07,3,11,13,21.8,34.4,23.5,30.7,0,26
2026-09-01 16:48:07,5,11,16,21.7,34.4,23.4,30.7,0,26
2026-09-01 16:53:07,5,16,18,21.6,34.5,23.3,30.6,0,29
2026-09-01 16:58:07,7,25,26,21.5,34.8,23.1,31.2,0,22
2026-09-01 17:03:07,11,28,30,21.4,34.7,23,31.6,0,28
2026-09-01 17:08:07,11,30,34,21.3,35.6,22.9,33,0,22
2026-09-01 17:13:08,11,29,35,21.2,35.8,22.8,32.9,0,25
2026-09-01 17:18:07,15,31,38,21.2,36.1,22.7,33.5,0,21
2026-09-01 17:23:08,19,36,43,21.1,36.4,22.6,33.9,0,26
2026-09-01 17:28:07,20,35,39,21,37,22.5,34.5,0,23
2026-09-01 17:33:07,18,35,38,20.9,37.2,22.4,35.1,0,29
2026-09-01 17:38:08,17,35,41,20.9,37.3,22.4,35.2,0,25
2026-09-01 17:43:08,17,35,42,20.8,37.7,22.3,35.5,0,28
2026-09-01 17:48:07,19,35,38,20.8,37.9,22.1,36,0,27
2026-09-01 17:53:08,19,34,38,20.7,38.1,22,36,0,21
2026-09-01 17:58:08,18,36,43,20.6,38.3,22,36.4,0,26
2026-09-01 18:03:07,21,38,48,20.6,38.9,21.9,37.4,0,28
2026-09-01 18:08:08,28,46,58,20.5,39.3,21.8,37.6,0,26
2026-09-01 18:13:07,26,47,58,20.4,39.8,21.8,38.2,0,28
2026-09-01 18:18:08,23,38,45,20.4,39.7,21.6,38.4,0,27
2026-09-01 18:23:07,19,38,43,20.3,40.2,21.6,38.9,0,22
2026-09-01 18:28:08,16,35,37,20.2,40.9,21.5,39.5,0,27
2026-09-01 18:33:08,16,32,39,20.2,40.6,,,0,21
2026-09-01 18:38:07,11,29,32,20.1,41,,,0,27
2026-09-01 18:43:08,9,27,29,20,41,,,0,26
2026-09-01 18:48:07,8,25,27,20,41.3,,,0,21
2026-09-01 18:53:08,7,22,26,19.9,41.4,,,0,26
2026-09-01 18:58:08,6,21,24,19.9,41.3,,,0,21
2026-09-01 19:03:08,7,21,22,19.8,41.2,,,0,26
2026-09-01 19:08:08,6,22,22,19.8,41.4,,,0,30
2026-09-01 19:13:08,7,20,22,19.7,41.4,,,0,23
2026-09-01 19:18:08,6,18,21,19.7,41.4,,,0,20
2026-09-01 19:23:08,6,19,21,19.6,41.8,,,0,20
2026-09-01 19:28:08,5,16,17,19.6,41.6,,,0,20
2026-09-01 19:33:08,4,9,9,19.5,41.4,,,0,20
2026-09-01 19:38:08,6,16,20,19.4,41.4,,,0,23
2026-09-01 19:43:08,5,15,18,19.4,41.4,,,0,20
2026-09-01 19:48:08,8,21,22,19.3,41.3,,,0,20
2026-09-01 19:53:08,8,25,25,19.3,41.4,,,0,20
2026-09-01 19:58:08,8,26,26,19.2,41.6,,,0,23
2026-09-01 20:03:08,7,25,26,19.2,42.1,,,0,20
2026-09-01 20:08:08,7,24,26,19.2,42.3,,,0,20
2026-09-01 20:13:08,10,31,34,19.1,42.2,20,41.3,0,20
2026-09-01 20:18:08,8,26,26,19.1,42.2,20,41.5,0,20
2026-09-01 20:23:08,9,25,28,19,42.6,19.9,41.9,0,20
2026-09-01 20:28:08,10,29,29,19,42.6,19.9,41.9,0,20
2026-09-01 20:33:08,9,27,30,18.9,42.9,19.9,42.1,0,20
2026-09-01 20:38:08,7,25,28,18.9,42.7,19.8,41.9,0,20
2026-09-01 20:43:08,7,24,29,18.9,42.9,19.7,42.1,0,20
2026-09-01 20:48:08,7,24,28,18.8,42.9,19.7,42.1,0,23
2026-09-01 20:53:08,9,26,27,18.8,43.2,19.7,42.5,0,20
2026-09-01 20:58:08,8,25,28,18.8,43.4,19.6,42.9,0,20
2026-09-01 21:03:08,9,22,25,18.7,43.3,19.6,42.8,0,20
2026-09-01 21:08:08,9,24,24,18.7,43.3,19.5,42.6,0,23
2026-09-01 21:13:08,9,22,24,18.7,43,19.5,42.3,0,22
2026-09-01 21:18:08,10,22,28,18.6,43.3,19.4,42.9,0,22
2026-09-01 21:23:08,9,24,27,18.6,43.6,19.4,43.1,0,19
2026-09-01 21:28:08,6,24,24,18.6,43.5,19.3,42.9,0,20
2026-09-01 21:33:08,9,25,27,18.5,43.7,19.3,43.1,0,20
2026-09-01 21:38:08,7,25,28,18.5,43.6,19.3,43.3,0,20
2026-09-01 21:43:08,9,26,27,18.4,43.8,19.2,43.5,0,20
2026-09-01 21:48:08,10,27,28,18.4,44.1,19.2,43.8,0,20
2026-09-01 21:53:08,6,22,26,18.4,44.2,19.1,43.9,0,20
2026-09-01 21:58:08,5,21,25,18.3,44,19.1,43.6,0,20
2026-09-01 22:03:08,6,22,22,18.3,43.8,19,43.2,0,20
2026-09-01 22:08:08,6,20,23,18.3,44.1,19,43.7,0,20
2026-09-01 22:13:08,6,25,26,18.2,44,19,43.6,0,20
2026-09-01 22:18:08,6,22,22,18.2,44.3,18.9,43.9,0,20
2026-09-01 22:23:08,6,23,27,18.2,44.4,18.8,44.4,0,20
2026-09-01 22:28:08,6,20,22,18.1,44.7,18.8,44.5,0,20
2026-09-01 22:33:08,6,26,26,18.1,44.7,18.7,44.3,0,20
2026-09-01 22:38:08,6,20,23,18,44.3,18.7,43.6,0,20
2026-09-01 22:43:08,6,20,23,18,44.5,18.6,44.2,0,20
2026-09-01 22:48:08,6,20,21,17.9,44.6,18.6,44.4,0,20
2026-09-01 22:53:09,5,19,19,17.9,44.8,18.5,44.7,0,20
2026-09-01 22:58:08,7,23,25,17.9,44.9,18.5,44.7,0,20
2026-09-01 23:03:09,6,19,22,17.9,44.5,18.5,44,0,20
2026-09-01 23:08:08,5,18,22,17.8,44.8,18.4,44.5,0,20
2026-09-01 23:13:09,5,18,20,17.8,45,18.4,44.6,0,20
2026-09-01 23:18:09,8,17,20,17.8,44.8,18.4,44.4,0,20
2026-09-01 23:23:08,5,20,20,17.8,45,18.3,44.4,0,20
2026-09-01 23:28:09,7,18,21,17.8,45.3,18.3,45.1,0,20
2026-09-01 23:33:09,7,15,17,17.7,44.9,18.3,44.7,0,20
2026-09-01 23:38:08,5,13,16,17.7,45.1,18.3,44.5,0,20
2026-09-01 23:43:08,5,17,19,17.7,45.1,18.3,45.1,0,20
2026-09-01 23:48:08,6,15,18,17.7,45.2,18.2,44.6,0,20
2026-09-01 23:53:09,5,12,13,17.6,44.7,18.2,43.8,0,20
2026-09-01 23:58:09,3,7,9,17.7,44.3,18.2,43.7,0,20
2026-09-02 00:03:09,2,10,15,17.6,44,18.1,43.2,0,20
2026-09-02 00:08:09,2,8,8,17.6,44.1,18.1,43.3,0,20
2026-09-02 00:13:08,2,7,8,17.6,44,18.1,43.1,0,20
2026-09-02 00:18:09,1,4,4,17.6,43.5,18.1,42.4,0,20
2026-09-02 00:23:09,0,1,1,17.6,42.8,18.1,41,0,20
2026-09-02 00:28:09,0,1,1,17.6,42.6,18.1,41,0,20
2026-09-02 00:33:09,0,4,4,17.6,42.9,18.1,41.6,0,20
2026-09-02 00:38:09,0,3,3,17.5,43,18,41.8,0,20
2026-09-02 00:43:09,0,4,5,17.5,43,18,41.7,0,20
2026-09-02 00:48:09,0,2,2,17.5,42.8,18,41.3,0,20
2026-09-02 00:53:09,0,1,1,17.5,42.3,18,40.9,0,20
2026-09-02 00:58:09,0,2,2,17.5,42.2,18,40.5,0,20
2026-09-02 01:03:09,0,0,2,17.5,42.1,17.9,40.6,0,20
2026-09-02 01:08:09,0,2,3,17.4,42.4,17.9,41.3,0,20
2026-09-02 01:13:09,0,3,3,17.4,42.6,17.9,41.3,0,20
2026-09-02 01:18:09,0,3,3,17.4,42.7,17.9,41.4,0,20
2026-09-02 01:23:09,2,5,5,17.4,42.7,17.8,42,0,20
2026-09-02 01:28:09,1,4,4,17.3,43.2,17.8,42.3,0,20
2026-09-02 01:33:08,1,3,4,17.3,43.2,17.8,42.8,0,20
2026-09-02 01:38:09,1,5,5,17.3,43.4,17.8,42.5,0,20
2026-09-02 01:43:09,3,7,8,17.3,43.4,17.7,42.8,0,20
2026-09-02 01:48:09,2,9,9,17.3,43.8,17.7,43.3,0,20
2026-09-02 01:53:09,3,8,9,17.2,43.8,17.6,43.6,0,20
2026-09-02 01:58:09,3,6,8,17.2,43.9,17.6,43.7,0,20
2026-09-02 02:03:09,4,8,8,17.2,43.9,17.6,43.4,0,20
2026-09-02 02:08:09,2,8,9,17.2,44,17.6,43.6,0,19
2026-09-02 02:13:09,2,8,8,17.1,44.1,17.5,43.6,0,16
2026-09-02 02:18:09,3,7,7,17.1,44,17.5,43.4,0,28
2026-09-02 02:23:09,2,5,5,17.1,43.8,17.5,43.2,0,16
2026-09-02 02:28:09,1,7,8,17.1,43.9,17.5,43.2,0,25
2026-09-02 02:33:09,1,7,7,17.1,43.9,17.4,43.3,0,17
2026-09-02 02:38:09,2,4,5,17.1,44.2,17.4,43.8,0,28
2026-09-02 02:43:09,3,7,7,17,43.9,17.4,43.6,0,16
2026-09-02 02:48:09,3,7,7,17,43.9,17.4,43.4,0,25
2026-09-02 02:53:09,2,8,8,17,44.4,17.3,44,0,16
2026-09-02 02:58:09,3,7,7,17,44.1,17.3,44,0,25
2026-09-02 03:03:09,2,5,7,17,44.2,17.3,43.8,0,16
2026-09-02 03:08:09,2,5,5,16.9,44.1,17.3,43.7,0,16
2026-09-02 03:13:09,2,4,4,16.9,44,17.2,43.5,0,27
2026-09-02 03:18:09,1,8,8,17,44.4,17.5,43.5,0,17
2026-09-02 03:23:09,2,4,5,17,44.2,17.6,43.2,0,25
2026-09-02 03:28:09,1,5,5,17.2,44,18.1,42.6,0,16
2026-09-02 03:33:09,1,4,5,17.3,43.8,18.1,42.7,0,25
2026-09-02 03:38:09,2,4,5,17.5,43.7,18.5,41.5,0,16
2026-09-02 03:43:09,2,5,5,17.4,43.6,18.1,42.1,0,25
2026-09-02 03:48:09,1,5,5,17.4,43.7,18.3,42.1,1,26
2026-09-02 03:53:09,2,6,6,17.5,43.6,18.2,42.1,1,25
2026-09-02 03:58:09,1,5,5,17.4,43.8,18.1,42.8,1,17
2026-09-02 04:03:09,2,5,7,17.4,43.9,18,42.6,1,17
2026-09-02 04:08:09,1,3,4,17.3,44.1,18,43.2,1,25
2026-09-02 04:13:09,1,3,4,17.4,43.9,18,42.8,1,16
2026-09-02 04:18:09,1,7,7,17.4,43.8,18,42.7,0,16
2026-09-02 04:23:09,1,2,3,17.3,43.5,17.9,42,0,15
2026-09-02 04:28:09,1,2,2,17.3,43.3,17.8,42,0,15
2026-09-02 04:33:09,0,2,3,17.2,43.5,17.6,42.6,0,25
2026-09-02 04:38:09,1,4,5,17.1,43.5,17.5,42.5,0,17
2026-09-02 04:43:10,1,5,5,17,43.4,17.4,42.5,0,26
2026-09-02 04:48:09,0,3,3,17.1,43.2,17.8,41.6,1,26
2026-09-02 04:53:09,0,2,2,17.2,42.8,17.9,40.9,1,26
2026-09-02 04:58:10,0,2,2,17.1,43.1,17.8,41.7,1,27
2026-09-02 05:03:10,0,0,1,17.2,42.9,17.8,41.3,1,27
2026-09-02 05:08:10,1,1,1,17.2,42.6,17.8,40.7,1,17
2026-09-02 05:13:10,0,0,0,17.2,42.1,17.8,39.9,0,25
2026-09-02 05:18:09,0,1,1,17.2,42.5,17.7,41,0,16
2026-09-02 05:23:09,0,0,0,17.2,42.6,17.6,41.4,0,16
2026-09-02 05:28:10,0,1,1,17.3,43,18.1,41.4,1,16
2026-09-02 05:33:10,0,0,0,17.3,42.9,18.1,41.2,1,25
2026-09-02 05:38:09,0,0,0,17.3,42.9,18,41.3,1,26
2026-09-02 05:43:10,0,0,2,17.2,42.9,17.9,41.3,1,26
2026-09-02 05:48:09,0,0,1,17.2,43,17.9,41.5,1,16
2026-09-02 05:53:10,0,0,1,17.3,42.8,17.9,41.2,0,28
2026-09-02 05:58:10,0,0,0,17.2,42.8,17.8,41.3,0,28
2026-09-02 06:03:10,0,0,0,17.2,42.8,17.6,41.4,0,19
2026-09-02 06:08:09,0,0,0,17.1,42.3,17.5,40.7,0,25
2026-09-02 06:13:10,0,1,1,17,42.3,17.4,41,0,28
2026-09-02 06:18:10,0,2,2,17.2,42.6,18,40.6,1,17
2026-09-02 06:23:10,0,2,3,17.2,42.7,17.9,41.2,1,17
2026-09-02 06:28:10,0,4,4,17.2,42.8,17.8,41.4,1,17
2026-09-02 06:33:09,1,4,4,17.1,43,17.7,41.9,1,17
2026-09-02 06:38:10,2,4,4,17.2,43.3,17.7,42.4,1,17
2026-09-02 06:43:10,2,7,7,17.1,43.5,17.7,42.6,1,17
2026-09-02 06:48:09,1,7,7,17.1,43.8,17.7,43,1,17
2026-09-02 06:53:10,1,5,5,17.1,43.7,17.7,42.9,1,20
2026-09-02 06:58:10,2,5,8,17.1,43.9,17.6,43,1,20
2026-09-02 07:03:10,3,5,5,17.1,43.9,17.6,43,1,20
2026-09-02 07:08:10,2,5,7,17.1,43.9,17.6,43,1,22
2026-09-02 07:13:10,3,7,7,17,44,17.6,43,1,20
2026-09-02 07:18:10,3,9,9,17.1,44.1,17.6,43.4,1,20
2026-09-02 07:23:10,4,8,9,17,44.4,17.6,43.6,1,20
2026-09-02 07:28:10,5,7,13,17,44.4,17.5,43.8,1,20
2026-09-02 07:33:10,5,10,10,17,44.7,17.5,44,1,23
2026-09-02 07:38:10,5,9,14,17,44.8,17.5,44.1,1,20
2026-09-02 07:43:10,7,10,10,17,45,17.5,44.4,1,20
2026-09-02 07:48:10,5,13,13,17,45.4,17.5,45,1,20
2026-09-02 07:53:10,8,18,21,17,45.7,17.5,45.2,1,20
2026-09-02 07:58:10,9,18,21,17,46,17.5,45.5,1,20
2026-09-02 08:03:10,9,20,21,17,46.2,17.5,45.8,1,20
2026-09-02 08:08:10,14,28,30,17,46.4,17.5,46.2,1,20
2026-09-02 08:13:10,10,26,26,17,46.5,17.5,46.6,1,20
2026-09-02 08:18:10,17,29,30,17,47.1,17.5,47.2,1,20
2026-09-02 08:23:10,20,30,33,17,47.1,17.5,47.4,1,26
2026-09-02 08:28:10,22,37,39,17,47.5,17.5,47.9,1,27
2026-09-02 08:33:10,21,29,31,17,47.6,17.6,48,1,22
2026-09-02 08:38:10,20,31,33,17,47.9,17.6,48.1,1,25
2026-09-02 08:43:10,20,32,34,17,47.8,17.6,47.9,1,22
2026-09-02 08:48:10,23,35,35,17.1,47.9,17.7,47.9,1,25
2026-09-02 08:53:10,21,33,33,17.1,47.7,17.7,47.7,1,26
2026-09-02 08:58:10,19,30,32,17.1,47.6,17.8,47.3,1,28
2026-09-02 09:03:10,21,26,30,17.2,47.6,17.8,47.2,1,19
2026-09-02 09:08:10,18,27,27,17.2,47.3,17.9,46.8,1,26
2026-09-02 09:13:10,17,28,29,17.3,47.3,18,46.8,1,21
2026-09-02 09:18:10,16,29,31,17.3,47.3,18,47,1,26
2026-09-02 09:23:10,13,27,29,17.4,47.3,18.1,46.9,0,22
2026-09-02 09:28:10,12,28,30,17.4,47.1,18,46.7,0,20
2026-09-02 09:33:10,13,29,29,17.3,46.9,17.9,46.6,0,27
2026-09-02 09:38:10,13,30,31,17.3,46.9,17.9,46.5,0,26
2026-09-02 09:43:10,12,26,30,17.3,46.8,17.8,46.7,0,26
2026-09-02 09:48:10,26,45,52,17.3,46.8,17.8,46.5,0,21
2026-09-02 09:53:10,10,23,26,17.3,46.7,17.8,46.4,0,21
2026-09-02 09:58:10,7,23,25,17.3,46.5,17.8,46,0,26
2026-09-02 10:03:10,7,21,23,17.3,46.2,17.9,45.2,0,22
2026-09-02 10:08:10,8,18,21,17.3,45.8,17.9,45,0,21
2026-09-02 10:13:10,12,27,29,17.4,46.6,18,46.4,0,27
2026-09-02 10:18:10,12,28,28,17.5,46.8,18.2,46.4,0,22
2026-09-02 10:23:10,25,38,44,17.6,47.1,18.3,46.8,0,19
2026-09-02 10:28:10,20,30,31,17.7,47.1,18.4,46.3,0,20
2026-09-02 10:33:10,12,26,27,17.8,46.7,18.6,45.8,0,26
2026-09-02 10:38:11,9,23,23,17.9,46,18.7,44.4,0,21
2026-09-02 10:43:10,7,20,20,18,45.8,18.9,44.3,0,21
2026-09-02 10:48:10,9,23,23,18.1,45.9,19.1,44.5,0,26
2026-09-02 10:53:10,10,25,25,18.3,45.3,19.4,43.4,0,21
2026-09-02 10:58:10,6,20,21,18.5,45.1,19.6,43,0,26
2026-09-02 11:03:10,23,36,38,18.6,45.9,19.9,44.5,0,28
2026-09-02 11:08:10,25,39,42,18.8,46.3,20.2,44.6,0,28
2026-09-02 11:13:10,32,51,60,19,46.2,20.4,44.6,0,27
2026-09-02 11:18:10,24,37,40,19.1,45.9,20.6,43.9,0,23
2026-09-02 11:23:10,26,40,51,19.3,45.9,20.8,43.7,0,27
2026-09-02 11:28:10,30,45,52,19.4,46.1,21,43.9,0,26
2026-09-02 11:33:10,27,44,51,19.6,45.5,21.2,43,0,21
2026-09-02 11:38:11,28,43,52,19.8,45.5,21.5,42.5,0,27
2026-09-02 11:43:10,27,41,49,20,45,21.8,42.2,0,27
2026-09-02 11:48:10,27,42,49,20.2,44.7,22,41.9,0,26
2026-09-02 11:53:10,30,47,55,20.4,44.4,22.3,41.3,0,26
2026-09-02 11:58:10,29,44,51,20.6,43.9,22.7,40.8,0,25
2026-09-02 12:03:11,27,40,49,20.8,44,23,40.6,0,27
2026-09-02 12:08:11,29,43,51,21,43.8,23.3,40.3,0,25
2026-09-02 12:13:14,28,41,48,21.3,43.2,23.6,39.6,0,26
2026-09-02 12:18:11,26,40,48,21.5,42.9,23.8,38.9,0,25
2026-09-02 12:23:11,27,39,48,21.7,42.2,24,38,0,21
2026-09-02 12:28:10,28,42,49,21.9,41.8,24.2,37.7,0,25
2026-09-02 12:33:11,29,44,52,22,41.8,24.4,37.8,0,26
2026-09-02 12:38:10,29,44,52,22.1,41.3,24.5,37.2,0,26
2026-09-02 12:43:11,31,46,55,22.3,41.1,24.5,37.1,0,27
2026-09-02 12:48:11,35,53,63,22.3,40.8,24.6,37,0,21
2026-09-02 12:53:11,33,48,58,22.4,41,24.6,37.5,0,25
2026-09-02 12:58:11,32,47,57,22.3,40.5,24.6,37.2,0,25
2026-09-02 13:03:11,29,44,51,22.4,40.9,24.6,37.4,0,25
2026-09-02 13:08:11,29,44,52,22.4,40.5,24.7,37.1,0,25
2026-09-02 13:13:11,32,50,62,22.5,40.5,24.7,36.7,0,27
2026-09-02 13:18:11,32,48,58,22.5,40.2,24.7,36.6,0,26
2026-09-02 13:23:11,31,47,56,22.5,39.9,24.7,36.3,0,27
2026-09-02 13:28:11,29,46,55,22.5,40,24.8,35.9,0,27
2026-09-02 13:33:11,25,36,41,22.6,39.2,24.9,35,0,29
2026-09-02 13:38:11,27,40,46,22.6,38.6,25,34.4,0,21
2026-09-02 13:43:11,26,41,47,22.7,38.7,25.1,34.6,0,27
2026-09-02 13:48:10,24,36,41,22.8,38,25.3,33.9,0,28
2026-09-02 13:53:11,24,36,42,22.9,37.8,25.4,33.6,0,23
2026-09-02 13:58:11,23,36,40,23,37.6,25.6,33.5,0,28
2026-09-02 14:03:11,24,35,41,23.2,37.4,25.8,32.9,0,28
2026-09-02 14:08:11,22,33,36,23.3,37.1,25.9,32.6,0,26
2026-09-02 14:13:11,22,33,36,23.3,36.4,26,32,0,26
2026-09-02 14:18:11,22,32,34,23.4,36.3,26,31.5,0,26
2026-09-02 14:23:11,23,33,37,23.5,36,26.1,31.5,0,29
2026-09-02 14:28:11,23,35,39,23.5,35.7,26.1,31.4,0,26
2026-09-02 14:33:11,22,33,38,23.6,35.5,26.2,31,0,28
2026-09-02 14:38:11,22,33,36,23.6,35.1,26.2,30.7,0,26
2026-09-02 14:43:12,23,34,40,23.7,34.8,26.3,29.6,0,27
2026-09-02 14:48:11,20,29,30,23.7,34.4,26.3,29.4,0,26
2026-09-02 14:53:11,21,32,34,23.8,34.2,26.4,29.5,0,25
2026-09-02 14:58:11,22,33,37,23.9,34.4,26.6,29.5,0,26
2026-09-02 15:03:11,22,32,35,23.9,34.3,26.7,29.7,0,26
2026-09-02 15:08:11,20,30,35,24,34.7,26.8,29.9,0,22
2026-09-02 15:13:11,19,32,35,24.1,33.5,26.9,28.6,0,27
2026-09-02 15:18:11,21,33,37,24.2,33.1,26.9,28.2,0,26
2026-09-02 15:23:11,22,33,36,24.2,32.9,26.9,27.9,0,26
2026-09-02 15:28:11,17,29,29,24.3,32.7,26.8,28,0,26
2026-09-02 15:33:11,15,29,30,24.1,32.8,26.6,28.1,0,23
2026-09-02 15:38:11,11,25,25,24.1,32.8,26.5,28.3,0,26
2026-09-02 15:43:11,8,21,22,23.9,32.8,26.3,28.3,0,20
2026-09-02 15:48:11,9,20,20,23.8,32.7,26.1,28.4,0,25
2026-09-02 15:53:14,9,22,23,23.7,32.9,26,28.4,0,28
2026-09-02 15:58:11,7,20,20,23.5,33.1,25.8,29.2,0,21
2026-09-02 16:03:11,6,18,18,23.5,33.2,25.6,29.5,0,30
2026-09-02 16:08:11,4,9,11,23.3,33.3,25.5,29.6,0,26
2026-09-02 16:13:11,3,7,8,23.2,33.3,25.3,29.6,0,27
2026-09-02 16:18:11,5,7,8,23.1,33.3,25.2,29.3,0,22
2026-09-02 16:23:11,5,11,11,23,33.4,25,29.8,0,27
2026-09-02 16:28:11,5,8,9,22.9,33,24.9,29.1,0,26
2026-09-02 16:33:11,5,6,6,22.8,33.1,24.8,29.4,0,22
2026-09-02 16:38:11,4,9,9,22.7,33.1,24.7,29.4,0,26
2026-09-02 16:43:11,6,14,16,22.6,33.4,24.5,29.7,0,28
2026-09-02 16:48:11,2,7,7,22.5,33.4,24.4,29.8,0,26
2026-09-02 16:53:11,3,6,6,22.5,33.3,24.3,29.6,0,21
2026-09-02 16:58:11,1,4,4,22.4,33.5,24.2,29.9,0,25
2026-09-02 17:03:11,1,3,3,22.3,33.6,24,30.2,0,25
2026-09-02 17:08:11,1,4,4,22.2,33.7,23.9,30.4,0,26
2026-09-02 17:13:11,1,3,4,22.1,34.2,23.8,31,0,22
2026-09-02 17:18:11,1,3,3,21.9,34.8,23.7,32.1,0,27
2026-09-02 17:23:11,0,3,3,21.9,35.6,23.5,32.9,0,26
2026-09-02 17:28:11,0,4,4,21.8,36.1,23.4,33.5,0,26
2026-09-02 17:33:11,0,3,3,21.7,36.2,23.3,33.6,0,26
2026-09-02 17:38:11,1,2,2,21.6,36.1,23.2,33.5,0,27
2026-09-02 17:43:12,1,3,3,21.5,36.5,23.1,33.9,0,22
2026-09-02 17:48:11,1,5,5,21.4,36.3,23,34.1,0,26
2026-09-02 17:53:11,1,5,5,21.3,36.6,22.9,34.3,0,22
2026-09-02 17:58:12,2,5,5,21.2,36.7,22.7,34.4,0,25
2026-09-02 18:03:12,1,3,3,21.1,37,22.6,34.9,0,22
2026-09-02 18:08:12,1,3,4,21,37.2,22.5,35,0,26
2026-09-02 18:13:12,1,4,4,20.9,37,22.4,35,0,19
2026-09-02 18:18:12,1,3,4,20.8,37.2,22.2,35.2,0,25
2026-09-02 18:23:12,1,3,3,20.7,37.4,22.1,35.5,0,19
2026-09-02 18:28:12,1,2,2,20.6,37.7,22,35.6,0,30
2026-09-02 18:33:12,0,0,1,20.5,37.8,21.9,35.9,0,21
2026-09-02 18:38:11,0,2,2,20.4,38,21.7,36.1,0,21
2026-09-02 18:43:12,0,1,1,20.3,37.6,21.6,35.4,0,25
2026-09-02 18:48:12,0,0,1,20.2,37.5,21.5,35,0,28
2026-09-02 18:53:11,0,1,1,20.1,36.9,21.4,34.7,0,22
2026-09-02 18:58:11,0,0,0,20,37,21.3,34.5,0,22
2026-09-02 19:03:11,0,1,1,19.9,37,21.2,34.6,0,25
2026-09-02 19:08:12,0,4,4,19.9,37.1,21,34.9,0,20
2026-09-02 19:13:12,0,2,2,19.8,37.4,20.9,35.4,0,29
2026-09-02 19:18:12,0,0,0,19.7,37.6,20.8,35.7,0,22
2026-09-02 19:23:12,0,1,1,19.6,37.8,20.7,36,0,25
2026-09-02 19:28:12,0,1,2,19.5,37.7,20.6,35.8,0,21
2026-09-02 19:33:12,0,1,1,19.4,37.7,20.4,35.8,0,29
2026-09-02 19:38:12,0,0,0,19.3,37.9,20.3,36,0,22
2026-09-02 19:43:12,0,1,1,19.2,37.9,20.2,36.2,0,22
2026-09-02 19:48:12,0,1,1,19.1,38.1,20.1,36.5,0,22
2026-09-02 19:53:12,0,1,1,19.1,38.4,20,37,0,22
2026-09-02 19:58:12,0,1,1,19,38.9,19.9,37.6,0,22
2026-09-02 20:03:12,0,1,2,18.9,38.7,19.8,37.5,0,22
2026-09-02 20:08:12,0,2,2,18.8,38.8,19.7,37.4,0,22
2026-09-02 20:13:12,0,0,0,18.7,38.7,19.6,37.6,0,22
2026-09-02 20:18:12,0,1,1,18.7,38.9,19.5,37.6,0,22
2026-09-02 20:23:12,0,1,1,18.6,39.1,19.4,37.8,0,22
2026-09-02 20:28:12,0,1,1,18.5,39.4,19.3,38.1,0,22
2026-09-02 20:33:12,0,2,3,18.4,39.7,19.2,38.7,0,22
2026-09-02 20:38:12,0,1,1,18.4,39.8,19.1,38.9,0,22
2026-09-02 20:43:12,0,1,2,18.3,39.6,19,38.8,0,21
2026-09-02 20:48:12,0,1,1,18.2,40,18.9,39,0,21
2026-09-02 20:53:12,0,0,1,18.2,40,18.8,38.8,0,21
2026-09-02 20:58:12,0,2,2,18.1,40.1,18.7,39.2,0,21
2026-09-02 21:03:12,0,1,1,18,40,18.6,38.9,0,21
2026-09-02 21:08:12,0,1,2,17.9,40.1,18.5,39.2,0,21
2026-09-02 21:13:12,0,0,0,17.9,39.9,18.4,38.8,0,21
2026-09-02 21:18:12,0,2,2,17.8,40.1,18.4,39,0,21
2026-09-02 21:23:12,0,0,0,17.8,40,18.3,39,0,21
2026-09-02 21:28:12,0,1,1,17.7,40.1,18.2,39.3,0,21
2026-09-02 21:33:12,0,1,1,17.7,40.4,18.2,39.6,0,21
2026-09-02 21:38:12,0,1,2,17.6,40.6,18.1,39.8,0,21
2026-09-02 21:43:12,0,1,1,17.6,40.7,18.1,39.9,0,21
2026-09-02 21:48:12,0,1,1,17.5,41,18,40,0,21
2026-09-02 21:53:12,1,1,1,17.5,41.1,17.9,40.5,0,21
2026-09-02 21:58:12,0,1,1,17.4,41.1,17.9,40.2,0,21
2026-09-02 22:03:12,0,1,1,17.4,40.9,17.8,40.1,0,21
2026-09-02 22:08:12,0,0,0,17.3,40.9,17.8,40.1,0,21
2026-09-02 22:13:12,0,0,1,17.4,40.9,17.7,40,0,21
2026-09-02 22:18:12,0,0,1,17.3,41.3,17.7,40.6,0,21
2026-09-02 22:23:12,0,1,1,17.3,41.5,17.7,40.8,0,21
2026-09-02 22:28:12,0,1,1,17.3,41.6,17.7,41,0,21
2026-09-02 22:33:12,0,0,1,17.3,41.6,17.6,40.9,0,21
2026-09-02 22:38:12,0,2,2,17.2,41.7,17.7,41.2,1,21
2026-09-02 22:43:12,0,1,2,17.4,41.6,18.1,40.1,0,21
2026-09-02 22:48:12,0,0,0,17.4,41.1,18,39.6,0,21
2026-09-02 22:53:12,0,0,0,17.5,41.1,18.4,39.4,1,21
2026-09-02 22:58:12,0,2,2,17.5,41.3,18.3,39.6,1,21
2026-09-02 23:03:12,1,3,5,17.5,41.3,18.2,40,1,21
2026-09-02 23:08:12,0,1,2,17.5,41.5,18.2,40,1,21
2026-09-02 23:13:12,0,1,1,17.5,41.3,18.2,39.8,1,19
2026-09-02 23:18:12,0,0,2,17.5,41.4,18.2,39.8,0,19
2026-09-02 23:23:12,0,0,0,17.6,41,18.5,38.8,1,19
2026-09-02 23:28:12,0,0,2,17.6,40.8,18.4,38.9,1,19
2026-09-02 23:33:12,0,2,2,17.6,41.2,18.3,39.5,1,19
2026-09-02 23:38:13,0,2,3,17.5,41.5,18.3,40,1,19
2026-09-02 23:43:12,0,2,3,17.5,41.4,18.2,40.1,1,19
2026-09-02 23:48:12,0,1,1,17.5,41.5,18.2,40,1,19
2026-09-02 23:53:13,0,1,1,17.5,41.5,18.2,40.1,1,19
2026-09-02 23:58:12,0,0,0,17.5,41.3,18.1,39.8,1,19
2026-09-03 00:03:13,0,0,0,17.4,41.8,18.1,40.2,1,19
2026-09-03 00:08:12,0,2,2,17.4,41.8,18,40.5,1,19
2026-09-03 00:13:13,0,1,2,17.4,41.8,18,40.7,1,19
2026-09-03 00:18:13,0,1,1,17.4,41.8,18,40.5,1,19
2026-09-03 00:23:13,0,1,1,17.3,41.8,17.9,40.7,1,19
2026-09-03 00:28:12,0,2,2,17.3,42.2,17.9,41.2,1,19
2026-09-03 00:33:13,0,2,2,17.3,42.2,17.8,41.4,1,19
2026-09-03 00:38:13,0,0,0,17.2,42.3,17.8,41.3,1,19
2026-09-03 00:43:13,0,2,2,17.2,42.5,17.8,41.6,1,19
2026-09-03 00:48:12,0,3,3,17.2,42.7,17.7,42.2,1,19
2026-09-03 00:53:13,0,2,2,17.2,43,17.6,42.3,1,19
2026-09-03 00:58:13,0,2,2,17.1,43.1,17.6,42.4,1,20
2026-09-03 01:03:13,0,2,2,17.1,43.2,17.6,42.5,1,20
2026-09-03 01:08:13,0,3,3,17.1,43.1,17.6,42.6,1,20
2026-09-03 01:13:13,0,2,2,17.1,43.4,17.6,42.9,1,20
2026-09-03 01:18:13,1,2,4,17.1,43.4,17.6,42.6,1,20
2026-09-03 01:23:13,0,3,3,17.1,43.3,17.6,42.4,1,19
2026-09-03 01:28:13,0,3,3,17.1,43.6,17.6,42.7,1,19
2026-09-03 01:33:13,0,1,1,17.1,43.1,17.6,41.9,1,19
2026-09-03 01:38:13,0,2,2,17.1,43.1,17.6,42,1,19
2026-09-03 01:43:13,0,1,2,17.1,43,17.6,42.1,1,19
2026-09-03 01:48:12,0,3,3,17,43.2,17.5,42.3,1,19
2026-09-03 01:53:13,0,2,2,17.1,43.3,17.5,42.4,1,19
2026-09-03 01:58:13,0,1,2,17,43.2,17.5,42.3,1,19
2026-09-03 02:03:13,0,1,1,17,43.3,17.5,42.4,1,19
2026-09-03 02:08:12,1,2,2,17,43.5,17.5,42.7,1,19
2026-09-03 02:13:13,0,2,2,17,43.3,17.4,42.7,1,19
2026-09-03 02:18:13,0,3,3,16.9,43.4,17.4,42.8,1,19
2026-09-03 02:23:13,0,3,3,16.9,43.6,17.4,43,1,19
2026-09-03 02:28:13,0,2,3,16.9,43.7,17.4,43.1,1,19
2026-09-03 02:33:13,1,2,2,16.9,43.7,17.3,43.4,1,19
2026-09-03 02:38:13,0,2,3,16.8,43.9,17.3,43.6,1,26
2026-09-03 02:43:13,0,2,3,16.8,43.8,17.3,43.7,1,16
2026-09-03 02:48:13,0,2,2,16.8,44,17.3,43.8,1,26
2026-09-03 02:53:13,0,2,2,16.8,44,17.2,43.7,1,16
2026-09-03 02:58:13,0,3,3,16.7,44.1,17.2,43.7,1,17
2026-09-03 03:03:13,0,1,2,16.8,44.1,17.2,43.7,1,15
2026-09-03 03:08:13,0,2,2,16.7,44,17.2,43.9,1,18
2026-09-03 03:13:13,0,1,1,16.7,44.1,17.2,43.8,1,18
2026-09-03 03:18:13,0,2,2,16.7,44.1,17.2,43.6,1,18
2026-09-03 03:23:13,0,1,1,16.7,44,17.1,43.6,1,18
2026-09-03 03:28:13,0,1,1,16.6,43.9,17,43.7,1,18
2026-09-03 03:33:13,0,0,0,16.6,43.9,17,43.6,1,18
2026-09-03 03:38:13,0,1,2,16.6,44.1,16.9,43.9,1,26
2026-09-03 03:43:13,0,1,2,16.6,44,16.9,44,1,26
2026-09-03 03:48:13,0,2,3,16.5,44,16.8,43.8,1,25
2026-09-03 03:53:13,1,2,2,16.5,44.2,16.8,44,1,17
2026-09-03 03:58:13,0,2,3,16.5,44.3,16.8,44.2,1,15
2026-09-03 04:03:13,0,1,1,16.5,44.7,16.8,44.5,1,16
2026-09-03 04:08:13,0,2,2,16.5,44.4,16.8,44.1,1,16
2026-09-03 04:13:13,1,2,2,16.5,44.4,16.8,44,1,28
2026-09-03 04:18:13,0,1,1,16.5,44.5,16.8,44.2,1,16
2026-09-03 04:23:13,0,2,2,16.5,44.6,16.8,44.2,1,17
2026-09-03 04:28:13,0,2,3,16.5,44.7,16.8,44.2,1,25
2026-09-03 04:33:13,0,1,2,16.5,44.6,16.8,44.4,1,27
2026-09-03 04:38:13,0,3,4,16.4,44.9,16.8,44.8,1,17
2026-09-03 04:43:13,0,1,1,16.5,45.1,16.8,44.9,1,17
2026-09-03 04:48:13,0,2,2,16.4,45.1,16.8,45,1,17
2026-09-03 04:53:13,0,1,2,16.4,44.9,16.8,44.7,1,17
2026-09-03 04:58:13,0,2,3,16.5,44.9,16.7,44.6,1,17
2026-09-03 05:03:13,0,2,2,16.4,44.7,16.7,44.3,1,17
2026-09-03 05:08:13,0,2,2,16.4,45,16.7,44.7,1,26
2026-09-03 05:13:13,0,2,2,16.4,45,16.7,44.9,1,26
2026-09-03 05:18:13,0,2,2,16.4,45.2,16.7,44.9,1,17
2026-09-03 05:23:13,0,2,2,16.4,45.2,16.7,45.1,1,17
2026-09-03 05:28:13,0,1,1,16.4,45.3,16.7,45.1,1,17
2026-09-03 05:33:13,0,2,2,16.4,45.3,16.7,45.1,1,27
2026-09-03 05:38:13,0,3,3,16.3,45.5,16.7,45.1,1,16
2026-09-03 05:43:13,0,2,2,16.3,45.2,16.7,45.1,1,16
2026-09-03 05:48:13,1,1,1,16.3,45.4,16.7,45.3,1,27
2026-09-03 05:53:13,0,2,2,16.3,45.5,16.7,45.3,1,17
2026-09-03 05:58:13,0,1,3,16.4,45.5,16.7,45.1,1,25
2026-09-03 06:03:13,0,2,3,16.3,45.5,16.7,45.4,1,15
2026-09-03 06:08:13,1,2,2,16.4,45.6,16.7,45.3,1,25
2026-09-03 06:13:14,0,1,1,16.3,45.6,16.7,45.4,1,17
2026-09-03 06:18:14,0,2,3,16.3,45.6,16.6,45.5,1,25
2026-09-03 06:23:13,0,1,1,16.3,45.6,16.6,45.6,1,19
2026-09-03 06:28:14,0,3,3,16.3,46,16.6,46.2,1,20
2026-09-03 06:33:13,0,2,2,16.2,46.3,16.5,46.7,1,20
2026-09-03 06:38:13,0,1,1,16.1,46.4,16.4,47,1,17
2026-09-03 06:43:14,0,1,2,16.1,46.4,16.4,46.7,1,20
2026-09-03 06:48:14,0,3,3,16.1,46.5,16.3,47,1,20
2026-09-03 06:53:13,1,1,2,16,46.6,16.2,47.2,1,20
2026-09-03 06:58:14,1,2,3,15.9,46.8,16.2,47.3,1,20
2026-09-03 07:03:13,1,1,1,15.9,46.6,16.1,46.8,1,20
2026-09-03 07:08:13,1,2,2,15.8,46.6,16,46.8,1,20
2026-09-03 07:13:13,1,4,4,15.8,46.4,16,46.8,1,20
2026-09-03 07:18:13,0,2,3,15.7,46.5,15.9,46.7,1,20
2026-09-03 07:23:14,0,2,3,15.7,46.7,15.9,47,1,20
2026-09-03 07:28:14,0,3,3,15.7,46.7,15.8,47.1,1,20
2026-09-03 07:33:14,1,4,4,15.6,46.9,15.8,47.4,1,20
2026-09-03 07:38:14,0,3,3,15.6,47,15.7,47.4,1,20
2026-09-03 07:43:14,0,2,2,15.5,47,15.7,47.5,1,20
2026-09-03 07:48:14,1,6,7,15.6,47.1,15.7,47.8,1,20
2026-09-03 07:53:14,3,7,7,15.5,47.4,15.7,48,1,20
2026-09-03 07:58:14,3,7,7,15.5,47.7,15.6,48.5,1,20
2026-09-03 08:03:14,2,3,4,15.5,47.7,15.6,48.4,1,20
2026-09-03 08:08:14,1,4,4,15.5,47.8,15.6,48.6,1,20
2026-09-03 08:13:14,3,8,8,15.5,48.3,15.6,49.6,1,20
2026-09-03 08:18:14,3,9,9,15.5,48.9,15.6,50.7,1,20
2026-09-03 08:23:14,4,9,10,15.5,49.4,15.7,51.4,1,23
2026-09-03 08:28:14,3,6,7,15.5,49.6,15.7,51.2,1,21
2026-09-03 08:33:14,4,8,9,15.5,49.8,15.7,51.5,1,21
2026-09-03 08:38:14,3,7,7,15.6,49.7,15.8,51,1,21
2026-09-03 08:43:14,4,8,8,15.6,49.7,15.8,51,1,21
2026-09-03 08:48:14,6,10,13,15.6,49.7,15.9,50.8,1,21
2026-09-03 08:53:14,5,13,13,15.7,49.7,15.9,50.9,1,21
2026-09-03 08:58:14,6,13,13,15.7,49.7,16,51,1,25
2026-09-03 09:03:14,6,14,15,15.8,49.7,16.1,50.7,1,21
2026-09-03 09:08:14,4,8,9,15.8,50,16.2,50.8,1,22
2026-09-03 09:13:14,5,13,13,15.9,50,16.3,51,1,20
2026-09-03 09:18:14,7,9,9,16,50.2,16.5,51,1,22
2026-09-03 09:23:14,9,21,24,16.1,50.1,16.6,50.9,1,21
2026-09-03 09:28:14,7,14,16,16.2,49.9,16.8,50.7,1,27
2026-09-03 09:33:14,8,14,16,16.4,50,16.9,50.4,1,25
2026-09-03 09:38:14,8,16,17,16.5,49.9,17.1,50.3,1,21
2026-09-03 09:43:14,8,20,22,16.6,49.8,17.2,50.2,1,28
2026-09-03 09:48:14,7,16,17,16.7,49.8,17.3,50,1,26
2026-09-03 09:53:14,10,26,29,16.8,49.5,17.5,49.4,0,26
2026-09-03 09:58:14,7,10,14,16.9,49,17.6,48.7,0,27
2026-09-03 10:03:14,14,28,29,17,49,17.7,48.6,0,27
2026-09-03 10:08:14,8,16,17,17,48.9,17.8,48.5,0,27
2026-09-03 10:13:14,7,14,15,17.1,49,17.9,48.6,0,27
2026-09-03 10:18:14,9,17,17,17.2,49,18,48.4,0,27
2026-09-03 10:23:14,9,22,22,17.3,48.9,18.2,48.4,0,25
2026-09-03 10:28:14,10,25,25,17.4,48.8,18.3,48,0,27
2026-09-03 10:33:14,12,25,25,17.5,48.9,18.5,48.1,0,26
2026-09-03 10:38:14,12,27,27,17.7,48.8,18.7,47.9,0,28
2026-09-03 10:43:14,26,40,43,17.8,48.8,18.9,47.9,0,25
2026-09-03 10:48:14,14,29,29,17.9,48.8,19.1,47.6,0,25
2026-09-03 10:53:14,14,27,27,18.1,48.5,19.2,47.1,0,25
2026-09-03 10:58:15,14,26,26,18.2,48.2,19.4,46.6,0,25
2026-09-03 11:03:16,15,24,26,18.3,48,19.6,46.5,0,26
2026-09-03 11:08:14,15,27,27,18.5,47.7,19.8,46.3,0,27
2026-09-03 11:13:14,17,29,30,18.6,47.5,20,45.7,0,25
2026-09-03 11:18:15,16,30,31,18.7,47.3,20.1,45.5,0,27
2026-09-03 11:23:15,17,26,26,18.9,47,20.3,45.1,0,27
2026-09-03 11:28:14,15,26,26,19,46.9,20.5,44.8,0,27
2026-09-03 11:33:14,15,27,28,19.1,46.6,20.7,44.4,0,26
2026-09-03 11:38:15,22,31,31,19.3,46.3,20.9,43.9,0,27
2026-09-03 11:43:15,18,28,29,19.4,46,21,43.3,0,26
2026-09-03 11:48:14,16,26,27,19.5,45.6,21.2,42.7,0,26
2026-09-03 11:53:15,17,28,28,19.7,45.7,21.3,43,0,22
2026-09-03 11:58:15,19,31,32,19.8,45.6,21.5,43,0,27
2026-09-03 12:03:15,20,31,34,19.9,45.4,21.7,42.6,0,26
2026-09-03 12:08:15,27,39,44,20,44.9,21.8,42.3,0,26
2026-09-03 12:13:15,22,31,32,20.1,44.6,22,41.7,0,22
2026-09-03 12:18:15,21,31,31,20.3,44.4,22.1,41.5,0,26
2026-09-03 12:23:15,20,28,30,20.4,43.6,22.3,40.4,0,25
2026-09-03 12:28:15,19,30,32,20.5,43.4,22.5,40.3,0,26
2026-09-03 12:33:15,18,29,30,20.7,43.3,22.7,39.9,0,26
2026-09-03 12:38:15,17,27,27,20.8,42.8,22.8,39.4,0,22
2026-09-03 12:43:15,14,26,26,20.9,42.4,23,38.8,0,25
2026-09-03 12:48:15,13,26,28,21,41.8,23.1,38.4,0,27
2026-09-03 12:53:15,15,27,28,21.2,41.2,23.2,37.6,0,27
2026-09-03 12:58:15,20,28,30,21.3,41.1,23.4,37.5,0,27
2026-09-03 13:03:15,16,26,26,21.4,40.9,23.5,37.3,0,22
2026-09-03 13:08:15,18,29,29,21.5,40.8,23.6,36.9,0,28
2026-09-03 13:13:15,19,28,28,21.6,40.3,23.8,36.5,0,25
2026-09-03 13:18:15,14,26,27,21.7,40.2,23.9,36.4,0,26
2026-09-03 13:23:15,20,31,34,21.8,39.7,24,35.7,0,27
2026-09-03 13:28:15,20,30,31,21.9,39.6,24.2,35.7,0,26
2026-09-03 13:33:15,20,30,30,22.1,39,24.3,34.9,0,26
2026-09-03 13:38:15,19,29,30,22.1,38.7,24.4,34.5,0,26
2026-09-03 13:43:15,31,48,58,22.2,38.3,24.5,34.5,0,26
2026-09-03 13:48:15,22,33,35,22.3,37.6,24.6,33.6,0,22
2026-09-03 13:53:15,26,42,49,22.4,37.9,24.7,33.9,0,25
2026-09-03 13:58:15,19,30,30,22.5,37.3,24.9,33.3,0,26
2026-09-03 14:03:15,19,27,29,22.6,37.6,25,33.8,0,26
2026-09-03 14:08:15,20,27,28,22.7,37.3,25,33.4,0,26
2026-09-03 14:13:15,14,26,29,22.7,36.7,25.1,32.3,0,22
2026-09-03 14:18:15,11,24,24,22.8,36.3,25.2,32,0,27
2026-09-03 14:23:15,14,26,26,22.8,36,25.3,31.6,0,25
2026-09-03 14:28:15,13,25,27,22.9,36,25.3,31.8,0,26
2026-09-03 14:33:15,11,24,25,22.9,35.8,25.3,31.5,0,26
2026-09-03 14:38:15,8,22,22,23,35.5,25.4,31.4,0,25
2026-09-03 14:43:15,11,23,24,23,35.3,25.4,31.1,0,27
2026-09-03 14:48:15,9,23,24,23.1,35.6,25.4,31.7,0,23
2026-09-03 14:53:15,11,23,23,23,35.8,25.4,31.6,0,26
2026-09-03 14:58:15,11,24,24,23,35.7,25.3,31.6,0,25
2026-09-03 15:03:15,12,23,25,23,35.3,25.3,31.5,0,22
2026-09-03 15:08:15,13,26,26,23,35.3,25.2,31.6,0,27
2026-09-03 15:13:15,11,23,23,22.9,35.7,25.1,31.9,0,21
2026-09-03 15:18:15,12,24,24,22.9,35.6,25.1,31.9,0,25
2026-09-03 15:23:15,14,28,29,22.9,35.8,25.1,32.2,0,27
2026-09-03 15:28:15,11,23,24,22.9,35.7,25.2,31.6,0,26
2026-09-03 15:33:15,14,28,28,22.9,35.5,25.2,31.6,0,26
2026-09-03 15:38:15,11,25,26,22.9,35.6,25.2,31.8,0,24
2026-09-03 15:43:15,11,25,25,22.9,35.6,25.1,31.8,0,27
2026-09-03 15:48:15,9,20,23,22.8,35.5,25,32,0,25
2026-09-03 15:53:15,9,22,24,22.7,35.6,24.8,32.2,0,22
2026-09-03 15:58:15,8,23,23,22.7,35.8,24.7,32.4,0,27
2026-09-03 16:03:15,8,20,22,22.5,35.9,24.5,32.6,0,25
2026-09-03 16:08:15,9,22,22,22.4,36,24.3,32.8,0,21
2026-09-03 16:13:15,12,27,29,22.3,36.3,24.2,33.2,0,25
2026-09-03 16:18:15,7,20,20,22.2,36.6,24.1,33.6,0,27
2026-09-03 16:23:15,8,19,19,22.1,36.7,24,33.8,0,26
2026-09-03 16:28:15,7,18,18,22.1,36.7,23.9,33.8,0,27
2026-09-03 16:33:15,7,19,19,22,36.7,23.7,33.9,0,26
2026-09-03 16:38:15,7,17,19,21.9,36.6,23.6,34.1,0,27
2026-09-03 16:43:15,7,17,18,21.9,37,23.5,34.3,0,23
2026-09-03 16:48:15,6,13,13,21.8,37.1,23.4,34.2,0,26
2026-09-03 16:53:15,16,26,27,21.7,37.3,23.3,34.4,0,26
2026-09-03 16:58:16,4,12,13,21.5,37.5,23.2,34.7,0,27
2026-09-03 17:03:15,6,14,16,21.4,37.6,23.1,34.9,0,25
2026-09-03 17:08:15,3,7,7,21.3,37.5,23,35.1,0,25
2026-09-03 17:13:16,3,6,7,21.2,37.4,22.9,35.1,0,26
2026-09-03 17:18:16,2,6,6,21.1,37.8,22.8,35.4,0,27
2026-09-03 17:23:16,3,7,8,21,37.8,22.6,35.4,0,25
2026-09-03 17:28:16,2,7,7,21,37.8,22.5,35.7,0,26
2026-09-03 17:33:16,3,6,7,20.9,38.1,22.4,35.7,0,27
2026-09-03 17:38:16,3,4,4,20.8,37.9,22.3,35.6,0,26
2026-09-03 17:43:15,3,5,5,20.8,38.1,22.2,35.9,0,27
2026-09-03 17:48:16,8,18,20,20.7,38.1,22.1,36.1,0,28
2026-09-03 17:53:16,4,8,9,20.6,38.3,22,36.3,0,26
2026-09-03 17:58:16,3,5,5,20.5,38.4,21.9,36.5,0,26
2026-09-03 18:03:16,2,6,6,20.4,38.6,21.8,36.6,0,21
2026-09-03 18:08:16,3,6,6,20.3,38.9,21.7,36.9,0,26
2026-09-03 18:13:16,3,5,5,20.3,39,21.5,37.1,0,21
2026-09-03 18:18:16,4,9,9,20.2,39.3,21.4,37.5,0,25
2026-09-03 18:23:16,1,6,6,20.1,39.5,21.3,37.9,0,21
2026-09-03 18:28:16,3,8,9,20,39.8,21.2,38.3,0,21
2026-09-03 18:33:16,2,4,4,19.9,40.1,21,38.7,0,21
2026-09-03 18:38:16,2,6,6,19.8,40.6,20.9,39,0,21
2026-09-03 18:43:16,3,6,7,19.7,40.7,20.8,39.4,0,21
2026-09-03 18:48:16,2,5,5,19.6,40.9,20.7,39.8,0,21
2026-09-03 18:53:16,1,6,7,19.5,41.3,20.5,40.1,0,21
2026-09-03 18:58:16,4,17,20,19.4,41.6,20.4,40.5,0,21
2026-09-03 19:03:17,3,6,7,19.3,41.7,20.3,40.6,0,21
2026-09-03 19:08:16,1,4,4,19.2,42,20.2,41,0,21
2026-09-03 19:13:16,2,4,4,19.2,41.9,20.1,41.2,0,21
2026-09-03 19:18:16,2,5,5,19.1,42.2,20,41.5,0,21
2026-09-03 19:23:16,2,6,6,19,42.3,19.9,41.7,0,21
2026-09-03 19:28:16,1,4,4,18.9,42.6,19.8,41.9,0,21
2026-09-03 19:33:16,26,48,60,18.9,42.6,19.7,42,0,21
2026-09-03 19:38:16,5,16,17,18.7,42.6,19.6,42,0,21
2026-09-03 19:43:16,1,4,4,18.7,42.7,19.5,42.1,0,21
2026-09-03 19:48:16,1,10,10,18.7,42.7,19.4,42.2,0,21
2026-09-03 19:53:16,1,3,3,18.6,42.7,19.4,41.8,0,26
2026-09-03 19:58:16,1,3,3,18.5,42.5,19.3,41.6,0,20
2026-09-03 20:03:16,1,3,3,18.5,42.6,19.2,41.6,0,25
2026-09-03 20:08:16,0,3,3,18.4,42.3,19.1,41.4,0,21
2026-09-03 20:13:16,1,4,5,18.3,42.3,19.1,41.4,0,21
2026-09-03 20:18:16,1,2,2,18.3,42.4,19,41.5,0,21
2026-09-03 20:23:16,1,3,3,18.2,42.5,19,41.6,0,21
2026-09-03 20:28:16,1,3,3,18.2,42.6,18.9,41.8,0,21
2026-09-03 20:33:16,0,4,4,18.1,42.7,18.8,41.9,0,21
2026-09-03 20:38:16,1,4,5,18.1,42.9,18.7,42.2,0,21
2026-09-03 20:43:16,3,5,6,18,43,18.7,42.4,0,21
2026-09-03 20:48:16,1,4,4,18,43.2,18.6,42.6,0,21
2026-09-03 20:53:16,1,6,6,17.9,43.2,18.6,42.7,0,21
2026-09-03 20:58:16,1,6,6,17.9,43.3,18.5,42.8,0,21
2026-09-03 21:03:16,1,3,4,17.9,43.2,18.5,42.8,0,21
2026-09-03 21:08:16,1,5,5,17.8,43.2,18.4,42.6,0,21
2026-09-03 21:13:16,2,5,5,17.8,43.2,18.4,42.7,0,21
2026-09-03 21:18:16,2,5,5,17.8,43.3,18.3,42.6,0,21
2026-09-03 21:23:16,3,5,6,17.7,43.4,18.3,42.8,0,21
2026-09-03 21:28:16,3,5,5,17.7,43.4,18.3,42.9,0,21
2026-09-03 21:33:16,2,8,9,17.7,43.5,18.2,43,0,21
2026-09-03 21:38:16,3,6,6,17.7,43.6,18.2,43.1,0,21
2026-09-03 21:43:16,3,9,9,17.6,43.8,18.1,43.2,0,21
2026-09-03 21:48:16,3,9,9,17.6,43.8,18.1,43.6,0,21
2026-09-03 21:53:16,3,10,10,17.5,44.1,18.1,43.9,0,21
2026-09-03 21:58:16,4,9,10,17.5,44.3,18,44,0,21
2026-09-03 22:03:16,4,10,12,17.5,44.3,18,44.1,0,21
2026-09-03 22:08:16,4,9,9,17.5,44.4,18,44.3,0,21
2026-09-03 22:13:16,4,10,10,17.4,44.4,17.9,44.2,0,21
2026-09-03 22:18:16,4,8,10,17.4,44.4,17.9,44.1,0,21
2026-09-03 22:23:16,3,8,8,17.3,44.4,17.8,44.1,0,21
2026-09-03 22:28:16,4,10,10,17.3,44.6,17.8,44.4,0,21
2026-09-03 22:33:17,5,9,10,17.3,44.8,17.8,44.5,0,21
2026-09-03 22:38:17,3,9,10,17.2,44.8,17.7,44.7,0,21
2026-09-03 22:43:16,3,12,12,17.2,45,17.7,44.8,0,21
2026-09-03 22:48:17,4,8,8,17.2,45.1,17.6,45,0,21
2026-09-03 22:53:16,5,9,10,17.2,45.2,17.6,45.3,0,21
2026-09-03 22:58:16,5,9,10,17.3,45.4,18,44.6,0,21
2026-09-03 23:03:16,6,16,18,17.3,45.1,18,44.6,0,21
2026-09-03 23:08:16,4,9,9,17.5,44.9,18.4,43.3,0,21
2026-09-03 23:13:16,4,9,9,17.6,44.5,18.6,42.7,1,21
2026-09-03 23:18:17,4,8,8,17.6,44.2,18.4,42.9,0,21
2026-09-03 23:23:16,3,8,8,17.6,44.4,18.5,43,0,21
2026-09-03 23:28:17,4,9,9,17.6,44.1,18.5,42.7,1,21
2026-09-03 23:33:17,3,8,8,17.6,44.3,18.4,43.5,1,21
2026-09-03 23:38:17,2,6,6,17.6,44.7,18.3,43.6,1,21
2026-09-03 23:43:17,3,8,8,17.5,44.6,18.2,43.9,1,21
2026-09-03 23:48:16,2,8,8,17.5,44.9,18.2,44,1,21
2026-09-03 23:53:17,4,9,9,17.5,45,18.2,43.9,1,21
2026-09-03 23:58:17,3,5,6,17.5,44.8,18.2,43.8,1,21
2026-09-04 00:03:17,5,8,8,17.4,44.5,18.2,43.4,1,21
2026-09-04 00:08:17,3,9,9,17.5,44.5,18.2,43.3,1,21
2026-09-04 00:13:17,3,8,8,17.5,44.3,18.1,43.2,1,21
2026-09-04 00:18:17,2,5,5,17.4,44,18.1,42.6,1,21
2026-09-04 00:23:17,2,5,5,17.4,43.5,18,41.9,1,18
2026-09-04 00:28:17,2,5,5,17.3,42.9,18,41.2,1,18
2026-09-04 00:33:17,2,4,4,17.3,42.9,17.9,41,1,18
2026-09-04 00:38:17,2,4,5,17.2,42.7,17.8,40.9,1,18
2026-09-04 00:43:17,2,4,4,17.2,42.6,17.7,41.3,1,18
2026-09-04 00:48:17,1,7,8,17.1,43,17.6,41.6,1,18
2026-09-04 00:53:17,2,7,7,17.1,43.1,17.6,41.9,1,18
2026-09-04 00:58:17,2,4,4,17,43.4,17.5,42.3,1,18
2026-09-04 01:03:17,3,6,9,16.9,43.5,17.4,42.6,1,18
2026-09-04 01:08:17,2,8,8,16.9,43.5,17.4,42.6,1,18
2026-09-04 01:13:17,2,4,4,16.8,43.3,17.3,42.4,1,18
2026-09-04 01:18:17,2,4,4,16.8,43.3,17.2,42.6,1,18
2026-09-04 01:23:17,1,5,7,16.7,43.4,17.1,42.7,1,18
2026-09-04 01:28:17,2,5,6,16.7,43.6,17.1,42.9,1,18
2026-09-04 01:33:17,2,7,8,16.6,43.6,17,43.1,1,18
2026-09-04 01:38:17,3,7,7,16.6,43.7,16.9,43.1,1,19
2026-09-04 01:43:17,3,7,7,16.5,43.6,16.8,42.8,1,19
2026-09-04 01:48:17,2,5,5,16.4,43.5,16.8,42.8,1,19
2026-09-04 01:53:17,2,5,5,16.4,43.6,16.7,43.1,1,19
2026-09-04 01:58:17,3,7,7,16.3,44,16.6,43.7,1,19
2026-09-04 02:03:17,3,7,7,16.3,44.4,16.6,44.2,1,19
2026-09-04 02:08:17,2,7,8,16.2,44.5,16.5,44.5,1,28
2026-09-04 02:13:17,4,8,9,16.2,44.6,16.5,44.7,1,16
2026-09-04 02:18:17,5,10,10,16.1,44.9,16.4,44.8,1,25
2026-09-04 02:23:17,3,9,9,16.1,45,16.4,44.9,1,25
2026-09-04 02:28:17,2,9,9,16,45.1,16.3,45,1,16
2026-09-04 02:33:17,3,10,10,16,45.2,16.3,45.1,1,16
2026-09-04 02:38:17,4,10,15,16,45.3,16.2,45.3,1,26
2026-09-04 02:43:17,5,10,10,15.9,45.6,16.2,45.5,1,26
2026-09-04 02:48:17,4,9,10,15.8,45.6,16.1,45.5,1,26
2026-09-04 02:53:17,4,10,10,15.8,45.5,16.1,45.5,1,18
2026-09-04 02:58:17,3,8,8,15.8,45.4,16,45.2,1,26
2026-09-04 03:03:17,2,7,8,15.7,45.4,16,45,1,16
2026-09-04 03:08:17,3,8,8,15.7,45.2,15.9,44.9,1,16
2026-09-04 03:13:17,3,7,8,15.7,45.2,15.9,45,1,16
2026-09-04 03:18:17,3,9,9,15.7,45.3,15.9,45,1,26
2026-09-04 03:23:17,2,8,9,15.7,45.4,15.8,45,1,25
2026-09-04 03:28:17,3,8,8,15.6,45.3,15.8,45,1,26
2026-09-04 03:33:17,1,7,7,15.6,45.5,15.8,45.2,1,27
2026-09-04 03:38:17,3,7,7,15.6,45.5,15.8,45.4,1,26
2026-09-04 03:43:17,4,10,10,15.6,45.7,15.7,45.7,1,26
2026-09-04 03:48:17,4,10,10,15.5,45.8,15.7,45.9,1,29
2026-09-04 03:53:17,4,9,9,15.5,45.9,15.7,46,1,16
2026-09-04 03:58:17,4,8,8,15.5,45.9,15.6,46.1,1,26
2026-09-04 04:03:17,3,7,8,15.5,46,15.6,46.4,1,19
2026-09-04 04:08:17,3,7,7,15.5,46.2,15.6,46.5,1,25
2026-09-04 04:13:17,6,10,10,15.4,46.3,15.6,46.5,1,26
2026-09-04 04:18:17,4,9,9,15.5,46.4,15.6,46.6,1,16
2026-09-04 04:23:18,6,13,14,15.4,46.3,15.6,46.6,1,25
2026-09-04 04:28:17,6,14,16,15.4,46.3,15.6,46.6,1,26
2026-09-04 04:33:18,6,9,10,15.4,46.4,15.5,46.6,1,26
2026-09-04 04:38:18,3,9,9,15.4,46.4,15.5,46.6,1,26
2026-09-04 04:43:18,6,14,15,15.3,46.4,15.4,46.9,1,26
2026-09-04 04:48:17,7,14,16,15.3,46.6,15.3,47.1,1,26
2026-09-04 04:53:17,6,14,16,15.2,46.6,15.3,47,1,26
2026-09-04 04:58:17,6,14,15,15.2,46.9,15.2,47.3,1,28
2026-09-04 05:03:17,6,15,19,15.1,46.9,15.1,47.4,1,16
2026-09-04 05:08:17,7,20,21,15.1,47.1,15.1,47.6,1,26
2026-09-04 05:13:17,7,19,23,15.1,47.1,15.1,47.7,1,16
2026-09-04 05:18:18,7,20,21,15,47.3,15,47.9,1,25
2026-09-04 05:23:18,7,21,23,15,47.4,15,48.2,1,16
2026-09-04 05:28:17,9,23,23,14.9,47.5,15,48.3,1,16
2026-09-04 05:33:17,7,18,22,15,47.6,14.9,48.4,1,16
2026-09-04 05:38:17,7,18,20,15,47.7,14.9,48.3,1,25
2026-09-04 05:43:17,6,21,21,15,47.6,14.9,48.2,1,25
2026-09-04 05:48:17,9,22,24,14.9,47.6,14.9,48.3,1,25
2026-09-04 05:53:18,8,18,20,14.9,47.6,14.9,48.3,1,17
2026-09-04 05:58:18,7,20,24,14.9,47.7,14.9,48.3,1,26
2026-09-04 06:03:17,8,21,23,14.9,47.7,14.8,48.5,1,18
2026-09-04 06:08:18,7,21,23,14.9,47.8,14.8,48.5,1,18
2026-09-04 06:13:18,7,21,23,14.8,47.8,14.8,48.4,1,18
2026-09-04 06:18:18,9,27,28,14.8,47.8,14.7,48.4,1,18
2026-09-04 06:23:18,8,24,24,14.8,47.8,14.7,48.3,1,18
2026-09-04 06:28:18,9,27,28,14.7,48,14.7,48.6,1,18
2026-09-04 06:33:18,7,24,27,14.8,47.8,14.6,48.6,1,18
2026-09-04 06:38:18,7,27,27,14.7,48,14.6,48.7,1,18
2026-09-04 06:43:18,8,27,27,14.7,47.9,14.6,48.7,1,18
2026-09-04 06:48:18,9,28,30,14.7,47.9,14.5,48.7,1,18
2026-09-04 06:53:18,8,23,24,14.6,47.7,14.5,48.7,1,18
2026-09-04 06:58:18,9,28,32,14.6,47.8,14.4,48.8,1,18
2026-09-04 07:03:17,8,24,24,14.6,47.9,14.4,48.9,1,21
2026-09-04 07:08:18,8,25,30,14.6,47.9,14.4,49,1,21
2026-09-04 07:13:18,7,24,24,14.5,47.9,14.4,49.1,1,21
2026-09-04 07:18:18,7,23,27,14.5,48.1,14.3,49.2,1,21
2026-09-04 07:23:18,9,28,29,14.5,48.1,14.3,49.3,1,21
2026-09-04 07:28:18,8,27,30,14.5,48.2,14.3,49.2,1,21
2026-09-04 07:33:18,8,23,27,14.5,48,14.3,49.2,1,21
2026-09-04 07:38:18,9,28,32,14.5,48.3,14.3,49.4,1,21
2026-09-04 07:43:18,10,25,27,14.5,48.2,14.3,49.4,1,21
2026-09-04 07:48:18,9,27,28,14.5,48.3,14.3,49.6,1,21
2026-09-04 07:53:18,9,24,28,14.5,48.4,14.3,49.7,1,21
2026-09-04 07:58:18,9,27,29,14.5,48.7,14.3,49.9,1,21
2026-09-04 08:03:18,9,24,24,14.5,48.7,14.3,50,1,21
2026-09-04 08:08:18,9,27,28,14.5,48.7,14.4,49.6,1,21
2026-09-04 08:13:18,8,27,27,14.5,48.6,14.4,49.4,1,21
2026-09-04 08:18:18,10,27,27,14.5,48.6,14.5,49.6,1,21
2026-09-04 08:23:18,7,27,27,14.6,48.6,14.5,49.6,1,26
2026-09-04 08:28:18,11,29,29,14.7,48.9,14.6,49.6,1,25
2026-09-04 08:33:18,11,24,27,14.7,48.8,14.6,49.5,1,26
2026-09-04 08:38:18,23,36,37,14.7,48.8,14.7,49.5,1,26
2026-09-04 08:43:18,14,31,34,14.8,48.7,14.8,49.2,1,25
2026-09-04 08:48:18,7,23,24,14.8,48.7,14.9,49.3,1,25
2026-09-04 08:53:18,7,27,27,14.9,48.6,15,49,1,26
2026-09-04 08:58:18,8,22,23,14.9,48.7,15.1,48.9,1,27
2026-09-04 09:03:18,6,19,19,15,48.6,15.2,48.7,1,26
2026-09-04 09:08:18,7,15,19,15.1,48.3,15.3,48.4,1,26
2026-09-04 09:13:18,7,18,18,15.2,48.2,15.4,48,1,27
2026-09-04 09:18:18,13,31,36,15.3,48.3,15.6,48,1,25
2026-09-04 09:23:18,10,26,27,15.4,48.2,15.7,47.9,1,26
2026-09-04 09:28:18,8,21,24,15.5,48,15.9,47.5,1,25
2026-09-04 09:33:18,7,20,23,15.6,47.9,16.1,47.4,1,21
2026-09-04 09:38:18,9,22,23,15.8,47.9,16.3,47.2,0,26
2026-09-04 09:43:18,10,27,27,15.9,47.6,16.4,46.7,0,26
2026-09-04 09:48:18,10,24,26,16,47.4,16.5,46.5,0,27
2026-09-04 09:53:18,9,26,29,16.1,47.2,16.6,46.5,0,25
2026-09-04 09:58:18,10,29,31,16.1,47,16.7,46.3,0,25
2026-09-04 10:03:18,10,27,27,16.3,47.1,16.8,46.2,0,26
2026-09-04 10:08:18,9,29,30,16.4,46.9,16.9,46,0,25
2026-09-04 10:13:18,12,30,30,16.5,46.9,17.1,46,0,25
2026-09-04 10:18:18,10,28,29,16.6,46.8,17.3,45.4,0,27
2026-09-04 10:23:18,14,29,29,16.7,46.4,17.5,45.1,0,25
2026-09-04 10:28:18,10,26,26,16.8,46.2,17.7,44.9,0,26
2026-09-04 10:33:18,10,27,29,17,46.4,17.9,44.6,0,22
2026-09-04 10:38:18,17,33,36,17.1,46.2,18.1,44.4,0,26
2026-09-04 10:43:18,12,30,30,17.3,45.9,18.3,44,0,20
2026-09-04 10:48:18,18,27,29,17.4,45.7,18.5,43.6,0,26
2026-09-04 10:53:18,14,30,32,17.6,45.3,18.7,43,0,25
2026-09-04 10:58:19,18,28,33,17.7,44.9,18.8,42.7,0,28
2026-09-04 11:03:19,19,34,35,17.9,44.7,19,42.5,0,25
2026-09-04 11:08:18,20,34,35,18,44.4,19.1,42.2,0,22
2026-09-04 11:13:18,21,33,35,18.1,44.3,19.3,42.1,0,26
2026-09-04 11:18:19,22,39,46,18.2,44.2,19.5,41.8,0,26
2026-09-04 11:23:18,22,33,33,18.4,43.9,19.7,41.5,0,27
2026-09-04 11:28:18,21,31,33,18.6,43.8,20,41.1,0,21
2026-09-04 11:33:19,22,36,38,18.7,43.3,20.2,40.6,0,25
2026-09-04 11:38:18,23,35,38,18.9,43.2,20.4,40,0,26
2026-09-04 11:43:18,21,35,37,19,42.8,20.6,39.8,0,25
2026-09-04 11:48:18,23,35,38,19.2,43,20.8,39.6,0,25
2026-09-04 11:53:18,23,37,40,19.3,42.6,21,39.2,0,25
2026-09-04 11:58:19,24,38,44,19.4,42.3,21.1,38.8,0,26
2026-09-04 12:03:19,25,38,44,19.6,41.8,21.3,38.2,0,25
2026-09-04 12:08:18,25,38,42,19.8,41.3,21.5,37.7,0,26
2026-09-04 12:13:18,24,39,45,19.9,41.1,21.7,37.6,0,25
2026-09-04 12:18:19,25,38,42,20,40.7,21.8,37,0,28
2026-09-04 12:23:18,26,39,46,20.1,40.3,22,36.8,0,25
2026-09-04 12:28:19,24,38,43,20.3,40,22.1,36.3,0,25
2026-09-04 12:33:19,23,38,43,20.4,39.6,22.3,36.1,0,24
2026-09-04 12:38:19,25,38,43,20.5,39.4,22.4,35.8,0,25
2026-09-04 12:43:19,24,34,41,20.6,39.1,22.6,35.4,0,26
2026-09-04 12:48:19,24,39,45,20.7,38.8,22.7,35.1,0,27
2026-09-04 12:53:19,24,36,41,20.8,38.5,22.8,34.8,0,26
2026-09-04 12:58:19,24,36,42,20.9,38.2,22.9,34.6,0,26
2026-09-04 13:03:19,24,38,43,21,38.2,23,34.5,0,27
2026-09-04 13:08:19,24,38,44,21.1,37.9,23.1,34.2,0,26
2026-09-04 13:13:18,25,37,44,21.2,37.9,23.2,34,0,26
2026-09-04 13:18:19,23,36,41,21.3,37.5,23.4,33.8,0,25
2026-09-04 13:23:18,24,39,47,21.4,37.1,23.5,33.5,0,26
2026-09-04 13:28:19,25,39,46,21.5,37.3,23.6,33.2,0,26
2026-09-04 13:33:18,25,40,46,21.6,37.1,23.7,33,0,26
2026-09-04 13:38:19,27,42,51,21.7,36.9,23.8,32.9,0,26
2026-09-04 13:43:19,25,39,44,21.7,36.7,23.8,32.7,0,24
2026-09-04 13:48:19,28,43,52,21.8,36.4,23.9,32.4,0,25
2026-09-04 13:53:19,25,40,47,21.8,35.9,23.9,31.7,0,25
2026-09-04 13:58:19,26,41,48,21.9,35.9,23.9,31.9,0,26
2026-09-04 14:03:19,26,41,48,21.9,36,24,32,0,26
2026-09-04 14:08:19,29,43,51,22,36,24.1,31.8,0,26
2026-09-04 14:13:19,22,35,40,22,35.2,24.1,30.9,0,26
2026-09-04 14:18:19,24,40,46,22.1,34.9,24.2,30.5,0,28
2026-09-04 14:23:19,24,37,43,22.1,34.8,24.3,30.8,0,26
2026-09-04 14:28:19,22,35,38,22.2,34,24.3,29.7,0,25
2026-09-04 14:33:19,22,32,35,22.2,34.1,24.3,29.8,0,25
2026-09-04 14:38:19,22,32,36,22.2,33.8,24.4,29.1,0,25
2026-09-04 14:43:19,23,36,40,22.2,33.6,24.4,29.1,0,26
2026-09-04 14:48:19,22,32,34,22.3,33.3,24.4,28.9,0,27
2026-09-04 14:53:19,11,25,25,22.3,32.4,24.4,27.9,0,26
2026-09-04 14:58:19,9,24,24,22.3,32.4,24.4,27.7,0,26
2026-09-04 15:03:19,13,25,26,22.3,32.4,24.5,27.9,0,27
2026-09-04 15:08:19,9,23,23,22.3,32.2,24.5,27.8,0,25
2026-09-04 15:13:19,8,22,22,22.4,32.4,24.5,28.2,0,20
2026-09-04 15:18:19,8,19,20,22.4,32.4,24.6,27.7,0,26
2026-09-04 15:23:19,7,17,17,22.5,32.4,24.7,27.8,0,25
2026-09-04 15:28:19,8,19,20,22.5,31.6,24.9,27.2,0,27
2026-09-04 15:33:19,7,16,16,22.6,31.5,25,26.7,0,26
2026-09-04 15:38:19,8,18,18,22.7,30.8,25,26,0,25
2026-09-04 15:43:19,6,14,16,22.7,30.9,25,26.4,0,26
2026-09-04 15:48:19,5,9,11,22.7,30.7,24.9,26.2,0,26
2026-09-04 15:53:19,5,9,11,22.6,30.6,24.7,26,0,22
2026-09-04 15:58:19,6,12,13,22.6,30.7,24.6,26.3,0,28
2026-09-04 16:03:19,6,13,14,22.5,30.6,24.5,25.9,0,20
2026-09-04 16:08:19,6,11,13,22.5,30.6,24.4,26.2,0,25
2026-09-04 16:13:19,5,8,8,22.3,30,24.3,25.6,0,27
2026-09-04 16:18:19,8,16,18,22.3,30.4,24.2,26,0,22
2026-09-04 16:23:19,5,9,11,22.2,30.4,24.1,25.9,0,26
2026-09-04 16:28:19,5,11,11,22.1,30,24,25.8,0,25
2026-09-04 16:33:19,4,8,9,22,30.1,23.8,25.8,0,22
2026-09-04 16:38:20,3,7,8,22,30,23.7,25.7,0,22
2026-09-04 16:43:19,5,8,8,21.9,29.9,23.6,25.6,0,22
2026-09-04 16:48:20,5,7,7,21.8,29.8,23.5,25.3,0,22
2026-09-04 16:53:19,3,7,8,21.7,30,23.4,25.9,0,22
2026-09-04 16:58:19,4,6,7,21.7,30,23.3,25.7,0,22
2026-09-04 17:03:20,4,7,7,21.6,29.9,23.2,26,0,22
2026-09-04 17:08:20,3,5,5,21.5,29.7,23.1,25.9,0,22
2026-09-04 17:13:19,2,5,5,21.4,30,23,26.2,0,22
2026-09-04 17:18:20,3,6,6,21.3,30,22.8,26,0,22
2026-09-04 17:23:19,2,7,7,21.1,29.7,22.7,25.9,0,22
2026-09-04 17:28:19,1,6,6,21.1,29.6,22.6,25.7,0,22
2026-09-04 17:33:19,2,5,5,21,29.7,22.5,26,0,22
2026-09-04 17:38:19,1,5,5,20.9,29.8,22.4,25.8,0,22
2026-09-04 17:43:19,2,4,4,20.8,29.7,22.3,25.9,0,22
2026-09-04 17:48:19,0,3,3,20.8,29.8,22.2,25.9,0,19
2026-09-04 17:53:19,1,4,4,20.7,29.8,22.1,25.8,0,22
2026-09-04 17:58:19,11,25,28,20.6,29.6,22,25.6,0,20
2026-09-04 18:03:19,1,5,5,20.6,29.3,21.9,25.4,0,22
2026-09-04 18:08:19,0,3,3,20.5,29.1,21.8,25.2,0,20
2026-09-04 18:13:19,0,1,2,20.4,29.2,21.7,25.1,0,20
2026-09-04 18:18:20,0,1,1,20.3,29,21.6,24.9,0,20
2026-09-04 18:23:19,0,1,1,20.2,29,21.4,24.9,0,20
2026-09-04 18:28:19,0,1,1,20,28.8,,,0,20
2026-09-04 18:33:19,1,2,2,20,28.7,,,0,20
2026-09-04 18:38:20,0,0,1,19.8,28.7,,,0,20
2026-09-04 18:43:19,0,1,1,19.7,28.8,,,0,20
2026-09-04 18:48:20,0,2,2,19.6,28.7,,,0,20
2026-09-04 18:53:20,0,1,1,19.5,28.8,,,0,20
2026-09-04 18:58:19,0,1,1,19.4,29.1,,,0,20
2026-09-04 19:03:20,0,2,2,19.2,29.1,,,0,20
2026-09-04 19:08:19,0,2,2,19.1,29.2,,,0,20
2026-09-04 19:13:19,0,2,2,19,29.1,,,0,20
2026-09-04 19:18:19,1,3,3,18.9,29.4,,,0,20
2026-09-04 19:23:19,0,1,1,18.8,29.6,,,0,20
2026-09-04 19:28:20,0,2,2,18.7,29.7,,,0,20
2026-09-04 19:33:20,1,3,4,18.6,29.9,,,0,20
2026-09-04 19:38:20,0,0,1,18.5,30.2,,,0,20
2026-09-04 19:43:19,0,1,1,18.4,30.1,,,0,20
2026-09-04 19:48:19,0,2,2,18.3,30.5,,,0,20
2026-09-04 19:53:20,0,1,1,18.2,30.4,,,0,20
2026-09-04 19:58:20,0,1,1,18.1,30.3,,,0,20
2026-09-04 20:03:19,0,6,6,18,30.4,,,0,20
2026-09-04 20:08:20,3,6,6,17.9,30.3,,,0,20
2026-09-04 20:13:20,2,6,6,18,30.4,18.6,27.6,1,20
2026-09-04 20:18:20,4,9,9,17.9,30.3,18.6,27.3,1,20
2026-09-04 20:23:19,1,6,7,17.9,30.1,18.5,27,0,20
2026-09-04 20:28:20,0,3,3,17.8,30.1,18.4,27.1,0,20
2026-09-04 20:33:20,0,0,0,17.8,30.2,18.3,27.5,1,20
2026-09-04 20:38:20,0,1,1,17.8,30.1,18.5,27,0,20
2026-09-04 20:43:20,0,3,3,17.8,30.2,18.4,27.4,1,20
2026-09-04 20:48:20,0,4,6,17.9,30.2,18.7,27,1,20
2026-09-04 20:53:20,0,1,2,17.8,30.1,18.6,27,1,20
2026-09-04 20:58:19,0,4,4,17.8,30.3,18.4,27.2,1,20
2026-09-04 21:03:20,1,2,3,17.8,30.2,18.4,27.5,1,20
2026-09-04 21:08:20,0,3,3,17.7,30.4,18.3,27.6,1,20
2026-09-04 21:13:20,0,2,2,17.7,30.2,18.3,27.3,1,20
2026-09-04 21:18:20,0,1,3,17.7,30.3,18.3,27.6,1,20
2026-09-04 21:23:20,1,1,1,17.6,30.2,18.3,27.4,1,20
2026-09-04 21:28:20,0,2,2,17.6,30.6,18.2,27.7,1,20
2026-09-04 21:33:20,0,2,2,17.6,30.6,18.2,27.9,1,20
2026-09-04 21:38:20,0,2,2,17.5,30.4,18.1,27.6,1,20
2026-09-04 21:43:20,0,1,1,17.5,30.4,18.1,27.4,1,20
2026-09-04 21:48:20,0,1,2,17.5,30.6,18.1,27.6,1,20
2026-09-04 21:53:20,0,2,2,17.5,30.6,18.1,27.7,1,20
2026-09-04 21:58:20,0,4,5,17.4,30.7,18,28,1,20
2026-09-04 22:03:20,0,3,3,17.4,30.9,18,28.3,1,20
2026-09-04 22:08:20,0,4,4,17.3,30.8,17.9,28.1,1,20
2026-09-04 22:13:20,0,2,2,17.3,31,17.8,28.5,1,20
2026-09-04 22:18:20,0,3,4,17.2,31.3,17.7,29,1,20
2026-09-04 22:23:20,0,3,3,17.1,31.1,17.6,28.9,1,20
2026-09-04 22:28:20,0,2,3,17.1,31.4,17.6,28.9,1,20
2026-09-04 22:33:20,0,3,4,17,31.6,17.5,29.2,1,20
2026-09-04 22:38:20,0,1,2,17,31.8,17.5,29.4,1,20
2026-09-04 22:43:20,0,3,3,16.9,31.8,17.4,29.3,1,20
2026-09-04 22:48:20,0,2,2,16.9,31.9,17.4,29.5,1,20
2026-09-04 22:53:20,0,2,2,16.9,31.8,17.4,29.6,1,20
2026-09-04 22:58:20,0,1,1,16.8,31.9,17.3,29.7,1,20
2026-09-04 23:03:20,0,2,3,16.8,32,17.2,30,1,20
2026-09-04 23:08:20,0,2,2,16.8,32.5,17.2,30.3,1,20
2026-09-04 23:13:20,0,1,1,16.7,32.4,17.1,30.1,1,20
2026-09-04 23:18:20,0,2,2,16.7,32.5,17.1,30.3,1,20
2026-09-04 23:23:20,0,1,1,16.6,32.5,17,30.6,1,20
2026-09-04 23:28:20,0,4,4,16.6,32.6,17,30.5,1,20
2026-09-04 23:33:20,0,2,2,16.5,32.7,16.9,30.8,1,20
2026-09-04 23:38:20,0,2,2,16.5,32.6,16.9,30.4,1,20
2026-09-04 23:43:20,0,3,4,16.5,32.3,16.8,29.9,1,20
2026-09-04 23:48:20,0,1,1,16.5,32.6,16.8,30.6,1,20
2026-09-04 23:53:20,0,1,2,16.4,32.7,16.7,30.8,1,20
2026-09-04 23:58:20,0,1,2,16.4,33,16.7,30.9,1,19
2026-09-05 00:03:20,0,2,3,16.4,32.9,16.6,31.1,1,19
2026-09-05 00:08:20,0,2,2,16.3,33.1,16.6,31,1,19
2026-09-05 00:13:20,1,1,2,16.3,33.2,16.6,31.4,1,19
2026-09-05 00:18:20,1,3,3,16.3,33.4,16.6,31.6,1,20
2026-09-05 00:23:20,1,2,2,16.2,33.6,16.6,31.8,1,20
2026-09-05 00:28:20,0,2,2,16.2,33.6,16.5,32,1,20
2026-09-05 00:33:20,0,5,5,16.2,33.6,16.5,31.7,1,20
2026-09-05 00:38:23,0,4,4,16.2,33.8,16.5,31.9,1,20
2026-09-05 00:43:20,0,4,4,16.1,33.6,16.5,31.9,1,20
2026-09-05 00:48:21,1,5,5,16.1,33.6,16.4,31.8,1,20
2026-09-05 00:53:21,2,3,3,16.1,33.9,16.4,32,1,20
2026-09-05 00:58:21,1,4,4,16.1,34.1,16.4,32.3,1,20
2026-09-05 01:03:21,2,4,5,16,34.2,16.3,32.7,1,20
2026-09-05 01:08:21,3,5,5,16,34.4,16.3,32.8,1,20
2026-09-05 01:13:21,1,4,4,16,34.5,16.2,33.2,1,20
2026-09-05 01:18:20,1,3,3,15.9,34.6,16.2,33.1,1,20
2026-09-05 01:23:20,1,3,3,15.9,34.7,16.1,33,1,20
2026-09-05 01:28:21,1,4,4,15.9,34.7,16.1,33.4,1,20
2026-09-05 01:33:21,0,3,3,15.8,35,16,33.6,1,20
2026-09-05 01:38:21,1,3,4,15.8,35,16,33.6,1,20
2026-09-05 01:43:21,1,4,4,15.7,35.3,15.9,33.8,1,20
2026-09-05 01:48:21,1,6,6,15.7,35.1,15.8,33.6,1,20
2026-09-05 01:53:21,1,4,4,15.7,35.1,15.8,33.8,1,20
2026-09-05 01:58:21,1,4,5,15.6,35.2,15.7,34,1,20
2026-09-05 02:03:21,2,6,6,15.6,35.3,15.6,34.2,1,20
2026-09-05 02:08:21,1,6,6,15.5,35.4,15.6,34.3,1,25
2026-09-05 02:13:21,2,5,5,15.5,35.5,15.6,34.2,1,25
2026-09-05 02:18:21,2,4,5,15.4,35.6,15.6,34.3,1,18
2026-09-05 02:23:21,1,3,6,15.4,35.8,15.5,34.6,1,18
2026-09-05 02:28:21,1,5,7,15.4,35.8,15.5,34.6,1,18
2026-09-05 02:33:21,2,4,6,15.4,35.5,15.5,34.2,1,18
2026-09-05 02:38:21,2,6,8,15.4,35.7,15.4,34.4,1,18
2026-09-05 02:43:21,1,6,6,15.3,35.6,15.4,34.6,1,18
2026-09-05 02:48:21,1,4,5,15.3,35.8,15.4,34.7,1,18
2026-09-05 02:53:21,1,3,3,15.3,36.1,15.4,35,1,18
2026-09-05 02:58:21,1,4,6,15.3,36,15.4,34.7,1,18
2026-09-05 03:03:21,3,4,6,15.3,36,15.3,34.8,1,18
2026-09-05 03:08:21,1,4,6,15.2,36.3,15.3,35,1,18
2026-09-05 03:13:21,1,6,6,15.2,36.2,15.3,35.2,1,18
2026-09-05 03:18:21,1,6,6,15.2,36.4,15.3,35.4,1,18
2026-09-05 03:23:21,2,4,4,15.2,36.4,15.2,35.1,1,18
2026-09-05 03:28:21,2,7,7,15.1,36.5,15.2,35.5,1,18
2026-09-05 03:33:21,2,4,4,15.1,36.5,15.1,35.4,1,18
2026-09-05 03:38:21,3,4,4,15.1,36.4,15.1,35.4,1,18
2026-09-05 03:43:21,2,7,7,15,36.5,15,35.4,1,18
2026-09-05 03:48:21,1,4,6,15,36.5,15,35.2,1,18
2026-09-05 03:53:21,2,3,3,15,36.3,14.9,35,1,18
2026-09-05 03:58:21,1,4,4,14.9,36.3,14.9,35.1,1,18
2026-09-05 04:03:21,1,3,3,14.9,36.2,14.9,35.1,1,18
2026-09-05 04:08:21,0,6,7,14.9,36.3,14.8,35.1,1,18
2026-09-05 04:13:21,0,4,4,14.9,36.5,14.8,35.3,1,18
2026-09-05 04:18:21,2,3,4,14.9,36.4,14.8,35.2,1,16
2026-09-05 04:23:21,0,3,3,14.8,36.3,14.8,35,1,16
2026-09-05 04:28:21,2,3,4,14.8,36.4,14.7,34.9,1,24
2026-09-05 04:33:21,1,4,4,14.8,36.3,14.7,35.1,1,27
2026-09-05 04:38:21,1,3,3,14.8,36.4,14.7,35.1,1,27
2026-09-05 04:43:21,0,3,3,14.7,36.4,14.7,35.1,1,18
2026-09-05 04:48:21,0,5,5,14.8,36.2,14.6,35,1,18
2026-09-05 04:53:21,0,3,3,14.7,36.3,14.6,35.1,1,18
2026-09-05 04:58:21,1,2,2,14.7,36.4,14.6,35,1,18
2026-09-05 05:03:21,0,6,6,14.7,36.2,14.6,35,1,18
2026-09-05 05:08:21,1,3,3,14.7,36.4,14.5,35.2,1,18
2026-09-05 05:13:21,1,3,3,14.6,36.1,14.4,35,1,18
2026-09-05 05:18:21,1,4,4,14.6,36.2,14.4,35.1,1,18
2026-09-05 05:23:21,1,2,2,14.6,36.1,14.4,35.2,1,18
2026-09-05 05:28:21,0,3,3,14.5,36.1,14.3,35.4,1,18
2026-09-05 05:33:21,0,4,4,14.5,36.2,14.3,35.3,1,18
2026-09-05 05:38:21,0,3,3,14.5,36.4,14.3,35.6,1,18
2026-09-05 05:43:21,1,4,4,14.4,36.4,14.3,35.6,1,29
2026-09-05 05:48:21,0,2,2,14.5,36.5,14.3,35.8,1,27
2026-09-05 05:53:21,0,4,4,14.4,36.7,14.2,35.7,1,27
2026-09-05 05:58:21,0,1,1,14.4,36.5,14.2,35.4,1,26
2026-09-05 06:03:21,1,3,3,14.4,36.3,14.2,35.2,1,16
2026-09-05 06:08:21,1,4,4,14.4,36.2,14.2,35.1,1,17
2026-09-05 06:13:21,1,3,4,14.4,36.3,14.2,35.3,1,17
2026-09-05 06:18:22,1,4,4,14.4,36.4,14.2,35.3,1,17
2026-09-05 06:23:21,0,3,3,14.4,36.6,14.2,35.9,1,17
2026-09-05 06:28:21,0,4,4,14.4,36.6,14.1,35.7,1,17
2026-09-05 06:33:21,1,4,4,14.3,36.7,14.1,35.8,1,17
2026-09-05 06:38:22,1,4,4,14.3,36.6,14,35.9,1,20
2026-09-05 06:43:22,0,4,6,14.3,36.8,14,35.9,1,17
2026-09-05 06:48:21,2,3,3,14.2,36.7,13.9,35.9,1,17
2026-09-05 06:53:22,0,6,6,14.3,36.2,13.9,35.2,1,17
2026-09-05 06:58:22,2,4,4,14.2,36.4,13.9,35.4,1,20
2026-09-05 07:03:22,0,4,4,14.2,36.5,13.9,35.4,1,17
2026-09-05 07:08:22,1,3,3,14.2,36.2,13.9,35.3,1,20
2026-09-05 07:13:22,0,2,2,14.2,36.4,13.9,35.6,1,20
2026-09-05 07:18:21,0,3,5,14.2,36.6,13.9,35.9,1,20
2026-09-05 07:23:22,0,4,4,14.2,36.7,13.9,35.8,1,20
2026-09-05 07:28:21,0,3,3,14.2,36.8,13.9,35.9,1,20
2026-09-05 07:33:21,0,2,2,14.2,36.7,13.9,36.2,1,20
2026-09-05 07:38:22,0,2,2,14.2,36.9,13.9,36.1,1,20
2026-09-05 07:43:22,1,3,5,14.2,36.9,13.9,36.1,1,20
2026-09-05 07:48:22,0,2,2,14.2,36.9,13.9,36.2,1,20
2026-09-05 07:53:22,0,1,2,14.1,36.9,13.8,36.4,1,20
2026-09-05 07:58:22,2,7,7,14.1,37.3,13.8,36.6,1,20
2026-09-05 08:03:22,0,5,5,14.1,36.9,13.8,36.2,1,20
2026-09-05 08:08:22,1,4,4,14.1,36.9,13.8,36,1,20
2026-09-05 08:13:22,1,6,6,14.1,36.8,13.8,36.1,1,20
2026-09-05 08:18:22,10,22,25,14.1,37,13.9,36.2,1,22
2026-09-05 08:23:22,3,7,7,14.2,37.1,13.9,36.3,1,22
2026-09-05 08:28:22,2,6,6,14.2,37.1,14,35.9,1,22
2026-09-05 08:33:22,1,2,3,14.3,36.9,14.1,35.8,1,22
2026-09-05 08:38:22,0,2,2,14.3,37,14.2,35.7,1,19
2026-09-05 08:43:22,0,2,3,14.4,36.8,14.3,35.6,1,22
2026-09-05 08:48:22,0,7,7,14.5,36.7,14.5,35.2,1,22
2026-09-05 08:53:22,0,2,2,14.6,36.3,14.6,34.6,1,20
2026-09-05 08:58:22,2,4,4,14.7,36.6,14.7,34.7,1,20
2026-09-05 09:03:22,0,2,2,14.8,36.4,14.9,34.7,1,20
2026-09-05 09:08:22,0,0,1,14.9,36.5,15,34.7,1,20
2026-09-05 09:13:22,0,0,0,15,35.8,15.2,33.2,1,20
2026-09-05 09:18:22,0,1,1,15.1,35.4,15.3,32.6,1,19
2026-09-05 09:23:22,0,1,1,15.2,34.8,15.5,31.8,1,19
2026-09-05 09:28:22,0,0,0,15.3,34.6,15.7,31.3,1,19
2026-09-05 09:33:22,0,0,0,15.5,33.9,16,30.3,1,20
2026-09-05 09:38:22,0,0,0,15.7,33.2,16.2,29.4,0,20
2026-09-05 09:43:22,0,1,1,15.8,32.9,16.4,29.5,0,22
2026-09-05 09:48:22,0,2,2,15.9,33.4,16.5,30.5,0,22
2026-09-05 09:53:22,0,2,2,16.1,33.7,16.7,30.7,0,22
2026-09-05 09:58:22,0,1,1,16.2,33.7,16.9,30.5,0,20
2026-09-05 10:03:22,0,1,1,16.4,33.3,17.1,30.1,0,20
2026-09-05 10:08:22,0,1,1,16.6,33.3,17.3,30,0,20
2026-09-05 10:13:22,0,3,3,16.7,33,17.6,29.6,0,20
2026-09-05 10:18:22,0,3,3,16.9,33.2,17.8,29.9,0,20
2026-09-05 10:23:22,0,2,3,17.1,33.8,18.1,30.3,0,20
2026-09-05 10:28:22,0,2,2,17.3,33.3,18.4,29.5,0,20
2026-09-05 10:33:22,0,2,2,17.4,33.2,18.6,29.4,0,20
2026-09-05 10:38:22,0,3,4,17.7,32.8,18.9,28.9,0,26
2026-09-05 10:43:22,2,8,10,17.8,33.1,19.1,29.6,0,25
2026-09-05 10:48:22,5,9,10,18,33.2,19.3,29.6,0,23
2026-09-05 10:53:22,3,5,6,18.2,33,19.6,29.2,0,27
2026-09-05 10:58:22,3,6,6,18.4,32.8,19.8,28.9,0,22
2026-09-05 11:03:22,2,5,5,18.6,32.5,20,28.7,0,25
2026-09-05 11:08:22,3,5,5,18.7,32.4,20.3,28.4,0,20
2026-09-05 11:13:22,3,5,6,18.9,32.3,20.5,28.1,0,20
2026-09-05 11:18:22,2,4,4,19,32.1,20.7,27.9,0,25
2026-09-05 11:23:22,1,5,5,19.2,32,20.9,27.5,0,21
2026-09-05 11:28:22,2,5,5,19.4,31.8,21.1,27.2,0,25
2026-09-05 11:33:22,2,4,4,19.5,31.3,21.3,26.8,0,21
2026-09-05 11:38:22,2,5,5,19.7,30.8,,,0,21
2026-09-05 11:43:22,3,8,8,19.8,30.6,,,0,21
2026-09-05 11:48:22,2,4,5,20,30.4,,,0,21
2026-09-05 11:53:22,2,4,4,20.2,30,,,0,21
2026-09-05 11:58:22,1,5,5,20.3,30,,,0,21
2026-09-05 12:03:22,1,6,6,20.4,29.8,,,0,21
2026-09-05 12:08:22,1,3,4,20.6,29.8,,,0,21
2026-09-05 12:13:22,2,5,5,20.7,29.4,22.9,24.5,0,21
2026-09-05 12:18:22,2,6,6,20.9,29.1,23.1,24.4,0,21
2026-09-05 12:23:22,3,6,6,21,29,23.3,24.3,0,21
2026-09-05 12:28:22,4,8,8,21.2,28.8,23.4,23.8,0,21
2026-09-05 12:33:22,2,6,7,21.3,28.6,23.6,23.9,0,21
2026-09-05 12:38:22,5,9,9,21.5,28.5,23.8,23.3,0,21
2026-09-05 12:43:22,5,11,14,21.7,28.3,23.9,23.4,0,21
2026-09-05 12:48:23,5,9,11,21.8,28.4,24.1,23.4,0,21
2026-09-05 12:53:23,7,11,13,21.9,28.2,24.3,23.1,0,21
2026-09-05 12:58:22,5,16,17,22,27.9,24.4,22.7,0,21
2026-09-05 13:03:22,5,13,14,22.1,27.6,24.6,22.5,0,21
2026-09-05 13:08:22,4,8,8,22.3,27,24.7,22.3,0,21
2026-09-05 13:13:22,4,9,12,22.4,26.4,24.9,21.5,0,21
2026-09-05 13:18:23,6,9,12,22.5,26.1,25,20.9,0,21
2026-09-05 13:23:23,5,12,13,22.6,26.2,25.1,20.9,0,21
2026-09-05 13:28:22,9,18,20,22.7,26,25.2,21,0,21
2026-09-05 13:33:23,12,27,27,22.8,25.8,25.3,20.5,0,21
2026-09-05 13:38:22,8,22,22,22.9,25.9,25.5,20.9,0,21
2026-09-05 13:43:22,13,25,26,23,25.6,25.5,20.4,0,21
2026-09-05 13:48:23,11,25,25,23,25.5,25.6,20.3,0,21
2026-09-05 13:53:22,15,27,27,23.1,25.5,25.7,20.3,0,21
2026-09-05 13:58:23,12,26,26,23.2,25.3,25.8,20.3,0,21
2026-09-05 14:03:23,9,23,23,23.2,25.2,25.8,20.3,0,21
2026-09-05 14:08:23,11,27,28,23.3,25,25.9,20,0,21
2026-09-05 14:13:23,13,26,27,23.3,24.8,25.9,19.7,0,21
2026-09-05 14:18:23,11,24,24,23.4,24.8,26,19.7,0,21
2026-09-05 14:23:23,13,26,27,23.4,25,26,19.8,0,21
2026-09-05 14:28:23,16,28,29,23.5,24.9,26.1,19.7,0,21
2026-09-05 14:33:23,9,25,25,23.5,24.6,26.1,19.6,0,21
2026-09-05 14:38:23,11,25,27,23.5,24.4,26.2,19.3,0,21
2026-09-05 14:43:23,12,25,26,23.6,24.3,26.2,19.4,0,21
2026-09-05 14:48:23,14,27,27,23.6,24.4,26.2,19.5,0,21
2026-09-05 14:53:23,12,25,26,23.6,24.4,26.2,19.2,0,21
2026-09-05 14:58:23,16,30,33,23.6,24.5,26.2,19.4,0,21
2026-09-05 15:03:23,15,29,30,23.7,24.4,26.2,19.6,0,21
2026-09-05 15:08:23,16,29,31,23.6,24.3,26.3,19.3,0,21
2026-09-05 15:13:23,16,28,30,23.7,24.4,26.3,19.5,0,21
2026-09-05 15:18:23,15,28,28,23.7,24.4,26.3,19.3,0,21
2026-09-05 15:23:23,16,29,32,23.8,24.5,26.4,19.3,0,21
2026-09-05 15:28:23,18,29,30,23.8,24,26.4,18.9,0,21
2026-09-05 15:33:23,10,22,24,23.8,24.6,26.5,19.6,0,21
2026-09-05 15:38:23,14,26,28,23.9,24.1,26.6,18.8,0,21
2026-09-05 15:43:23,11,24,26,24,24.3,26.6,19,0,21
2026-09-05 15:48:23,11,24,25,24,24.2,26.5,19.1,0,21
2026-09-05 15:53:23,13,25,28,23.9,23.6,26.4,18.4,0,21
2026-09-05 15:58:23,11,24,25,23.9,23.9,26.3,18.8,0,21
2026-09-05 16:03:23,11,23,26,23.8,23.6,26.2,18.5,0,21
2026-09-05 16:08:23,10,22,23,23.7,23.6,26.1,18.4,0,21
2026-09-05 16:13:23,9,22,23,23.7,23.5,26,18.6,0,21
2026-09-05 16:18:23,8,22,24,23.6,23.2,25.9,18.5,0,21
2026-09-05 16:23:23,9,23,24,23.5,23.4,25.8,18.5,0,21
2026-09-05 16:28:23,9,22,23,23.4,23.5,25.7,18.7,0,21
2026-09-05 16:33:23,8,20,22,23.4,23.3,25.6,18.5,0,21
2026-09-05 16:38:23,11,23,24,23.3,23.4,25.5,18.4,0,21
2026-09-05 16:43:23,8,22,24,23.2,23.9,25.3,19.2,0,21
2026-09-05 16:48:23,8,20,20,23.1,23.7,25.2,19.2,0,21
2026-09-05 16:53:23,8,18,19,23,23.9,25.1,19.3,0,21
2026-09-05 16:58:23,9,22,22,22.9,23.6,25,18.9,0,21
2026-09-05 17:03:23,7,19,22,22.9,23.7,24.9,18.7,0,21
2026-09-05 17:08:23,8,22,23,22.8,23.4,24.8,18.8,0,21
2026-09-05 17:13:23,8,20,22,22.7,23.4,24.7,18.8,0,21
2026-09-05 17:18:23,8,19,20,22.6,23.7,24.6,19,0,21
2026-09-05 17:23:23,7,18,18,22.5,23.6,24.5,18.8,0,21
2026-09-05 17:28:23,8,18,19,22.5,23.6,24.4,19,0,21
2026-09-05 17:33:23,8,19,19,22.3,23.6,24.3,19,0,21
2026-09-05 17:38:23,7,19,23,22.3,23.7,24.2,19.1,0,21
2026-09-05 17:43:23,7,15,17,22.2,24,24.1,19.5,0,21
2026-09-05 17:48:23,8,18,22,22.1,24,24,19.6,0,21
2026-09-05 17:53:23,8,19,19,22,24,23.9,19.4,0,21
2026-09-05 17:58:24,5,15,16,22,24,23.8,19.6,0,21
2026-09-05 18:03:23,7,17,18,21.9,24.1,23.7,19.7,0,21
2026-09-05 18:08:23,5,17,18,21.8,24.1,23.5,19.8,0,21
2026-09-05 18:13:23,6,17,20,21.7,24.1,23.4,19.8,0,21
2026-09-05 18:18:23,6,16,17,21.6,24.3,23.3,20.1,0,21
2026-09-05 18:23:24,7,15,16,21.5,24.4,23.2,20.2,0,21
2026-09-05 18:28:23,5,12,14,21.4,24.3,23.1,20.4,0,21
2026-09-05 18:33:23,6,14,16,21.3,24.5,23,20.7,0,21
2026-09-05 18:38:24,7,18,19,21.2,24.8,22.8,21.1,0,21
2026-09-05 18:43:23,7,13,17,21.1,25.2,22.7,21.5,0,21
2026-09-05 18:48:23,6,14,17,21,25.4,22.5,21.8,0,21
2026-09-05 18:53:24,8,19,20,20.8,25.8,22.3,22.2,0,21
2026-09-05 18:58:23,7,18,20,20.7,25.9,22.2,22.6,0,21
2026-09-05 19:03:23,7,19,21,20.6,26.1,22,23,0,21
2026-09-05 19:08:23,7,18,19,20.5,26.5,21.9,23.6,0,21
2026-09-05 19:13:23,7,18,20,20.4,26.9,21.7,24.1,0,21
2026-09-05 19:18:23,6,17,19,20.3,27.1,21.5,24.2,0,21
2026-09-05 19:23:24,6,18,20,20.1,27.4,21.4,24.6,0,21
2026-09-05 19:28:24,6,16,19,20,27.6,21.2,25,0,21
2026-09-05 19:33:23,8,21,21,19.9,27.9,21,25.1,0,21
2026-09-05 19:38:23,8,16,19,19.8,27.9,20.9,25.3,0,21
2026-09-05 19:43:23,7,21,23,19.7,28.5,20.8,25.7,0,21
2026-09-05 19:48:23,8,20,24,19.6,28.5,20.7,26.1,0,21
2026-09-05 19:53:23,12,25,25,19.5,29,20.5,26.3,0,21
2026-09-05 19:58:23,17,30,30,19.4,28.9,20.4,26.4,0,21
2026-09-05 20:03:24,22,33,33,19.3,29.3,20.3,26.9,0,21
2026-09-05 20:08:24,22,35,39,19.2,29.8,20.2,27.6,0,21
2026-09-05 20:13:24,24,38,43,19.1,29.9,20,28,0,21
2026-09-05 20:18:24,9,26,27,19,30,19.9,27.9,0,21
2026-09-05 20:23:23,13,24,27,18.8,30,19.7,28,0,21
2026-09-05 20:28:24,12,29,30,18.8,30.2,19.6,28.4,0,21
2026-09-05 20:33:24,16,29,33,18.7,30.5,19.5,28.6,0,21
2026-09-05 20:38:24,15,31,31,18.6,30.7,19.4,28.8,0,21
2026-09-05 20:43:23,14,30,30,18.5,30.8,19.3,28.9,0,21
2026-09-05 20:48:24,12,27,28,18.4,31,19.2,29.1,0,21
2026-09-05 20:53:23,13,28,29,18.3,31,19,29.2,0,21
2026-09-05 20:58:24,15,30,34,18.2,31.2,19,29.5,0,21
2026-09-05 21:03:24,22,37,40,18.2,31.2,18.9,29.4,0,21
2026-09-05 21:08:24,9,24,27,18.1,31.3,18.8,29.6,0,21
2026-09-05 21:13:23,10,27,27,18,31.7,18.6,29.9,0,21
2026-09-05 21:18:24,10,25,26,17.9,31.4,18.6,29.7,0,21
2026-09-05 21:23:24,9,26,26,17.9,31.6,18.5,29.7,0,21
2026-09-05 21:28:24,7,20,21,17.8,31.7,18.4,29.9,0,21
2026-09-05 21:33:24,6,19,20,17.7,31.7,18.3,29.8,0,21
2026-09-05 21:38:24,8,19,20,17.6,31.7,18.2,29.9,0,21
2026-09-05 21:43:24,5,20,22,17.6,31.7,18.2,30,1,21
2026-09-05 21:48:24,6,16,16,17.7,32,18.5,29.8,1,21
2026-09-05 21:53:24,8,25,26,17.7,32,18.5,29.8,1,21
2026-09-05 21:58:24,5,19,20,17.7,32.1,18.6,29.8,1,21
2026-09-05 22:03:24,6,15,15,17.8,32.2,18.5,29.8,1,21
2026-09-05 22:08:24,5,10,12,17.7,32.1,18.5,29.6,1,21
2026-09-05 22:13:24,4,12,14,17.7,31.9,18.4,29.3,1,21
2026-09-05 22:18:24,4,12,16,17.7,32.1,18.4,29.6,1,21
2026-09-05 22:23:24,5,14,14,17.6,32,18.4,29.6,1,21
2026-09-05 22:28:24,5,12,12,17.7,32.1,18.4,29.7,1,21
2026-09-05 22:33:24,5,8,9,17.6,31.9,18.4,29.4,1,21
2026-09-05 22:38:24,5,12,12,17.6,32,18.3,29.5,1,21
2026-09-05 22:43:24,5,12,14,17.6,32,18.3,29.5,1,21
2026-09-05 22:48:24,7,18,20,17.6,32,18.3,29.7,1,21
2026-09-05 22:53:24,6,17,19,17.5,32.2,18.3,29.9,1,21
2026-09-05 22:58:24,6,17,19,17.5,32.4,18.2,30,1,21
2026-09-05 23:03:24,10,26,27,17.5,32.7,18.2,30.5,1,21
2026-09-05 23:08:24,10,24,26,17.4,32.7,18.2,30.6,1,21
2026-09-05 23:13:24,9,28,28,17.4,32.9,18.1,31.1,1,21
2026-09-05 23:18:24,10,26,28,17.3,33.1,18,31.1,1,21
2026-09-05 23:23:24,8,23,23,17.3,33,17.9,30.9,1,21
2026-09-05 23:28:24,6,21,22,17.3,32.9,17.9,30.9,1,21
2026-09-05 23:33:24,8,21,21,17.2,32.9,17.8,30.8,1,21
2026-09-05 23:38:24,6,20,21,17.2,32.9,17.8,30.8,1,21
2026-09-05 23:43:24,6,23,25,17.1,32.9,17.8,30.7,1,21
2026-09-05 23:48:24,6,21,21,17.1,33,17.7,30.8,1,21
2026-09-05 23:53:24,6,20,23,17.1,33.1,17.7,31,1,21
2026-09-05 23:58:24,9,19,20,17.1,33.1,17.7,31.1,1,21
2026-09-06 01:03:24,8,19,21,17,33.3,17.7,31.2,1,21
2026-09-06 01:08:24,8,23,23,17,33.5,17.6,31.5,1,21
2026-09-06 01:13:24,7,18,21,17,33.3,17.6,31.3,1,21
2026-09-06 01:18:24,8,22,23,17,33.2,17.5,31.2,1,21
2026-09-06 01:23:24,5,19,21,16.9,33.2,17.5,31.2,1,21
2026-09-06 01:28:24,7,18,19,16.9,33.2,17.4,31.4,1,21
2026-09-06 01:33:24,5,16,21,16.8,33.3,17.4,31.4,1,21
2026-09-06 01:38:24,7,22,23,16.8,33.5,17.3,31.8,1,21
2026-09-06 01:43:24,5,13,15,16.7,33.2,17.2,31.4,1,21
2026-09-06 01:48:24,5,12,12,16.7,33.1,17.2,31.1,1,21
2026-09-06 01:53:24,4,8,10,16.6,32.9,17.1,30.8,1,21
2026-09-06 01:58:24,3,9,9,16.6,32.9,17,30.9,1,21
2026-09-06 02:03:24,3,12,12,16.5,32.9,16.9,30.8,1,21
2026-09-06 02:08:25,4,10,14,16.5,32.9,16.9,30.7,1,28
2026-09-06 02:13:24,5,13,14,16.5,32.9,16.8,30.9,1,19
2026-09-06 02:18:24,4,10,10,16.4,32.9,16.8,30.8,1,19
2026-09-06 02:23:25,4,9,9,16.4,32.7,16.8,30.5,1,19
2026-09-06 02:28:24,4,8,9,16.4,32.9,16.8,30.8,1,19
2026-09-06 02:33:25,4,9,9,16.3,32.9,16.8,30.8,1,19
2026-09-06 02:38:24,5,10,10,16.4,33.1,16.8,31.2,1,19
2026-09-06 02:43:24,4,9,12,16.4,32.9,16.7,30.9,1,19
2026-09-06 02:48:25,4,10,10,16.3,33.1,16.7,31,1,19
2026-09-06 02:53:25,4,10,13,16.3,33.1,16.7,31.2,1,19
2026-09-06 02:58:24,5,9,10,16.3,33,16.7,30.9,1,19
2026-09-06 03:03:24,4,15,15,16.3,33.1,16.6,31.3,1,19
2026-09-06 03:08:24,4,8,10,16.3,33.2,16.6,31.1,1,19
2026-09-06 03:13:24,3,10,10,16.2,33.3,16.6,31.4,1,19
2026-09-06 03:18:24,3,7,7,16.2,33.1,16.6,31.2,1,19
2026-09-06 03:23:24,2,7,7,16.2,33.2,16.5,31.2,1,19
2026-09-06 03:28:25,1,7,8,16.2,33.3,16.5,31.4,1,19
2026-09-06 03:33:25,1,4,4,16.1,32.9,16.5,30.5,1,29
2026-09-06 03:38:25,0,2,4,16.1,32.5,16.5,30,1,18
2026-09-06 03:43:25,0,1,1,16.1,32.4,16.5,30.1,1,18
2026-09-06 03:48:24,0,2,2,16.1,32.3,16.5,29.7,1,18
2026-09-06 03:53:25,0,1,1,16.1,32.4,16.5,29.9,1,18
2026-09-06 03:58:25,0,1,1,16.1,32.3,16.5,29.9,1,21
2026-09-06 04:03:25,0,1,1,16.1,32.5,16.5,30.2,1,21
2026-09-06 04:08:25,0,1,1,16.1,32.4,16.5,30.2,1,21
2026-09-06 04:13:25,0,1,1,16.1,32.3,16.4,29.7,1,21
2026-09-06 04:18:25,0,1,1,16.1,32.3,16.4,30,1,26
2026-09-06 04:23:25,0,1,1,16,32,16.4,29.6,1,18
2026-09-06 04:28:25,0,1,1,16,32.3,16.4,29.7,1,18
2026-09-06 04:33:25,0,0,0,16,32.1,16.4,29.7,1,18
2026-09-06 04:38:24,0,0,1,16,32,16.3,29.6,1,18
2026-09-06 04:43:25,0,0,0,15.9,31.8,16.3,29.4,1,18
2026-09-06 04:48:25,0,0,0,15.9,32.1,16.2,29.7,1,18
2026-09-06 04:53:25,0,0,0,15.9,31.4,16.2,28.8,1,29
2026-09-06 04:58:25,0,0,0,15.9,31.5,16.2,28.8,1,19
2026-09-06 05:03:25,0,0,0,15.8,31.6,16.1,29.3,1,25
2026-09-06 05:08:25,0,0,0,15.8,31.8,16.1,29.5,1,17
2026-09-06 05:13:25,0,0,0,15.8,31.7,16.1,29.4,1,26
2026-09-06 05:18:25,0,0,0,15.8,31.8,16,29.7,1,26
2026-09-06 05:23:25,0,1,1,15.7,32.1,16,30,1,17
2026-09-06 05:28:25,0,0,0,15.7,32.2,16,30.1,1,17
2026-09-06 05:33:25,0,0,1,15.7,32.3,15.9,30.2,1,17
2026-09-06 05:38:25,0,1,1,15.6,32.1,15.9,29.6,1,17
2026-09-06 05:43:25,0,0,0,15.7,32.1,15.9,29.9,1,17
2026-09-06 05:48:25,0,0,0,15.7,32.3,15.9,29.8,1,17
2026-09-06 05:53:25,0,0,0,15.6,32,15.9,29.8,1,17
2026-09-06 05:58:25,0,0,0,15.6,32,15.9,29.9,1,17
2026-09-06 06:03:25,0,0,0,15.7,32.2,15.9,29.9,1,27
2026-09-06 06:08:25,0,0,0,15.6,32.2,15.9,29.9,1,16
2026-09-06 06:13:25,0,0,0,15.6,31.9,15.9,29.6,1,16
2026-09-06 06:18:25,0,0,0,15.6,31.5,15.9,28.9,1,25
2026-09-06 06:23:25,0,0,0,15.6,31.4,15.9,28.9,1,15
2026-09-06 06:28:25,0,0,0,15.6,31.6,15.9,29.2,1,18
2026-09-06 06:33:25,0,0,0,15.6,31.3,15.9,28.7,1,18
2026-09-06 06:38:25,0,0,0,15.6,31,15.8,28.6,1,25
2026-09-06 06:43:25,0,0,0,15.6,30.9,15.8,28.3,1,17
2026-09-06 06:48:25,0,0,0,15.6,30.9,15.8,28.4,1,16
2026-09-06 06:53:25,0,0,0,15.6,31.1,15.8,28.5,1,25
2026-09-06 06:58:25,0,0,0,15.5,30.8,15.7,28.1,1,18
2026-09-06 07:03:25,0,0,0,15.5,30.7,15.7,28,1,17
2026-09-06 07:08:25,0,0,0,15.5,30.4,15.7,27.4,1,21
2026-09-06 07:13:25,0,0,0,15.5,30.4,15.6,27.8,1,21
2026-09-06 07:18:25,0,0,0,15.5,30.3,15.6,27.5,1,18
2026-09-06 07:23:25,0,0,0,15.5,30.4,15.6,27.9,1,18
2026-09-06 07:28:25,0,0,0,15.5,30.4,15.6,27.7,1,18
2026-09-06 07:33:25,0,0,0,15.4,30.2,15.6,27.5,1,18
2026-09-06 07:38:25,0,0,0,15.5,30.1,15.6,27.3,1,18
2026-09-06 07:43:25,0,0,0,15.4,29.9,15.6,27.1,1,18
2026-09-06 07:48:25,0,0,0,15.4,30,15.5,27.1,1,18
2026-09-06 07:53:25,0,0,0,15.4,29.7,15.5,26.9,1,18
2026-09-06 07:58:25,0,0,0,15.4,29.6,15.5,26.7,1,18
2026-09-06 08:03:26,0,0,0,15.4,29.4,15.5,26.5,1,21
2026-09-06 08:08:25,0,0,0,15.3,29.5,15.5,26.4,1,21
2026-09-06 08:13:25,0,0,0,15.3,29.2,15.5,26,1,21
2026-09-06 08:18:25,0,0,0,15.3,29.6,15.5,26.9,1,21
2026-09-06 08:23:25,0,0,0,15.4,29.3,15.5,26.3,1,21
2026-09-06 08:28:26,0,0,0,15.4,29,15.6,26.1,1,21
2026-09-06 08:33:27,0,0,0,15.4,29.3,15.6,26.4,1,21
2026-09-06 08:38:25,0,0,0,15.4,29.5,15.5,26.5,1,21
2026-09-06 08:43:25,0,0,0,15.4,29,15.5,26,1,21
2026-09-06 08:48:25,0,0,0,15.4,29,15.5,26.1,1,21
2026-09-06 08:53:26,0,0,0,15.4,28.8,15.6,25.7,1,21
2026-09-06 08:58:26,0,0,0,15.4,29.2,15.6,26.1,1,21
2026-09-06 09:03:25,0,0,0,15.4,29.2,15.6,26.4,1,21
2026-09-06 09:08:26,0,0,0,15.4,29,15.6,26.1,1,21
2026-09-06 09:13:25,0,0,0,15.5,29.4,15.6,27,1,21
2026-09-06 09:18:25,0,0,0,15.5,29.7,15.7,27.1,1,21
2026-09-06 09:23:25,0,0,0,15.5,29.6,15.7,26.7,1,21
2026-09-06 09:28:26,0,0,0,15.5,29.7,15.8,26.9,1,21
2026-09-06 09:33:25,0,0,0,15.6,29.7,15.9,27,1,21
2026-09-06 09:38:25,0,0,0,15.6,29.9,16,27.3,1,21
2026-09-06 09:43:26,0,0,0,15.7,29.7,16.1,26.9,1,19
2026-09-06 09:48:25,0,0,0,15.8,29.8,16.2,27.3,1,19
2026-09-06 09:53:25,0,0,0,15.8,29.8,16.3,27.1,1,19
2026-09-06 09:58:26,0,0,0,15.9,29.9,16.4,27.2,1,19
2026-09-06 10:03:26,0,0,0,16,29.4,16.5,26.1,1,22
2026-09-06 10:08:26,0,0,0,16.1,29,16.6,25.5,1,22
2026-09-06 10:13:26,0,0,0,16.2,28.8,16.8,25,1,22
2026-09-06 10:18:26,0,0,0,16.4,28.8,16.9,24.9,0,19
2026-09-06 10:23:26,0,0,0,16.5,28.5,17,24.6,0,20
2026-09-06 10:28:26,0,0,0,16.5,28.3,17.1,24.8,0,20
2026-09-06 10:33:26,0,0,0,16.6,28.6,17.2,25.2,0,23
2026-09-06 10:38:26,0,0,0,16.7,28.5,17.4,24.9,0,20
2026-09-06 10:43:26,0,0,0,16.8,28.5,17.6,25,0,20
2026-09-06 10:48:26,0,0,0,17,28.7,17.9,24.9,0,20
2026-09-06 10:53:26,0,0,0,17.2,29,18.1,25.3,0,19
2026-09-06 10:58:26,0,0,0,17.3,29.1,18.4,25.3,0,22
2026-09-06 11:03:26,0,0,0,17.5,28.8,18.7,24.9,0,22
2026-09-06 11:08:26,0,0,0,17.7,28.9,19,25,0,22
2026-09-06 11:13:26,0,0,0,18,28.8,19.3,24.7,0,23
2026-09-06 11:18:26,0,1,1,18.1,28.7,19.5,24.6,0,20
2026-09-06 11:23:26,0,1,1,18.4,28.8,19.8,24.9,0,20
2026-09-06 11:28:26,0,1,1,18.5,28.9,20.1,24.8,0,20
2026-09-06 11:33:26,0,1,1,18.7,28.9,20.3,25,0,20
2026-09-06 11:38:26,0,1,1,18.9,29,20.6,25.1,0,20
2026-09-06 11:43:26,0,2,2,19.1,29.1,20.9,25,0,20
2026-09-06 11:48:26,0,2,2,19.3,29.1,21.1,24.9,0,20
2026-09-06 11:53:26,0,2,2,19.5,29.1,21.4,24.6,0,20
2026-09-06 11:58:26,0,3,3,19.7,28.9,21.6,24.5,0,20
2026-09-06 12:03:26,0,3,3,19.9,28.8,21.8,24.5,0,20
2026-09-06 12:08:26,0,4,4,20,28.8,22,24.3,0,20
2026-09-06 12:13:26,1,6,6,20.3,28.9,22.3,24.3,0,20
2026-09-06 12:18:26,2,6,6,20.4,28.7,22.5,24.2,0,21
2026-09-06 12:23:26,3,7,8,20.6,28.7,22.7,24.2,0,21
2026-09-06 12:28:26,1,6,6,20.7,28.5,22.9,23.9,0,21
2026-09-06 12:33:26,4,7,7,20.9,28.3,23.1,23.6,0,21
2026-09-06 12:38:26,2,4,4,21,28,23.3,23.4,0,21
2026-09-06 12:43:26,3,5,5,21.2,27.8,23.5,22.9,0,21
2026-09-06 12:48:26,2,5,6,21.3,27.3,23.7,22.3,0,21
2026-09-06 12:53:26,1,4,4,21.5,26.7,23.9,21.5,0,21
2026-09-06 12:58:26,2,7,7,21.7,26.3,24.1,21,0,25
2026-09-06 13:03:26,1,6,6,21.8,26,24.3,20.5,0,20
2026-09-06 13:08:26,0,2,2,22,25.5,24.5,20.2,0,20
2026-09-06 13:13:26,0,1,1,22.2,25,24.6,19.4,0,20
2026-09-06 13:18:26,0,1,1,22.3,24.8,24.9,19.3,0,20
2026-09-06 13:23:26,0,2,3,22.4,24.2,25,18.9,0,20
2026-09-06 13:28:26,0,2,2,22.6,24,25.2,18.1,0,20
2026-09-06 13:33:26,0,2,2,22.7,23.8,25.4,18.4,0,20
2026-09-06 13:38:26,0,1,1,22.8,23.7,25.5,18.2,0,22
2026-09-06 13:43:26,0,0,0,22.9,23.4,25.6,18,0,19
2026-09-06 13:48:26,0,0,0,23,23.2,25.8,17.8,0,19
2026-09-06 13:53:26,0,0,0,23.1,23.3,25.9,17.9,0,19
2026-09-06 13:58:26,0,0,0,23.3,22.9,26,17.2,0,20
2026-09-06 14:03:26,0,0,0,23.3,22.6,26.2,17,0,20
2026-09-06 14:08:26,0,0,0,23.5,22.3,26.3,16.6,0,20
2026-09-06 14:13:26,0,3,3,23.6,22.5,26.4,17,0,20
2026-09-06 14:18:26,0,0,0,23.7,22.2,26.6,16.5,0,20
2026-09-06 14:23:26,0,4,4,23.8,22.1,26.7,16.4,0,20
2026-09-06 14:28:26,1,4,4,23.9,22,26.8,16.4,0,20
2026-09-06 14:33:26,1,5,6,24,22,26.9,16.3,0,20
2026-09-06 14:38:26,4,7,7,24.1,21.7,27,16,0,20
2026-09-06 14:43:26,2,5,5,24.2,21.9,27.1,16.1,0,20
2026-09-06 14:48:26,2,6,6,24.3,21.6,27.1,15.7,0,20
2026-09-06 14:53:26,1,6,6,24.4,21.5,27.2,16.1,0,20
2026-09-06 14:58:26,4,7,8,24.5,21.6,27.3,16,0,20
2026-09-06 15:03:27,2,7,7,24.6,21.4,27.4,15.7,0,20
2026-09-06 15:08:26,3,6,7,24.6,21.5,27.4,15.6,0,20
2026-09-06 15:13:27,2,4,5,24.6,21.4,27.5,16,0,20
2026-09-06 15:18:27,1,6,7,24.7,21.4,27.5,15.8,0,20
2026-09-06 15:23:27,2,6,6,24.7,21.1,27.5,15.5,0,20
2026-09-06 15:28:27,2,6,6,24.7,21.1,27.5,15.5,0,20
2026-09-06 15:33:26,2,7,8,24.8,21.2,27.6,15.7,0,20
2026-09-06 15:38:27,2,6,6,24.8,21.1,27.6,15.5,0,20
2026-09-06 15:43:26,2,6,6,24.8,21.2,27.6,16,0,20
2026-09-06 15:48:27,3,8,10,24.8,21.2,27.6,15.5,0,20
2026-09-06 15:53:26,4,8,8,24.8,21.4,27.6,16,0,20
2026-09-06 15:58:27,7,19,20,24.8,21.1,27.6,15.6,0,19
2026-09-06 16:03:27,4,10,10,24.9,21.4,27.6,15.9,0,20
2026-09-06 16:08:27,4,8,10,24.9,21.5,27.6,16.2,0,20
2026-09-06 16:13:26,6,13,14,24.9,21.6,27.7,16.3,0,20
2026-09-06 16:18:27,6,14,15,24.9,21.5,27.7,16.5,0,20
2026-09-06 16:23:27,6,15,17,25,22,27.7,16.7,0,20
2026-09-06 16:28:27,7,17,18,24.9,21.9,27.7,16.7,0,19
2026-09-06 16:33:27,6,17,17,25,22,27.7,16.7,0,19
2026-09-06 16:38:27,6,14,14,25,22,27.8,16.7,0,25
2026-09-06 16:43:26,5,12,12,25,22.1,27.7,16.7,0,21
2026-09-06 16:48:27,6,12,14,25,22,27.6,16.8,0,20
2026-09-06 16:53:27,3,6,7,25,22.1,27.5,17.1,0,20
2026-09-06 16:58:27,5,8,8,24.9,22.1,27.5,17.1,0,20
2026-09-06 17:03:27,5,9,9,24.9,22,27.3,17,0,20
2026-09-06 17:08:26,4,8,11,24.8,22,27.2,17,0,20
2026-09-06 17:13:27,4,9,9,24.7,22,27.1,17.2,0,20
2026-09-06 17:18:27,2,6,6,24.7,22.2,27.1,17.2,0,20
2026-09-06 17:23:27,4,6,7,24.6,22.5,27,17.4,0,20
2026-09-06 17:28:27,4,11,11,24.5,22.4,26.8,17.5,0,20
2026-09-06 17:33:27,4,8,8,24.4,22.5,26.7,17.8,0,23
2026-09-06 17:38:27,2,6,6,24.3,22.5,26.6,17.7,0,20
2026-09-06 17:43:27,3,7,7,24.1,22.6,26.5,18,0,20
2026-09-06 17:48:27,2,7,10,24,22.9,26.4,18.2,0,20
2026-09-06 17:53:27,3,8,8,23.9,22.9,26.2,18.2,0,20
2026-09-06 17:58:27,3,6,6,23.8,23.1,26.1,18.4,0,20
2026-09-06 18:03:27,3,6,6,23.6,23.1,25.9,18.7,0,20
2026-09-06 18:08:27,3,6,7,23.5,23.3,25.8,19,0,20
2026-09-06 18:13:27,3,7,7,23.4,23.4,25.6,19.2,0,20
2026-09-06 18:18:27,3,6,6,23.3,23.6,25.5,19.4,0,20
2026-09-06 18:23:27,3,6,6,23.2,23.8,25.4,19.8,0,20
2026-09-06 18:28:31,1,6,7,23.1,24.3,25.3,20.3,0,20
2026-09-06 18:33:27,2,9,9,23,24.5,25.1,20.6,0,21
2026-09-06 18:38:27,3,6,7,22.9,24.7,25,20.9,0,21
2026-09-06 18:43:27,3,6,6,22.8,24.9,24.9,21.2,0,21
2026-09-06 18:48:27,2,6,6,22.7,25.2,24.7,21.4,0,21
2026-09-06 18:53:27,3,6,7,22.6,25.2,24.6,21.7,0,21
2026-09-06 18:58:27,3,5,6,22.5,25.6,24.5,21.9,0,21
2026-09-06 19:03:27,3,6,7,22.4,25.7,24.3,22.1,0,21
2026-09-06 19:08:27,3,6,6,22.3,26,24.2,22.4,0,21
2026-09-06 19:13:27,2,6,8,22.2,26.1,24.1,22.5,0,21
2026-09-06 19:18:27,3,5,6,22,26.3,23.9,22.8,0,21
2026-09-06 19:23:27,2,6,6,21.9,26.5,23.8,23.1,0,21
2026-09-06 19:28:27,2,4,4,21.8,26.8,23.6,23.5,0,21
2026-09-06 19:33:27,2,5,6,21.7,26.9,23.5,23.8,0,21
2026-09-06 19:38:27,2,6,6,21.6,27.1,23.3,24,0,21
2026-09-06 19:43:27,2,6,6,21.5,27.7,23.2,24.6,0,21
2026-09-06 19:48:27,2,4,4,21.3,27.9,23,24.9,0,21
2026-09-06 19:53:27,2,7,7,21.2,28,22.8,25.4,0,21
2026-09-06 19:58:27,2,6,6,21,28.6,22.6,25.7,0,21
2026-09-06 20:03:27,4,7,8,20.9,28.7,22.4,26.1,0,21
2026-09-06 20:08:27,3,7,8,20.8,29,22.3,26.4,0,21
2026-09-06 20:13:27,3,6,7,20.7,29.3,22.1,26.9,0,21
2026-09-06 20:18:28,3,7,8,20.6,29.6,22,27.1,0,21
2026-09-06 20:23:27,2,6,7,20.4,29.9,21.8,27.6,0,21
2026-09-06 20:28:28,4,7,8,20.3,30,21.7,27.7,0,21
2026-09-06 20:33:28,3,6,7,20.2,30.2,21.5,28,0,21
2026-09-06 20:38:28,4,8,8,20.1,30.3,,,0,21
2026-09-06 20:43:27,2,7,7,20,30.7,,,0,21
2026-09-06 20:48:28,4,7,8,19.9,30.8,,,0,21
2026-09-06 20:53:28,3,6,7,19.8,30.9,,,0,21
2026-09-06 20:58:27,3,6,6,19.7,31.2,,,0,21
2026-09-06 21:03:28,3,7,7,19.6,31.4,,,0,21
2026-09-06 21:08:28,4,8,8,19.5,31.5,,,0,21
2026-09-06 21:13:28,4,7,7,19.4,31.6,20.5,29.7,0,21
2026-09-06 21:18:27,3,8,8,19.3,32,20.4,30.3,0,21
2026-09-06 21:23:27,5,9,12,19.2,32.4,20.3,30.5,0,21
2026-09-06 21:28:28,5,8,9,19.2,32.6,20.2,31,0,21
2026-09-06 21:33:28,4,8,8,19,32.6,20,31,0,21
2026-09-06 21:38:28,4,7,7,19,32.9,20,31.2,0,21
2026-09-06 21:43:28,3,7,7,18.9,33,19.8,31.4,0,21
2026-09-06 21:48:28,3,7,7,18.8,33.1,19.8,31.6,0,21
2026-09-06 21:53:28,4,7,8,18.7,33.1,19.7,31.4,0,21
2026-09-06 21:58:28,5,8,8,18.7,33.1,19.6,31.5,0,21
2026-09-06 22:03:28,3,5,5,18.6,33.4,19.5,31.8,0,21
2026-09-06 22:08:28,3,10,10,18.5,33.5,19.4,32.1,0,21
2026-09-06 22:13:28,4,10,10,18.4,33.2,19.2,31.6,0,21
2026-09-06 22:18:28,5,9,10,18.3,33.5,19.1,32.1,0,21
2026-09-06 22:23:28,4,7,8,18.3,33.6,19,32.1,0,21
2026-09-06 22:28:28,3,7,7,18.2,33.4,18.9,31.8,0,21
2026-09-06 22:33:28,4,6,7,18.1,33.4,18.8,31.9,0,21
2026-09-06 22:38:28,3,9,10,18,33.6,18.7,32,0,21
2026-09-06 22:43:28,3,7,10,18,33.8,18.6,32.2,0,21
2026-09-06 22:48:27,4,8,9,17.9,33.7,18.6,32.3,0,21
2026-09-06 22:53:28,3,7,7,17.9,33.6,18.5,31.7,0,21
2026-09-06 22:58:28,3,4,4,17.8,33.5,18.4,31.9,0,21
2026-09-06 23:03:28,2,7,7,17.7,33.5,18.3,31.9,0,21
2026-09-06 23:08:27,3,7,9,17.7,33.6,18.5,31.8,0,21
2026-09-06 23:13:28,3,9,9,17.7,33.4,18.5,31.3,0,21
2026-09-06 23:18:28,3,5,6,17.7,33.5,18.4,31.5,0,21
2026-09-06 23:23:28,4,8,8,17.6,33.7,18.2,32.1,1,21
2026-09-06 23:28:28,3,7,9,17.7,33.8,18.5,31.8,1,21
2026-09-06 23:33:28,3,6,6,17.7,33.8,18.5,31.6,1,21
2026-09-06 23:38:28,3,7,7,17.6,33.5,18.4,31.4,1,21
2026-09-06 23:43:28,3,8,8,17.6,33.8,18.4,31.6,1,21
2026-09-06 23:48:28,4,6,6,17.6,33.9,18.4,31.8,1,21
2026-09-06 23:53:28,3,5,6,17.6,33.8,18.4,31.8,1,21
2026-09-06 23:58:28,3,8,8,17.6,33.9,18.4,31.9,1,21
2026-09-07 00:03:28,2,6,8,17.6,33.9,18.4,32,1,21
2026-09-07 00:08:28,2,7,7,17.6,34.1,18.4,32,1,21
2026-09-07 00:13:28,2,6,8,17.5,34,18.3,32,1,21
2026-09-07 00:18:28,3,8,8,17.5,33.9,18.2,31.8,1,21
2026-09-07 00:23:28,3,6,8,17.5,33.9,18.2,31.8,1,21
2026-09-07 00:28:28,2,6,6,17.4,34.1,18.1,32,1,21
2026-09-07 00:33:28,2,6,8,17.4,34.3,18,32.4,1,21
2026-09-07 00:38:28,2,4,5,17.3,34.3,18,32.3,1,21
2026-09-07 00:43:28,3,8,8,17.2,34.3,17.9,32.2,1,21
2026-09-07 00:48:28,3,9,9,17.2,34.3,17.9,32.5,1,21
2026-09-07 00:53:28,4,8,8,17.2,34.3,17.8,32.5,1,21
2026-09-07 00:58:28,2,8,8,17.1,34.4,17.7,32.6,1,21
2026-09-07 01:03:28,3,6,8,17.1,34.6,17.7,32.8,1,21
2026-09-07 01:08:28,3,7,8,17,34.6,17.6,32.8,1,18
2026-09-07 01:13:28,3,7,7,17,34.7,17.6,33,1,18
2026-09-07 01:18:28,3,8,8,16.9,35,17.6,33.5,1,21
2026-09-07 01:23:28,3,8,9,16.9,35.1,17.6,33.6,1,21
2026-09-07 01:28:28,4,9,9,17,35.5,17.5,34,1,21
2026-09-07 01:33:28,5,9,10,16.9,35.6,17.5,34.3,1,21
2026-09-07 01:38:28,4,8,8,16.9,35.5,17.4,34.2,1,21
2026-09-07 01:43:28,3,10,10,16.8,35.6,17.4,34.4,1,21
2026-09-07 01:48:28,5,10,10,16.8,35.8,17.3,34.5,1,21
2026-09-07 01:53:28,3,9,10,16.7,35.8,17.2,34.5,1,18
2026-09-07 01:58:28,3,8,8,16.7,35.7,17.2,34.3,1,21
2026-09-07 02:03:28,3,8,9,16.7,35.7,17.1,34.1,1,21
2026-09-07 02:08:28,4,7,9,16.6,35.7,17.1,34.2,1,21
2026-09-07 02:13:28,2,7,7,16.6,35.4,17,33.9,1,18
2026-09-07 02:18:28,2,8,8,16.5,35.4,17,34.1,1,18
2026-09-07 02:23:28,3,8,8,16.5,35.6,16.9,34.4,1,18
2026-09-07 02:28:28,3,8,8,16.4,35.8,16.8,34.8,1,18
2026-09-07 02:33:28,2,8,8,16.4,36.1,16.8,34.9,1,18
2026-09-07 02:38:28,4,7,8,16.3,36.3,16.7,35.4,1,18
2026-09-07 02:43:28,3,7,7,16.3,36.6,16.7,35.7,1,18
2026-09-07 02:48:28,4,9,9,16.3,36.5,16.6,35.8,1,18
2026-09-07 02:53:28,3,7,7,16.2,36.7,16.5,36.1,1,18
2026-09-07 02:58:29,3,7,7,16.1,37,16.4,36,1,18
2026-09-07 03:03:28,3,7,7,16.1,36.9,16.4,36.2,1,21
2026-09-07 03:08:29,2,5,5,16,37,16.3,36.1,1,19
2026-09-07 03:13:28,2,8,8,15.9,36.8,16.2,35.7,1,27
2026-09-07 03:18:28,1,5,7,15.9,36.8,16.2,35.6,1,18
2026-09-07 03:23:28,1,4,5,15.8,36.6,16.1,35.5,1,17
2026-09-07 03:28:29,1,4,4,15.8,36.7,16,35.3,1,17
2026-09-07 03:33:28,1,6,6,15.8,36.7,16,35.3,1,17
2026-09-07 03:38:28,1,2,2,15.7,36.4,16,35.1,1,17
2026-09-07 03:43:29,1,3,4,15.7,36.4,15.9,35.3,1,17
2026-09-07 03:48:28,2,4,4,15.7,36.8,15.9,35.7,1,17
2026-09-07 03:53:28,2,5,5,15.6,36.8,15.8,36,1,27
2026-09-07 03:58:29,0,4,4,15.6,36.7,15.8,35.7,1,27
2026-09-07 04:03:29,2,4,6,15.5,37,15.7,36,1,26
2026-09-07 04:08:29,2,4,4,15.5,37,15.6,36,1,29
2026-09-07 04:13:29,3,6,6,15.5,37.4,15.6,37,1,16
2026-09-07 04:18:29,2,7,7,15.4,37.8,15.5,37.1,1,25
2026-09-07 04:23:29,2,6,6,15.4,37.8,15.5,36.8,1,27
2026-09-07 04:28:29,1,6,6,15.4,37.6,15.5,36.8,1,18
2026-09-07 04:33:29,1,4,4,15.3,37.8,15.4,37,1,27
2026-09-07 04:38:29,2,6,6,15.3,37.3,15.4,36.4,1,27
2026-09-07 04:43:29,2,6,6,15.3,37.2,15.4,36.3,1,17
2026-09-07 04:48:29,1,6,7,15.3,37.1,15.4,36.2,1,26
2026-09-07 04:53:29,1,4,6,15.3,37.2,15.4,36.2,1,29
2026-09-07 04:58:29,1,3,3,15.2,37.2,15.4,36.3,1,27
2026-09-07 05:03:29,2,4,7,15.2,37.2,15.3,36.3,1,27
2026-09-07 05:08:29,1,7,7,15.2,37.3,15.3,36.4,1,28
2026-09-07 05:13:29,0,3,3,15.2,37.3,15.3,36.1,1,28
2026-09-07 05:18:29,0,4,4,15.2,37.1,15.3,36,1,27
2026-09-07 05:23:29,0,2,3,15.1,37.2,15.2,36.1,1,28
2026-09-07 05:28:29,0,3,3,15.1,36.9,15.2,35.7,1,28
2026-09-07 05:33:29,0,2,2,15.1,36.9,15.2,35.6,1,16
2026-09-07 05:38:29,1,2,4,15.1,36.7,15.1,35.3,1,25
2026-09-07 05:43:29,1,2,2,15.1,36.6,15.1,35.2,1,25
2026-09-07 05:48:29,0,2,2,15,36.5,15.1,35.2,1,18
2026-09-07 05:53:29,0,1,2,15,36.4,15,35,1,18
2026-09-07 05:58:29,0,2,3,15,36.2,15,35,1,18
2026-09-07 06:03:29,0,1,1,15,36.1,15,34.8,1,18
2026-09-07 06:08:29,0,2,2,15,36,15,33.9,1,18
2026-09-07 06:13:29,0,1,2,14.9,36,14.9,34.4,1,28
2026-09-07 06:18:29,0,0,0,14.9,35.8,14.9,34.2,1,27
2026-09-07 06:23:29,0,1,1,14.9,35.8,14.9,34.2,1,18
2026-09-07 06:28:29,0,2,2,14.9,35.6,14.9,34,1,16
2026-09-07 06:33:29,0,1,1,14.9,35.6,14.9,34.1,1,25
2026-09-07 06:38:29,0,1,1,14.9,35.7,14.9,34.2,1,20
2026-09-07 06:43:29,0,0,0,14.9,35.7,14.9,34.1,1,17
2026-09-07 06:48:29,0,2,2,14.9,35.7,14.9,34.1,1,18
2026-09-07 06:53:29,0,0,0,14.8,35.7,14.8,34.2,1,18
2026-09-07 06:58:29,0,2,3,14.8,35.4,14.8,33.9,1,18
2026-09-07 07:03:29,0,1,1,14.8,35.5,14.8,33.8,1,18
2026-09-07 07:08:29,0,0,1,14.8,35.3,14.7,34,1,21
2026-09-07 07:13:29,0,1,1,14.8,35.4,14.7,33.9,1,21
2026-09-07 07:18:29,0,1,2,14.7,35.4,14.7,33.9,1,21
2026-09-07 07:23:29,0,2,2,14.7,35.4,14.6,33.9,1,21
2026-09-07 07:28:29,0,0,0,14.7,35.3,14.6,33.9,1,21
2026-09-07 07:33:29,0,1,1,14.7,35.5,14.6,34,1,21
2026-09-07 07:38:29,0,0,0,14.7,35.2,14.5,33.7,1,21
2026-09-07 07:43:29,0,0,0,14.6,35.2,14.5,33.9,1,21
2026-09-07 07:48:29,0,0,1,14.6,35,14.5,33.7,1,21
2026-09-07 07:53:29,0,1,1,14.6,35,14.5,33.7,1,21
2026-09-07 07:58:29,0,0,1,14.6,35,14.4,33.7,1,21
2026-09-07 08:03:29,0,0,0,14.6,34.7,14.4,33.4,1,21
2026-09-07 08:08:29,0,1,1,14.5,35,14.4,33.5,1,21
2026-09-07 08:13:29,0,2,2,14.5,34.8,14.4,33.5,1,21
2026-09-07 08:18:29,0,2,2,14.5,35,14.4,33.4,1,20
2026-09-07 08:23:29,0,0,0,14.5,34.8,14.4,33.4,1,20
2026-09-07 08:28:29,0,1,1,14.5,35,14.4,33.7,1,19
2026-09-07 08:33:29,0,0,1,14.4,34.9,14.4,33.4,1,21
2026-09-07 08:38:29,0,2,3,14.5,34.8,14.4,33.3,1,21
2026-09-07 08:43:29,0,2,3,14.5,34.9,14.4,33.6,1,21
2026-09-07 08:48:29,0,2,3,14.5,34.7,14.4,33.2,1,25
2026-09-07 08:53:29,0,1,2,14.5,35,14.4,33.7,1,21
2026-09-07 08:58:29,0,1,1,14.5,35,14.4,33.6,1,21
2026-09-07 09:03:29,0,1,1,14.5,35.1,14.4,34.1,1,25
2026-09-07 09:08:29,0,2,2,14.5,35.1,14.4,33.8,1,19
2026-09-07 09:13:29,0,2,2,14.5,34.9,14.4,33.6,1,26
2026-09-07 09:18:29,0,3,3,14.5,35,14.4,33.6,1,21
2026-09-07 09:23:29,0,2,2,14.6,35.1,14.5,34,1,21
2026-09-07 09:28:29,0,1,1,14.6,34.7,14.5,33,1,23
2026-09-07 09:33:29,0,2,2,14.6,35,14.6,33.6,1,20
2026-09-07 09:38:29,0,1,2,14.7,35.3,14.7,33.8,1,21
2026-09-07 09:43:29,0,1,1,14.8,35.2,14.8,33.5,1,21
2026-09-07 09:48:29,0,3,3,14.8,35.2,14.9,33.3,1,30
2026-09-07 09:53:29,0,4,6,14.9,34.8,15,32.9,1,22
2026-09-07 09:58:29,1,3,3,15,35.2,15.1,33.3,1,22
2026-09-07 10:03:29,1,3,3,15.1,35.2,15.3,33.3,1,23
2026-09-07 10:08:29,1,3,3,15.2,35.1,15.4,33.1,1,23
2026-09-07 10:13:30,0,2,3,15.2,35.3,15.5,33.4,1,22
2026-09-07 10:18:29,1,4,6,15.4,35.4,15.7,33.5,1,25
2026-09-07 10:23:30,0,0,0,15.5,35,15.9,32.7,1,25
2026-09-07 10:28:30,0,1,1,15.6,35,16.1,32.5,1,20
2026-09-07 10:33:30,0,1,1,15.8,34.7,16.3,32.1,0,26
2026-09-07 10:38:30,0,2,3,15.9,34.5,16.5,31.8,0,26
2026-09-07 10:43:30,3,6,6,16,34.5,16.6,32,0,20
2026-09-07 10:48:29,0,4,4,16.2,34.4,16.8,31.8,0,25
2026-09-07 10:53:29,7,15,17,16.3,34.5,16.9,32.3,0,26
2026-09-07 10:58:30,4,8,8,16.5,34.9,17.1,32.6,0,19
2026-09-07 11:03:30,8,14,15,16.6,35.5,17.4,33.7,0,25
2026-09-07 11:08:29,10,25,25,16.8,36.1,17.6,34.5,0,22
2026-09-07 11:13:30,10,25,25,16.9,36.7,17.8,34.7,0,19
2026-09-07 11:18:30,10,23,23,17.1,36.6,18,34.5,0,22
2026-09-07 11:23:31,13,27,28,17.2,36.6,18.3,34.3,0,25
2026-09-07 11:28:30,13,28,28,17.4,36.7,18.5,34.5,0,26
2026-09-07 11:33:30,14,28,28,17.6,36.8,18.8,34.5,0,25
2026-09-07 11:38:30,22,32,32,17.8,36.8,19,34.3,0,24
2026-09-07 11:43:30,19,30,31,18,36.7,19.2,34.4,0,24
2026-09-07 11:48:30,20,31,34,18.1,36.8,19.4,34.3,0,26
2026-09-07 11:53:30,20,33,37,18.2,37,19.6,34.4,0,20
2026-09-07 11:58:30,22,33,34,18.4,36.8,19.8,34.2,0,27
2026-09-07 12:03:30,22,32,32,18.6,36.9,20,34.1,0,27
2026-09-07 12:08:30,22,33,36,18.7,36.7,20.2,34.1,0,22
2026-09-07 12:13:30,26,39,46,18.8,36.7,20.4,33.9,0,26
2026-09-07 12:18:30,22,35,38,19,36.6,20.5,33.8,0,26
2026-09-07 12:23:30,24,35,37,19.1,36.5,20.8,33.5,0,20
2026-09-07 12:28:30,23,34,41,19.3,36.4,20.9,33.2,0,26
2026-09-07 12:33:30,23,35,39,19.4,36.3,21.1,33,0,26
2026-09-07 12:38:30,22,32,37,19.5,36,21.3,32.6,0,21
2026-09-07 12:42:29,23,34,35,19.7,35.8,21.5,32.2,0,23
2026-09-07 12:47:29,24,37,43,19.8,35.6,21.6,32,0,25
2026-09-07 12:52:29,20,31,32,19.9,35.6,21.8,32,0,28
2026-09-07 12:57:29,26,39,46,20.1,35.4,22,31.7,0,27
2026-09-07 13:02:29,22,32,33,20.2,35.4,22.2,31.6,0,20
2026-09-07 13:07:29,24,37,40,20.4,35.1,22.5,31.2,0,25
2026-09-07 13:12:29,25,37,40,20.6,34.9,22.7,31,0,27
2026-09-07 13:17:29,23,32,37,20.7,34.7,22.9,31,0,29
2026-09-07 13:22:29,24,36,42,20.9,34.6,23,30.7,0,27
2026-09-07 13:27:29,24,36,41,21,34.5,23.2,30.6,0,28
2026-09-07 13:32:29,25,35,38,21.2,34.5,23.4,30.4,0,21
2026-09-07 13:37:29,23,36,42,21.3,34.1,23.5,30.2,0,27
2026-09-07 13:42:29,25,37,45,21.5,34.1,23.7,29.9,0,20
2026-09-07 13:47:29,23,36,41,21.6,34,23.9,29.5,0,28
2026-09-07 13:52:29,24,35,39,21.7,33.7,24,29.4,0,21
2026-09-07 13:57:29,23,35,38,21.8,33.5,24.2,29.2,0,26
2026-09-07 14:02:29,23,36,40,22,33.2,24.3,28.9,0,21
2026-09-07 14:07:29,24,37,42,22.1,32.9,24.4,28.6,0,26
2026-09-07 14:12:29,26,36,42,22.2,32.7,24.6,28.4,0,26
2026-09-07 14:17:29,25,38,43,22.3,32.5,24.7,28.1,0,21
2026-09-07 14:22:29,24,37,46,22.4,32.2,24.8,27.7,0,25
2026-09-07 14:27:29,26,39,45,22.5,32.1,24.9,27.5,0,25
2026-09-07 14:32:29,23,36,40,22.5,32.1,25,27.6,0,25
2026-09-07 14:37:29,24,39,45,22.6,31.8,25.1,27.5,0,20
2026-09-07 14:42:29,26,41,49,22.7,31.6,25.2,27.1,0,26
2026-09-07 14:47:29,27,41,49,22.8,31.5,25.3,26.9,0,22
2026-09-07 14:52:29,26,40,48,22.8,31.3,25.5,26.7,0,26
2026-09-07 14:57:29,26,41,49,23,31,25.6,26.5,0,27
2026-09-07 15:02:29,26,42,49,23.1,30.7,25.7,26.2,0,26
2026-09-07 15:07:29,25,41,48,23.1,30.8,25.8,26.1,0,26
2026-09-07 15:12:29,24,39,47,23.2,30.6,25.9,26,0,28
2026-09-07 15:17:29,24,41,48,23.3,30.4,25.9,25.8,0,28
2026-09-07 15:22:29,24,39,46,23.4,30.2,26,25.4,0,21
2026-09-07 15:27:29,24,38,43,23.4,29.8,26.1,25.3,0,25
2026-09-07 15:32:29,23,35,41,23.5,30,26.1,25.2,0,20
2026-09-07 15:37:29,22,33,37,23.5,29.8,26.2,25.1,0,27
2026-09-07 15:42:29,22,34,39,23.6,29.7,26.2,24.9,0,25
2026-09-07 15:47:29,21,33,36,23.6,29.4,26.3,24.6,0,28
2026-09-07 15:52:29,21,35,40,23.7,29.3,26.3,24.6,0,22
2026-09-07 15:57:29,19,31,33,23.7,29.3,26.3,24.4,0,27
2026-09-07 16:02:29,21,33,37,23.8,29.2,26.4,24.3,0,21
2026-09-07 16:07:29,20,34,38,23.8,29.1,26.4,24.2,0,25
2026-09-07 16:12:29,21,33,36,23.8,29.1,26.4,24.3,0,25
2026-09-07 16:17:29,19,29,33,23.8,29,26.4,24.2,0,22
2026-09-07 16:22:29,18,29,31,23.8,28.8,26.5,23.8,0,26
2026-09-07 16:27:30,17,29,30,23.9,28.7,26.5,23.9,0,22
2026-09-07 16:32:29,17,26,27,23.9,28.8,26.5,23.9,0,22
2026-09-07 16:37:29,16,27,27,24,28.5,26.6,23.6,0,31
2026-09-07 16:42:29,13,26,27,24,28.5,26.6,23.6,0,31
2026-09-07 16:47:29,7,21,22,24,28.5,26.6,23.7,0,20
2026-09-07 16:52:29,9,20,23,24,28.6,26.5,23.8,0,27
2026-09-07 16:57:29,7,18,21,24,28.5,26.4,24,0,22
2026-09-07 17:02:30,8,19,21,23.9,28.4,26.3,23.8,0,25
2026-09-07 17:07:30,6,18,18,23.8,28.1,26.3,23.3,0,22
2026-09-07 17:12:30,6,13,15,23.8,28.1,26.2,23.2,0,25
2026-09-07 17:17:30,5,9,9,23.7,28.1,26.1,23.2,0,27
2026-09-07 17:22:29,6,12,13,23.6,27.7,26,23.1,0,22
2026-09-07 17:27:29,3,8,10,23.6,27.3,25.9,22.6,0,26
2026-09-07 17:32:29,5,9,9,23.5,27.2,25.8,22.8,0,23
2026-09-07 17:37:30,3,8,8,23.4,27.3,25.7,23.1,0,26
2026-09-07 17:42:30,4,9,9,23.3,27.4,25.6,23.4,0,26
2026-09-07 17:47:30,3,5,6,23.2,27.8,25.4,23.4,0,19
2026-09-07 17:52:29,3,6,6,23.1,27.7,25.3,23.6,0,25
2026-09-07 17:57:30,4,7,7,23,28,25.1,23.8,0,22
2026-09-07 18:02:30,2,5,6,22.8,28.1,25,24,0,26
2026-09-07 18:07:30,2,6,6,22.7,28.2,24.8,24,0,21
2026-09-07 18:12:30,2,5,5,22.6,28.3,24.6,24.3,0,26
2026-09-07 18:17:30,1,4,4,22.5,28.5,24.5,24.5,0,26
2026-09-07 18:22:30,2,4,4,22.4,28.4,24.4,24.4,0,22
2026-09-07 18:27:30,2,4,5,22.3,28.4,24.2,24.2,0,26
2026-09-07 18:32:30,0,5,5,22.2,28.1,24.1,24.1,0,21
2026-09-07 18:37:30,0,5,5,22.1,28.6,24,24.5,0,21
2026-09-07 18:42:30,0,1,1,22,28.5,23.8,24.7,0,21
2026-09-07 18:47:30,0,3,4,21.9,28.7,23.7,24.9,0,21
2026-09-07 18:52:30,1,3,3,21.8,28.8,23.5,25.1,0,21
2026-09-07 18:57:30,0,2,2,21.7,29,23.4,25.3,0,21
2026-09-07 19:02:30,0,2,3,21.6,29.1,23.2,25.4,0,21
2026-09-07 19:07:30,0,3,3,21.4,29.2,23,25.7,0,21
2026-09-07 19:12:30,0,1,1,21.3,29.3,22.9,25.9,0,21
2026-09-07 19:17:30,0,2,2,21.1,29.3,22.7,26,0,21
2026-09-07 19:22:30,0,2,2,21,29.4,22.5,26.1,0,21
2026-09-07 19:27:30,0,1,1,20.8,29.5,22.3,26.3,0,21
2026-09-07 19:32:30,1,3,3,20.7,29.6,22.1,26.4,0,21
2026-09-07 19:37:30,0,1,1,20.6,29.8,22,26.7,0,21
2026-09-07 19:42:30,0,2,2,20.4,29.9,21.8,27,0,21
2026-09-07 19:47:30,0,2,2,20.3,30,21.6,27.1,0,21
2026-09-07 19:52:30,0,3,3,20.2,30.3,21.5,27.5,0,21
2026-09-07 19:57:30,0,1,1,20,30.4,21.4,27.7,0,21
2026-09-07 20:02:30,1,2,3,19.9,30.7,21.2,28,0,21
2026-09-07 20:07:30,0,2,2,19.8,31.1,21,28.4,0,21
2026-09-07 20:12:30,0,0,0,19.7,31.4,20.9,29,0,21
2026-09-07 20:17:30,3,9,13,19.6,31.7,20.8,29.3,0,21
2026-09-07 20:22:30,0,3,3,19.5,31.9,20.6,29.5,0,21
2026-09-07 20:27:30,0,3,3,19.3,32.1,20.5,29.7,0,21
2026-09-07 20:32:30,0,2,2,19.2,32.2,20.3,30,0,21
2026-09-07 20:37:30,0,2,2,19.1,32.4,20.2,30.2,0,21
2026-09-07 20:42:30,0,3,4,19.1,32.5,20.1,30.5,0,21
2026-09-07 20:47:30,0,3,3,18.9,32.6,19.9,30.5,0,21
2026-09-07 20:52:30,0,3,3,18.8,32.7,19.8,30.8,0,21
2026-09-07 20:57:30,1,3,3,18.7,33.1,19.7,31,0,21
2026-09-07 21:02:30,0,2,2,18.7,33.2,19.6,31.2,0,21
2026-09-07 21:07:30,0,3,4,18.6,33.3,19.4,31.7,0,21
2026-09-07 21:12:30,1,3,3,18.5,33.6,19.3,31.7,0,21
2026-09-07 21:17:30,0,5,5,18.4,33.6,19.2,32,0,21
2026-09-07 21:22:30,0,3,3,18.3,33.9,19.1,32.5,0,21
2026-09-07 21:27:30,1,2,3,18.2,34.1,19,32.3,0,21
2026-09-07 21:32:30,1,4,4,18.2,34.3,18.9,32.6,0,21
2026-09-07 21:37:30,1,2,2,18.1,34.4,18.8,32.8,0,21
2026-09-07 21:42:30,1,5,5,18,34.6,18.7,33.1,0,21
2026-09-07 21:47:30,0,2,3,17.9,34.8,18.6,33.6,0,21
2026-09-07 21:52:31,1,2,2,17.8,35.1,18.5,33.7,0,21
2026-09-07 21:57:31,1,1,1,17.8,34.9,18.4,33.4,0,21
2026-09-07 22:02:31,0,3,3,17.7,35.1,18.3,33.7,0,21
2026-09-07 22:07:30,1,2,2,17.7,35.6,18.5,34.1,0,21
2026-09-07 22:12:30,0,1,2,17.8,35.4,18.9,33.3,1,21
2026-09-07 22:17:30,1,1,1,17.8,35.4,18.8,33.2,1,21
2026-09-07 22:22:30,1,2,3,17.8,35.5,18.7,33.5,1,21
2026-09-07 22:27:31,0,4,4,17.8,35.6,18.8,33.5,1,21
2026-09-07 22:32:30,0,4,4,17.8,35.7,18.8,33.7,1,21
2026-09-07 22:37:30,1,4,4,17.8,35.8,18.7,33.9,1,21
2026-09-07 22:42:30,1,4,4,17.8,35.8,18.6,33.9,1,21
2026-09-07 22:47:31,0,4,4,17.8,35.7,18.6,33.9,1,21
2026-09-07 22:52:30,1,3,4,17.7,35.9,18.6,34,1,21
2026-09-07 22:57:30,1,4,4,17.7,35.8,18.5,34,1,21
2026-09-07 23:02:31,0,4,4,17.7,35.7,18.5,33.9,1,21
2026-09-07 23:07:30,1,6,6,17.7,35.8,18.4,33.9,1,21
2026-09-07 23:12:31,2,4,6,17.6,36,18.4,34.1,1,21
2026-09-07 23:17:31,2,8,8,17.6,36,18.4,34.1,1,21
2026-09-07 23:22:30,3,5,6,17.5,36,18.3,34.1,1,21
2026-09-07 23:27:31,3,8,9,17.5,35.9,18.3,34,1,21
2026-09-07 23:32:31,2,4,4,17.5,35.9,18.3,33.9,1,21
2026-09-07 23:37:31,1,5,5,17.4,35.9,18.2,33.7,1,21
2026-09-07 23:42:30,3,8,8,17.4,35.8,18.2,33.8,1,21
2026-09-07 23:47:31,3,5,6,17.4,35.8,18.1,33.8,1,21
2026-09-07 23:52:31,2,8,9,17.4,35.7,18.1,33.8,1,21
2026-09-07 23:57:31,2,6,9,17.3,35.7,18.1,33.7,1,21
2026-09-08 00:02:31,3,5,5,17.3,35.9,18,33.9,1,21
2026-09-08 00:07:31,2,5,5,17.3,35.8,18,33.9,1,21
2026-09-08 00:12:31,3,5,5,17.2,36,17.9,34,1,21
2026-09-08 00:17:31,3,6,6,17.2,36.1,17.9,34.1,1,21
2026-09-08 00:22:31,2,6,9,17.2,36,17.8,34.1,1,21
2026-09-08 00:27:31,3,8,9,17.1,36.1,17.8,34.5,1,21
2026-09-08 00:32:30,3,5,6,17.1,36.4,17.7,34.6,1,21
2026-09-08 00:37:31,3,8,8,17,36.4,17.6,34.8,1,21
2026-09-08 00:42:31,3,8,10,17,36.6,17.6,34.7,1,18
2026-09-08 00:47:31,3,6,6,16.9,36.4,17.5,34.8,1,18
2026-09-08 00:52:31,3,6,6,16.9,36.4,17.4,35,1,20
2026-09-08 00:57:31,3,9,10,16.8,36.4,17.4,34.9,1,18
2026-09-08 01:02:31,4,9,10,16.8,36.4,17.3,35,1,18
2026-09-08 01:07:31,5,8,9,16.7,36.6,17.2,35.1,1,18
2026-09-08 01:12:31,4,10,10,16.7,36.5,17.2,35,1,18
2026-09-08 01:17:31,2,7,9,16.6,36.4,17.1,35,1,18
2026-09-08 01:22:31,3,8,9,16.6,36.5,17,35,1,18
2026-09-08 01:27:31,3,7,7,16.6,36.7,17,35.3,1,18
2026-09-08 01:32:31,3,9,9,16.5,36.7,16.9,35.2,1,18
2026-09-08 01:37:31,2,7,8,16.4,36.7,16.9,35.3,1,18
2026-09-08 01:42:31,3,10,10,16.4,36.8,16.8,35.3,1,18
2026-09-08 01:47:31,4,5,7,16.4,36.7,16.8,35.4,1,18
2026-09-08 01:52:31,3,7,8,16.3,36.9,16.7,35.5,1,18
2026-09-08 01:57:31,3,7,7,16.3,36.7,16.6,35.1,1,18
2026-09-08 02:02:31,3,8,9,16.2,36.7,16.6,35.3,1,21
2026-09-08 02:07:31,3,9,10,16.2,36.8,16.5,35.3,1,17
2026-09-08 02:12:31,4,8,9,16.1,36.9,16.5,35.7,1,17
2026-09-08 02:17:31,2,8,8,16.1,37.1,16.4,35.8,1,17
2026-09-08 02:22:31,1,7,8,16,37.1,16.4,35.6,1,17
2026-09-08 02:27:31,3,7,7,16,37.1,16.3,35.8,1,17
2026-09-08 02:32:31,3,7,8,16,36.9,16.3,35.6,1,17
2026-09-08 02:37:31,3,5,5,15.9,37,16.2,35.7,1,17
2026-09-08 02:42:31,3,7,8,15.9,36.8,16.2,35.6,1,17
2026-09-08 02:47:31,2,8,8,15.8,37,16.1,35.8,1,17
2026-09-08 02:52:31,1,5,5,15.8,36.8,16.1,35.5,1,21
2026-09-08 02:57:31,2,8,8,15.8,37,16.1,35.7,1,17
2026-09-08 03:02:31,3,8,8,15.7,36.9,16,35.7,1,16
2026-09-08 03:07:31,2,7,8,15.7,37,16,35.7,1,16
2026-09-08 03:12:31,2,7,8,15.7,37.1,15.9,35.9,1,19
2026-09-08 03:17:31,2,7,7,15.6,37.1,15.9,35.9,1,19
2026-09-08 03:22:31,3,7,7,15.6,37.2,15.8,35.8,1,19
2026-09-08 03:27:31,2,7,8,15.6,37.1,15.8,35.9,1,19
2026-09-08 03:32:31,3,6,6,15.5,37.4,15.8,36.1,1,16
2026-09-08 03:37:31,1,7,7,15.5,37.2,15.7,36,1,26
2026-09-08 03:42:32,2,6,6,15.5,37.2,15.6,36,1,15
2026-09-08 03:47:31,2,7,7,15.4,37.1,15.6,35.9,1,15
2026-09-08 03:52:31,2,7,8,15.4,37,15.6,35.8,1,15
2026-09-08 03:57:31,1,6,6,15.4,37.1,15.6,35.7,1,18
2026-09-08 04:02:31,1,7,8,15.4,37.2,15.5,35.8,1,18
2026-09-08 04:07:31,1,6,6,15.3,37,15.5,35.8,1,18
2026-09-08 04:12:31,2,8,8,15.3,36.9,15.4,35.8,1,18
2026-09-08 04:17:32,1,6,6,15.3,37,15.4,35.7,1,14
2026-09-08 04:22:31,1,4,6,15.2,37,15.3,35.8,1,16
2026-09-08 04:27:31,2,7,7,15.2,37.1,15.3,35.9,1,15
2026-09-08 04:32:31,2,6,6,15.2,37,15.3,35.7,1,15
2026-09-08 04:37:32,1,4,4,15.1,36.9,15.2,35.7,1,15
2026-09-08 04:42:32,1,4,4,15.1,37.1,15.2,35.8,1,15
2026-09-08 04:47:31,3,8,8,15.1,37.1,15.2,35.8,1,15
2026-09-08 04:52:32,1,6,8,15.1,37.2,15.2,35.9,1,15
2026-09-08 04:57:32,1,7,8,15.1,37.1,15.2,35.8,1,16
2026-09-08 05:02:31,0,4,4,15,37,15.1,35.6,1,17
2026-09-08 05:07:31,1,6,7,15,37.2,15.1,35.8,1,17
2026-09-08 05:12:32,1,7,7,15,36.9,15.1,35.5,1,17
2026-09-08 05:17:31,1,4,4,15,36.9,15.1,35.7,1,17
2026-09-08 05:22:31,1,4,4,15,36.9,15,35.6,1,17
2026-09-08 05:27:31,2,6,6,14.9,37,15,35.8,1,17
2026-09-08 05:32:32,1,6,6,15,37,15,35.8,1,17
2026-09-08 05:37:31,1,6,6,15,37.1,15,35.9,1,17
2026-09-08 05:42:31,1,7,7,14.9,37.4,15,36.1,1,17
2026-09-08 05:47:32,1,4,4,14.9,37.4,15,36.2,1,17
2026-09-08 05:52:32,2,7,8,14.9,37.3,14.9,36.2,1,17
2026-09-08 05:57:32,0,3,4,14.9,37.3,14.9,36,1,17
2026-09-08 06:02:32,2,7,8,14.8,37,14.9,35.8,1,17
2026-09-08 06:07:32,0,4,4,14.8,36.9,14.8,35.6,1,17
2026-09-08 06:12:32,0,4,4,14.8,36.8,14.8,35.6,1,17
2026-09-08 06:17:32,0,4,4,14.8,36.9,14.7,35.7,1,17
2026-09-08 06:22:32,0,6,6,14.7,36.7,14.7,35.7,1,17
2026-09-08 06:27:32,0,6,6,14.7,37,14.6,35.8,1,17
2026-09-08 06:32:32,1,6,7,14.7,37,14.6,35.9,1,17
2026-09-08 06:37:32,1,6,7,14.6,37,14.5,36.1,1,17
2026-09-08 06:42:32,1,4,4,14.6,37.1,14.5,36.3,1,17
2026-09-08 06:47:32,1,4,6,14.6,37.2,14.4,36.5,1,17
2026-09-08 06:52:32,1,4,4,14.5,37.4,14.4,36.7,1,20
2026-09-08 06:57:32,1,6,7,14.5,37.3,14.4,36.6,1,17
2026-09-08 07:02:32,2,6,6,14.5,37.5,14.4,36.7,1,20
2026-09-08 07:07:32,1,3,4,14.4,37.3,14.3,36.3,1,20
2026-09-08 07:12:32,0,4,4,14.4,37.3,14.3,36.3,1,20
2026-09-08 07:17:32,1,4,6,14.4,37.2,14.2,36.3,1,20
2026-09-08 07:22:32,1,2,4,14.4,37.1,14.2,36.3,1,20
2026-09-08 07:27:32,2,4,4,14.4,37,14.2,36,1,22
2026-09-08 07:32:32,1,4,6,14.3,37.2,14.2,36.1,1,22
2026-09-08 07:37:32,1,7,7,14.4,37.2,14.2,36.3,1,22
2026-09-08 07:42:32,1,6,7,14.4,37.1,14.2,36.2,1,22
2026-09-08 07:47:32,1,4,6,14.3,36.8,14.2,35.5,1,19
2026-09-08 07:52:32,0,3,4,14.4,36.8,14.2,35.7,1,22
2026-09-08 07:57:32,0,6,6,14.4,36.8,14.2,35.7,1,23
2026-09-08 08:02:32,2,7,7,14.4,36.9,14.2,35.8,1,19
2026-09-08 08:07:32,3,7,8,14.3,37,14.2,36.1,1,23
2026-09-08 08:12:32,2,6,7,14.3,37.1,14.2,35.9,1,19
2026-09-08 08:17:32,2,6,7,14.3,37.1,14.2,35.9,1,20
2026-09-08 08:22:32,2,6,7,14.3,36.7,14.2,35.9,1,26
2026-09-08 08:27:32,6,14,16,14.3,37.1,14.2,36.2,1,26
2026-09-08 08:32:32,2,7,7,14.3,36.9,14.1,35.9,1,22
2026-09-08 08:37:32,4,16,17,14.3,37.1,14.1,36,1,27
2026-09-08 08:42:32,2,7,8,14.3,36.7,14.2,35.7,1,25
2026-09-08 08:47:32,1,4,4,14.3,36.6,14.2,35.1,1,28
2026-09-08 08:52:32,2,5,6,14.3,36.4,14.2,35.1,1,19
2026-09-08 08:57:32,1,6,8,14.4,36.4,14.2,35.2,1,26
2026-09-08 09:02:32,0,3,3,14.4,36.6,14.3,35.6,1,25
2026-09-08 09:07:32,1,6,7,14.4,36.8,14.3,35.7,1,26
2026-09-08 09:12:32,0,4,6,14.4,36.8,14.3,35.8,1,23
2026-09-08 09:17:32,2,6,7,14.4,36.8,14.3,35.6,1,26
2026-09-08 09:22:32,0,4,4,14.5,36.9,14.4,35.7,1,25
2026-09-08 09:27:32,1,8,11,14.5,37.1,14.5,36.2,1,27
2026-09-08 09:32:32,1,6,6,14.6,36.5,14.6,34.8,1,28
2026-09-08 09:37:32,1,4,6,14.7,36.8,14.8,35.2,1,22
2026-09-08 09:42:32,9,23,24,14.8,36.8,14.9,35.1,1,26
2026-09-08 09:47:32,3,6,7,14.9,36.8,15.1,34.9,1,20
2026-09-08 09:52:32,4,7,7,15,36.9,15.2,34.9,1,26
2026-09-08 09:57:32,3,7,7,15.1,36.8,15.4,35,1,22
2026-09-08 10:02:32,1,6,8,15.3,37,15.6,35,1,31
2026-09-08 10:07:32,4,10,13,15.4,36.7,15.8,34.6,1,22
2026-09-08 10:12:32,2,6,6,15.5,36.4,16,34.2,1,29
2026-09-08 10:17:32,1,5,7,15.7,36.3,16.2,33.9,1,21
2026-09-08 10:22:32,1,3,3,15.8,36.1,16.4,33.2,1,26
2026-09-08 10:27:32,1,7,7,16,35.8,16.6,32.9,0,23
2026-09-08 10:32:32,1,5,5,16.1,35.8,16.8,33.5,0,26
2026-09-08 10:37:32,3,5,5,16.2,36,16.9,33.8,0,28
2026-09-08 10:42:32,5,17,18,16.4,36.2,17,34.1,0,21
2026-09-08 10:47:33,7,14,15,16.5,36.8,17.2,34.7,0,26
2026-09-08 10:52:32,4,12,12,16.6,36.7,17.4,34.6,0,22
2026-09-08 10:57:33,7,15,15,16.8,36.7,17.6,34.5,0,28
2026-09-08 11:02:33,8,17,20,16.9,36.8,17.9,34.2,0,20
2026-09-08 11:07:33,6,20,20,17.1,36.6,18.1,33.9,0,27
2026-09-08 11:12:32,8,22,23,17.3,36.7,18.4,34.1,0,25
2026-09-08 11:17:32,13,31,32,17.5,36.7,18.6,34.1,0,21
2026-09-08 11:22:32,10,22,25,17.7,37,18.9,34.5,0,23
2026-09-08 11:27:33,12,24,24,17.9,37.1,19.2,34.3,0,23
2026-09-08 11:32:33,16,28,29,18.1,36.9,19.5,33.8,0,27
2026-09-08 11:37:32,17,26,27,18.3,36.8,19.8,34.1,0,24
2026-09-08 11:42:32,21,31,34,18.5,36.9,20,33.8,0,24
2026-09-08 11:47:33,23,39,44,18.7,36.8,20.2,34,0,26
2026-09-08 11:52:33,26,38,43,18.8,36.6,20.4,33.6,0,20
2026-09-08 11:57:32,20,32,34,19,36.5,20.5,33.3,0,25
2026-09-08 12:02:33,21,31,33,19.1,36.2,20.7,32.9,0,27
2026-09-08 12:07:33,20,31,31,19.3,36.2,20.8,32.7,0,27
2026-09-08 12:12:33,18,30,30,19.3,36.1,20.9,32.6,0,28
2026-09-08 12:17:33,16,30,32,19.4,35.9,21,32.6,0,27
2026-09-08 12:22:33,18,28,28,19.5,35.8,21.1,32.5,0,28
2026-09-08 12:27:33,19,30,30,19.6,35.9,21.2,32.6,0,28
2026-09-08 12:32:33,20,31,32,19.7,36,21.3,32.8,0,26
2026-09-08 12:37:33,23,35,40,19.7,36,21.3,32.8,0,27
2026-09-08 12:42:33,26,39,48,19.7,35.8,21.3,32.7,0,27
2026-09-08 12:47:33,28,43,51,19.8,35.8,21.4,32.7,0,26
2026-09-08 12:52:33,27,41,48,19.8,35.9,21.4,32.8,0,26
2026-09-08 12:57:33,28,42,49,19.8,35.8,21.4,32.8,0,28
2026-09-08 13:02:32,29,43,51,19.9,35.9,,,0,26
2026-09-08 13:07:33,30,46,56,19.9,36,,,0,26
2026-09-08 13:12:33,31,47,57,19.9,35.8,21.6,32.8,0,26
2026-09-08 13:17:33,30,43,51,20,36,21.8,32.8,0,26
2026-09-08 13:22:33,28,44,51,20.2,35.9,22.1,32.9,0,26
2026-09-08 13:27:33,30,46,53,20.3,36.2,22.3,32.7,0,26
2026-09-08 13:32:33,29,41,50,20.5,36,22.5,32.4,0,25
2026-09-08 13:37:33,29,44,52,20.6,35.8,22.7,32.2,0,28
2026-09-08 13:42:33,30,48,56,20.8,35.7,22.8,32,0,26
2026-09-08 13:47:33,30,45,54,20.9,35.5,22.9,31.8,0,27
2026-09-08 13:52:33,31,47,56,20.9,35.3,22.9,31.8,0,25
2026-09-08 13:57:33,31,47,57,20.9,35.3,22.8,31.8,0,28
2026-09-08 14:02:33,29,45,52,20.9,35.2,22.8,31.8,0,26
2026-09-08 14:07:33,31,46,56,20.9,35.3,22.8,31.9,0,28
2026-09-08 14:12:33,30,46,56,20.9,35,22.7,31.9,0,27
2026-09-08 14:17:33,31,48,56,20.8,35.2,22.6,32,0,30
2026-09-08 14:22:33,30,46,54,20.8,35.3,22.6,32.1,0,22
2026-09-08 14:27:33,29,47,58,20.8,35.3,22.6,32.2,0,27
2026-09-08 14:32:33,31,47,55,20.7,35.3,22.5,32.1,0,21
2026-09-08 14:37:33,31,47,56,20.8,35.2,22.5,32,0,28
2026-09-08 14:42:33,29,46,54,20.8,35.1,22.6,32,0,25
2026-09-08 14:47:33,29,44,52,20.8,35.3,22.6,31.9,0,22
2026-09-08 14:52:33,29,46,55,20.8,35.2,22.7,31.8,0,26
2026-09-08 14:57:33,27,42,49,20.9,35.1,22.7,31.8,0,20
2026-09-08 15:02:36,30,47,58,20.9,35.1,22.8,31.9,0,27
2026-09-08 15:07:33,26,43,51,20.9,35.1,22.8,31.8,0,31
2026-09-08 15:12:33,30,47,55,21,35.1,22.9,31.7,0,27
2026-09-08 15:17:33,32,48,59,21,35.1,22.9,31.9,0,23
2026-09-08 15:22:33,30,46,55,21,35,22.9,31.8,0,28
2026-09-08 15:27:33,30,46,54,21,35,22.9,31.9,0,20
2026-09-08 15:32:33,29,45,55,21,35,22.8,32,0,27
2026-09-08 15:37:33,34,52,65,20.9,35,22.7,32.1,0,22
2026-09-08 15:42:33,36,55,67,20.9,35.3,22.6,32.3,0,28
2026-09-08 15:47:33,32,48,59,20.8,35.4,22.5,32.6,0,20
2026-09-08 15:52:33,29,45,54,20.8,35.5,22.5,32.6,0,31
2026-09-08 15:57:33,29,45,52,20.8,35.5,22.4,32.7,0,22
2026-09-08 16:02:33,27,42,50,20.7,35.8,22.4,33.1,0,28
2026-09-08 16:07:33,26,39,45,20.7,35.7,22.4,33,0,26
2026-09-08 16:12:33,24,36,41,20.7,35.9,22.3,33.1,0,28
2026-09-08 16:17:33,23,35,38,20.6,36.1,22.3,33.3,0,30
2026-09-08 16:22:33,20,30,30,20.6,36.1,22.3,33.4,0,26
2026-09-08 16:27:33,21,32,33,20.6,36.1,22.3,33.4,0,27
2026-09-08 16:32:34,21,32,36,20.6,36.1,22.2,33.3,0,21
2026-09-08 16:37:33,12,25,26,20.6,36.1,22.2,33.2,0,28
2026-09-08 16:42:34,7,19,19,20.5,35.5,22.2,32.4,0,29
2026-09-08 16:47:33,5,8,8,20.5,35,22.1,31.8,0,26
2026-09-08 16:52:33,5,7,9,20.5,34.7,22.1,31.1,0,21
2026-09-08 16:57:33,5,8,8,20.5,34.3,22,30.7,0,27
2026-09-08 17:02:34,9,25,25,20.4,34.4,22,31.2,0,27
2026-09-08 17:07:33,3,7,7,20.4,34.6,21.9,31.5,0,28
2026-09-08 17:12:33,3,6,7,20.3,34.8,21.7,32,0,26
2026-09-08 17:17:33,5,7,7,20.2,34.8,21.6,32.2,0,26
2026-09-08 17:22:33,3,6,8,20.1,35.1,,,0,27
2026-09-08 17:27:33,3,9,9,20,35.1,,,0,27
2026-09-08 17:32:34,4,6,7,19.8,35.7,,,0,27
2026-09-08 17:37:33,3,6,6,19.6,35.9,,,0,27
2026-09-08 17:42:34,6,19,19,19.5,36.2,,,0,26
2026-09-08 17:47:34,4,8,12,19.4,36.4,,,0,22
2026-09-08 17:52:34,5,13,14,19.3,36.5,,,0,26
2026-09-08 17:57:33,2,5,5,19.2,36.9,,,0,28
2026-09-08 18:02:34,2,5,7,19.1,36.8,,,0,21
2026-09-08 18:07:34,1,3,3,19,37,,,0,27
2026-09-08 18:12:34,3,6,6,18.9,37.2,,,0,19
2026-09-08 18:17:34,3,6,6,18.8,37.6,,,0,19
2026-09-08 18:22:34,2,6,6,18.7,37.7,,,0,19
2026-09-08 18:27:34,3,6,6,18.5,37.9,,,0,19
2026-09-08 18:32:33,3,5,5,18.5,38,,,0,19
2026-09-08 18:37:34,5,13,16,18.4,38.2,,,0,19
2026-09-08 18:42:34,2,6,6,18.3,38.2,,,0,19
2026-09-08 18:47:34,18,31,32,18.2,38.5,,,0,22
2026-09-08 18:52:34,6,10,10,18.1,38.7,,,0,22
2026-09-08 18:57:34,4,7,9,18,38.8,,,0,22
2026-09-08 19:02:34,2,4,5,18,38.9,,,0,22
2026-09-08 19:07:34,2,6,6,17.9,39.3,,,0,22
2026-09-08 19:12:34,2,8,8,17.9,39.3,,,0,22
2026-09-08 19:17:34,1,5,5,17.8,39.4,,,0,22
2026-09-08 19:22:34,4,7,7,17.7,39.5,,,0,22
2026-09-08 19:27:34,2,8,8,17.8,39.9,,,1,22
2026-09-08 19:32:34,1,4,4,17.8,39.9,,,1,22
2026-09-08 19:37:34,2,5,5,17.8,39.9,,,1,22
2026-09-08 19:42:34,2,3,4,17.8,40.1,,,1,22
2026-09-08 19:47:34,16,30,32,17.7,40.1,,,1,22
2026-09-08 19:52:34,3,13,18,17.8,40.2,,,1,19
2026-09-08 19:57:34,4,12,13,17.8,40.1,,,1,19
2026-09-08 20:02:34,3,4,5,17.7,40,,,1,19
2026-09-08 20:07:34,1,5,5,17.7,40.1,,,1,19
2026-09-08 20:12:34,1,3,3,17.6,40.2,,,1,19
2026-09-08 20:17:34,1,5,5,17.6,40,,,1,22
2026-09-08 20:22:34,0,3,4,17.6,40.1,,,1,22
2026-09-08 20:27:34,0,3,3,17.5,40.3,,,1,22
2026-09-08 20:32:34,2,3,3,17.4,40.4,,,1,22
2026-09-08 20:37:34,1,4,6,17.4,40.6,,,1,19
2026-09-08 20:42:34,1,2,2,17.3,40.5,,,1,19
2026-09-08 20:47:34,1,5,6,17.3,40.6,,,1,19
2026-09-08 20:52:34,1,4,4,17.2,40.8,,,1,19
2026-09-08 20:57:34,1,5,5,17.2,41,,,1,22
2026-09-08 21:02:34,1,3,3,17.1,41.1,,,1,19
2026-09-08 21:07:34,0,3,3,17.1,41.1,,,1,22
2026-09-08 21:12:34,1,3,3,17,41.3,17.6,40.4,1,22
2026-09-08 21:17:34,0,2,2,16.9,41.5,17.5,40.6,1,19
2026-09-08 21:22:34,0,3,3,16.9,41.6,17.4,40.9,1,22
2026-09-08 21:27:34,0,4,4,16.8,41.5,17.3,41,1,19
2026-09-08 21:32:34,1,3,3,16.8,41.9,17.3,41.3,1,19
2026-09-08 21:37:34,1,2,3,16.7,41.8,17.2,41.3,1,19
2026-09-08 21:42:34,1,4,5,16.7,42,17.1,41.4,1,19
2026-09-08 21:47:34,1,4,5,16.6,42.2,17,41.6,1,19
2026-09-08 21:52:34,2,5,5,16.6,42.2,17,41.7,1,19
2026-09-08 21:57:34,2,4,4,16.5,42.2,16.9,42,1,19
2026-09-08 22:02:34,1,4,4,16.5,42.5,16.8,42.1,1,19
2026-09-08 22:07:34,1,3,3,16.4,42.4,16.7,42.2,1,19
2026-09-08 22:12:34,1,2,2,16.4,42.7,16.6,42.3,1,19
2026-09-08 22:17:34,0,3,4,16.3,42.9,16.6,42.6,1,19
2026-09-08 22:22:34,1,4,4,16.2,43.1,16.5,42.9,1,19
2026-09-08 22:27:34,1,4,4,16.2,43.1,16.5,43.1,1,19
2026-09-08 22:32:34,1,4,4,16.1,43.3,16.5,43,1,19
2026-09-08 22:37:34,2,7,8,16.1,43.2,16.4,43,1,19
2026-09-08 22:42:35,1,4,4,16,43.3,16.4,42.9,1,19
2026-09-08 22:47:34,3,5,5,16,43.4,16.3,43.3,1,19
2026-09-08 22:52:35,2,5,5,16,43.5,16.3,43.4,1,19
2026-09-08 22:57:34,2,4,5,15.9,43.6,16.3,43.5,1,19
2026-09-08 23:02:34,2,4,4,15.9,43.8,16.2,43.7,1,19
2026-09-08 23:07:34,1,5,5,15.9,43.9,16.2,43.9,1,19
2026-09-08 23:12:34,2,7,7,15.9,43.8,16.2,43.8,1,19
2026-09-08 23:17:35,2,5,5,15.8,43.9,16.1,43.9,1,19
2026-09-08 23:22:34,2,4,4,15.8,43.9,16.1,43.7,1,19
2026-09-08 23:27:34,1,3,4,15.8,43.8,16.1,43.7,1,19
2026-09-08 23:32:35,1,4,6,15.8,43.7,16,43.6,1,19
2026-09-08 23:37:34,1,2,3,15.7,43.7,16,43.7,1,19
2026-09-08 23:42:34,0,2,2,15.7,43.8,15.9,43.8,1,19
2026-09-08 23:47:35,1,2,2,15.6,43.9,15.8,43.8,1,19
2026-09-08 23:52:34,0,2,2,15.6,44,15.8,44,1,19
2026-09-08 23:57:34,1,3,3,15.5,44,15.7,43.9,1,19
2026-09-09 00:02:35,1,4,4,15.5,44,15.6,44.2,1,19
2026-09-09 00:07:34,2,4,5,15.4,44.2,15.6,44.3,1,19
2026-09-09 00:12:34,3,6,6,15.4,44.3,15.6,44.4,1,19
2026-09-09 00:17:35,3,7,7,15.4,44.4,15.5,44.6,1,19
2026-09-09 00:22:34,2,5,5,15.4,44.5,15.5,44.6,1,19
2026-09-09 00:27:35,3,8,8,15.3,44.7,15.5,44.8,1,19
2026-09-09 00:32:35,2,6,6,15.3,44.8,15.4,45,1,19
2026-09-09 00:37:34,2,4,6,15.3,44.9,15.4,45.1,1,19
2026-09-09 00:42:35,3,7,7,15.2,45.1,15.3,45.2,1,19
2026-09-09 00:47:35,3,8,8,15.2,45.1,15.3,45.2,1,19
2026-09-09 00:52:35,2,6,6,15.2,45.2,15.3,45.3,1,19
2026-09-09 00:57:35,3,10,10,15.1,45.1,15.3,45.3,1,19
2026-09-09 01:02:34,3,7,7,15.1,45.1,15.2,45.4,1,19
2026-09-09 01:07:35,4,8,8,15.1,45.3,15.2,45.5,1,19
2026-09-09 01:12:35,3,8,8,15.1,45.4,15.1,45.6,1,19
2026-09-09 01:17:35,4,9,9,15,45.5,15.1,45.7,1,19
2026-09-09 01:22:35,4,8,8,15,45.4,15.1,45.7,1,19
2026-09-09 01:27:35,6,9,9,15,45.6,15,45.8,1,19
2026-09-09 01:32:35,3,6,6,14.9,45.5,14.9,46,1,19
2026-09-09 01:37:35,2,4,6,14.9,45.7,14.9,46.2,1,19
2026-09-09 01:42:35,4,6,6,14.9,45.8,14.8,46.4,1,19
2026-09-09 01:47:35,4,7,8,14.8,45.9,14.8,46.6,1,19
2026-09-09 01:52:35,4,8,8,14.8,46,14.7,46.7,1,19
2026-09-09 01:57:35,4,9,9,14.8,46,14.7,46.8,1,19
2026-09-09 02:02:35,7,11,13,14.7,46.3,14.7,47,1,19
2026-09-09 02:07:35,6,13,13,14.7,46.4,14.6,47.1,1,16
2026-09-09 02:12:35,6,11,13,14.7,46.4,14.6,47,1,16
2026-09-09 02:17:35,7,13,14,14.7,46.4,14.6,47.1,1,16
2026-09-09 02:22:35,6,13,14,14.7,46.5,14.6,47.3,1,16
2026-09-09 02:27:35,4,13,14,14.7,46.7,14.6,47.2,1,16
2026-09-09 02:32:35,6,9,9,14.7,46.5,14.7,47.2,1,16
2026-09-09 02:37:35,6,11,11,14.7,46.7,14.7,47.3,1,16
2026-09-09 02:42:35,6,13,13,14.7,46.6,14.7,47.3,1,16
2026-09-09 02:47:35,6,13,13,14.7,46.6,14.7,47.3,1,19
2026-09-09 02:52:35,7,13,13,14.7,46.7,14.7,47.3,1,18
2026-09-09 02:57:35,7,13,14,14.7,46.8,14.7,47.4,1,18
2026-09-09 03:02:35,7,18,20,14.7,46.8,14.7,47.4,1,18
2026-09-09 03:07:35,7,14,14,14.7,46.8,14.6,47.4,1,18
2026-09-09 03:12:35,8,19,23,14.7,47,14.6,47.5,1,18
2026-09-09 03:17:35,9,19,23,14.7,47,14.6,47.6,1,18
2026-09-09 03:22:35,8,18,19,14.7,46.8,14.6,47.4,1,27
2026-09-09 03:27:35,9,21,23,14.7,46.9,14.6,47.5,1,29
2026-09-09 03:32:35,7,22,22,14.7,47,14.6,47.5,1,15
2026-09-09 03:37:35,7,20,23,14.7,47.1,14.6,47.6,1,26
2026-09-09 03:42:35,9,23,24,14.7,47.1,14.6,47.9,1,14
2026-09-09 03:47:35,8,23,24,14.7,47.2,14.6,48,1,26
2026-09-09 03:52:35,9,24,27,14.7,47.3,14.6,48.1,1,16
2026-09-09 03:57:35,9,28,28,14.7,47.2,14.6,47.9,1,27
2026-09-09 04:02:35,11,23,23,14.7,47.3,14.7,48,1,16
2026-09-09 04:07:35,9,28,28,14.7,47.4,14.7,48,1,29
2026-09-09 04:12:35,9,28,29,14.7,47.2,14.7,47.9,1,15
2026-09-09 04:17:35,11,28,30,14.8,47.4,14.7,47.8,1,28
2026-09-09 04:22:35,8,27,28,14.7,47.2,14.8,47.7,1,16
2026-09-09 04:27:35,7,19,19,14.8,47.2,14.8,47.6,1,16
2026-09-09 04:32:35,6,14,17,14.8,47.2,14.8,47.7,1,16
2026-09-09 04:37:35,4,11,13,14.8,47.2,14.8,47.7,1,17
2026-09-09 04:42:35,8,14,15,14.8,47,14.8,47.7,1,25
2026-09-09 04:47:35,4,10,13,14.8,47.2,14.7,47.6,1,15
2026-09-09 04:52:36,6,10,10,14.7,47.1,14.7,47.6,1,26
2026-09-09 04:57:35,6,13,16,14.7,47.3,14.7,47.6,1,16
2026-09-09 05:02:36,4,13,13,14.7,47.1,14.6,47.7,1,28
2026-09-09 05:07:35,4,11,11,14.7,47.3,14.6,47.9,1,15
2026-09-09 05:12:35,6,13,13,14.6,47,14.5,47.9,1,30
2026-09-09 05:17:35,6,16,16,14.6,47.2,14.5,48.1,1,17
2026-09-09 05:22:35,4,13,13,14.6,47.2,14.5,48.2,1,26
2026-09-09 05:27:35,8,14,14,14.6,47.3,14.4,48.2,1,26
2026-09-09 05:32:36,6,11,13,14.5,47.4,14.4,48.3,1,26
2026-09-09 05:37:35,6,13,13,14.5,47.5,14.4,48.4,1,26
2026-09-09 05:42:36,7,11,11,14.5,47.3,14.4,48.3,1,26
2026-09-09 05:47:36,8,13,13,14.5,47.6,14.3,48.4,1,28
2026-09-09 05:52:35,6,19,21,14.5,47.5,14.3,48.4,1,15
2026-09-09 05:57:35,7,16,17,14.4,47.3,14.3,48.5,1,28
2026-09-09 06:02:35,6,17,17,14.4,47.4,14.2,48.5,1,25
2026-09-09 06:07:35,8,14,18,14.4,47.6,14.2,48.6,1,26
2026-09-09 06:12:35,7,18,18,14.3,47.5,14.2,48.6,1,26
2026-09-09 06:17:36,8,16,16,14.4,47.7,14.1,48.9,1,27
2026-09-09 06:22:36,8,13,17,14.3,47.7,14.1,48.9,1,19
2026-09-09 06:27:36,7,14,16,14.3,47.8,14,48.8,1,19
2026-09-09 06:32:36,7,16,18,14.3,47.8,14,49,1,19
2026-09-09 06:37:36,7,16,18,14.2,47.7,13.9,49,1,19
2026-09-09 06:42:36,8,24,24,14.2,47.9,13.9,49.2,1,19
2026-09-09 06:47:36,6,17,20,14.1,48.1,13.8,49.4,1,19
2026-09-09 06:52:36,8,24,24,14.1,48.1,13.8,49.6,1,19
2026-09-09 06:57:35,8,23,25,14.1,48.1,13.8,49.6,1,19
2026-09-09 07:02:35,10,30,30,14.1,48.3,13.7,49.8,1,19
2026-09-09 07:07:36,10,27,27,14,48.3,13.7,49.7,1,19
2026-09-09 07:12:36,9,27,29,14.1,48.3,13.7,49.6,1,19
2026-09-09 07:17:36,9,28,31,14,48.4,13.7,49.8,1,22
2026-09-09 07:22:36,10,25,29,14,48.4,13.7,49.9,1,22
2026-09-09 07:27:36,11,30,30,14,48.4,13.7,50.1,1,19
2026-09-09 07:32:36,11,27,27,14,48.5,13.7,50.1,1,22
2026-09-09 07:37:35,10,29,29,14,48.5,13.7,49.9,1,22
2026-09-09 07:42:36,10,25,25,14,48.4,13.7,50,1,19
2026-09-09 07:47:36,11,31,33,14,48.6,13.6,50.5,1,22
2026-09-09 07:52:36,13,31,32,14,48.8,13.6,50.4,1,19
2026-09-09 07:57:36,13,31,31,14,48.8,13.6,50.5,1,22
2026-09-09 08:02:36,11,25,31,14,48.7,13.6,50.3,1,22
2026-09-09 08:07:36,11,30,31,14,48.8,13.6,50.3,1,22
2026-09-09 08:12:36,13,32,32,13.9,48.9,13.6,50.6,1,22
2026-09-09 08:17:36,16,34,34,14,48.9,13.6,50.6,1,22
2026-09-09 08:22:36,14,31,34,13.9,49,13.6,50.6,1,28
2026-09-09 08:27:36,13,31,35,13.9,49.1,13.6,50.6,1,23
2026-09-09 08:32:36,17,34,36,13.9,48.9,13.6,50.7,1,22
2026-09-09 08:37:36,17,36,37,13.9,49,13.6,50.6,1,28
2026-09-09 08:42:36,15,31,32,13.9,48.9,13.6,50.5,1,28
2026-09-09 08:47:36,11,36,36,13.9,49,13.6,50.4,1,28
2026-09-09 08:52:36,17,36,36,14,48.8,13.6,50.3,1,27
2026-09-09 08:57:36,17,33,37,13.9,48.8,13.6,50.3,1,20
2026-09-09 09:02:36,21,36,38,13.9,49.1,13.6,50.6,1,20
2026-09-09 09:07:36,15,34,35,13.9,49.1,13.6,50.3,1,31
2026-09-09 09:12:36,20,37,42,14,49,13.6,50.3,1,21
2026-09-09 09:17:36,23,37,39,14,48.8,13.6,50.3,1,21
2026-09-09 09:22:36,20,37,39,14,48.9,13.6,50.5,1,27
2026-09-09 09:27:36,20,36,37,14,49.1,13.7,50.6,1,20
2026-09-09 09:32:36,24,36,41,14,49,13.7,50.6,1,26
2026-09-09 09:37:36,20,34,39,14,49.3,13.8,50.7,1,21
2026-09-09 09:42:36,22,36,38,14,49.4,13.8,50.8,1,27
2026-09-09 09:47:36,19,37,41,14.1,49.1,13.9,50.3,1,27
2026-09-09 09:52:36,17,34,36,14.1,48.9,14,49.8,1,28
2026-09-09 09:57:36,21,36,36,14.2,48.9,14.1,49.8,1,22
2026-09-09 10:02:36,18,39,43,14.3,49,14.1,49.8,1,27
2026-09-09 10:07:36,22,39,42,14.3,48.8,14.3,49.5,1,27
2026-09-09 10:12:36,21,37,41,14.4,48.7,14.4,49.4,1,26
2026-09-09 10:17:36,20,37,45,14.5,48.7,14.5,49.1,1,20
2026-09-09 10:22:36,19,37,41,14.6,48.4,14.7,48.6,1,21
2026-09-09 10:27:36,19,36,38,14.7,48.5,14.9,48.3,1,27
2026-09-09 10:32:36,20,36,37,14.8,48.3,15.1,47.8,1,21
2026-09-09 10:37:36,16,35,36,15,47.9,15.4,47.2,1,27
2026-09-09 10:42:36,20,36,40,15.2,47.8,15.6,46.7,1,27
2026-09-09 10:47:36,24,36,40,15.3,47.8,15.9,46.7,0,21
2026-09-09 10:52:36,20,35,40,15.5,47.6,16.1,46.6,0,27
2026-09-09 10:57:37,24,40,45,15.7,47.4,16.2,46.7,0,21
2026-09-09 11:02:36,26,45,55,15.8,47.3,16.3,46.1,0,31
2026-09-09 11:07:36,22,38,40,15.9,47,16.5,45.9,0,20
2026-09-09 11:12:36,20,35,36,16,46.9,16.6,45.9,0,29
2026-09-09 11:17:36,20,38,42,16.1,46.9,16.8,45.5,0,22
2026-09-09 11:22:36,22,38,42,16.3,46.4,17,45.1,0,26
2026-09-09 11:27:36,21,37,39,16.4,46.2,17.2,44.7,0,28
2026-09-09 11:32:36,22,37,42,16.6,46.1,17.4,44.2,0,22
2026-09-09 11:37:36,22,35,36,16.7,45.8,17.6,43.8,0,27
2026-09-09 11:42:36,18,33,36,16.9,45.9,17.9,43.6,0,21
2026-09-09 11:47:36,19,33,33,17,45.5,18.1,43.1,0,26
2026-09-09 11:52:36,16,32,32,17.2,45.1,18.3,42.5,0,31
2026-09-09 11:57:36,14,31,34,17.4,44.3,18.6,41.7,0,21
2026-09-09 12:02:36,21,33,34,17.6,44,18.8,41.2,0,27
2026-09-09 12:07:36,10,28,28,17.7,43.8,19,40.6,0,22
2026-09-09 12:12:36,15,31,31,17.9,43.3,19.2,40.2,0,28
2026-09-09 12:17:37,16,31,37,18.1,43,19.5,39.9,0,22
2026-09-09 12:22:36,14,31,32,18.2,42.9,19.7,39.5,0,26
2026-09-09 12:27:37,13,31,32,18.4,42.5,19.9,39.2,0,28
2026-09-09 12:32:36,14,29,31,18.6,42.3,20.1,39,0,21
2026-09-09 12:37:37,16,33,33,18.7,41.8,20.4,38.4,0,27
2026-09-09 12:42:36,15,30,30,18.9,41.5,20.6,37.9,0,22
2026-09-09 12:47:37,16,33,34,19.1,40.8,20.8,37.1,0,26
2026-09-09 12:52:36,20,32,36,19.2,40.9,21,37,0,26
2026-09-09 12:57:36,24,38,43,19.4,40.5,21.2,36.5,0,21
2026-09-09 13:02:37,23,35,41,19.5,40.2,21.4,36.4,0,28
2026-09-09 13:07:37,20,35,38,19.7,39.8,21.5,35.9,0,25
2026-09-09 13:12:36,22,34,38,19.8,39.4,21.7,35.7,0,28
2026-09-09 13:17:37,25,38,43,20,39.3,21.9,35.3,0,28
2026-09-09 13:22:37,23,37,41,20.1,38.8,22.1,34.7,0,27
2026-09-09 13:27:37,24,39,46,20.3,38.5,22.3,34.4,0,26
2026-09-09 13:32:40,29,47,55,20.4,38.2,22.4,34.1,0,27
2026-09-09 13:37:36,25,43,52,20.5,38.1,22.6,34,0,26
2026-09-09 13:42:37,35,58,70,20.7,37.6,22.8,33.4,0,27
2026-09-09 13:47:37,28,44,53,20.8,37.5,22.9,33.1,0,25
2026-09-09 13:52:37,27,44,53,20.9,37.1,23.1,32.8,0,28
2026-09-09 13:57:37,25,39,48,21,36.8,23.2,32.5,0,27
2026-09-09 14:02:37,24,39,46,21.1,36.2,23.3,32,0,29
2026-09-09 14:07:37,24,41,48,21.3,36,23.5,31.7,0,27
2026-09-09 14:12:37,23,38,43,21.4,35.9,23.6,31.8,0,28
2026-09-09 14:17:37,23,39,46,21.5,36,23.7,31.4,0,26
2026-09-09 14:22:37,22,36,39,21.6,35.8,23.8,31.5,0,27
2026-09-09 14:27:37,23,36,41,21.7,35.7,23.8,31.3,0,27
2026-09-09 14:32:37,25,41,48,21.7,35.3,23.8,31.2,0,26
2026-09-09 14:37:37,22,36,40,21.8,35.4,23.9,31.4,0,28
2026-09-09 14:42:37,21,34,39,21.8,35.4,24,31.2,0,22
2026-09-09 14:47:37,20,32,34,21.9,35.2,24,30.8,0,26
2026-09-09 14:52:37,18,27,29,22,35.1,24.1,31.1,0,22
2026-09-09 14:57:37,19,30,30,22,34.7,24.2,30.4,0,26
2026-09-09 15:02:37,19,32,36,22.1,34.6,24.3,30.3,0,27
2026-09-09 15:07:37,23,35,41,22.2,34.4,24.4,30.1,0,27
2026-09-09 15:12:37,18,30,31,22.2,34.6,24.5,30.4,0,22
2026-09-09 15:17:37,16,28,29,22.3,34.1,24.6,29.7,0,26
2026-09-09 15:22:37,12,25,25,22.4,34,24.6,29.8,0,27
2026-09-09 15:27:37,19,30,33,22.4,33.8,24.6,29.5,0,22
2026-09-09 15:32:37,13,24,25,22.4,33.7,24.7,29.3,0,26
2026-09-09 15:37:37,7,20,20,22.5,33.4,24.8,28.9,0,30
2026-09-09 15:42:37,8,17,17,22.5,32.9,24.8,28.6,0,21
2026-09-09 15:47:37,11,25,26,22.6,32.9,24.8,28.5,0,21
2026-09-09 15:52:37,8,20,20,22.6,32.7,24.8,28.4,0,26
2026-09-09 15:57:37,9,22,23,22.6,32.6,24.8,28.6,0,27
2026-09-09 16:02:37,9,23,23,22.6,32.9,24.8,28.5,0,26
2026-09-09 16:07:37,8,24,24,22.6,32.5,24.8,28.3,0,22
2026-09-09 16:12:37,9,22,22,22.6,32.3,24.7,28.2,0,27
2026-09-09 16:17:37,11,25,25,22.6,32.3,24.6,28,0,21
2026-09-09 16:22:37,9,26,26,22.5,32.4,24.5,28.6,0,28
2026-09-09 16:27:37,8,20,20,22.5,32.6,24.5,28.5,0,29
2026-09-09 16:32:37,12,24,24,22.4,32.6,24.5,28.7,0,26
2026-09-09 16:37:37,8,23,23,22.4,32.6,24.5,28.8,0,27
2026-09-09 16:42:37,9,22,22,22.4,32.5,24.5,28.4,0,29
2026-09-09 16:47:37,17,28,30,22.4,32.6,24.4,28.4,0,28
2026-09-09 16:52:37,7,19,20,22.4,32.6,24.4,28.7,0,21
2026-09-09 16:57:37,27,45,53,22.4,32.6,24.4,28.5,0,27
2026-09-09 17:02:37,8,23,24,22.4,32.4,24.4,28.5,0,27
2026-09-09 17:07:37,8,20,22,22.3,32.4,24.3,28.4,0,22
2026-09-09 17:12:37,7,19,20,22.3,32.5,24.3,28.5,0,26
2026-09-09 17:17:37,9,23,23,22.3,32.6,24.3,28.8,0,31
2026-09-09 17:22:37,17,30,30,22.3,32.9,24.3,29,0,22
2026-09-09 17:27:37,9,23,24,22.3,32.9,24.2,29.4,0,26
2026-09-09 17:32:37,9,23,23,22.2,33.3,24.2,29.7,0,22
2026-09-09 17:37:37,9,25,25,22.2,33.3,24.1,29.8,0,26
2026-09-09 17:42:37,9,22,22,22.1,33.5,24,30.1,0,22
2026-09-09 17:47:37,8,25,25,22.1,33.6,24,30.4,0,29
2026-09-09 17:52:37,8,20,20,22,33.7,23.9,30.4,0,21
2026-09-09 17:57:38,8,23,23,22,34,23.8,30.6,0,25
2026-09-09 18:02:37,8,22,22,21.9,34.1,23.8,30.7,0,26
2026-09-09 18:07:37,8,23,23,21.8,34.2,23.7,30.8,0,21
2026-09-09 18:12:37,12,24,25,21.8,34.3,23.6,30.8,0,29
2026-09-09 18:17:37,8,23,23,21.8,34.4,23.5,31.1,0,29
2026-09-09 18:22:37,8,19,20,21.7,34.5,23.4,31.3,0,21
2026-09-09 18:27:37,6,19,20,21.6,34.8,23.4,31.6,0,21
2026-09-09 18:32:37,6,19,19,21.5,34.9,23.3,31.9,0,30
2026-09-09 18:37:37,7,17,18,21.4,35.3,23.2,32.2,0,29
2026-09-09 18:42:38,6,20,20,21.4,35.1,23,32.3,0,22
2026-09-09 18:47:37,7,16,17,21.3,35.4,22.9,32.7,0,27
2026-09-09 18:52:37,6,17,18,21.2,35.6,22.8,32.9,0,20
2026-09-09 18:57:37,6,14,16,21.1,35.7,22.7,33.3,0,20
2026-09-09 19:02:37,6,16,18,21,36.1,22.6,33.4,0,20
2026-09-09 19:07:38,6,18,19,21,36.3,22.5,34,0,20
2026-09-09 19:12:38,6,14,14,20.9,36.5,22.4,34.2,0,20
2026-09-09 19:17:37,6,17,19,20.8,36.5,22.3,34.4,0,20
2026-09-09 19:22:38,6,14,14,20.7,36.4,22.1,34.6,0,20
2026-09-09 19:27:38,6,11,11,20.7,36.9,22,34.9,0,20
2026-09-09 19:32:38,6,13,15,20.6,37.1,21.9,35.2,0,20
2026-09-09 19:37:38,5,12,12,20.5,37.1,21.8,35.3,0,20
2026-09-09 19:42:38,5,15,15,20.4,37.5,21.6,35.6,0,20
2026-09-09 19:47:38,5,9,9,20.3,37.7,21.5,36.1,0,20
2026-09-09 19:52:38,6,11,11,20.1,37.9,21.4,36.2,0,20
2026-09-09 19:57:38,4,9,11,20,38,21.2,36.5,0,20
2026-09-09 20:02:38,13,31,32,19.9,38.4,21.1,36.9,0,20
2026-09-09 20:07:38,5,11,11,19.8,38.8,20.9,37.2,0,20
2026-09-09 20:12:38,6,12,14,19.7,38.8,20.8,37.4,0,20
2026-09-09 20:17:38,7,20,24,19.6,39.1,20.7,37.8,0,20
2026-09-09 20:22:38,8,28,30,19.5,39.1,20.5,37.9,0,20
2026-09-09 20:27:38,8,25,26,19.4,39.4,20.4,38.3,0,20
2026-09-09 20:32:37,5,12,14,19.3,39.5,20.3,38.5,0,20
2026-09-09 20:37:38,5,9,9,19.2,39.8,20.2,38.9,0,20
2026-09-09 20:42:38,24,32,36,19.1,39.8,20.1,39,0,20
2026-09-09 20:47:38,6,12,13,19.1,40.1,20,39.3,0,20
2026-09-09 20:52:38,5,12,12,18.9,40.2,19.8,39.5,0,20
2026-09-09 20:57:38,5,14,17,18.9,40.4,19.7,39.8,0,20
2026-09-09 21:02:38,6,15,17,18.8,40.6,19.6,40,0,20
2026-09-09 21:07:38,6,16,16,18.7,40.9,19.5,40.2,0,20
2026-09-09 21:12:38,5,12,14,18.7,41.1,19.4,40.5,0,20
2026-09-09 21:17:38,6,14,14,18.6,41.5,19.3,40.6,0,20
2026-09-09 21:22:38,6,15,19,18.5,41.3,19.2,40.7,0,20
2026-09-09 21:27:38,7,14,16,18.4,41.4,19.1,40.8,0,20
2026-09-09 21:32:38,5,15,17,18.5,41.7,19.4,40.6,0,20
2026-09-09 21:37:38,5,16,20,18.5,41.5,19.6,40.4,1,20
2026-09-09 21:42:38,7,16,16,18.5,41.7,19.6,40.4,0,20
2026-09-09 21:47:38,7,19,20,18.5,41.6,19.6,40.5,1,20
2026-09-09 21:52:38,6,15,19,18.5,41.7,19.6,40.2,1,20
2026-09-09 21:57:38,6,15,17,18.4,42,19.4,40.6,1,20
2026-09-09 22:02:38,6,18,18,18.4,42.1,19.3,40.8,1,20
2026-09-09 22:07:38,5,14,17,18.3,42,19.3,41,1,20
2026-09-09 22:12:38,6,13,16,18.3,42.2,19.3,41.1,1,20
2026-09-09 22:17:38,9,22,24,18.3,42.4,19.3,41.1,1,20
2026-09-09 22:22:38,8,20,21,18.3,42,19.2,40.6,1,20
2026-09-09 22:27:38,8,20,20,18.3,42.1,19.2,40.5,1,20
2026-09-09 22:32:38,7,21,22,18.2,42,19.2,40.4,1,20
2026-09-09 22:37:38,7,24,25,18.2,42,19.2,40.6,1,20
2026-09-09 22:42:38,10,22,24,18.2,42,19.2,40.6,1,20
2026-09-09 22:47:38,6,19,19,18.2,42,19.1,40.6,1,20
2026-09-09 22:52:38,6,21,21,18.2,42.2,19.1,40.8,1,20
2026-09-09 22:57:38,6,19,20,18.2,42.2,19.1,40.9,1,20
2026-09-09 23:02:38,7,20,20,18.1,42.3,19,41,1,20
2026-09-09 23:07:38,7,22,22,18.1,42.1,19,40.7,1,20
2026-09-09 23:12:38,7,15,20,18.1,42,18.9,40.4,1,20
2026-09-09 23:17:38,6,16,20,18,42,18.9,40.6,1,20
2026-09-09 23:22:38,7,17,17,18,41.9,18.8,40.4,1,20
2026-09-09 23:27:38,5,10,10,17.9,41.3,18.8,39.5,1,20
2026-09-09 23:32:38,5,9,9,17.9,41.2,18.7,39.4,1,20
2026-09-09 23:37:38,5,9,9,17.9,41.1,18.7,39.5,1,20
2026-09-09 23:42:38,2,5,5,17.8,40.3,18.6,38.3,1,20
2026-09-09 23:47:38,0,3,3,17.8,39.3,18.6,36.9,1,20
2026-09-09 23:52:38,0,0,0,17.8,38.1,18.5,35.2,1,20
2026-09-09 23:57:38,0,0,0,17.7,37.5,18.5,34.6,1,20
2026-09-10 00:02:38,0,0,0,17.8,36.5,18.4,34.1,1,20
2026-09-10 00:07:38,0,0,0,17.7,36.1,18.3,33,1,20
2026-09-10 00:12:39,0,0,0,17.6,35.8,18.3,32.6,1,20
2026-09-10 00:17:38,0,1,1,17.6,36.2,18.2,33.7,1,20
2026-09-10 00:22:39,0,0,0,17.6,36.2,18.2,33.7,1,20
2026-09-10 00:27:39,0,0,0,17.6,36.4,18.2,34,1,20
2026-09-10 00:32:38,0,0,0,17.5,36.4,18.2,34,1,20
2026-09-10 00:37:38,0,2,2,17.5,36.5,18.1,34,1,20
2026-09-10 00:42:38,0,0,0,17.5,36.2,18.1,33.6,1,20
2026-09-10 00:47:38,0,0,1,17.4,36,18.1,33.5,1,20
2026-09-10 00:52:38,0,0,0,17.4,36.2,18,33.7,1,20
2026-09-10 00:57:38,0,0,1,17.4,36.4,18,33.9,1,20
2026-09-10 01:02:38,0,0,0,17.3,36.3,18,34,1,20
2026-09-10 01:07:38,0,1,1,17.3,36.6,17.9,34.3,1,20
2026-09-10 01:12:38,0,1,1,17.3,36.7,17.9,34.5,1,20
2026-09-10 01:17:38,0,0,0,17.2,36.4,17.9,34.2,1,20
2026-09-10 01:22:38,0,0,0,17.2,36.4,17.8,34.2,1,20
2026-09-10 01:27:39,0,0,0,17.2,36.6,17.8,34.3,1,20
2026-09-10 01:32:38,0,0,1,17.1,36.6,17.7,34.6,1,20
2026-09-10 01:37:39,0,1,1,17.1,36.8,17.7,34.8,1,20
2026-09-10 01:42:39,0,0,0,17.1,37,17.6,34.9,1,20
2026-09-10 01:47:39,0,0,1,17,36.9,17.6,34.7,1,20
2026-09-10 01:52:39,0,0,2,17,36.9,17.6,34.9,1,20
2026-09-10 01:57:39,0,0,0,17,36.9,17.5,34.8,1,20
2026-09-10 02:02:39,0,1,1,17,36.9,17.5,34.8,1,20
2026-09-10 02:07:39,0,0,0,17,36.8,17.5,34.8,1,17
2026-09-10 02:12:39,0,0,0,16.9,36.9,17.5,34.9,1,17
2026-09-10 02:17:39,0,1,1,16.9,36.6,17.5,34.7,1,17
2026-09-10 02:22:39,0,0,0,16.9,36.8,17.5,34.9,1,17
2026-09-10 02:27:39,0,0,0,16.9,37.1,17.4,35,1,17
2026-09-10 02:32:39,0,0,0,16.9,37.1,17.4,35.2,1,17
2026-09-10 02:37:39,0,0,0,16.8,37.2,17.4,35.2,1,17
2026-09-10 02:42:39,0,0,0,16.8,37.2,17.4,35.4,1,17
2026-09-10 02:47:39,0,1,1,16.8,37.1,17.3,35.3,1,17
2026-09-10 02:52:39,0,1,1,16.8,37.4,17.3,35.7,1,17
2026-09-10 02:57:39,0,1,1,16.8,37.5,17.3,35.9,1,17
2026-09-10 03:02:39,0,1,2,16.8,37.5,17.3,35.9,1,17
2026-09-10 03:07:39,0,1,1,16.7,37.8,17.3,35.9,1,17
2026-09-10 03:12:39,0,2,2,16.7,37.7,17.3,36,1,16
2026-09-10 03:17:39,0,2,2,16.8,37.7,17.2,36,1,16
2026-09-10 03:22:39,0,1,2,16.8,37.6,17.2,35.7,1,16
2026-09-10 03:27:39,0,2,2,16.7,37.4,17.2,35.7,1,17
2026-09-10 03:32:39,0,1,3,16.7,37.2,17.2,35.5,1,17
2026-09-10 03:37:39,0,1,1,16.7,37.2,17.2,35.2,1,17
2026-09-10 03:42:39,0,1,1,16.7,37,17.1,35.5,1,17
2026-09-10 03:47:39,0,2,2,16.7,37.4,17.2,35.7,1,17
2026-09-10 03:52:39,0,1,2,16.7,37.5,17.2,35.8,1,17
2026-09-10 03:57:39,0,1,2,16.7,37.4,17.2,35.8,1,16
2026-09-10 04:02:39,0,0,1,16.7,37.2,17.1,35.2,1,16
2026-09-10 04:07:39,0,1,1,16.7,37.4,17.1,35.7,1,16
2026-09-10 04:12:39,0,0,1,16.7,37.4,17.1,35.6,1,16
2026-09-10 04:17:39,0,0,1,16.7,37.4,17.1,35.5,1,17
2026-09-10 04:22:39,0,1,1,16.6,37.2,17.1,35.3,1,17
2026-09-10 04:27:39,0,1,1,16.6,37.1,17.1,35.2,1,17
2026-09-10 04:32:39,0,1,1,16.6,37,17.1,35,1,17
2026-09-10 04:37:39,0,0,0,16.6,36.8,17,34.8,1,17
2026-09-10 04:42:39,0,0,1,16.6,36.9,17,34.9,1,17
2026-09-10 04:47:39,0,1,1,16.6,37.2,17,35.3,1,17
2026-09-10 04:52:39,0,1,2,16.6,37.3,17,35.5,1,17
2026-09-10 04:57:39,0,1,1,16.5,37.3,17,35.8,1,17
2026-09-10 05:02:39,0,1,1,16.5,37.6,17,36.1,1,16
2026-09-10 05:07:39,0,1,2,16.5,37.8,16.9,36,1,15
2026-09-10 05:12:39,0,0,0,16.5,37.4,16.9,35.8,1,29
2026-09-10 05:17:39,0,1,1,16.5,37.4,16.9,35.8,1,26
2026-09-10 05:22:39,0,1,2,16.5,37.6,16.9,36,1,27
2026-09-10 05:27:39,1,2,2,16.5,37.6,16.9,36.1,1,16
2026-09-10 05:32:39,0,2,2,16.5,37.6,16.9,35.9,1,17
2026-09-10 05:37:39,0,1,2,16.5,37.6,16.9,35.9,1,28
2026-09-10 05:42:39,0,2,2,16.5,37.8,16.9,36.1,1,16
2026-09-10 05:47:39,0,3,3,16.5,37.5,16.9,35.6,1,26
2026-09-10 05:52:39,0,3,3,16.5,37.7,16.9,35.9,1,15
2026-09-10 05:57:39,0,1,1,16.5,37.8,16.9,36.2,1,25
2026-09-10 06:02:39,0,2,2,16.5,37.9,16.9,36.4,1,19
2026-09-10 06:07:39,0,2,3,16.5,37.9,16.8,36.5,1,19
2026-09-10 06:12:39,0,2,2,16.5,37.9,16.8,36.5,1,19
2026-09-10 06:17:40,0,2,2,16.4,37.9,16.8,36.4,1,16
2026-09-10 06:22:39,0,1,1,16.4,37.9,16.8,36.3,1,30
2026-09-10 06:27:41,0,2,2,16.4,37.9,16.7,36.5,1,16
2026-09-10 06:32:39,0,1,2,16.3,37.8,16.7,36.3,1,26
2026-09-10 06:37:39,0,0,0,16.3,37.9,16.7,36.3,1,17
2026-09-10 06:42:39,0,1,1,16.3,37.9,16.7,36.3,1,17
2026-09-10 06:47:39,0,2,2,16.3,37.2,16.7,35,1,17
2026-09-10 06:52:39,0,0,0,16.3,37.1,16.7,35.1,1,17
2026-09-10 06:57:39,0,1,1,16.4,37.2,16.7,35.2,1,20
2026-09-10 07:02:39,0,1,1,16.3,37.3,16.7,35.6,1,20
2026-09-10 07:07:40,0,0,0,16.3,37.1,16.7,35.2,1,20
2026-09-10 07:12:39,0,1,1,16.3,36.6,16.7,34.5,1,20
2026-09-10 07:17:40,0,0,0,16.3,36.5,16.7,34.9,1,20
2026-09-10 07:22:39,0,1,1,16.3,36.7,16.7,35,1,20
2026-09-10 07:27:39,0,0,0,16.3,36.9,16.7,35.1,1,20
2026-09-10 07:32:40,0,1,1,16.3,36.9,16.7,35,1,20
2026-09-10 07:37:40,0,2,2,16.3,36.8,16.7,35.2,1,20
2026-09-10 07:42:39,0,2,3,16.3,37,16.7,35.4,1,22
2026-09-10 07:47:39,1,2,2,16.3,37,16.6,35.3,1,22
2026-09-10 07:52:39,0,0,1,16.3,36.8,16.6,34.5,1,22
2026-09-10 07:57:40,0,1,2,16.3,36.7,16.6,34.6,1,22
2026-09-10 08:02:40,0,1,1,16.3,36.7,16.7,34.6,1,19
2026-09-10 08:07:39,0,1,2,16.3,36.4,16.7,34.3,1,19
2026-09-10 08:12:39,0,1,1,16.3,36.6,16.7,34.7,1,22
2026-09-10 08:17:40,0,2,2,16.3,36.6,16.7,34.9,1,26
2026-09-10 08:22:40,0,2,3,16.3,36.8,16.7,35,1,27
2026-09-10 08:27:40,0,1,2,16.3,37,16.7,35.1,1,20
2026-09-10 08:32:39,0,2,2,16.3,37.1,16.7,35.1,1,26
2026-09-10 08:37:40,0,2,2,16.3,37,16.7,35.3,1,21
2026-09-10 08:42:40,0,0,0,16.3,36.7,16.7,34.9,1,27
2026-09-10 08:47:40,0,0,1,16.4,36.5,16.8,34.5,1,27
2026-09-10 08:52:40,0,1,3,16.4,36.6,16.8,34.7,1,22
2026-09-10 08:57:40,0,1,2,16.4,36.6,16.8,34.6,1,27
2026-09-10 09:02:40,0,3,3,16.5,36.5,16.9,34.5,1,20
2026-09-10 09:07:40,0,1,1,16.5,36.9,17,35.2,1,22
2026-09-10 09:12:40,0,2,2,16.5,37,17.1,35.1,1,26
2026-09-10 09:17:40,0,2,2,16.6,37.1,17.1,35.3,1,26
2026-09-10 09:22:40,1,5,5,16.6,37.5,17.2,35.5,1,26
2026-09-10 09:27:40,1,7,7,16.8,37.6,17.3,35.9,1,26
2026-09-10 09:32:40,2,4,5,16.8,37.9,17.4,36.1,1,20
2026-09-10 09:37:40,4,8,8,16.9,37.9,17.5,36.3,1,29
2026-09-10 09:42:40,2,7,7,16.9,37.9,17.6,36,1,19
2026-09-10 09:47:40,2,5,6,17,37.8,17.7,35.5,1,26
2026-09-10 09:52:40,3,5,5,17.1,37.6,17.8,35.5,0,21
2026-09-10 09:57:40,6,20,20,17.1,37.6,17.8,35.6,0,26
2026-09-10 10:02:40,9,27,30,17.1,37.2,17.7,35,0,20
2026-09-10 10:07:40,17,35,41,17.1,37.4,17.6,35.5,0,19
2026-09-10 10:12:40,1,7,8,17,37.5,17.6,35.6,0,22
2026-09-10 10:17:40,3,7,7,17.1,37.6,17.6,36,0,26
2026-09-10 10:22:40,2,8,9,17.1,37.9,17.6,36.3,0,27
2026-09-10 10:27:40,4,9,10,17.1,37.9,17.6,36.4,0,25
2026-09-10 10:32:40,3,7,7,17.1,38.1,17.7,36.7,0,20
2026-09-10 10:37:40,4,6,8,17.1,38.5,17.7,36.8,0,20
2026-09-10 10:42:40,2,9,9,17.2,38.4,17.8,36.9,0,25
2026-09-10 10:47:40,4,8,10,17.2,38.8,17.9,37.3,0,20
2026-09-10 10:52:40,6,12,13,17.3,39.1,18,37.6,0,28
2026-09-10 10:57:40,5,15,15,17.4,39.3,18.1,37.6,0,27
2026-09-10 11:02:40,27,43,49,17.4,39.1,18.1,37.6,0,26
2026-09-10 11:07:40,5,23,23,17.5,39.1,18.2,37.6,0,19
2026-09-10 11:12:40,8,20,22,17.5,39.2,18.3,37.7,0,20
2026-09-10 11:17:40,6,23,25,17.6,39.7,18.3,38.6,0,25
2026-09-10 11:22:40,5,20,25,17.7,39.7,18.4,38.4,0,26
2026-09-10 11:27:40,18,47,60,17.7,39.8,18.4,38.6,0,26
2026-09-10 11:32:40,17,40,48,17.7,40.1,18.5,38.9,0,25
2026-09-10 11:37:40,8,26,27,17.8,40.2,18.5,38.9,0,20
2026-09-10 11:42:40,10,27,28,17.8,40.5,18.6,39.4,0,20
2026-09-10 11:47:40,9,25,27,17.8,40.2,18.6,38.7,0,25
2026-09-10 11:52:40,14,28,28,17.8,40.2,18.6,39,0,21
2026-09-10 11:57:40,21,36,39,17.9,40.8,18.7,39.6,0,22
2026-09-10 12:02:40,22,36,38,17.9,40.9,18.7,39.7,0,22
2026-09-10 12:07:40,25,40,45,17.9,40.9,18.8,39.8,0,27
2026-09-10 12:12:40,24,37,41,18,41,18.8,39.7,0,22
2026-09-10 12:17:40,26,41,45,18,41.2,18.9,39.7,0,22
2026-09-10 12:22:40,25,42,47,18.1,41.4,19,40.1,0,25
2026-09-10 12:27:40,26,40,47,18.1,41.4,19.1,40.1,0,21
2026-09-10 12:32:40,26,40,45,18.2,41.4,19.2,39.8,0,21
2026-09-10 12:37:40,24,39,44,18.3,41,19.4,39.3,0,21
2026-09-10 12:42:40,26,41,48,18.4,41.2,19.5,39.5,0,21
2026-09-10 12:47:40,25,42,50,18.5,41.4,19.6,39.5,0,25
2026-09-10 12:52:40,25,39,46,18.6,41.4,19.7,39.7,0,22
2026-09-10 12:57:40,25,43,53,18.6,41,19.8,39.1,0,25
2026-09-10 13:02:40,29,47,58,18.7,40.7,19.8,38.7,0,26
2026-09-10 13:07:40,25,40,50,18.8,40.5,19.9,38.6,0,26
2026-09-10 13:12:40,22,35,38,18.8,40,19.9,37.7,0,22
2026-09-10 13:17:40,23,43,52,18.8,39.3,20,37,0,26
2026-09-10 13:22:40,8,24,25,18.9,38.4,20,35.4,0,26
2026-09-10 13:27:40,5,10,12,18.9,37.3,20,34.4,0,22
2026-09-10 13:32:40,16,38,45,18.9,37.3,20,34.4,0,22
2026-09-10 13:37:40,15,39,48,19,37.2,20.1,34.3,0,19
2026-09-10 13:42:40,3,6,7,19,35.7,20.1,32.1,0,25
2026-09-10 13:47:40,0,0,0,19,33.4,20,29.9,0,26
2026-09-10 13:52:40,0,0,0,18.9,33.3,19.9,29.9,0,23
2026-09-10 13:57:40,0,0,0,18.8,32.4,19.6,28.9,0,26
2026-09-10 14:02:40,0,0,0,18.6,32.2,19.3,29.1,0,28
2026-09-10 14:07:40,0,0,0,18.5,31.9,19,28.9,0,28
2026-09-10 14:12:40,0,0,0,18.3,32,18.8,29.1,0,28
2026-09-10 14:17:40,0,0,0,18.1,31.9,18.6,28.8,0,28
2026-09-10 14:27:40,0,0,0,18,31.2,18.3,28.6,0,27
2026-09-10 14:32:40,0,0,0,17.9,31.9,18.1,29.7,1,27
2026-09-10 14:37:40,0,0,0,17.8,32.6,18.3,30.3,1,28
2026-09-10 14:42:41,0,0,0,17.7,33.4,18.2,31.8,1,26
2026-09-10 14:47:40,0,0,0,17.6,34.5,18.1,32.5,1,29
2026-09-10 14:52:41,0,0,0,17.6,34.3,18.2,32.1,1,29
2026-09-10 14:57:40,0,0,0,17.6,34.1,18.2,32,1,28
2026-09-10 15:02:40,0,0,0,17.6,34,18.1,31.9,1,27
2026-09-10 15:07:41,0,2,2,17.6,33.6,18,31.6,1,26
2026-09-10 15:12:41,0,0,0,17.6,33.7,17.9,31.9,1,29
2026-09-10 15:17:41,0,0,0,17.5,34.1,17.8,32.3,1,27
2026-09-10 15:22:41,0,0,0,17.4,34.3,17.7,32.6,1,21
2026-09-10 15:27:41,0,0,0,17.3,34.8,17.7,32.7,1,26
2026-09-10 15:32:41,0,0,0,17.3,34.4,17.6,32.6,1,22
2026-09-10 15:37:41,0,0,0,17.2,34.5,17.5,32.6,1,22
2026-09-10 15:42:41,0,0,0,17.2,34.3,17.6,32.3,1,20
2026-09-10 15:47:41,0,0,0,17.2,34.2,17.7,31.9,0,22
2026-09-10 15:52:40,0,0,0,17.1,34.3,17.5,32.2,0,22
2026-09-10 15:57:41,0,0,0,17.1,34.2,17.4,32.3,0,28
2026-09-10 16:02:41,0,0,0,17.1,34.3,17.8,31.9,0,22
2026-09-10 16:07:41,0,0,0,17.3,34.1,18.1,31.2,1,22
2026-09-10 16:12:41,0,0,0,17.3,34,17.9,31.6,0,28
2026-09-10 16:17:41,0,0,0,17.4,34.1,18,31.3,1,29
2026-09-10 16:22:41,0,0,0,17.3,34,17.9,31.6,1,22
2026-09-10 16:27:41,0,0,0,17.3,33.5,17.8,31.3,1,27
2026-09-10 16:32:41,0,0,0,17.2,33.7,17.7,31.4,1,21
2026-09-10 16:37:41,0,0,0,17.2,33.8,17.6,31.6,1,27
2026-09-10 16:42:41,0,0,0,17.2,33.8,17.6,31.7,1,23
2026-09-10 16:47:41,0,0,0,17.2,33.8,17.5,31.8,1,28
2026-09-10 16:52:41,0,0,0,17.1,33.8,17.5,31.6,1,20
2026-09-10 16:57:41,0,0,0,17.1,33.8,17.5,31.6,1,23
2026-09-10 17:02:41,0,0,0,17.1,33.8,17.6,31.6,1,26
2026-09-10 17:07:41,0,0,0,17.1,33.8,17.6,31.6,1,27
2026-09-10 17:12:41,0,0,0,17.2,33.7,17.6,31.7,1,27
2026-09-10 17:17:41,0,0,0,17.1,33.9,17.6,31.6,1,21
2026-09-10 17:22:41,0,0,0,17.1,33.9,17.5,31.5,1,27
2026-09-10 17:27:41,0,0,0,17.1,34.1,17.5,32.1,1,20
2026-09-10 17:32:41,0,0,0,17.1,33.8,17.6,31.2,1,22
2026-09-10 17:37:41,0,0,0,17.1,34.1,17.6,31.9,1,22
2026-09-10 17:42:41,0,0,0,17.1,34.1,17.6,32,1,22
2026-09-10 17:47:41,0,0,0,17.1,34,17.6,31.6,1,28
2026-09-10 17:52:41,0,0,0,17.1,33.6,17.7,31.2,1,26
2026-09-10 17:57:41,0,0,0,17.2,33.8,17.7,31.5,1,21
2026-09-10 18:02:41,0,0,0,17.2,33.7,17.8,31.4,1,31
2026-09-10 18:07:41,0,0,0,17.3,33.9,17.8,31.4,1,20
2026-09-10 18:12:41,0,0,0,17.3,34,17.8,31.7,1,20
2026-09-10 18:17:41,0,0,0,17.3,33.9,17.7,31.9,1,20
2026-09-10 18:22:41,0,0,0,17.2,34,17.5,32,1,23
2026-09-10 18:27:41,0,0,0,17.1,33.9,17.4,32,1,23
2026-09-10 18:32:41,0,0,0,17.1,34,17.2,32.4,1,23
2026-09-10 18:37:41,0,0,0,16.9,34.3,17.1,32.5,1,23
2026-09-10 18:42:41,0,0,0,16.8,34.2,17,32.7,1,20
2026-09-10 18:47:41,0,0,0,16.8,34.2,16.9,32.6,1,20
2026-09-10 18:52:41,0,0,0,16.7,34.4,16.9,32.6,1,23
2026-09-10 18:57:42,0,0,0,16.7,34.1,16.9,32.3,1,23
2026-09-10 19:02:43,0,0,0,16.7,34,16.9,32.2,1,23
2026-09-10 19:07:41,0,0,0,16.7,33.9,16.9,32.1,1,20
2026-09-10 19:12:41,0,0,0,16.6,34,16.9,32.1,1,20
2026-09-10 19:17:41,0,0,0,16.6,34.1,16.8,32.3,1,21
2026-09-10 19:22:41,0,0,0,16.6,34.2,16.8,32.4,1,21
2026-09-10 19:27:41,0,0,0,16.6,34.2,16.8,32.5,1,20
2026-09-10 19:32:41,0,0,0,16.5,34.3,16.7,32.6,1,23
2026-09-10 19:37:41,0,0,0,16.5,34.1,16.6,32.7,1,20
2026-09-10 19:42:41,0,0,0,16.4,34.6,16.6,33,1,23
2026-09-10 19:47:41,0,0,0,16.4,34.7,16.5,33.4,1,23
2026-09-10 19:52:41,0,0,0,16.4,34.8,16.5,33.4,1,22
2026-09-10 19:57:41,0,0,0,16.4,34.7,16.4,33.3,1,22
2026-09-10 20:02:41,0,0,0,16.3,34.7,16.3,33.2,1,22
2026-09-10 20:07:41,0,0,0,16.3,34.4,16.3,32.9,1,22
2026-09-10 20:12:41,0,0,0,16.2,34.6,16.3,32.9,1,22
2026-09-10 20:17:41,0,0,0,16.1,34.6,16.3,33.2,1,22
2026-09-10 20:22:41,0,0,0,16.1,35,16.3,33.6,1,22
2026-09-10 20:27:41,0,0,0,16.1,35,16.3,33.6,1,22
2026-09-10 20:32:41,0,0,0,16.1,35.1,16.2,33.7,1,22
2026-09-10 20:37:41,0,0,0,16.1,35,16.1,33.7,1,22
2026-09-10 20:42:41,0,0,0,16.1,34.9,16.1,33.6,1,22
2026-09-10 20:47:41,0,0,0,16.1,34.9,16.1,33.5,1,22
2026-09-10 20:52:41,0,0,0,16,34.8,16.1,33.5,1,22
2026-09-10 20:57:42,0,0,0,16.1,34.8,16.1,33.4,1,20
2026-09-10 21:02:41,0,0,0,16,34.8,16,33.5,1,20
2026-09-10 21:07:41,0,0,0,16,35.1,16,33.7,1,20
2026-09-10 21:12:41,0,0,0,15.9,35.2,15.9,34,1,20
2026-09-10 21:17:41,0,0,0,15.9,35.3,15.9,34.1,1,20
2026-09-10 21:22:42,0,0,0,15.9,35.2,15.8,34,1,20
2026-09-10 21:27:42,0,0,0,15.8,35.1,15.7,34,1,20
2026-09-10 21:32:41,0,0,0,15.8,35.3,15.7,34,1,20
2026-09-10 21:37:42,0,0,0,15.7,34.8,15.7,33.3,1,20
2026-09-10 21:42:42,0,0,0,15.7,34.8,15.7,33.2,1,20
2026-09-10 21:47:42,0,0,0,15.7,34.6,15.7,32.9,1,20
2026-09-10 21:52:42,0,0,0,15.7,34.4,15.7,32.8,1,20
2026-09-10 21:57:42,0,0,0,15.7,34.3,15.8,32.4,1,20
2026-09-10 22:02:42,0,0,0,15.7,34.3,15.8,32.4,1,20
2026-09-10 22:07:42,0,0,0,15.7,34.1,15.9,31.9,1,20
2026-09-10 22:12:42,0,0,0,15.8,33.8,16,31.5,1,20
2026-09-10 22:17:41,0,0,0,15.8,33.7,16,31.5,1,20
2026-09-10 22:22:42,0,0,0,15.8,33.7,16.1,31.4,1,20
2026-09-10 22:27:42,0,0,0,15.9,33.7,16.1,31.6,1,20
2026-09-10 22:32:42,0,0,0,15.9,33.9,16.1,32,1,20
2026-09-10 22:37:42,0,0,0,15.9,34.2,16.1,32.4,1,20
2026-09-10 22:42:42,0,0,0,15.9,34.3,16.1,32.4,1,20
2026-09-10 22:47:42,0,0,0,15.9,34.1,16.1,32.4,1,20
2026-09-10 22:52:42,0,0,0,15.9,34.2,16,32.4,1,20
2026-09-10 22:57:42,0,0,1,15.9,35.4,16.1,34.8,1,20
2026-09-10 23:02:42,0,3,3,15.9,36.6,16.1,36.2,1,20
2026-09-10 23:07:42,1,7,7,15.9,38,16.2,38.2,1,20
2026-09-10 23:12:42,3,5,5,15.9,38.4,16.3,38,1,20
2026-09-10 23:17:42,3,8,8,16,39.1,16.4,39.4,1,20
2026-09-10 23:22:42,4,9,9,16,39.5,16.4,39.4,1,20
2026-09-10 23:27:42,4,9,9,16.1,39.6,16.5,39.6,1,21
2026-09-10 23:32:42,3,8,9,16.1,39.8,16.5,39.9,1,21
2026-09-10 23:37:43,4,10,10,16.2,39.9,16.6,39.8,1,21
2026-09-10 23:42:42,4,9,9,16.2,40.5,16.6,40.1,1,21
2026-09-10 23:47:42,4,10,10,16.2,40.9,16.6,40.7,1,21
2026-09-10 23:52:42,4,10,10,16.2,40.9,16.6,40.6,1,21
2026-09-10 23:57:42,4,10,10,16.3,41.1,16.6,40.9,1,21
2026-09-11 00:02:42,4,13,14,16.3,41.1,16.6,40.9,1,21
2026-09-11 00:07:42,4,8,9,16.3,41.1,16.7,40.6,1,21
2026-09-11 00:12:42,3,7,9,16.3,41.2,16.7,41,1,21
2026-09-11 00:17:42,3,10,10,16.3,41.6,16.7,41.5,1,21
2026-09-11 00:22:42,4,9,10,16.3,41.6,16.7,41.6,1,21
2026-09-11 00:27:42,4,9,10,16.3,41.7,16.7,41.5,1,21
2026-09-11 00:32:42,4,9,9,16.3,41.7,16.7,41.3,1,21
2026-09-11 00:37:42,3,9,10,16.3,41.6,16.7,41.2,1,21
2026-09-11 00:42:42,3,5,5,16.3,41.4,16.7,40.9,1,21
2026-09-11 00:47:42,2,8,8,16.3,41.4,16.6,40.8,1,21
2026-09-11 00:52:42,3,7,7,16.3,41.5,16.6,40.6,1,21
2026-09-11 00:57:42,3,8,9,16.3,41.8,16.6,41.5,1,21
2026-09-11 01:02:42,4,8,8,16.3,41.7,16.6,41.3,1,21
2026-09-11 01:07:42,3,8,8,16.2,41.9,16.5,41.3,1,21
2026-09-11 01:12:42,4,9,9,16.2,41.7,16.5,41.3,1,21
2026-09-11 01:17:42,3,8,9,16.2,41.7,16.4,41.3,1,21
2026-09-11 01:22:42,2,8,9,16.2,41.8,16.4,41.4,1,21
2026-09-11 01:27:42,2,5,5,16.2,41.6,16.4,41.3,1,21
2026-09-11 01:32:44,3,8,8,16.1,41.8,16.4,41.7,1,21
2026-09-11 01:37:42,4,8,8,16.1,42.1,16.4,41.7,1,21
2026-09-11 01:42:42,3,9,9,16,42.3,16.4,42.1,1,21
2026-09-11 01:47:42,5,8,9,16.1,42.4,16.4,42,1,21
2026-09-11 01:52:42,4,10,13,16,42.6,16.4,42.4,1,21
2026-09-11 01:57:42,2,5,5,16,42.5,16.3,41.8,1,21
2026-09-11 02:02:42,1,3,4,16,41.9,16.3,41,1,21
2026-09-11 02:07:42,0,2,2,16,41.4,16.3,40.3,1,28
2026-09-11 02:12:42,0,3,3,16,41.3,16.3,40.3,1,15
2026-09-11 02:17:43,1,3,4,16,41.5,16.3,40.7,1,15
2026-09-11 02:22:42,1,3,4,15.9,41.6,16.3,40.9,1,16
2026-09-11 02:27:42,3,5,7,15.9,42,16.3,41.4,1,25
2026-09-11 02:32:42,2,9,9,15.9,42.5,16.3,42,1,16
2026-09-11 02:37:42,4,10,10,16,42.7,16.3,42.5,1,19
2026-09-11 02:42:42,5,10,14,15.9,43.3,16.3,43.6,1,19
2026-09-11 02:47:43,9,23,26,15.9,44,16.3,44.5,1,28
2026-09-11 02:52:42,10,27,29,15.9,44.3,16.2,45.1,1,17
2026-09-11 02:57:43,9,26,26,15.9,44.6,16.2,45.4,1,17
2026-09-11 03:02:43,9,23,27,15.9,45.1,16.2,45.8,1,17
2026-09-11 03:07:42,8,22,27,15.9,45.4,16.2,46.2,1,17
2026-09-11 03:12:42,7,21,22,15.9,45.6,16.1,46.4,1,17
2026-09-11 03:17:43,5,17,19,15.8,45.6,16.1,46.6,1,15
2026-09-11 03:22:43,7,21,21,15.8,46,16.1,46.7,1,25
2026-09-11 03:27:42,7,16,16,15.8,46.1,16,46.9,1,25
2026-09-11 03:32:43,8,22,22,15.8,46.1,16,47.2,1,25
2026-09-11 03:37:42,9,22,22,15.7,46.2,16,47.3,1,28
2026-09-11 03:42:43,7,20,21,15.7,46.4,16,47.4,1,17
2026-09-11 03:47:42,7,21,21,15.7,46.4,15.9,47.4,1,25
2026-09-11 03:52:43,8,22,26,15.7,46.7,15.9,47.7,1,27
2026-09-11 03:57:42,7,21,23,15.7,46.8,15.9,47.7,1,19
2026-09-11 04:02:43,7,22,23,15.7,47,15.9,48,1,28
2026-09-11 04:07:43,8,24,26,15.6,47,15.9,48.1,1,15
2026-09-11 04:12:43,8,19,21,15.6,46.9,15.8,48,1,25
2026-09-11 04:17:43,7,18,19,15.6,47,15.8,48,1,17
2026-09-11 04:22:43,7,18,19,15.6,47,15.8,47.8,1,25
2026-09-11 04:27:43,6,13,15,15.6,47.1,15.8,47.8,1,28
2026-09-11 04:32:43,4,15,16,15.6,46.9,15.8,47.8,1,17
2026-09-11 04:37:44,7,18,19,15.6,47.1,15.7,47.9,1,21
2026-09-11 04:42:43,7,21,22,15.5,47,15.7,48,1,21
2026-09-11 04:47:43,8,20,21,15.5,47.2,15.7,48.1,1,21
2026-09-11 04:52:43,8,22,22,15.5,47.4,15.6,48.3,1,21
2026-09-11 04:57:43,9,26,27,15.5,47.6,15.6,48.6,1,21
2026-09-11 05:02:43,9,22,22,15.5,47.8,15.6,49.1,1,21
2026-09-11 05:07:43,7,23,24,15.4,47.8,15.6,49.1,1,21
2026-09-11 05:12:43,7,24,26,15.4,47.9,15.6,49.2,1,21
2026-09-11 05:17:43,7,27,28,15.4,48,15.5,49.4,1,19
2026-09-11 05:22:43,9,23,24,15.4,48.1,15.5,49.3,1,20
2026-09-11 05:27:43,7,18,19,15.4,48.2,15.5,49.5,1,28
2026-09-11 05:32:43,6,16,18,15.4,48.1,15.5,49.3,1,16
2026-09-11 05:37:43,7,16,16,15.3,48.2,15.5,49.5,1,15
2026-09-11 05:42:43,6,17,17,15.3,48.4,15.4,49.7,1,25
2026-09-11 05:47:43,7,13,16,15.3,48.5,15.4,49.8,1,15
2026-09-11 05:52:43,4,10,13,15.3,48.4,15.4,49.6,1,17
2026-09-11 05:57:43,6,13,16,15.3,48.4,15.4,49.7,1,17
2026-09-11 06:02:43,4,14,16,15.3,48.4,15.4,49.8,1,17
2026-09-11 06:07:43,6,9,9,15.2,48.8,15.3,50.1,1,27
2026-09-11 06:12:43,4,13,13,15.2,48.8,15.3,50.2,1,16
2026-09-11 06:17:43,6,11,13,15.2,48.8,15.3,50.1,1,15
2026-09-11 06:22:43,4,9,9,15.2,48.8,15.3,50.2,1,15
2026-09-11 06:27:43,3,7,7,15.1,48.8,15.2,50.2,1,25
2026-09-11 06:32:43,3,8,10,15.1,49,15.2,50.4,1,17
2026-09-11 06:37:43,4,9,9,15.1,48.9,15.2,50.4,1,17
2026-09-11 06:42:43,3,9,10,15.1,49.1,15.2,50.6,1,17
2026-09-11 06:47:43,2,7,7,15.1,49.1,15.2,50.6,1,17
2026-09-11 06:52:43,4,8,8,15.1,49.1,15.1,50.6,1,17
2026-09-11 06:57:43,1,7,7,15.1,49.3,15.1,50.6,1,17
2026-09-11 07:02:43,1,4,6,15.1,49.1,15.1,50.5,1,17
2026-09-11 07:07:43,1,4,4,15,49.2,15.1,50.6,1,21
2026-09-11 07:12:43,1,7,7,15.1,49.1,15.1,50.6,1,21
2026-09-11 07:17:43,1,6,6,15,49.3,15.1,50.7,1,21
2026-09-11 07:22:43,2,4,6,15,49.3,15.1,50.7,1,21
2026-09-11 07:27:43,1,7,7,15,49.4,15.1,50.8,1,21
2026-09-11 07:32:43,2,6,7,15,49.3,15,50.7,1,21
2026-09-11 07:37:43,2,8,8,15,49.4,15,50.7,1,21
2026-09-11 07:42:43,3,9,11,15,49.6,15,50.7,1,21
2026-09-11 07:47:43,3,8,9,15,49.5,15,50.8,1,21
2026-09-11 07:52:43,2,7,7,15,49.5,15,50.7,1,21
2026-09-11 07:57:43,2,8,9,15,49.4,15,50.8,1,21
2026-09-11 08:02:43,4,14,15,15,49.3,15,50.6,1,21
2026-09-11 08:07:43,3,9,9,15,49.4,15,50.6,1,21
2026-09-11 08:12:43,2,8,8,15,49.3,15,50.5,1,21
2026-09-11 08:17:43,1,7,7,15,49.3,15,50.3,1,21
2026-09-11 08:22:43,2,7,7,14.9,49.4,15,50.4,1,21
2026-09-11 08:27:43,2,7,8,14.9,49.2,14.9,50.3,1,26
2026-09-11 08:32:43,2,7,8,14.9,49.3,15,50.4,1,21
2026-09-11 08:37:43,1,4,4,14.9,49.2,15,50.2,1,19
2026-09-11 08:42:43,1,6,6,14.9,49.4,15,50.2,1,31
2026-09-11 08:47:43,1,4,7,15,48.9,15,49.5,1,22
2026-09-11 08:52:43,3,9,13,14.9,49,15,49.8,1,27
2026-09-11 08:57:43,4,14,14,14.9,49.2,14.9,50.4,1,20
2026-09-11 09:02:43,2,8,9,14.9,49.2,14.9,50.1,1,20
2026-09-11 09:07:43,3,7,7,14.9,49.2,14.9,50.1,1,27
2026-09-11 09:12:43,2,8,8,14.9,49.2,14.9,50.1,1,21
2026-09-11 09:17:43,4,13,13,14.9,49.3,14.9,50.4,1,27
2026-09-11 09:22:43,2,6,6,14.9,49,15,49.7,1,22
2026-09-11 09:27:43,2,7,7,14.9,48.9,15,49.7,1,27
2026-09-11 09:32:43,2,8,8,15,49,14.9,50,1,27
2026-09-11 09:37:43,1,6,7,14.9,49.1,14.9,50.3,1,27
2026-09-11 09:42:43,2,9,10,15,49.2,14.9,50.6,1,22
2026-09-11 09:47:43,2,7,7,14.9,49.2,14.9,50.2,1,26
2026-09-11 09:52:43,3,9,9,14.9,49.4,14.9,50.9,1,23
2026-09-11 09:57:43,4,9,9,15,49.8,14.9,51,1,27
2026-09-11 10:02:43,4,9,9,15,49.8,15,50.9,1,27
2026-09-11 10:07:43,3,8,9,15,49.7,15,50.9,1,20
2026-09-11 10:12:43,3,11,13,15,49.8,15.1,50.9,1,27
2026-09-11 10:17:43,4,9,13,15,49.5,15.1,50.7,1,27
2026-09-11 10:22:44,4,10,13,15.1,49.7,15.1,50.7,1,23
2026-09-11 10:27:43,4,14,15,15.1,49.6,15.2,50.5,1,27
2026-09-11 10:32:43,4,11,13,15.2,49.6,15.3,50.3,1,25
2026-09-11 10:37:44,3,10,10,15.2,49.2,15.4,49.8,1,25
2026-09-11 10:42:43,3,14,15,15.3,49.4,15.5,50,1,19
2026-09-11 10:47:44,4,13,14,15.3,49.3,15.6,49.6,1,24
2026-09-11 10:52:43,6,23,28,15.4,49,15.7,49.1,1,25
2026-09-11 10:57:44,5,17,20,15.5,49,15.8,49.1,1,25
2026-09-11 11:02:44,4,18,20,15.5,48.9,15.9,49.2,1,28
2026-09-11 11:07:43,3,15,18,15.6,49.1,15.9,49.2,1,25
2026-09-11 11:12:43,8,24,28,15.6,49.2,16,49.5,1,26
2026-09-11 11:17:44,21,36,39,15.7,49.4,16.1,49.6,1,22
2026-09-11 11:22:44,4,19,20,15.7,49.2,16.2,49.6,1,21
2026-09-11 11:27:43,6,16,19,15.8,49.1,16.2,49.2,1,25
2026-09-11 11:32:43,7,26,26,15.8,49.3,16.3,49.4,1,26
2026-09-11 11:37:44,7,26,28,15.9,49.1,16.4,49.6,1,25
2026-09-11 11:42:44,7,15,15,16,49,16.5,48.8,1,25
2026-09-11 11:47:44,9,31,36,16.1,48.9,16.6,48.7,1,27
2026-09-11 11:52:44,8,28,28,16.1,48.7,16.7,48.5,1,22
2026-09-11 11:57:44,9,27,29,16.2,48.5,16.7,48.2,1,26
2026-09-11 12:02:43,7,21,22,16.3,48.3,16.8,47.8,1,26
2026-09-11 12:07:43,10,31,31,16.4,48.2,16.9,47.9,1,24
2026-09-11 12:12:44,8,22,26,16.4,48.2,17,47.6,1,21
2026-09-11 12:17:44,8,19,21,16.5,47.8,17,47.1,1,25
2026-09-11 12:22:44,4,10,16,16.6,47.5,17.1,46.9,0,26
2026-09-11 12:27:44,5,15,17,16.6,47.3,17.1,46.6,0,25
2026-09-11 12:32:44,7,17,20,16.7,47.1,17.3,46.2,1,25
2026-09-11 12:37:43,10,23,26,16.7,46.6,17.3,45.6,1,22
2026-09-11 12:42:44,7,17,20,16.8,46.5,17.3,45.7,1,26
2026-09-11 12:47:44,5,22,22,16.8,46.4,17.4,45.5,1,27
2026-09-11 12:52:44,3,15,16,16.8,47.9,17.4,47.6,1,18
2026-09-11 12:57:44,12,34,40,16.9,47.1,17.5,46.2,0,24
2026-09-11 13:02:44,8,23,25,16.9,46.6,17.5,45.8,0,26
2026-09-11 13:07:44,8,23,23,16.9,46.4,17.4,45.9,0,30
2026-09-11 13:12:44,5,18,20,16.8,46.5,17.3,46.3,0,21
2026-09-11 13:17:44,8,19,23,16.8,46.8,17.2,46.4,0,25
2026-09-11 13:22:44,10,29,29,16.8,46.2,17.2,45.8,0,21
2026-09-11 13:27:44,8,25,27,16.8,46.1,17.2,45.3,0,28
2026-09-11 13:32:44,8,26,30,16.8,46.2,17.3,45.5,0,21
2026-09-11 13:37:44,8,22,22,16.8,46.3,17.4,45.5,0,27
2026-09-11 13:42:44,7,27,27,16.9,46.1,17.5,45.2,0,20
2026-09-11 13:47:44,9,22,22,17,46.1,17.7,44.5,0,29
2026-09-11 13:52:44,9,26,27,17.1,46.1,17.8,44.7,0,26
2026-09-11 13:57:44,8,23,23,17.2,45.9,18,44.2,0,22
2026-09-11 14:02:44,12,31,31,17.3,45.9,18.1,44.2,0,22
2026-09-11 14:07:44,12,29,30,17.4,45.4,18.2,43.6,0,22
2026-09-11 14:12:44,8,21,23,17.5,45.5,18.4,43.7,0,22
2026-09-11 14:17:44,9,22,25,17.6,45.4,18.5,43.6,0,22
2026-09-11 14:22:44,5,15,17,17.7,45.2,18.6,43.2,0,19
2026-09-11 14:27:44,8,25,25,17.8,44.8,18.7,43.1,0,22
2026-09-11 14:32:44,8,21,26,17.9,44.8,18.9,42.7,0,20
2026-09-11 14:37:44,12,27,27,17.9,44.3,18.9,42,0,20
2026-09-11 14:42:44,9,27,28,18,44.1,19,42,0,20
2026-09-11 14:47:44,10,25,27,18.1,43.7,19,41.6,0,20
2026-09-11 14:52:44,10,25,25,18.1,43.5,19.1,41.2,0,20
2026-09-11 14:57:44,6,20,21,18.2,43.6,19.2,41.6,0,20
2026-09-11 15:02:44,9,25,25,18.2,43.3,19.2,41.2,0,20
2026-09-11 15:07:44,13,27,29,18.3,43.3,19.3,40.7,0,20
2026-09-11 15:12:44,10,25,25,18.3,43.2,19.3,41,0,20
2026-09-11 15:17:44,12,30,31,18.4,42.9,19.4,40.6,0,20
2026-09-11 15:22:44,10,26,26,18.4,42.7,19.4,40.2,0,20
2026-09-11 15:27:44,10,24,25,18.5,42.7,19.5,40.4,0,20
2026-09-11 15:32:44,13,31,32,18.5,42.6,19.6,40.1,0,20
2026-09-11 15:37:44,10,30,30,18.6,42.5,19.6,40.2,0,20
2026-09-11 15:42:44,13,29,29,18.6,42.4,19.7,40,0,20
2026-09-11 15:47:44,14,30,30,18.6,42,19.7,39.7,0,20
2026-09-11 15:52:44,6,22,22,18.7,42.1,19.8,39.8,0,20
2026-09-11 15:57:44,12,29,30,18.7,41.8,19.8,39.2,0,20
2026-09-11 16:02:44,10,26,28,18.8,41.7,19.9,39.3,0,20
2026-09-11 16:07:45,8,25,25,18.8,41.5,20,38.9,0,20
2026-09-11 16:12:44,8,22,24,18.8,41.5,20,39,0,20
2026-09-11 16:17:45,10,24,26,18.9,41.4,20,39,0,20
2026-09-11 16:22:44,10,24,26,18.9,41.3,20.1,38.8,0,20
2026-09-11 16:27:44,10,25,26,19,41,20,38.5,0,20
2026-09-11 16:32:44,12,29,29,19,40.7,20,38.3,0,20
2026-09-11 16:37:44,13,29,31,19,40.5,20,37.8,0,20
2026-09-11 16:42:44,12,28,28,18.9,40.4,20,37.7,0,20
2026-09-11 16:47:45,12,28,29,18.9,40.3,20,37.9,0,20
2026-09-11 16:52:45,15,31,31,19,39.9,20,37.6,0,20
2026-09-11 16:57:44,13,25,28,18.9,39.9,20,37.6,0,20
2026-09-11 17:02:44,9,25,27,18.9,39.6,20,37.4,0,20
2026-09-11 17:07:44,13,27,28,18.9,39.7,20,37.1,0,20
2026-09-11 17:12:45,8,25,26,19,39.4,20,37.1,0,20
2026-09-11 17:17:44,12,26,28,19,39.4,20,36.7,0,20
2026-09-11 17:22:45,8,25,26,19,39.4,20,36.9,0,20
2026-09-11 17:27:45,14,27,28,18.9,39.2,20,36.8,0,20
2026-09-11 17:32:45,8,22,22,19,39.2,20,36.9,0,20
2026-09-11 17:37:45,9,25,25,19,39.2,19.9,36.8,0,20
2026-09-11 17:42:45,10,25,25,19,39.3,19.9,37,0,20
2026-09-11 17:47:45,7,17,17,18.9,39.3,19.9,37,0,20
2026-09-11 17:52:45,7,24,24,18.9,39.3,19.9,36.7,0,20
2026-09-11 17:57:45,10,24,26,18.9,39.2,19.8,36.9,0,20
2026-09-11 18:02:45,8,21,22,18.9,39.1,19.8,36.8,0,20
2026-09-11 18:07:45,6,21,21,18.8,39.1,19.7,36.8,0,20
2026-09-11 18:12:45,6,22,22,18.8,38.9,19.6,36.9,0,20
2026-09-11 18:17:44,5,16,17,18.7,39,19.6,36.8,0,20
2026-09-11 18:22:45,6,19,21,18.7,39.1,19.5,36.9,0,20
2026-09-11 18:27:45,7,21,21,18.6,39,19.4,37,0,20
2026-09-11 18:32:45,6,21,21,18.5,39,19.3,37.1,0,20
2026-09-11 18:37:45,7,15,19,18.5,39.1,19.3,37,0,20
2026-09-11 18:42:45,6,19,21,18.5,39.1,19.2,37.2,0,20
2026-09-11 18:47:45,6,19,22,18.4,39,19.1,37.1,0,20
2026-09-11 18:52:45,7,16,19,18.3,39,19,37,0,20
2026-09-11 18:57:45,7,15,18,18.3,39,18.9,37.1,0,20
2026-09-11 19:02:45,5,14,18,18.2,39,18.9,37.3,0,20
2026-09-11 19:07:45,4,10,12,18.1,39,18.8,37.3,0,20
2026-09-11 19:12:45,4,12,12,18.1,39.3,18.7,37.8,0,20
2026-09-11 19:17:45,5,12,13,18,39.7,18.6,38.3,0,20
2026-09-11 19:22:45,5,13,16,17.9,40,18.5,38.6,0,20
2026-09-11 19:27:45,4,9,9,17.9,40.2,18.4,39,0,20
2026-09-11 19:32:45,4,9,9,17.8,40.5,18.4,39.3,0,20
2026-09-11 19:37:45,4,13,17,17.8,40.5,18.3,39.3,0,20
2026-09-11 19:42:45,4,8,8,17.7,40.7,18.2,39.6,0,20
2026-09-11 19:47:45,5,13,14,17.6,40.9,18.1,39.8,0,20
2026-09-11 19:52:45,4,10,10,17.6,41,18,40.1,0,20
2026-09-11 19:57:45,6,10,10,17.5,41.3,18,40.5,1,20
2026-09-11 20:02:45,4,9,10,17.6,41.3,18.3,40,1,20
2026-09-11 20:07:45,4,13,13,17.6,41.3,18.3,40,1,20
2026-09-11 20:12:45,4,9,9,17.6,41.5,18.3,40,1,20
2026-09-11 20:17:45,3,9,9,17.6,41.5,18.4,39.9,1,20
2026-09-11 20:22:45,2,6,6,17.7,41.5,18.4,39.8,1,20
2026-09-11 20:27:45,4,8,8,17.7,41.4,18.4,39.6,1,20
2026-09-11 20:32:45,3,6,6,17.7,41.4,18.4,39.6,1,20
2026-09-11 20:37:45,2,6,6,17.7,41.2,18.5,39.5,1,20
2026-09-11 20:42:45,2,3,4,17.7,41.1,18.5,39.6,1,20
2026-09-11 20:47:45,1,3,3,17.7,41.7,18.5,40.1,1,20
2026-09-11 20:52:45,1,5,5,17.7,41.7,18.5,40.4,1,20
2026-09-11 20:57:45,1,6,6,17.7,41.8,18.4,40.5,1,20
2026-09-11 21:02:45,2,5,5,17.7,41.9,18.4,40.5,1,20
2026-09-11 21:07:45,2,5,5,17.7,42,18.4,40.6,1,20
2026-09-11 21:12:45,4,9,10,17.7,41.8,18.4,40.4,1,20
2026-09-11 21:17:45,4,8,9,17.7,41.5,18.4,39.7,1,20
2026-09-11 21:22:45,2,6,7,17.7,41.4,18.4,39.4,1,20
2026-09-11 21:27:45,3,9,9,17.6,40.9,18.3,39,1,20
2026-09-11 21:32:45,4,8,10,17.6,40.9,18.3,38.9,1,20
2026-09-11 21:37:45,4,9,9,17.6,40.7,18.3,38.8,1,20
2026-09-11 21:42:45,4,9,9,17.5,40.8,18.2,38.9,1,20
2026-09-11 21:47:45,5,16,17,17.5,41,18.1,38.9,1,20
2026-09-11 21:52:45,5,10,10,17.4,40.7,18.1,38.9,1,20
2026-09-11 21:57:45,3,10,10,17.4,40.8,18,38.9,1,20
2026-09-11 22:02:45,5,10,10,17.3,40.7,18,38.9,1,20
2026-09-11 22:07:45,4,10,10,17.3,40.7,17.9,38.8,1,20
2026-09-11 22:12:45,4,12,13,17.2,40.6,17.8,38.9,1,20
2026-09-11 22:17:45,6,10,10,17.2,40.8,17.7,38.9,1,20
2026-09-11 22:22:45,4,14,15,17.1,40.8,17.6,39,1,20
2026-09-11 22:27:45,4,12,12,17,40.7,17.5,39.3,1,20
2026-09-11 22:32:45,4,12,13,17,41,17.5,39.3,1,20
2026-09-11 22:37:45,4,10,10,16.9,40.8,17.4,39.3,1,20
2026-09-11 22:42:45,5,12,13,16.9,40.8,17.3,39.3,1,20
2026-09-11 22:47:45,4,9,10,16.8,40.9,17.2,39.5,1,20
2026-09-11 22:52:45,4,9,10,16.7,40.8,17.1,39.6,1,20
2026-09-11 22:57:45,4,12,12,16.7,41.1,17.1,39.7,1,20
2026-09-11 23:02:45,5,14,14,16.6,41.1,17,39.8,1,20
2026-09-11 23:07:45,4,9,9,16.6,41.1,16.9,40,1,20
2026-09-11 23:12:45,7,14,16,16.5,41.3,16.8,40,1,20
2026-09-11 23:17:45,5,10,15,16.4,41.2,16.8,40.2,1,20
2026-09-11 23:22:46,5,13,13,16.4,41.4,16.7,40.3,1,20
2026-09-11 23:27:45,4,10,13,16.3,41.5,16.6,40.3,1,20
2026-09-11 23:32:46,7,14,16,16.2,41.5,16.5,40.5,1,20
2026-09-11 23:37:45,7,15,17,16.2,41.6,16.5,40.6,1,20
2026-09-11 23:42:45,7,9,9,16.1,41.7,16.4,40.8,1,20
2026-09-11 23:47:45,6,14,15,16.1,41.7,16.3,40.8,1,20
2026-09-11 23:52:46,5,9,10,16,42,16.3,41,1,20
2026-09-11 23:57:45,6,10,13,16,41.9,16.2,41.1,1,20
2026-09-12 00:02:45,5,13,15,15.9,42,16.1,41.2,1,20
2026-09-12 00:07:45,6,10,10,15.8,42.1,16.1,41.4,1,20
2026-09-12 00:12:45,7,13,13,15.8,42.3,16.1,41.6,1,20
