fecha,pm1_ugm3,pm25_ugm3,pm10_ugm3,temperatura_c,humedad_pct,temperatura_interna_c,humedad_interna_pct,relay,senal
2026-08-01 00:00:03,0,0,0,22.7,29.6,27.7,22,0,21
2026-08-01 00:05:03,0,0,0,22.7,29.5,27.8,21.9,0,21
2026-08-01 00:10:03,0,0,0,22.7,29.4,27.8,21.8,0,21
2026-08-01 00:15:03,0,0,0,22.7,29.4,27.7,21.7,0,21
2026-08-01 00:20:04,0,0,0,22.6,29.7,27.7,21.9,1,21
2026-08-01 00:25:04,0,0,0,22.6,29.6,27.5,22,0,21
2026-08-01 00:30:03,0,0,0,22.6,29.5,27.5,21.8,0,21
2026-08-01 00:35:03,0,0,0,22.5,29.1,27.5,21.2,0,21
2026-08-01 00:40:03,0,0,0,22.5,29.2,27.4,21.6,0,21
2026-08-01 00:45:04,0,0,0,22.4,29.2,27.4,21.7,0,21
2026-08-01 00:50:03,0,0,0,22.4,29.1,27.5,21.3,0,21
2026-08-01 00:55:03,0,0,0,22.5,28.8,27.5,20.8,0,21
2026-08-01 01:00:04,0,0,0,22.4,28.5,27.5,20.6,0,21
2026-08-01 01:05:03,0,0,0,22.5,28.7,27.5,20.7,0,21
2026-08-01 01:10:04,0,0,0,22.5,28.8,27.5,20.8,0,21
2026-08-01 01:15:03,0,0,0,22.4,28.9,27.4,21.2,0,21
2026-08-01 01:20:04,0,0,0,22.4,29.2,27.4,21.5,0,21
2026-08-01 01:25:03,0,0,0,22.4,29.1,27.5,21.2,0,21
2026-08-01 01:30:03,0,0,0,22.4,29.1,27.5,21.2,0,21
2026-08-01 01:35:04,0,0,0,22.4,29.2,27.3,21.6,0,21
2026-08-01 01:40:04,0,0,0,22.3,29.3,27.3,21.7,0,21
2026-08-01 01:45:03,0,0,0,22.3,29.3,27.3,21.6,0,21
2026-08-01 01:50:03,0,0,0,22.3,29.2,27.4,21.4,0,21
2026-08-01 01:55:03,0,0,0,22.3,29.2,27.3,21.3,0,21
2026-08-01 02:00:03,0,0,0,22.3,28.8,27.4,21.2,0,21
2026-08-01 02:05:03,0,0,0,22.4,28.8,27.5,21.1,0,21
2026-08-01 02:10:03,0,0,0,22.3,28.9,27.3,21.3,0,20
2026-08-01 02:15:03,0,0,0,22.4,29.1,27.4,21.3,0,20
2026-08-01 02:20:04,0,0,0,22.3,29.3,27.3,21.5,0,20
2026-08-01 02:25:03,0,0,0,22.3,29.2,27.3,21.5,0,20
2026-08-01 02:30:04,0,0,0,22.2,28.7,27.2,20.9,0,20
2026-08-01 02:35:03,0,0,0,22.2,28.6,27.2,20.7,0,20
2026-08-01 02:40:04,0,0,0,22.2,28.4,27.3,20.6,0,20
2026-08-01 02:45:04,0,0,0,22.3,28.5,27.2,20.6,0,20
2026-08-01 02:50:04,0,0,0,22.2,28.4,27.2,20.6,0,20
2026-08-01 02:55:03,0,0,0,22.2,27.8,27.3,19.8,0,20
2026-08-01 03:00:04,0,0,0,22.2,28.1,27.2,20.3,0,20
2026-08-01 03:05:03,0,0,0,22.3,28,27.2,20.3,0,20
2026-08-01 03:10:04,0,0,0,22.2,28.3,27.3,20.4,0,20
2026-08-01 03:15:04,0,0,0,22.3,27.7,27.4,19.8,0,20
2026-08-01 03:20:04,0,0,0,22.3,27.3,27.4,19.4,0,20
2026-08-01 03:25:04,0,0,0,22.3,26.3,27.4,18.4,0,20
2026-08-01 03:30:03,0,0,0,22.2,25.8,27.2,17.6,0,20
2026-08-01 03:35:04,0,0,0,22.2,25.2,27.3,17.2,0,20
2026-08-01 03:40:04,0,0,0,22.1,24.9,27.2,16.8,0,18
2026-08-01 03:45:04,0,0,0,22.1,24.6,27.1,17.1,0,25
2026-08-01 03:50:03,0,0,0,22,24.2,27.2,16.2,0,17
2026-08-01 03:55:04,0,0,0,22.1,24.1,27.3,16.6,0,24
2026-08-01 04:00:03,0,0,0,22.3,24,27.5,16.1,0,24
2026-08-01 04:05:04,0,0,0,22.4,25,27.6,17.7,0,17
2026-08-01 04:10:04,0,0,0,22.5,25.4,27.7,17.8,0,25
2026-08-01 04:15:04,0,0,0,22.6,25.4,27.6,18,0,20
2026-08-01 04:20:04,0,0,0,22.6,26,27.8,18.3,0,25
2026-08-01 04:25:04,0,0,0,22.7,26,27.8,18.5,0,17
2026-08-01 04:30:04,0,0,0,22.6,26,27.6,18.6,0,23
2026-08-01 04:35:04,0,0,0,22.6,26.3,27.6,19.2,0,17
2026-08-01 04:40:04,0,0,0,22.6,26.3,27.6,18.9,0,25
2026-08-01 04:45:04,0,0,0,22.5,26.5,27.5,19.2,0,18
2026-08-01 04:50:04,0,0,0,22.5,26.6,27.4,19.4,0,24
2026-08-01 04:55:04,0,0,0,22.5,26.5,27.5,19.3,0,18
2026-08-01 05:00:04,0,0,0,22.5,26.7,27.5,19.5,0,23
2026-08-01 05:05:04,0,0,0,22.4,26.7,27.3,19.4,0,18
2026-08-01 05:10:04,0,0,0,22.4,26.6,27.4,19.3,0,25
2026-08-01 05:15:04,0,0,0,22.4,26.7,27.4,19.3,0,17
2026-08-01 05:20:04,0,0,0,22.3,26.6,27.3,19,0,24
2026-08-01 05:25:04,0,0,0,22.2,26.6,27.2,19.3,0,21
2026-08-01 05:30:04,0,0,0,22.2,26.7,27.2,19.3,0,23
2026-08-01 05:35:04,0,0,0,22.1,26.8,27.1,19.3,0,18
2026-08-01 05:40:04,0,0,0,22.1,26.7,27.1,19.2,0,18
2026-08-01 05:45:04,0,0,0,22.1,26.8,27.2,19.5,0,18
2026-08-01 05:50:04,0,0,0,22.1,26.9,27.2,19.4,0,18
2026-08-01 05:55:04,0,0,0,22.1,26.9,27.2,19.4,1,16
2026-08-01 06:00:04,0,0,0,22.1,26.7,27.1,19.3,0,24
2026-08-01 06:05:04,0,0,0,22.1,26.7,27.2,19.3,0,17
2026-08-01 06:10:04,0,0,0,22,26.9,27,19.4,0,24
2026-08-01 06:15:04,0,0,0,22,27.1,26.9,19.5,0,29
2026-08-01 06:20:04,0,0,0,22,26.8,27,19.2,0,20
2026-08-01 06:25:04,0,0,0,22,26.5,27.1,18.9,0,20
2026-08-01 06:30:04,0,0,0,22,26.9,27,19.4,0,22
2026-08-01 06:35:04,0,0,0,22,26.8,27,19.5,0,22
2026-08-01 06:40:04,0,0,0,22,27,26.9,19.7,0,27
2026-08-01 06:45:04,0,0,0,22,26.7,27,19.3,0,24
2026-08-01 06:50:04,0,0,0,22,27,27,19.6,0,28
2026-08-01 06:55:04,0,0,0,22,26.8,27,19.1,0,18
2026-08-01 07:00:04,0,0,0,22,26.8,27,19.2,0,24
2026-08-01 07:05:04,0,0,0,22,26.2,27.1,18.3,1,21
2026-08-01 07:10:05,0,0,0,22,26.2,27,18.5,0,21
2026-08-01 07:15:04,0,0,0,22,26,27,18.4,0,21
2026-08-01 07:20:04,0,0,0,21.9,25.6,27,17.7,0,21
2026-08-01 07:25:04,0,0,0,21.9,25.1,27,17.4,0,21
2026-08-01 07:30:04,0,0,0,21.9,25.3,27,17.5,0,21
2026-08-01 07:35:04,0,0,0,21.9,25.2,26.9,17.5,0,21
2026-08-01 07:40:04,0,0,0,21.9,25.5,26.9,17.9,0,21
2026-08-01 07:45:04,0,0,0,21.9,25.6,27,17.8,0,22
2026-08-01 07:50:05,0,0,0,21.9,25.4,26.9,18,0,22
2026-08-01 07:55:04,0,0,0,22,26.1,27,18.5,0,22
2026-08-01 08:00:04,0,0,0,22,25.7,27,18.2,0,22
2026-08-01 08:05:04,0,0,0,22,25.9,27.1,18.3,0,22
2026-08-01 08:10:05,0,0,0,22,25.7,27.1,18.3,0,22
2026-08-01 08:15:04,0,0,0,22,26.2,27.1,18.9,0,22
2026-08-01 08:20:05,0,0,0,22,26.7,27,19.4,0,21
2026-08-01 08:25:04,0,0,0,22.1,26,27.2,18.3,0,21
2026-08-01 08:30:04,0,0,0,22.1,26.4,27.2,18.9,0,21
2026-08-01 08:35:04,0,0,0,22.2,26.1,27.3,18.6,0,21
2026-08-01 08:40:04,0,0,0,22.2,26.1,27.3,18.3,0,21
2026-08-01 08:45:04,0,0,0,22.3,25.9,27.4,18.6,0,21
2026-08-01 08:50:04,0,0,0,22.4,26.5,27.5,19,0,24
2026-08-01 08:55:05,0,0,0,22.4,25.9,27.5,18.1,0,21
2026-08-01 09:00:05,0,0,0,22.5,26,27.5,18.3,0,21
2026-08-01 09:05:04,0,0,0,22.5,25.3,27.6,17.5,0,21
2026-08-01 09:10:05,0,0,0,22.6,24.9,27.8,17,0,21
2026-08-01 09:15:05,0,0,0,22.7,25.2,27.9,17.5,0,21
2026-08-01 09:20:04,0,0,0,22.8,25.8,28,18.5,0,21
2026-08-01 09:25:04,0,0,0,22.8,26.1,27.9,18.9,0,21
2026-08-01 09:30:05,0,1,1,22.9,26,28,18.7,0,21
2026-08-01 09:35:05,0,0,0,22.9,25.8,28.1,18.2,0,21
2026-08-01 09:40:04,0,0,0,23,25.8,28.1,18.5,0,21
2026-08-01 09:45:05,0,0,0,23,26.2,28.1,19,0,21
2026-08-01 09:50:05,0,1,1,23,26.4,28.1,19,1,21
2026-08-01 09:55:05,0,0,0,23.1,26.4,28.3,19.2,0,21
2026-08-01 10:00:05,0,0,0,23.2,26.3,28.3,19,0,21
2026-08-01 10:05:04,0,0,0,23.2,26,28.5,18.4,0,24
2026-08-01 10:10:05,0,0,0,23.3,26.2,28.5,18.8,0,24
2026-08-01 10:15:05,0,0,0,23.3,25.9,28.4,18,0,24
2026-08-01 10:20:05,0,0,0,23.3,25.8,28.5,18.5,0,21
2026-08-01 10:25:05,0,0,0,23.4,25.9,28.6,18.2,0,24
2026-08-01 10:30:05,0,5,7,23.4,25.5,28.5,17.6,0,21
2026-08-01 10:35:04,0,0,0,23.4,25.5,28.6,17.7,0,21
2026-08-01 10:40:05,0,0,0,23.5,25.1,28.7,17.4,0,21
2026-08-01 10:45:05,0,1,2,23.5,25.1,28.7,17.8,0,21
2026-08-01 10:50:05,0,0,0,23.5,24.8,28.6,17.2,0,21
2026-08-01 10:55:05,0,0,0,23.5,24.6,28.7,17.2,0,21
2026-08-01 11:00:05,0,0,0,23.6,24.6,28.7,17.2,0,21
2026-08-01 11:05:05,0,0,0,23.5,24.9,28.7,17.4,0,25
2026-08-01 11:10:05,0,0,0,23.6,24.7,28.7,17.2,0,21
2026-08-01 11:15:05,0,0,0,23.6,24.9,28.8,17.7,0,22
2026-08-01 11:20:05,0,0,0,23.6,25.4,28.8,18.3,0,21
2026-08-01 11:25:05,0,0,0,23.6,25,28.8,17.7,0,21
2026-08-01 11:30:05,0,1,1,23.6,25.2,28.8,18.1,0,21
2026-08-01 11:35:05,0,1,2,23.7,25.6,29,17.9,0,24
2026-08-01 11:40:05,0,0,1,23.7,26.1,28.9,18.8,0,24
2026-08-01 11:45:05,1,4,5,23.8,26,29,18.4,0,24
2026-08-01 11:50:05,0,1,1,23.8,25.9,29.1,18.5,0,24
2026-08-01 11:55:05,0,0,0,23.9,25.6,29,18,0,24
2026-08-01 12:00:05,0,0,0,23.9,25.8,29.1,18.4,0,22
2026-08-01 12:05:05,0,0,0,24,26,29.1,18.7,0,22
2026-08-01 12:10:05,0,0,0,24,26,29.2,18.6,0,22
2026-08-01 12:15:05,0,0,0,24,26.1,29.2,18.8,0,22
2026-08-01 12:20:05,0,0,0,24,25.8,29.2,18.1,0,22
2026-08-01 12:25:05,0,0,0,24,25.2,29.2,17.3,0,22
2026-08-01 12:30:05,0,0,0,24,25.4,29.2,17.7,0,21
2026-08-01 12:35:05,0,0,0,24,25.7,29.3,18.1,0,21
2026-08-01 12:40:05,0,0,0,24.1,25.6,29.3,18.2,0,24
2026-08-01 12:45:05,0,0,0,24,25.3,29.2,18,0,21
2026-08-01 12:50:05,0,0,0,24,25.5,29.3,17.8,0,24
2026-08-01 12:55:05,0,0,0,24.1,25,29.3,17.4,1,22
2026-08-01 13:00:05,0,0,0,24.1,25.4,29.2,18.1,0,22
2026-08-01 13:05:05,0,0,0,24.2,25.1,29.3,17.5,0,22
2026-08-01 13:10:05,0,0,0,24.1,25.4,29.4,17.9,0,22
2026-08-01 13:15:05,0,1,1,24.1,25.7,29.3,18.4,0,22
2026-08-01 13:20:05,0,0,0,24.1,25.8,29.3,18.4,0,21
2026-08-01 13:25:05,0,0,0,24,24.8,29.3,17,0,22
2026-08-01 13:30:08,0,0,0,24,24.4,29.2,17,0,22
2026-08-01 13:35:05,0,0,0,24,23.9,29.2,16.4,0,22
2026-08-01 13:40:05,0,0,0,23.9,22.9,29.1,15,0,22
2026-08-01 13:45:05,0,0,0,23.9,23,29.4,15.1,0,22
2026-08-01 13:50:05,0,0,0,24.1,22.8,29.5,14.9,0,22
2026-08-01 13:55:05,0,0,0,24.3,23,29.6,15.4,0,21
2026-08-01 14:00:05,0,0,0,24.3,22.8,29.5,15.1,0,21
2026-08-01 14:05:06,0,0,0,24.4,23.9,29.7,16.4,0,21
2026-08-01 14:10:05,0,2,2,24.4,24.1,29.6,17,0,21
2026-08-01 14:15:06,0,0,0,24.4,23.5,29.5,15.9,0,21
2026-08-01 14:20:05,0,0,0,24.2,23.2,29.5,15.5,0,21
2026-08-01 14:25:05,0,0,0,23.6,23,27.5,16.3,0,21
2026-08-01 14:30:05,0,0,0,21.9,23.6,23.1,19.9,0,21
2026-08-01 14:35:05,0,0,0,20.3,24.6,20.5,22.3,0,21
2026-08-01 14:40:06,0,0,0,19.2,25.6,19,24,0,21
2026-08-01 14:45:06,0,0,0,18.3,26.4,18.2,25.3,0,21
2026-08-01 14:50:05,0,0,0,17.8,26.8,17.7,25.2,0,21
2026-08-01 14:55:06,0,0,0,17.4,27.6,17.4,25.9,0,21
2026-08-01 15:00:05,0,0,0,17.1,28.2,17.2,26.2,0,21
2026-08-01 15:05:06,0,0,0,16.9,28.1,17.1,25.8,0,21
2026-08-01 15:10:05,0,0,0,16.8,28.2,17.1,26.1,0,21
2026-08-01 15:15:05,0,1,2,16.8,29.1,17.1,27.6,0,21
2026-08-01 15:20:05,0,0,0,17.9,31.7,22.4,25.3,0,21
2026-08-01 15:25:06,0,0,0,20.3,28.8,27.3,18.8,0,24
2026-08-01 15:30:06,0,1,1,20.6,26.6,24.3,19.8,0,24
2026-08-01 15:35:06,0,0,0,21.8,27.1,27.9,18.2,0,21
2026-08-01 15:40:05,0,1,2,23,26,29.4,17.2,0,24
2026-08-01 15:45:06,0,0,0,23.8,24.9,29.9,16.1,0,21
2026-08-01 15:50:06,0,2,2,24.4,24.7,30.1,16.6,0,21
2026-08-01 15:55:05,0,2,2,24.7,24.7,30.3,17,0,24
2026-08-01 16:00:06,0,2,2,25,24.5,30.5,16.6,0,24
2026-08-01 16:05:05,0,0,0,25.1,24.3,30.5,16.7,0,21
2026-08-01 16:10:06,0,0,0,25.2,23.9,30.5,16.4,0,24
2026-08-01 16:15:06,0,0,0,25.3,23.4,30.5,15.7,0,21
2026-08-01 16:20:06,0,0,0,25.3,22.9,30.4,15.2,0,21
2026-08-01 16:25:05,0,0,0,25.2,23.3,30.3,15.8,0,21
2026-08-01 16:30:06,0,0,0,25.2,23.2,30.4,15.7,0,21
2026-08-01 16:35:06,0,0,0,25.2,22.8,30.3,15.3,0,21
2026-08-01 16:40:06,0,1,2,25.2,22.8,30.3,15.5,0,21
2026-08-01 16:45:06,0,1,1,25.2,22.8,30.4,15.5,0,21
2026-08-01 16:50:06,0,0,1,25.2,22.9,30.4,15.4,0,21
2026-08-01 16:55:06,0,0,1,25.2,23,30.4,15.7,0,21
2026-08-01 17:00:06,0,0,0,25.2,23,30.4,15.5,0,21
2026-08-01 17:05:06,0,1,1,25.1,22.7,30.1,15.4,0,21
2026-08-01 17:10:06,0,0,0,25,22,30.2,14.4,0,21
2026-08-01 17:15:06,0,0,0,25,21.9,30.1,14.6,0,21
2026-08-01 17:20:06,0,0,0,25.1,22.3,30.2,14.8,0,21
2026-08-01 17:25:06,0,0,0,25,22.1,30.1,14.8,0,21
2026-08-01 17:30:06,0,0,0,24.9,21.5,30,14.2,0,21
2026-08-01 17:35:07,0,0,0,24.8,21.6,29.6,14.7,0,21
2026-08-01 17:40:06,0,0,0,24.6,21.8,29.6,14.2,0,21
2026-08-01 17:45:06,0,0,0,23.2,21.3,25.5,16.1,0,21
2026-08-01 17:50:06,0,0,0,21.5,22.3,22,18.9,0,21
2026-08-01 17:55:06,0,0,0,20,23.4,19.9,21.4,0,21
2026-08-01 18:00:06,0,0,0,19,24.6,18.8,23.1,0,22
2026-08-01 18:05:06,0,0,0,18.8,25.4,20.1,22.2,0,22
2026-08-01 18:10:06,0,0,0,18.5,25.6,19.2,22.9,0,22
2026-08-01 18:15:06,0,0,0,19.3,26.3,23.7,19.7,0,22
2026-08-01 18:25:06,0,0,0,18.9,24.8,19.9,21.5,0,22
2026-08-01 18:30:06,0,0,0,18.3,25.2,18.6,22.7,0,22
2026-08-01 18:35:06,0,0,0,17.8,26,18,24,0,22
2026-08-01 18:40:06,0,0,0,17.4,26.4,17.5,24.2,0,22
2026-08-01 18:45:06,0,0,0,17.2,26.5,17.3,24.2,0,22
2026-08-01 18:50:06,0,0,0,17,26.8,17.1,24.6,0,22
2026-08-01 18:55:06,0,0,0,16.8,27.3,16.9,24.9,0,22
2026-08-01 19:00:06,0,0,0,18.5,28.5,24,20.5,1,22
2026-08-01 19:05:06,0,0,0,20.3,25.9,26.4,16.9,0,22
2026-08-01 19:10:06,0,0,0,20.1,24.9,22.8,19,0,22
2026-08-01 19:15:06,0,0,0,19.3,24.9,20.3,20.7,0,22
2026-08-01 19:20:06,0,0,0,18.6,25.2,19,22.3,0,22
2026-08-01 19:25:06,0,0,0,18.1,25.6,18.2,22.8,0,22
2026-08-01 19:30:06,0,0,0,17.7,26.1,17.8,23.5,0,22
2026-08-01 19:35:06,0,0,0,17.3,26.3,17.5,23.7,0,22
2026-08-01 19:40:06,0,0,0,17.1,26.7,17.3,24.2,0,22
2026-08-01 19:45:06,0,0,0,17,27.2,17.2,24.9,0,22
2026-08-01 19:50:06,0,0,0,16.8,27.1,17.1,24.3,0,22
2026-08-01 19:55:06,0,0,0,16.8,27.2,17,24.2,0,22
2026-08-01 20:00:06,0,0,0,16.7,27.4,17,24.4,0,22
2026-08-01 20:05:06,0,0,0,16.7,27.5,17,24.8,0,22
2026-08-01 20:10:06,0,0,0,17.6,29.9,21.6,24.3,0,21
2026-08-01 20:15:06,0,2,2,20.2,28.4,27.3,18.8,0,21
2026-08-01 20:20:06,0,3,3,21.9,27,28.9,17.6,1,21
2026-08-01 20:25:06,0,2,3,23,25.6,29.5,16.8,0,21
2026-08-01 20:30:06,1,2,3,23.8,25.3,29.9,16.6,0,21
2026-08-01 20:35:06,0,1,1,24.4,24.5,30.1,16.4,0,21
2026-08-01 20:40:06,0,0,0,24.8,23.9,30.3,15.9,0,21
2026-08-01 20:45:06,0,0,0,25,23.6,30.3,16,0,21
2026-08-01 20:50:06,0,0,0,25.1,23.2,30.5,15.6,0,21
2026-08-01 20:55:06,0,0,0,25.3,23,30.5,15.5,0,21
2026-08-01 21:00:06,0,0,0,25.3,23,30.6,15.3,0,22
2026-08-01 21:05:06,0,0,0,25.4,22.6,30.6,14.9,0,22
2026-08-01 21:10:06,0,0,0,25.4,22.2,30.6,14.6,0,22
2026-08-01 21:15:06,0,0,0,25.4,22.2,30.6,14.7,0,22
2026-08-01 21:20:06,0,0,0,25.5,22.5,30.6,15.2,0,22
2026-08-01 21:25:06,0,0,0,25.4,22.8,30.6,15.5,0,22
2026-08-01 21:30:06,0,0,0,25.5,23,30.7,15.9,0,22
2026-08-01 21:35:06,0,0,0,25.5,23.1,30.7,15.8,0,22
2026-08-01 21:40:06,0,0,0,25.6,22.8,30.7,15.5,0,22
2026-08-01 21:45:06,0,0,0,25.5,22.8,30.8,15.4,0,22
2026-08-01 21:50:06,0,0,0,25.5,23,30.6,15.8,0,22
2026-08-01 21:55:06,0,0,0,25.4,22.6,30.6,15.2,0,22
2026-08-01 22:00:06,0,0,0,25.5,21.7,30.6,14.2,0,22
2026-08-01 22:05:07,0,0,0,25.4,21.9,30.6,14.5,0,22
2026-08-01 22:10:06,0,0,0,24.8,21.7,28.8,15.1,0,22
2026-08-01 22:15:06,0,0,0,25.1,21,30.3,13.4,0,22
2026-08-01 22:20:06,0,0,0,25.1,21.1,30.3,13.9,0,22
2026-08-01 22:25:06,0,0,0,24.9,20.7,29.7,13.5,0,22
2026-08-01 22:30:07,0,0,0,24.8,20.7,29.8,13.3,0,22
2026-08-01 22:35:06,0,0,0,24.3,20.7,29,13.7,0,22
2026-08-01 22:40:06,0,0,0,24.6,20.7,29.9,13.1,0,21
2026-08-01 22:45:06,0,0,0,24.3,20.2,27.9,13.6,0,21
2026-08-01 22:50:07,0,0,0,23.9,21,28.7,14,0,21
2026-08-01 22:55:06,0,0,0,24.1,21.1,29.4,13.6,0,21
2026-08-01 23:00:06,0,0,0,24.4,21.2,29.7,13.6,0,21
2026-08-01 23:05:06,0,0,0,24.4,21.1,29.7,13.5,0,21
2026-08-01 23:10:06,0,0,0,24.4,21,29.6,13.6,0,21
2026-08-01 23:15:07,0,0,0,24.3,21.3,29.3,14.1,0,21
2026-08-01 23:20:06,0,0,0,24,21.7,29,14.7,0,21
2026-08-01 23:25:06,0,0,0,23.7,21.9,28.7,15,0,21
2026-08-01 23:30:07,0,0,0,23.6,22,28.8,15,0,21
2026-08-01 23:35:06,0,0,0,23.7,22.3,29,14.9,0,21
2026-08-01 23:40:07,0,0,0,23.7,22.2,29,14.8,0,21
2026-08-01 23:45:06,0,0,0,23.7,22.4,28.9,15.1,0,21
2026-08-01 23:50:06,0,0,0,23.9,22.4,29.3,15.1,1,21
2026-08-01 23:55:06,0,0,0,24,22.5,29.3,15.2,0,21
2026-08-02 00:00:06,0,0,0,24,22.5,29.1,15.1,0,21
2026-08-02 00:05:06,0,0,0,24.1,22.1,29.4,14.7,0,21
2026-08-02 00:10:06,0,0,0,24.1,21.8,29.4,14.4,0,22
2026-08-02 00:15:07,0,0,0,24,21.9,29.2,14.6,0,22
2026-08-02 00:20:07,0,0,0,24.1,21.7,29.4,14.3,0,22
2026-08-02 00:25:06,0,0,0,24.4,21.6,29.7,14.1,0,22
2026-08-02 00:30:07,0,0,0,24.6,21.4,29.8,13.9,0,22
2026-08-02 00:35:07,0,0,0,24.4,21.4,29.6,14.1,0,25
2026-08-02 00:40:07,0,0,0,24.5,21.2,29.7,13.9,0,22
2026-08-02 00:45:07,0,0,0,24.7,21,29.9,13.5,0,22
2026-08-02 00:50:07,0,0,0,24.8,21,29.9,13.7,0,22
2026-08-02 00:55:07,0,0,0,24.9,21,30.1,13.6,0,22
2026-08-02 01:00:07,0,0,0,24.9,21.2,30.1,14.1,0,22
2026-08-02 01:05:07,0,1,1,25,22.9,30.2,16.1,0,21
2026-08-02 01:10:07,0,0,0,25.1,23.5,30.4,16.9,0,21
2026-08-02 01:15:06,0,0,0,25.1,23.9,30.3,17.1,0,21
2026-08-02 01:20:07,0,0,0,25.2,24.2,30.3,17.5,0,21
2026-08-02 01:25:06,0,0,0,25.1,23.9,30.1,16.9,0,21
2026-08-02 01:30:07,0,0,0,25.1,23.9,30.1,17,0,21
2026-08-02 01:35:07,0,0,0,25.1,24,30,17.5,0,21
2026-08-02 01:40:07,0,0,0,25,24,30,17,0,21
2026-08-02 01:45:07,0,0,0,24.9,24.2,29.8,17.2,0,21
2026-08-02 01:50:07,0,0,0,24.9,24.2,30,17.4,0,21
2026-08-02 01:55:07,0,0,0,24.9,23.9,30,16.7,0,21
2026-08-02 02:00:07,0,0,0,24.9,23.8,29.9,16.9,0,21
2026-08-02 02:05:07,0,0,0,24.9,24,30,17,0,21
2026-08-02 02:10:07,0,0,0,24.9,24.3,29.9,17.4,0,22
2026-08-02 02:15:07,0,0,0,24.9,24.1,29.8,17.4,0,22
2026-08-02 02:20:07,0,0,0,24.9,24.5,29.9,17.5,0,22
2026-08-02 02:25:07,0,0,0,24.8,24.3,29.9,17.3,0,22
2026-08-02 02:30:07,0,0,0,24.9,24.7,29.9,17.7,0,22
2026-08-02 02:35:07,0,0,0,24.9,25.1,29.9,18.5,0,22
2026-08-02 02:40:07,0,0,0,24.8,25.5,29.8,18.7,0,22
2026-08-02 02:45:07,0,0,0,24.8,25.5,29.8,18.6,0,22
2026-08-02 02:50:07,0,0,0,24.7,25.3,29.7,18.4,0,22
2026-08-02 02:55:07,0,0,0,24.7,25,29.7,18,0,18
2026-08-02 03:00:07,0,0,0,24.7,24.8,29.7,17.5,0,18
2026-08-02 03:05:07,0,0,0,24.6,24.6,29.6,17.6,0,18
2026-08-02 03:10:07,0,0,0,24.5,24.5,29.3,17.4,0,21
2026-08-02 03:15:07,0,0,0,24.2,24.1,29,17.1,0,28
2026-08-02 03:20:07,0,0,0,24.2,23.9,29.2,16.6,0,18
2026-08-02 03:25:08,0,0,0,24.1,23.7,29.2,16.4,0,18
2026-08-02 03:30:07,0,0,0,24.1,23.5,29.1,16.2,0,18
2026-08-02 03:35:07,0,0,0,24,23.3,29,15.8,0,17
2026-08-02 03:40:07,0,0,0,23.9,23.2,28.9,16,0,24
2026-08-02 03:45:07,0,0,0,23.9,23.2,29.1,15.7,0,17
2026-08-02 03:50:07,0,0,0,24,23.1,29.2,15.8,0,23
2026-08-02 03:55:07,0,0,0,24,23.1,29.1,15.9,0,17
2026-08-02 04:00:07,0,0,0,23.9,23.2,29.1,15.9,0,17
2026-08-02 04:05:07,0,0,0,24,23.2,29.2,15.8,0,16
2026-08-02 04:10:07,0,0,0,24.2,24.2,29.4,17,0,17
2026-08-02 04:15:07,0,0,0,24.3,24,29.3,16.9,0,17
2026-08-02 04:20:07,0,0,0,24.3,24.1,29.4,16.9,0,25
2026-08-02 04:25:08,0,0,0,24.1,23.5,29.2,16.4,1,16
2026-08-02 04:30:07,0,0,0,24.1,23.9,29.4,16.5,0,16
2026-08-02 04:35:08,0,0,0,24.3,23.7,29.5,16.3,0,16
2026-08-02 04:40:07,0,0,0,24.4,23.9,29.5,16.3,0,16
2026-08-02 04:45:08,0,0,0,24.4,23.7,29.4,16.6,0,16
2026-08-02 04:50:07,0,0,0,24.3,24.2,29.4,17.2,0,16
2026-08-02 04:55:07,0,0,0,24.3,24.3,29.5,17.3,0,16
2026-08-02 05:00:07,0,0,0,24.4,24.8,29.5,17.8,0,19
2026-08-02 05:05:07,0,0,0,24.4,25.3,29.4,18.6,0,19
2026-08-02 05:10:07,0,0,0,24.4,24.7,29.3,17.7,0,18
2026-08-02 05:15:08,0,0,0,24.4,25.4,29.5,18.6,0,29
2026-08-02 05:20:08,0,0,0,24.5,24.9,29.5,17.7,0,19
2026-08-02 05:25:07,0,0,0,24.4,24.6,29.5,17.4,0,29
2026-08-02 05:30:07,0,0,0,24.2,24.6,29.1,17.6,0,16
2026-08-02 05:35:08,0,0,0,24.2,24.9,29.4,17.7,0,16
2026-08-02 05:40:07,0,0,0,24.4,25,29.5,18,0,16
2026-08-02 05:45:08,0,0,0,24.4,25.4,29.5,18.4,0,16
2026-08-02 05:50:08,0,0,0,24.4,25.2,29.5,18.2,0,16
2026-08-02 05:55:08,0,0,0,24.4,25.6,29.4,18.7,0,16
2026-08-02 06:00:07,0,0,0,24.4,25.9,29.4,19.1,0,16
2026-08-02 06:05:07,0,0,0,24.4,25.8,29.4,19,0,16
2026-08-02 06:10:08,0,0,1,24.3,26.3,29.3,19.3,0,30
2026-08-02 06:15:08,0,0,0,24.2,26.5,29.2,19.7,0,24
2026-08-02 06:20:08,0,0,0,24.1,26.8,29.2,20.1,0,18
2026-08-02 06:25:08,0,0,0,24.1,27.3,29.1,20.5,0,21
2026-08-02 06:30:07,0,0,0,24,27.8,29,20.8,0,21
2026-08-02 06:35:08,0,0,0,23.9,28.1,29,20.8,0,21
2026-08-02 06:40:08,0,0,0,23.7,28.2,28.7,21.2,0,21
2026-08-02 06:45:07,0,0,0,23.7,28.3,28.7,21.3,0,21
2026-08-02 06:50:08,0,0,0,23.6,28.3,28.7,21.4,0,21
2026-08-02 06:55:08,0,0,1,23.6,28.6,28.7,21.4,0,21
2026-08-02 07:00:08,0,1,1,23.6,28.9,28.7,21.7,0,21
2026-08-02 07:05:07,0,2,2,23.5,28.9,28.7,21.9,0,21
2026-08-02 07:10:08,0,0,1,23.5,29.1,28.6,22.1,0,21
2026-08-02 07:15:08,0,2,3,23.4,29.2,28.5,22.3,0,21
2026-08-02 07:20:07,0,2,2,23.3,29.2,28.4,22.2,0,21
2026-08-02 07:25:08,0,1,1,23.3,29.5,28.3,22.4,0,21
2026-08-02 07:30:08,0,1,1,23.2,29.4,28.2,22.5,0,21
2026-08-02 07:35:08,0,0,0,23.2,29.4,28.2,22.2,0,21
2026-08-02 07:40:08,0,0,0,23.2,29.3,28.2,22.1,0,21
2026-08-02 07:45:07,0,0,0,23.2,29.5,28.2,22.3,0,20
2026-08-02 07:50:08,0,0,0,23.2,29.2,28.3,22,0,21
2026-08-02 07:55:08,0,0,0,23.2,29.2,28.3,21.9,0,21
2026-08-02 08:00:08,0,0,0,23.2,29.3,28.2,22,0,22
2026-08-02 08:05:08,0,0,0,23.2,29.2,28.3,22.1,0,21
2026-08-02 08:10:08,0,0,0,23.2,29.5,28.2,22.3,0,22
2026-08-02 08:15:08,0,0,0,23.1,29.5,28.1,22.3,0,22
2026-08-02 08:20:08,0,0,0,23.1,29.5,28.3,22.2,0,22
2026-08-02 08:25:08,0,0,0,23.1,29.6,28.2,22.5,0,21
2026-08-02 08:30:08,0,0,0,23.1,29.6,28.3,22.2,0,21
2026-08-02 08:35:08,0,0,0,23.2,29.6,28.3,22.2,0,21
2026-08-02 08:40:08,0,0,0,23.2,29.4,28.4,22,0,21
2026-08-02 08:45:08,0,0,0,23.2,29.5,28.3,22.2,0,21
2026-08-02 08:50:08,0,0,0,23.2,29.7,28.3,22.5,0,20
2026-08-02 08:55:08,0,0,0,23.3,29.6,28.3,22.3,0,23
2026-08-02 09:00:08,0,0,0,23.3,29.6,28.4,22.1,0,20
2026-08-02 09:05:08,0,1,1,23.3,29.5,28.4,22.2,0,23
2026-08-02 09:10:08,0,1,1,23.3,29.5,28.4,22.2,0,20
2026-08-02 09:15:08,0,0,0,23.3,29.8,28.3,22.4,0,20
2026-08-02 09:20:08,0,0,0,23.3,29.7,28.4,22.5,0,21
2026-08-02 09:25:08,0,0,0,23.4,29.7,28.5,22.4,0,21
2026-08-02 09:30:08,0,0,0,23.4,29.5,28.6,21.9,0,21
2026-08-02 09:35:08,0,0,0,23.5,29.6,28.6,22.1,0,21
2026-08-02 09:40:08,0,0,0,23.4,29.3,28.5,21.9,0,21
2026-08-02 09:45:08,0,0,0,23.5,29.1,28.5,21.8,0,21
2026-08-02 09:50:08,0,0,0,23.5,29.4,28.6,22,0,21
2026-08-02 09:55:08,0,0,0,23.5,29.6,28.6,22.1,0,21
2026-08-02 10:00:08,0,0,0,23.6,29.5,28.7,22.1,0,21
2026-08-02 10:05:08,0,2,2,23.6,29.9,28.6,22.7,0,21
2026-08-02 10:10:08,0,1,1,23.5,30.3,28.7,23.1,0,21
2026-08-02 10:15:08,0,1,1,23.5,30.7,28.6,23.5,0,21
2026-08-02 10:20:08,0,1,1,23.5,30.7,28.7,23.6,0,21
2026-08-02 10:25:08,0,3,3,23.5,30.9,28.6,23.9,0,21
2026-08-02 10:30:08,0,2,2,23.4,31.1,28.5,23.9,0,21
2026-08-02 10:35:08,0,2,3,23.4,31.4,28.4,24.3,1,21
2026-08-02 10:40:08,0,0,1,23.4,31.3,28.5,24.1,0,21
2026-08-02 10:45:08,0,0,1,23.5,31.4,28.6,24.1,0,21
2026-08-02 10:50:08,0,1,1,23.4,31.2,28.4,24.1,0,21
2026-08-02 10:55:08,0,2,2,23.4,31.3,28.5,24.2,0,21
2026-08-02 11:00:08,0,2,2,23.4,31.5,28.5,24.2,0,21
2026-08-02 11:05:08,0,1,1,23.4,31.2,28.5,23.9,0,21
2026-08-02 11:10:08,0,2,2,23.4,31.2,28.5,24,0,21
2026-08-02 11:15:08,0,1,1,23.4,31.4,28.5,24,1,21
2026-08-02 11:20:09,0,1,1,23.4,31.3,28.6,24,1,21
2026-08-02 11:25:08,0,0,0,23.5,31.1,28.7,23.4,0,22
2026-08-02 11:30:09,0,0,0,23.5,31,28.6,23.6,0,22
2026-08-02 11:35:08,0,1,3,23.5,30.9,28.6,23.4,0,22
2026-08-02 11:40:09,0,1,1,23.5,30.4,28.5,23,0,22
2026-08-02 11:45:08,0,0,0,23.5,30.2,28.6,22.7,0,22
2026-08-02 11:50:09,0,0,1,23.5,30.3,28.6,22.7,0,22
2026-08-02 11:55:08,0,1,1,23.5,30,28.7,22.4,0,22
2026-08-02 12:00:09,0,1,1,23.6,30,28.7,22.5,0,22
2026-08-02 12:05:09,0,1,1,23.6,30,28.8,22.5,0,22
2026-08-02 12:10:08,0,1,1,23.7,30.2,28.7,22.7,0,22
2026-08-02 12:15:08,0,2,3,23.7,30.4,28.9,22.6,0,22
2026-08-02 12:20:09,0,2,2,23.7,30.2,28.7,22.9,0,22
2026-08-02 12:25:08,0,2,3,23.7,30.4,28.9,22.9,0,22
2026-08-02 12:30:08,0,2,2,23.8,30.5,28.9,22.9,0,22
2026-08-02 12:35:08,0,1,1,23.8,30.3,28.9,22.7,0,22
2026-08-02 12:40:08,0,1,1,23.8,29.8,28.9,22,0,22
2026-08-02 12:45:08,0,2,2,23.9,30.1,29,22.3,0,22
2026-08-02 12:50:08,0,1,2,23.9,29.9,29,22.2,0,22
2026-08-02 12:55:09,0,2,2,23.9,29.7,29,22,0,22
2026-08-02 13:00:08,0,2,2,23.9,30,29.1,22.6,0,22
2026-08-02 13:05:08,2,4,5,23.9,30.8,29,23.7,0,21
2026-08-02 13:10:09,4,5,5,23.9,31.2,29,24,0,21
2026-08-02 13:15:08,4,6,6,23.9,31.5,29,24.2,0,21
2026-08-02 13:20:09,4,8,8,23.9,31.8,29,24.3,0,21
2026-08-02 13:25:08,3,6,6,23.8,31.7,29,24.2,0,21
2026-08-02 13:30:08,5,7,7,23.8,31.7,29,24.5,0,21
2026-08-02 13:35:08,3,7,8,23.7,32,28.8,24.6,0,22
2026-08-02 13:40:08,4,8,8,23.6,31.9,28.7,24.8,1,21
2026-08-02 13:45:09,4,7,8,23.7,32,28.8,24.7,0,21
2026-08-02 13:50:09,4,7,8,23.7,32.4,28.8,24.6,0,21
2026-08-02 13:55:08,5,7,7,23.6,32.2,28.6,25,0,22
2026-08-02 14:00:09,3,5,5,23.6,31.7,28.8,24.3,0,22
2026-08-02 14:05:09,6,7,7,23.6,32,28.7,24.7,0,22
2026-08-02 14:10:09,6,9,11,23.6,31.9,28.6,24.7,0,22
2026-08-02 14:15:09,6,13,14,23.6,31.9,28.8,24.5,0,25
2026-08-02 14:20:09,5,9,11,23.6,31.9,28.8,24.5,0,22
2026-08-02 14:25:09,4,8,8,23.7,32,28.9,24.5,1,21
2026-08-02 14:30:09,3,6,7,23.7,31.8,28.9,24.2,1,21
2026-08-02 14:35:09,5,8,8,23.8,31.9,28.9,24.1,0,21
2026-08-02 14:40:09,6,11,12,23.8,31.6,29,23.9,0,21
2026-08-02 14:45:09,4,9,9,23.8,31.6,28.9,23.8,0,21
2026-08-02 14:50:08,4,8,8,23.8,31.4,28.9,23.7,0,21
2026-08-02 14:55:09,2,6,7,23.8,31.1,28.9,23.4,0,21
2026-08-02 15:00:09,3,5,5,23.9,30.8,29,23.1,0,21
2026-08-02 15:05:09,4,5,5,23.9,30.9,29,23,0,21
2026-08-02 15:10:09,4,8,8,23.9,31.2,28.9,23.8,0,21
2026-08-02 15:15:09,5,11,12,23.9,31.3,29.1,23.7,0,21
2026-08-02 15:20:09,3,6,8,23.9,30.8,29,23.1,0,21
2026-08-02 15:25:09,4,6,7,24,31,29.1,23.5,0,21
2026-08-02 15:30:09,5,12,14,24.1,31.3,29.2,24,0,21
2026-08-02 15:35:09,4,7,7,24.1,31.6,29.2,23.9,0,24
2026-08-02 15:40:10,6,17,20,24.1,31.4,29.2,24,0,21
2026-08-02 15:45:09,5,14,15,24.1,31.5,29.2,24.1,0,21
2026-08-02 15:50:09,4,16,17,24.2,31.3,29.3,23.5,0,21
2026-08-02 15:55:09,5,9,9,24.3,31.4,29.4,23.9,0,21
2026-08-02 16:00:09,3,7,7,24.4,30.8,29.4,23.2,0,21
2026-08-02 16:05:09,3,8,9,24.3,31.1,29.3,23.4,0,21
2026-08-02 16:10:09,3,7,8,24.4,30.8,29.4,23.2,0,21
2026-08-02 16:15:09,1,6,6,24.4,30.9,29.4,23.3,0,21
2026-08-02 16:20:09,1,3,3,24.3,30.7,29.3,23.1,0,21
2026-08-02 16:25:09,3,8,8,24.4,31,29.4,23.6,0,21
2026-08-02 16:30:09,6,15,15,24.4,31.3,29.4,23.8,0,21
2026-08-02 16:35:09,11,22,24,24.4,31.6,29.4,24.4,0,21
2026-08-02 16:40:09,11,23,23,24.4,32.2,29.5,24.7,0,22
2026-08-02 16:45:09,12,23,24,24.3,32.2,29.3,24.9,0,22
2026-08-02 16:50:09,9,23,23,24.3,32.3,29.4,24.8,0,22
2026-08-02 16:55:09,16,24,25,24.2,32.5,29.2,25,1,21
2026-08-02 17:00:09,16,27,27,24.1,32.6,29.1,25.1,0,21
2026-08-02 17:05:09,15,26,29,24,32.7,29.1,25.2,0,22
2026-08-02 17:10:09,21,33,35,24,32.8,29,25.4,1,22
2026-08-02 17:15:09,17,26,26,23.9,32.6,29,25,0,22
2026-08-02 17:20:10,12,24,25,23.9,32.6,29,25.1,0,22
2026-08-02 17:25:09,17,27,28,23.9,33.1,29,25.5,0,22
2026-08-02 17:30:09,16,26,26,23.9,32.9,28.9,25.4,0,22
2026-08-02 17:35:09,13,25,25,23.8,32.9,28.8,25.3,0,22
2026-08-02 17:40:09,15,24,24,23.7,33,28.8,25.4,0,22
2026-08-02 17:45:10,13,24,25,23.7,32.9,28.8,25.3,0,21
2026-08-02 17:50:09,11,23,24,23.7,32.8,28.8,25.2,0,21
2026-08-02 17:55:09,12,20,22,23.7,32.9,28.8,25.1,0,21
2026-08-02 18:00:09,9,22,22,23.7,32.7,28.7,25.3,0,21
2026-08-02 18:05:10,9,20,22,23.7,32.6,28.8,25.1,0,21
2026-08-02 18:10:09,9,19,22,23.7,32.7,28.9,24.9,0,22
2026-08-02 18:15:10,7,15,17,23.8,32.4,28.9,24.5,0,22
2026-08-02 18:20:10,7,17,18,23.7,32.6,28.9,24.8,0,22
2026-08-02 18:25:09,7,15,17,23.8,32.3,29,24.6,0,22
2026-08-02 18:30:09,11,22,23,23.8,32.6,28.8,24.9,0,22
2026-08-02 18:35:10,8,18,18,23.7,32.6,28.8,24.9,0,22
2026-08-02 18:40:09,7,19,19,23.8,32.4,28.8,24.8,0,22
2026-08-02 18:45:09,26,45,56,23.8,32.5,28.9,24.6,0,22
2026-08-02 18:50:10,24,41,50,23.8,31.9,28.9,24.2,0,22
2026-08-02 18:55:09,21,34,37,23.8,31.8,28.8,24.1,0,22
2026-08-02 19:00:09,4,12,12,23.8,31.7,28.8,24,0,22
2026-08-02 19:05:10,1,3,3,23.8,31.1,28.9,23.1,0,22
2026-08-02 19:10:10,0,0,0,23.9,30.6,28.9,22.8,0,22
2026-08-02 19:15:10,0,1,1,23.9,30.5,29,22.6,0,22
2026-08-02 19:20:09,0,2,2,23.9,30.5,29,22.7,0,22
2026-08-02 19:25:10,0,1,1,23.9,30.7,28.9,23,0,22
2026-08-02 19:30:09,0,2,3,23.9,30.6,29,23,0,22
2026-08-02 19:35:09,0,1,1,24,30.4,29.1,22.5,0,22
2026-08-02 19:40:09,0,1,1,24.1,30.3,29.2,22.6,0,22
2026-08-02 19:45:10,0,5,5,24.1,30.4,29.2,22.6,0,22
2026-08-02 19:50:10,4,7,7,24.1,30.5,29.2,22.8,0,21
2026-08-02 19:55:10,4,7,7,24.2,30.3,29.3,22.7,0,22
2026-08-02 20:00:09,2,6,7,24.2,30.3,29.2,22.6,0,21
2026-08-02 20:05:10,1,3,3,24.2,30.1,29.2,22.5,0,22
2026-08-02 20:10:10,0,4,4,24.2,30.2,29.2,22.6,0,22
2026-08-02 20:15:10,0,2,2,24.3,30.3,29.3,22.5,0,22
2026-08-02 20:20:10,0,2,2,24.2,29.8,29.3,22.2,0,22
2026-08-02 20:25:10,0,1,1,24.3,30.2,29.4,22.4,0,22
2026-08-02 20:30:10,0,3,3,24.3,30.2,29.3,22.5,0,22
2026-08-02 20:35:10,8,16,16,24.2,30.8,29.2,23.5,0,22
2026-08-02 20:40:10,9,19,20,24.2,31.1,29.2,23.7,0,22
2026-08-02 20:45:09,8,19,19,24.2,31.2,29.2,23.7,0,22
2026-08-02 20:50:10,8,15,18,24,31.1,29.1,23.7,0,22
2026-08-02 20:55:09,5,12,14,24,31.1,29.1,23.5,0,22
2026-08-02 21:00:10,5,8,11,23.9,31,29,23.5,0,22
2026-08-02 21:05:09,4,9,9,24,31,29.1,23.3,0,22
2026-08-02 21:10:10,3,6,7,23.9,30.7,29,23.1,0,22
2026-08-02 21:15:10,2,4,4,23.9,30.8,29,23.1,0,22
2026-08-02 21:20:10,1,5,5,23.9,30.6,29,23.2,0,22
2026-08-02 21:25:10,1,5,5,24,30.5,29.1,22.9,0,22
2026-08-02 21:30:10,1,3,3,24,30.5,29.1,22.7,0,22
2026-08-02 21:35:10,0,3,3,24,30.4,29,22.8,0,22
2026-08-02 21:40:10,4,6,6,24,30.6,29.1,23,0,22
2026-08-02 21:45:10,3,6,6,23.9,30.6,28.9,23.2,0,22
2026-08-02 21:50:10,2,5,5,24,30.7,29.1,23.1,0,22
2026-08-02 21:55:10,2,6,6,24,30.6,29,22.8,1,22
2026-08-02 22:00:10,2,6,6,24,30.6,29.1,22.9,0,22
2026-08-02 22:05:10,1,2,2,23.9,30.1,29,22.6,0,22
2026-08-02 22:10:10,0,2,2,23.9,30.4,28.9,22.7,0,21
2026-08-02 22:15:10,0,2,2,23.9,30.4,28.9,22.9,0,22
2026-08-02 22:20:10,0,0,1,23.9,30.5,29.1,23.1,0,22
2026-08-02 22:25:10,0,0,0,24,30.1,29.2,22.3,0,22
2026-08-02 22:30:10,0,0,0,24.1,30.4,29.2,22.7,0,22
2026-08-02 22:35:10,0,0,0,24.1,30,29.2,22.2,0,22
2026-08-02 22:40:10,0,0,0,24.1,29.9,29.1,22.4,0,22
2026-08-02 22:45:10,0,0,0,24.1,30,29.2,22.4,0,22
2026-08-02 22:50:10,0,0,0,24.1,29.9,29.1,22.3,0,21
2026-08-02 22:55:10,0,0,0,24.3,30,29.4,22.2,0,22
2026-08-02 23:00:10,0,0,0,24.3,29.9,29.4,22.4,0,21
2026-08-02 23:05:10,0,0,0,24.3,29.9,29.3,22.4,0,22
2026-08-02 23:10:10,0,0,0,24.4,30,29.3,22.5,0,23
2026-08-02 23:15:10,0,0,0,24.4,29.9,29.4,22.2,0,23
2026-08-02 23:20:10,0,0,0,24.4,30,29.3,22.6,0,23
2026-08-02 23:25:10,0,0,0,24.4,29.4,29.5,21.7,0,23
2026-08-02 23:30:10,0,0,0,24.4,29.3,29.4,21.6,0,23
2026-08-02 23:35:10,0,0,0,24.4,29.4,29.4,21.6,0,23
2026-08-02 23:40:10,0,0,0,24.4,29.3,29.3,21.6,0,23
2026-08-02 23:45:10,0,0,0,24.5,29.3,29.4,21.7,0,23
2026-08-02 23:50:10,0,0,0,24.4,29.2,29.5,21.7,0,23
2026-08-02 23:55:10,0,0,0,24.6,29.3,29.5,21.7,0,23
2026-08-03 00:00:10,0,0,0,24.6,29.3,29.6,21.7,0,23
2026-08-03 00:05:10,0,0,0,24.6,28.8,29.7,21.4,0,23
2026-08-03 00:10:10,0,0,0,24.7,28.9,29.7,21.2,0,23
2026-08-03 00:15:10,0,0,0,24.7,29,29.6,21.3,0,23
2026-08-03 00:20:10,0,0,0,24.7,29,29.8,21.4,0,23
2026-08-03 00:25:10,0,0,0,24.7,28.9,29.7,21.4,0,23
2026-08-03 00:30:11,0,0,0,24.7,29.2,29.7,21.3,1,23
2026-08-03 00:35:10,0,0,0,24.7,28.7,29.7,21.3,0,23
2026-08-03 00:40:10,0,0,0,24.7,28.9,29.7,21.3,0,23
2026-08-03 00:45:10,0,0,0,24.7,28.8,29.8,21.3,0,23
2026-08-03 00:50:10,0,0,0,24.7,28.8,29.8,21.1,0,23
2026-08-03 00:55:11,0,0,0,24.6,29.1,29.6,21.7,0,23
2026-08-03 01:00:10,0,0,0,24.6,28.9,29.6,21.3,0,23
2026-08-03 01:05:11,0,0,0,24.6,28.5,29.6,20.8,1,23
2026-08-03 01:10:10,0,0,0,24.7,28.5,29.8,20.7,0,23
2026-08-03 01:15:10,0,0,0,24.7,28.4,29.8,20.6,0,20
2026-08-03 01:20:10,0,0,0,24.7,28.2,29.6,20.5,0,23
2026-08-03 01:25:10,0,0,0,24.7,28.2,29.7,20.7,0,20
2026-08-03 01:30:10,0,0,0,24.6,27.8,29.6,20.3,0,21
2026-08-03 01:35:10,0,0,0,24.7,27.8,29.7,20.5,0,21
2026-08-03 01:40:10,0,0,0,24.7,28,29.8,20.3,0,20
2026-08-03 01:45:11,0,0,0,24.7,28.3,29.7,20.4,0,20
2026-08-03 01:50:10,0,0,0,24.7,27.9,29.7,20.3,0,20
2026-08-03 01:55:11,0,0,0,24.6,28.1,29.6,20.7,0,20
2026-08-03 02:00:10,0,0,0,24.7,28.3,29.7,20.7,0,20
2026-08-03 02:05:11,0,0,0,24.6,28.2,29.6,20.7,0,23
2026-08-03 02:10:10,0,0,0,24.6,28.3,29.6,20.8,0,21
2026-08-03 02:15:10,0,0,0,24.6,28.3,29.6,20.6,0,21
2026-08-03 02:20:10,0,0,0,24.5,28.2,29.4,20.7,0,21
2026-08-03 02:25:11,0,0,0,24.6,28.1,29.6,20.5,0,21
2026-08-03 02:30:11,0,0,0,24.5,28.2,29.6,20.7,0,21
2026-08-03 02:35:11,0,0,0,24.5,28.3,29.5,21,0,21
2026-08-03 02:40:11,0,0,0,24.5,28.5,29.6,21.1,0,17
2026-08-03 02:45:11,0,0,0,24.6,28.3,29.6,20.6,0,17
2026-08-03 02:50:11,0,0,0,24.5,28,29.5,20.4,0,17
2026-08-03 02:55:11,0,0,0,24.5,28.1,29.5,20.5,0,17
2026-08-03 03:00:11,0,0,0,24.5,28,29.5,20.4,1,17
2026-08-03 03:05:11,0,0,0,24.5,28,29.5,20.4,0,17
2026-08-03 03:10:11,0,0,0,24.5,27.9,29.6,20.3,0,17
2026-08-03 03:15:11,0,0,0,24.5,28,29.6,20.5,0,17
2026-08-03 03:20:11,0,0,0,24.5,28.2,29.6,20.6,0,16
2026-08-03 03:25:11,0,0,0,24.5,28.4,29.5,21.2,0,17
2026-08-03 03:30:11,0,0,0,24.5,28.3,29.5,20.8,1,17
2026-08-03 03:35:11,0,0,0,24.5,28.3,29.5,20.7,0,17
2026-08-03 03:40:11,0,0,0,24.5,28.2,29.5,20.8,0,17
2026-08-03 03:45:10,0,0,0,24.5,27.7,29.6,20.5,0,17
2026-08-03 03:50:11,0,0,0,24.5,28.1,29.6,20.5,0,27
2026-08-03 03:55:10,0,0,0,24.5,28,29.6,20.5,0,20
2026-08-03 04:00:11,0,0,0,24.5,28.2,29.5,20.7,0,29
2026-08-03 04:05:11,0,0,0,24.5,28.4,29.5,21.1,0,18
2026-08-03 04:10:11,0,0,0,24.5,28.3,29.6,20.7,0,24
2026-08-03 04:15:11,0,0,0,24.5,28.6,29.5,21.2,0,18
2026-08-03 04:20:11,0,0,0,24.5,28.5,29.5,21.1,0,24
2026-08-03 04:25:11,0,0,0,24.6,28.8,29.6,21.1,1,17
2026-08-03 04:30:11,0,0,0,24.6,28.8,29.7,21.3,0,24
2026-08-03 04:35:11,0,0,0,24.6,28.6,29.6,21.3,0,16
2026-08-03 04:40:11,0,0,0,24.6,28.7,29.7,21.3,0,25
2026-08-03 04:45:11,0,0,0,24.6,29,29.6,21.5,0,17
2026-08-03 04:50:11,0,0,0,24.6,28.9,29.6,21.5,0,16
2026-08-03 04:55:11,0,0,0,24.6,29.3,29.6,21.9,0,24
2026-08-03 05:00:11,0,0,0,24.5,29.3,29.4,22.2,0,18
2026-08-03 05:05:11,0,0,0,24.5,29.2,29.5,21.7,0,25
2026-08-03 05:20:11,0,0,0,24.6,29.3,29.6,21.9,0,29
2026-08-03 05:25:11,0,0,0,24.5,29.1,29.5,21.6,1,16
2026-08-03 05:30:11,0,0,0,24.5,29.2,29.5,21.7,1,24
2026-08-03 05:35:11,0,0,0,24.6,29,29.6,21.8,0,17
2026-08-03 05:40:11,0,0,0,24.6,29.4,29.5,22,0,24
2026-08-03 05:45:11,0,0,0,24.6,29.2,29.6,22,0,17
2026-08-03 05:50:11,0,0,0,24.6,29.5,29.6,22,0,17
2026-08-03 05:55:11,0,0,0,24.6,29.2,29.7,21.7,0,24
2026-08-03 06:00:11,0,0,0,24.6,29.5,29.6,21.8,0,17
2026-08-03 06:05:11,0,0,0,24.6,29.4,29.6,22,0,23
2026-08-03 06:10:11,0,0,0,24.6,29.3,29.5,21.8,0,18
2026-08-03 06:15:11,0,0,0,24.6,29.2,29.6,21.7,0,23
2026-08-03 06:20:11,0,0,0,24.6,29.2,29.6,21.6,0,17
2026-08-03 06:25:11,0,0,0,24.6,29.2,29.6,21.6,1,25
2026-08-03 06:30:11,0,0,0,24.6,29.1,29.7,21.6,0,17
2026-08-03 06:35:11,0,1,1,24.7,29.1,29.8,21.5,0,24
2026-08-03 06:40:11,0,0,0,24.7,29,29.6,21.4,0,17
2026-08-03 06:45:11,0,0,0,24.6,29.2,29.6,21.9,0,21
2026-08-03 06:50:11,0,0,0,24.6,29.1,29.6,21.8,0,21
2026-08-03 06:55:11,0,0,0,24.6,29.1,29.6,21.7,0,21
2026-08-03 07:00:11,0,0,0,24.6,29.3,29.5,21.9,0,21
2026-08-03 07:05:11,0,0,0,24.6,29.4,29.6,22,0,21
2026-08-03 07:10:11,0,0,0,24.6,29.3,29.6,21.9,0,21
2026-08-03 07:15:11,0,0,0,24.6,29.3,29.6,22.1,1,24
2026-08-03 07:20:11,0,0,0,24.6,29.4,29.7,22,1,24
2026-08-03 07:25:11,0,0,0,24.6,29.3,29.5,21.8,0,21
2026-08-03 07:30:11,0,0,0,24.6,29.3,29.6,22,0,22
2026-08-03 07:35:11,0,0,0,24.6,29.2,29.5,21.7,0,22
2026-08-03 07:40:11,0,0,0,24.6,29.4,29.6,22,0,24
2026-08-03 07:45:11,0,0,0,24.6,29.2,29.6,21.8,0,25
2026-08-03 07:50:11,0,0,0,24.6,29.6,29.6,22.4,0,22
2026-08-03 07:55:11,0,0,0,24.6,29.5,29.6,22,0,24
2026-08-03 08:00:11,0,0,0,24.6,29.6,29.7,22.1,0,24
2026-08-03 08:05:11,0,0,0,24.6,29.4,29.7,21.7,0,22
2026-08-03 08:10:11,0,0,0,24.6,29.2,29.6,21.7,1,22
2026-08-03 08:15:12,0,0,0,24.6,29.1,29.5,21.7,0,25
2026-08-03 08:20:12,0,0,0,24.6,29.4,29.7,21.8,0,21
2026-08-03 08:25:11,0,0,0,24.7,29.3,29.7,21.9,0,22
2026-08-03 08:30:11,0,2,2,24.7,29.6,29.8,22.1,0,21
2026-08-03 08:35:11,0,0,0,24.7,29.2,29.6,21.6,0,28
2026-08-03 08:40:11,0,2,2,24.7,28.9,29.7,21.7,0,24
2026-08-03 08:45:11,0,0,0,24.7,29.2,29.8,21.6,0,25
2026-08-03 08:50:12,0,0,0,24.7,29.5,29.7,22.1,0,30
2026-08-03 08:55:11,0,1,1,24.7,29.6,29.8,22.4,0,31
2026-08-03 09:00:11,0,1,1,24.8,29.9,29.7,22.6,0,27
2026-08-03 09:05:11,0,2,4,24.8,29.9,29.9,22.4,0,26
2026-08-03 09:10:11,0,2,3,24.8,29.5,29.8,22,0,29
2026-08-03 09:15:11,0,0,0,24.8,29.7,29.8,22.2,0,30
2026-08-03 09:20:11,0,1,1,24.8,29.8,29.9,22.4,0,23
2026-08-03 09:25:12,0,0,0,24.8,29.8,30,22.2,0,21
2026-08-03 09:30:12,0,4,5,24.8,29.8,29.9,22.6,0,30
2026-08-03 09:35:12,0,0,0,24.9,30.1,30,22.5,0,31
2026-08-03 09:40:12,0,1,1,24.9,29.9,30,22.5,0,31
2026-08-03 09:45:12,0,3,3,24.9,29.9,30,22.4,0,25
2026-08-03 09:50:12,0,2,2,25,29.9,30,22.6,0,30
2026-08-03 09:55:12,4,11,12,25,30.1,30.1,22.6,0,31
2026-08-03 10:00:12,1,8,10,25,30,30.1,22.6,0,23
2026-08-03 10:05:12,6,19,19,25,29.9,30.2,22.6,0,31
2026-08-03 10:10:12,39,67,76,25.1,30,30.1,22.8,0,24
2026-08-03 10:15:12,7,23,24,25.1,29.9,30.2,22.3,0,24
2026-08-03 10:20:12,23,37,45,25.1,30.1,30.3,22.8,0,27
2026-08-03 10:25:12,20,30,34,25.2,30.4,30.4,22.9,0,31
2026-08-03 10:30:12,14,27,29,25.2,30.3,30.3,23,0,30
2026-08-03 10:35:12,6,20,20,25.2,30.4,30.4,23,0,25
2026-08-03 10:40:12,15,31,34,25.3,30.3,30.5,22.8,0,26
2026-08-03 10:45:12,19,30,31,25.3,30.3,30.4,22.9,0,26
2026-08-03 10:50:12,8,25,26,25.3,30.5,30.4,23,0,31
2026-08-03 10:55:12,0,1,1,25.3,30.9,30.1,24.1,0,25
2026-08-03 11:00:12,0,0,0,25.4,30.8,30.5,23.2,0,26
2026-08-03 11:05:12,1,7,7,24.2,31.3,26.7,26.8,0,26
2026-08-03 11:10:11,3,8,11,22.2,33.1,22.9,32.2,0,26
2026-08-03 11:15:12,2,6,8,20.6,35,20.6,35.4,0,26
2026-08-03 11:20:11,5,12,12,19.5,36.7,19.4,38,0,27
2026-08-03 11:25:12,2,5,5,18.7,38.1,18.6,39.6,0,25
2026-08-03 11:30:12,1,4,4,18.1,39.2,18.1,40.8,0,25
2026-08-03 11:35:12,6,18,18,17.7,40.4,17.8,41.8,0,24
2026-08-03 11:40:12,3,12,12,18.3,42.9,22.1,38.3,0,24
2026-08-03 11:45:12,4,8,8,20.6,39.2,27.1,28.8,0,24
2026-08-03 11:50:11,2,4,5,21.1,38.2,26,30.6,0,25
2026-08-03 11:55:12,3,7,7,22.6,36.5,29.1,26.4,0,25
2026-08-03 12:00:12,2,6,7,23.3,34.6,28.8,25.7,0,25
2026-08-03 12:05:12,2,7,7,22.2,35.1,24.4,31.1,0,25
2026-08-03 12:10:12,3,8,8,20.8,36.1,21.5,35.1,0,25
2026-08-03 12:15:12,4,7,7,19.6,37.9,19.9,38.2,0,25
2026-08-03 12:20:12,4,6,7,18.8,39.1,19,40.1,0,24
2026-08-03 12:25:12,3,7,7,18.3,40.3,18.4,41.7,0,24
2026-08-03 12:30:12,2,5,5,17.8,41.2,18.1,42.3,0,31
2026-08-03 12:35:12,1,3,4,17.6,42.1,17.8,42.5,0,27
2026-08-03 12:40:12,1,5,5,17.4,42.7,17.7,43.4,0,24
2026-08-03 12:45:12,3,5,5,17.2,43.1,17.6,43.6,0,24
2026-08-03 12:50:12,3,5,5,17.1,43.3,17.6,43.8,0,24
2026-08-03 12:55:12,2,6,6,17.1,44,17.5,44.3,0,27
2026-08-03 13:00:12,2,5,5,17.1,43.9,17.6,44,0,26
2026-08-03 13:05:12,1,3,3,17.1,44.4,17.9,44.4,0,31
2026-08-03 13:10:12,3,5,5,17.3,44.9,18.5,43.6,0,29
2026-08-03 13:15:12,1,4,4,17.6,44.2,18.8,42.8,0,30
2026-08-03 13:20:12,1,1,1,17.8,44.3,19,42.7,0,26
2026-08-03 13:25:12,6,16,19,17.9,43.9,19,42.3,0,31
2026-08-03 13:30:12,3,5,5,18,43.6,19.1,42.2,0,31
2026-08-03 13:35:12,3,6,6,18.1,43.7,19.1,42.6,0,26
2026-08-03 13:40:12,1,4,5,18.1,43.3,19.1,41.9,0,25
2026-08-03 13:45:12,0,3,3,18.1,43.2,19,42,0,30
2026-08-03 13:50:13,0,3,3,18.1,43.3,19,42.2,0,23
2026-08-03 13:55:12,1,3,3,18.1,43.1,19,42,0,25
2026-08-03 14:00:12,0,3,3,18.1,43.2,19,42,0,25
2026-08-03 14:05:12,1,6,6,18.1,43.1,18.9,41.8,0,26
2026-08-03 14:10:12,2,5,7,18.1,43.2,18.9,42.1,0,26
2026-08-03 14:15:12,3,6,7,18,43,18.9,42,0,30
2026-08-03 14:20:12,4,7,9,18,43,18.8,41.8,0,26
2026-08-03 14:25:13,4,9,9,18,43,18.7,41.8,0,27
2026-08-03 14:30:12,4,10,10,18,43,18.7,42,0,27
2026-08-03 14:35:13,10,20,22,17.9,42.8,18.6,41.8,0,27
2026-08-03 14:40:12,14,28,29,17.9,42.9,18.6,41.6,0,29
2026-08-03 14:45:13,18,30,31,17.8,43.1,18.5,41.9,0,26
2026-08-03 14:50:12,18,30,31,17.8,43.1,18.5,42.1,0,24
2026-08-03 14:55:13,23,33,33,17.8,43.3,18.5,42.2,0,30
2026-08-03 15:00:12,24,39,46,17.8,43.3,18.4,42.3,0,30
2026-08-03 15:05:12,26,37,43,17.7,43.7,18.4,43,0,24
2026-08-03 15:10:12,24,36,40,17.7,43.8,18.4,43.1,0,24
2026-08-03 15:15:13,17,28,28,17.7,43.5,18.3,42.6,0,25
2026-08-03 15:20:12,21,31,32,17.6,43,18.3,42,0,25
2026-08-03 15:25:13,23,34,34,17.6,42.9,18.2,41.7,0,25
2026-08-03 15:30:14,26,41,48,17.5,43.2,18.1,42.6,0,25
2026-08-03 15:35:31,13,27,27,17.5,42.8,18.1,41.5,0,25
2026-08-03 15:40:12,18,31,32,17.5,42.8,18.1,41.9,0,25
2026-08-03 15:45:13,21,33,33,17.5,43.1,18,42.1,0,25
2026-08-03 15:50:13,20,31,32,17.5,43.1,18,42.2,0,28
2026-08-03 15:55:13,13,28,28,17.4,42.9,18,41.9,0,25
2026-08-03 16:00:12,12,25,27,17.4,42.8,17.9,41.7,0,25
2026-08-03 16:05:13,9,25,26,17.4,42.8,17.9,41.7,0,27
2026-08-03 16:10:13,6,17,17,17.3,42.8,17.9,41.7,0,27
2026-08-03 16:15:13,4,5,6,17.3,42.8,17.8,41.7,0,26
2026-08-03 16:20:13,3,5,6,17.3,42.7,17.8,41.7,0,26
2026-08-03 16:25:13,1,5,5,17.3,42.8,17.8,41.6,0,26
2026-08-03 16:30:13,2,5,5,17.2,42.9,17.8,42,0,27
2026-08-03 16:35:13,2,6,6,17.3,43,17.8,42,0,26
2026-08-03 16:40:12,1,5,5,17.2,43,17.8,41.9,0,25
2026-08-03 16:45:13,1,8,8,17.2,43,17.7,42.2,0,31
2026-08-03 16:50:13,2,5,5,17.2,42.8,17.7,41.8,0,23
2026-08-03 16:55:13,2,4,4,17.2,42.6,17.7,41.3,0,26
2026-08-03 17:00:12,6,14,14,17.2,42.9,17.7,41.7,0,27
2026-08-03 17:05:12,3,5,5,17.2,42.7,17.7,41.5,0,25
2026-08-03 17:10:13,0,5,5,17.2,42.7,17.7,41.5,0,27
2026-08-03 17:15:13,0,4,4,17.2,42.5,17.7,41.2,0,27
2026-08-03 17:20:12,0,2,2,17.1,42.5,17.6,41.2,0,27
2026-08-03 17:25:13,0,1,2,17.1,42.3,17.6,41.1,0,26
2026-08-03 17:30:13,0,1,1,17.1,42.2,17.6,41,0,26
2026-08-03 17:35:13,0,0,0,17.1,42.2,17.5,41,0,27
2026-08-03 17:40:13,0,0,0,17.1,42.3,17.5,41.1,0,26
2026-08-03 17:45:13,0,0,0,17.4,46.4,19.6,44.4,0,27
2026-08-03 17:50:13,0,1,1,20.1,41.7,27,29.5,0,30
2026-08-03 17:55:12,0,1,2,21.9,37.6,28.2,26.2,0,25
2026-08-03 18:00:13,0,1,1,21.3,36.2,24.1,29.8,0,25
2026-08-03 18:05:13,0,1,1,20.3,36.9,21.4,33.8,0,26
2026-08-03 18:10:13,0,1,1,19.4,37.6,19.9,36.1,0,25
2026-08-03 18:15:13,0,1,1,18.7,38.7,19,38.3,0,23
2026-08-03 18:20:13,0,2,3,20.8,39.1,26.8,29.3,0,23
2026-08-03 18:25:13,1,5,5,22.6,36.8,29.3,26,0,24
2026-08-03 18:30:13,0,1,1,23.7,35.1,30.3,24.5,0,25
2026-08-03 18:35:13,0,2,2,24.5,33.8,30.6,24,0,22
2026-08-03 18:40:13,0,2,2,25,32.6,30.9,23.3,0,22
2026-08-03 18:45:13,0,2,2,25.2,32,30.3,23.4,0,22
2026-08-03 18:50:13,0,1,1,25,31.8,30,23.9,0,22
2026-08-03 18:55:13,0,1,1,25.4,31,30.8,22.5,0,22
2026-08-03 19:00:13,0,1,1,25.6,30.9,31,22.4,0,22
2026-08-03 19:05:13,0,0,1,25.7,30.7,31.1,22.5,0,21
2026-08-03 19:10:13,0,1,1,25.8,30.3,31.1,22.1,0,24
2026-08-03 19:15:13,0,0,0,25.9,30.2,31.2,22,0,24
2026-08-03 19:20:13,0,0,0,25.9,29.8,31.3,21.6,1,24
2026-08-03 19:25:13,0,0,0,25.9,29.5,31.2,21.6,0,25
2026-08-03 19:30:13,0,1,1,25.9,29.7,31.2,21.5,0,24
2026-08-03 19:35:13,0,1,1,26,29.5,31.2,21.5,0,27
2026-08-03 19:40:13,0,0,0,26,29.6,31.3,21.5,0,22
2026-08-03 19:45:13,0,1,1,26,29.7,31.1,21.9,1,22
2026-08-03 19:50:13,2,3,3,26,29.9,31.3,22,0,22
2026-08-03 19:55:13,0,2,2,26,29.6,31.3,21.7,0,24
2026-08-03 20:00:13,0,0,1,26,29.8,31.2,22,0,28
2026-08-03 20:05:13,0,3,3,26,29.6,31.2,21.9,0,26
2026-08-03 20:10:13,0,2,3,26,29.8,31.2,22,0,25
2026-08-03 20:15:13,0,0,1,25.9,29.4,31.1,21.7,0,22
2026-08-03 20:20:13,0,1,1,25.9,29.4,31.1,21.5,0,21
2026-08-03 20:25:13,0,1,1,25.9,29.3,31.1,21.6,0,26
2026-08-03 20:30:13,0,0,2,25.9,29.3,31.1,21.6,0,23
2026-08-03 20:35:13,0,2,2,25.9,29.1,31.1,21.6,0,23
2026-08-03 20:40:13,0,1,1,25.8,29.2,31,21.5,0,23
2026-08-03 20:45:13,0,3,3,25.8,29.1,30.9,21.5,0,23
2026-08-03 20:50:13,0,1,1,25.8,29.3,30.9,21.7,0,23
2026-08-03 20:55:13,0,2,2,25.8,29.4,31,21.8,0,23
2026-08-03 21:00:13,0,0,0,25.8,29.6,31,22.2,0,23
2026-08-03 21:05:13,0,1,1,25.8,29.2,30.9,21.8,0,23
2026-08-03 21:10:13,0,3,3,25.8,29.4,31,21.7,0,23
2026-08-03 21:20:15,0,0,0,25.8,29.4,31,21.9,0,23
2026-08-03 21:25:14,0,1,1,25.8,29.5,30.9,21.9,0,23
2026-08-03 21:30:13,0,1,1,25.7,29.5,30.9,22,0,23
2026-08-03 21:35:14,0,0,0,25.7,29.5,30.9,22,0,23
2026-08-03 21:40:14,0,0,1,25.7,29.5,30.8,21.9,0,23
2026-08-03 21:45:13,0,0,1,25.7,29.3,30.9,21.7,0,23
2026-08-03 21:50:14,0,1,1,25.7,29.3,30.8,21.8,0,23
2026-08-03 21:55:13,0,1,1,25.7,29.2,30.9,21.5,0,22
2026-08-03 22:00:14,0,2,2,25.7,29.4,30.9,21.8,0,21
2026-08-03 22:05:14,0,2,2,25.6,29.4,30.7,21.9,0,24
2026-08-03 22:10:14,0,0,0,25.6,29.5,30.9,21.9,0,22
2026-08-03 22:15:14,0,0,0,25.7,29.3,30.9,21.9,0,22
2026-08-03 22:20:14,0,2,2,25.7,29.4,30.8,21.9,0,22
2026-08-03 22:25:14,0,1,1,25.6,29.5,30.8,22.1,0,21
2026-08-03 22:30:13,0,0,1,25.6,29.5,30.8,22.1,0,21
2026-08-03 22:35:14,0,0,0,25.6,29.5,30.9,22,0,25
2026-08-03 22:40:14,0,1,1,25.7,29.3,30.9,21.8,0,22
2026-08-03 22:45:13,0,0,0,25.7,29.4,30.8,21.8,0,22
2026-08-03 22:50:14,0,0,1,25.7,29.5,30.8,21.9,0,22
2026-08-03 22:55:14,0,1,1,25.6,29.3,30.8,21.9,0,21
2026-08-03 23:00:14,0,0,0,25.6,29.3,30.8,21.8,1,24
2026-08-03 23:05:14,0,0,0,25.6,29.4,30.7,21.9,0,21
2026-08-03 23:10:14,0,1,1,25.6,29.6,30.7,22,0,21
2026-08-03 23:15:14,0,0,0,25.6,29.4,30.8,21.9,0,21
2026-08-03 23:20:14,0,1,1,25.6,29.4,30.8,21.8,0,21
2026-08-03 23:25:14,0,1,1,25.5,29.3,30.7,21.9,0,21
2026-08-03 23:30:14,0,0,0,25.5,29.3,30.7,21.7,0,21
2026-08-03 23:35:14,0,0,0,25.5,29.3,30.6,21.7,0,20
2026-08-03 23:40:14,0,0,0,25.5,29.4,30.6,21.9,0,23
2026-08-03 23:45:14,0,0,0,25.5,29.5,30.8,22,0,20
2026-08-03 23:50:14,0,0,0,25.5,29.4,30.8,22,0,20
2026-08-03 23:55:14,0,0,0,25.5,29.4,30.6,21.9,0,20
2026-08-04 00:00:14,0,1,1,25.5,29.5,30.6,22,0,20
2026-08-04 00:05:14,0,0,0,25.5,29.4,30.6,22.1,0,20
2026-08-04 00:10:14,0,2,3,25.5,29.5,30.6,22.2,0,21
2026-08-04 00:15:14,0,4,5,25.5,29.8,30.6,22.2,0,21
2026-08-04 00:20:14,0,2,2,25.5,29.8,30.6,22.5,0,21
2026-08-04 00:25:14,0,3,3,25.5,29.8,30.6,22.4,0,21
2026-08-04 00:30:14,0,3,3,25.5,29.9,30.7,22.3,0,21
2026-08-04 00:35:14,0,3,3,25.5,29.7,30.7,22.3,0,21
2026-08-04 00:40:14,0,3,3,25.5,29.7,30.6,22.1,1,20
2026-08-04 00:45:14,0,2,2,25.6,29.7,30.8,22.2,0,20
2026-08-04 00:50:14,0,4,4,25.6,29.9,30.8,22.4,0,20
2026-08-04 00:55:14,1,4,4,25.5,29.6,30.6,22.2,0,20
2026-08-04 01:00:14,0,2,2,25.6,29.7,30.7,22.4,0,20
2026-08-04 01:05:14,0,0,0,25.6,29.8,30.8,22.3,0,20
2026-08-04 01:10:14,1,5,5,25.6,29.8,30.7,22.4,0,20
2026-08-04 01:15:14,1,3,3,25.6,29.9,30.8,22.4,0,21
2026-08-04 01:20:14,1,3,3,25.5,30.1,30.6,22.6,0,21
2026-08-04 01:25:14,3,4,4,25.5,30,30.6,22.7,0,21
2026-08-04 01:30:14,1,3,4,25.5,29.9,30.6,22.6,0,21
2026-08-04 01:35:14,0,3,3,25.4,29.9,30.5,22.5,0,21
2026-08-04 01:40:14,0,2,2,25.4,29.9,30.5,22.7,0,21
2026-08-04 01:45:14,1,3,3,25.4,30,30.5,22.8,0,21
2026-08-04 01:50:14,0,4,4,25.4,30.1,30.6,22.7,1,21
2026-08-04 01:55:14,2,4,5,25.4,30.3,30.6,22.9,0,21
2026-08-04 02:00:14,2,4,4,25.4,30.2,30.5,23,0,21
2026-08-04 02:05:14,1,3,3,25.3,30.3,30.4,23,0,29
2026-08-04 02:10:14,0,5,5,25.3,30.3,30.5,22.9,0,28
2026-08-04 02:15:14,1,4,4,25.3,30.2,30.4,22.9,0,19
2026-08-04 02:20:14,1,4,6,25.3,30.2,30.4,22.8,0,19
2026-08-04 02:25:14,2,5,5,25.2,30.4,30.2,23,0,18
2026-08-04 02:30:14,1,3,3,25.3,30.1,30.4,22.7,0,19
2026-08-04 02:35:14,0,0,0,25.3,29.8,30.3,22.3,0,19
2026-08-04 02:40:14,0,0,0,25.3,29.9,30.4,22.4,0,18
2026-08-04 02:45:14,0,1,1,25.3,29.9,30.5,22.4,0,18
2026-08-04 02:50:14,0,1,1,25.3,30,30.4,22.5,0,18
2026-08-04 02:55:14,0,1,1,25.3,30.1,30.3,22.8,0,18
2026-08-04 03:00:14,0,0,0,25.3,30.3,30.3,23,0,19
2026-08-04 03:05:14,0,1,1,25.3,30.3,30.4,22.7,0,21
2026-08-04 03:10:14,0,0,0,25.3,30.1,30.5,22.6,0,21
2026-08-04 03:15:14,0,0,0,25.4,30,30.5,22.4,0,21
2026-08-04 03:20:14,0,0,0,25.4,29.7,30.5,22.1,0,21
2026-08-04 03:25:14,0,1,1,25.3,29.9,30.5,22.3,0,21
2026-08-04 03:30:14,0,0,0,25.4,29.8,30.5,22.3,0,21
2026-08-04 03:35:14,0,0,0,25.3,29.9,30.4,22.6,0,21
2026-08-04 03:40:14,0,2,2,25.3,30.1,30.4,22.7,0,21
2026-08-04 03:45:14,0,2,2,25.3,30.1,30.5,22.6,1,21
2026-08-04 03:50:14,0,3,3,25.3,30.3,30.4,22.9,0,21
2026-08-04 03:55:14,0,2,2,25.3,30,30.5,22.5,0,21
2026-08-04 04:00:14,0,3,3,25.3,30.1,30.5,22.7,0,21
2026-08-04 04:05:14,0,0,0,25.3,30.1,30.3,22.7,1,21
2026-08-04 04:10:15,0,1,1,25.2,29.9,30.4,22.6,0,21
2026-08-04 04:15:15,0,1,2,25.3,30.1,30.4,22.7,0,21
2026-08-04 04:20:15,0,3,3,25.2,30.1,30.4,22.6,0,21
2026-08-04 04:25:14,0,3,4,25.2,30.2,30.3,22.9,0,21
2026-08-04 04:30:15,1,6,6,25.2,30.2,30.4,22.8,0,21
2026-08-04 04:35:15,2,4,4,25.2,30.3,30.3,23,0,21
2026-08-04 04:40:15,0,3,3,25.1,30.5,30.2,22.8,0,21
2026-08-04 04:45:14,2,3,3,25.1,30.3,30.2,22.9,0,21
2026-08-04 04:50:15,0,2,2,25.2,30.4,30.3,22.9,0,21
2026-08-04 04:55:15,1,4,4,25.2,30.3,30.2,22.9,0,21
2026-08-04 05:00:15,1,3,3,25.2,30.2,30.3,22.7,0,21
2026-08-04 05:05:14,0,2,2,25.2,30.2,30.4,22.7,0,21
2026-08-04 05:10:15,1,4,4,25.2,30.1,30.4,22.6,0,21
2026-08-04 05:15:15,2,3,3,25.2,30.1,30.3,22.5,0,21
2026-08-04 05:20:14,0,1,1,25.2,29.8,30.4,22.2,0,21
2026-08-04 05:25:15,0,0,1,25.2,30,30.3,22.6,0,21
2026-08-04 05:30:14,0,1,2,25.1,30,30.2,22.8,0,21
2026-08-04 05:35:15,0,3,4,25.1,30.1,30.1,22.8,0,16
2026-08-04 05:40:14,0,2,2,25.2,30.1,30.3,22.6,0,16
2026-08-04 05:45:15,0,3,3,25.1,30.3,30.3,22.7,0,16
2026-08-04 05:50:15,0,2,2,25.1,30.4,30.2,22.9,0,17
2026-08-04 05:55:15,0,2,2,25.1,30.2,30.3,22.6,0,17
2026-08-04 06:00:15,0,0,0,25.1,30,30.3,22.7,0,17
2026-08-04 06:05:15,0,0,0,25.1,30.2,30.2,22.8,0,17
2026-08-04 06:10:15,0,1,2,25.1,30.2,30.1,22.7,1,17
2026-08-04 06:15:15,0,0,0,25.1,30.1,30.2,22.5,0,17
2026-08-04 06:20:15,0,0,0,25.1,30.1,30.3,22.5,0,16
2026-08-04 06:25:15,0,3,3,25.1,30.2,30.2,22.6,0,17
2026-08-04 06:30:15,0,0,0,25.1,30,30.3,22.5,0,17
2026-08-04 06:35:15,0,2,2,25.1,30,30.1,22.6,1,16
2026-08-04 06:40:15,0,0,0,25.1,30.1,30.3,22.7,0,16
2026-08-04 06:45:15,0,3,4,25.1,30.1,30.3,22.6,0,17
2026-08-04 06:50:15,0,1,1,25.1,30.1,30.3,22.5,0,17
2026-08-04 06:55:15,0,0,1,25.1,30,30.2,22.5,0,27
2026-08-04 07:00:15,0,1,1,25.2,30,30.2,22.5,0,17
2026-08-04 07:05:15,0,0,0,25.1,29.9,30.2,22.8,0,19
2026-08-04 07:10:15,0,2,2,25.1,30.2,30.1,22.9,0,22
2026-08-04 07:15:15,0,3,3,25.1,29.9,30.2,22.7,0,28
2026-08-04 07:20:15,0,1,2,25.1,30.1,30.3,22.6,0,22
2026-08-04 07:25:15,0,2,2,25.2,30.3,30.3,22.8,0,21
2026-08-04 07:30:15,0,2,2,25.1,30.3,30.2,22.8,0,23
2026-08-04 07:35:15,0,0,0,25.1,30,30.3,22.6,0,23
2026-08-04 07:40:15,0,1,1,25.1,30.2,30.3,22.7,0,23
2026-08-04 07:45:15,0,1,1,25.2,30.2,30.3,22.6,0,23
2026-08-04 07:50:15,0,2,2,25.1,30.1,30.2,22.6,0,23
2026-08-04 07:55:15,1,3,3,25.1,30.2,30.3,22.9,0,23
2026-08-04 08:00:15,1,4,4,25.2,30.4,30.3,22.8,0,23
2026-08-04 08:05:15,1,4,4,25.2,30.3,30.4,22.7,0,23
2026-08-04 08:10:15,8,22,22,25.2,30.1,30.3,22.8,0,23
2026-08-04 08:15:15,14,19,19,25.2,30.4,30.2,23.1,0,23
2026-08-04 08:20:15,4,8,9,25.2,30.7,30.3,23.4,0,24
2026-08-04 08:25:15,8,15,16,25.2,30.9,30.4,23.4,0,22
2026-08-04 08:30:15,6,18,18,25.1,30.9,30.3,23.6,0,25
2026-08-04 08:35:15,3,7,8,25.2,31,30.3,23.6,0,24
2026-08-04 08:40:15,3,6,7,25.1,30.9,30.2,23.6,0,27
2026-08-04 08:45:15,3,6,6,25.1,30.8,30,23.6,0,24
2026-08-04 08:50:15,1,6,7,25,30.9,30,23.4,0,25
2026-08-04 08:55:15,2,4,5,25,30.9,30,23.4,0,24
2026-08-04 09:00:15,4,8,8,24.9,31,29.9,23.5,0,24
2026-08-04 09:05:15,3,6,6,24.9,31,29.9,23.5,0,24
2026-08-04 09:10:15,3,9,9,24.8,30.9,29.9,23.5,0,24
2026-08-04 09:15:15,1,3,3,24.8,30.8,29.9,23.3,0,24
2026-08-04 09:20:15,1,4,4,24.8,30.9,30,23.2,0,25
2026-08-04 09:25:15,3,6,6,24.7,31,29.9,23.4,0,27
2026-08-04 09:30:15,3,7,7,24.8,31.1,30,23.4,0,24
2026-08-04 09:35:15,3,8,8,24.9,31,30,23.5,0,24
2026-08-04 09:40:15,3,7,7,24.9,31.2,30,24.8,0,24
2026-08-04 09:45:15,3,6,6,25,31.2,30.1,23.7,0,24
2026-08-04 09:50:15,4,7,7,25,30.9,30.3,23.6,0,27
2026-08-04 15:01:20,19,26,26,15.8,50.5,20.3,42.5,0,23
2026-08-04 15:06:20,32,49,60,17.8,48.3,20.3,42.8,0,25
2026-08-04 15:11:20,32,50,59,18.3,47.1,20.1,43.4,0,22
2026-08-04 15:16:20,35,53,64,18.5,46.4,19.8,43.9,0,25
2026-08-04 15:21:20,34,52,62,18.5,46.1,19.6,44.4,0,26
2026-08-04 15:26:20,36,56,69,18.5,46.1,19.3,44.9,0,25
2026-08-04 15:31:20,37,58,72,18.3,46.3,19.1,45.3,0,25
2026-08-04 15:36:20,37,58,70,18.2,46.1,18.9,45.8,0,25
2026-08-04 15:41:20,35,57,70,18.1,46.5,18.7,46.3,0,24
2026-08-04 15:46:20,38,57,71,18,46.6,18.6,46.5,0,25
2026-08-04 15:51:20,35,54,64,17.9,46.7,18.4,46.9,0,25
2026-08-04 15:56:20,35,56,67,17.8,46.9,18.3,47.1,0,24
2026-08-04 16:01:20,36,54,66,17.7,46.9,18.2,47.2,0,25
2026-08-04 16:06:21,34,55,65,17.6,47,18.1,47.5,0,26
2026-08-04 16:11:20,36,55,66,17.5,47.5,18,48.1,0,24
2026-08-04 16:16:20,35,56,70,17.4,47.7,17.9,48.5,0,24
2026-08-04 16:21:20,36,53,65,17.4,47.9,17.8,48.6,0,24
2026-08-04 16:26:20,34,53,64,17.3,48.2,17.8,49,0,25
2026-08-04 16:31:20,34,51,61,17.3,48.4,17.7,49.2,0,24
2026-08-04 16:36:20,33,52,64,17.2,48.3,17.6,49.4,0,24
2026-08-04 16:41:20,31,46,55,19.5,49,25.4,38.4,0,26
2026-08-04 16:46:20,30,46,53,21.7,44.6,28.8,31.7,0,24
2026-08-04 16:51:20,29,45,53,22.6,41.9,28.9,30.7,0,24
2026-08-04 16:56:20,29,44,53,22.6,39.6,26.1,32.4,0,20
2026-08-04 17:01:21,29,44,53,21.3,40.4,22.6,37.8,0,23
2026-08-04 17:06:20,31,47,55,20.2,42.2,20.7,41.6,0,26
2026-08-04 17:11:20,29,44,53,19.3,43.3,19.6,43.9,0,25
2026-08-04 17:16:20,29,46,55,18.7,44.1,19,45.4,0,24
2026-08-04 17:21:21,30,46,55,19.6,46.1,24.1,38.5,0,24
2026-08-04 17:26:20,30,44,52,21.8,42.7,28.6,30.6,0,25
2026-08-04 17:31:21,27,41,50,23.2,39.9,29.8,28.6,0,25
2026-08-04 17:36:20,26,41,48,24.1,38.4,30.2,28,0,23
2026-08-04 17:41:21,26,39,45,24.7,36.7,30.3,27.1,0,22
2026-08-04 17:46:20,26,40,46,25.2,36,30.7,26.8,0,26
2026-08-04 17:51:21,27,41,48,24.6,35.4,27.6,29.5,0,25
2026-08-04 17:56:20,28,42,52,24.5,36.5,29.3,28.5,0,25
2026-08-04 18:01:20,28,43,50,24.5,36.5,29.2,28.7,0,24
2026-08-04 18:06:21,28,42,51,25,35.4,30.4,26.8,0,25
2026-08-04 18:11:21,29,45,53,25.3,35.1,30.8,26.3,0,25
2026-08-04 18:16:21,28,43,52,25.6,34.7,31,26.3,0,23
2026-08-04 18:21:20,28,44,52,25.8,34.2,30.9,26.1,0,20
2026-08-04 18:26:21,28,43,51,25.9,33.9,31.1,26,0,20
2026-08-04 18:31:21,30,44,53,24.9,34.2,27.6,29.7,1,23
2026-08-04 18:36:21,26,39,45,25.4,34.6,30.4,26.8,0,20
2026-08-04 18:41:21,25,36,42,25.7,34.1,30.9,26,0,23
2026-08-04 18:46:21,26,38,43,25.9,33.9,31.1,25.7,0,19
2026-08-04 18:51:21,23,37,44,25.9,33.5,31.1,25.7,0,23
2026-08-04 18:56:21,24,37,42,25.9,33.6,31,25.7,0,22
2026-08-04 19:01:21,26,39,45,25.9,33.5,31,25.7,0,22
2026-08-04 19:06:21,25,37,42,26,33.4,31,25.6,0,22
2026-08-04 19:11:21,26,41,48,25.9,33.4,30.9,25.7,0,22
2026-08-04 19:16:21,25,40,47,26,33.3,31,25.6,0,22
2026-08-04 19:21:21,28,41,49,25.9,33.2,30.9,25.6,0,22
2026-08-04 19:26:21,28,43,51,25.9,33.1,30.8,25.7,0,22
2026-08-04 19:31:21,30,45,54,25.9,33.1,30.8,25.7,0,22
2026-08-04 19:36:21,27,41,50,25.8,33.1,30.8,25.7,0,22
2026-08-04 19:41:21,27,41,48,25.8,33,30.7,25.6,0,22
2026-08-04 19:46:21,27,40,47,25.8,33.1,30.8,25.6,0,22
2026-08-04 19:51:21,27,42,49,25.8,33.2,30.7,25.8,0,22
2026-08-04 19:56:21,27,43,50,25.8,33.2,30.7,25.7,0,22
2026-08-04 20:01:21,27,42,50,25.8,33.2,30.7,25.7,0,22
2026-08-04 20:06:21,28,42,49,25.7,33,30.6,25.7,0,22
2026-08-04 20:11:21,28,42,50,25.7,33.1,30.5,25.7,0,22
2026-08-04 20:16:21,28,42,49,25.7,33.1,30.6,25.6,0,22
2026-08-04 20:21:21,27,42,49,25.7,33.2,30.6,25.8,0,22
2026-08-04 20:26:21,27,41,49,25.7,33,30.6,25.7,0,22
2026-08-04 20:31:21,27,42,50,25.7,33,30.6,25.7,0,22
2026-08-04 20:36:21,27,40,47,25.7,33.3,30.5,26,0,22
2026-08-04 20:41:21,26,41,47,25.6,33.1,30.6,25.8,0,19
2026-08-04 20:46:21,26,40,47,25.6,33.2,30.5,25.9,0,19
2026-08-04 20:51:21,27,41,48,25.6,33.2,30.6,25.9,0,19
2026-08-04 20:56:21,26,40,48,25.6,33.2,30.6,25.9,0,19
2026-08-04 21:01:21,26,39,45,25.5,33.1,30.5,25.9,0,19
2026-08-04 21:06:21,26,40,47,25.6,33.2,30.5,25.8,0,20
2026-08-04 21:11:22,25,39,47,25.5,33.1,30.5,25.8,0,20
2026-08-04 21:16:21,27,40,46,25.5,33.3,30.4,25.8,0,22
2026-08-04 21:21:21,26,39,46,25.5,33.1,30.5,25.8,0,22
2026-08-04 21:26:22,24,39,46,25.5,33.1,30.4,25.7,0,22
2026-08-04 21:31:21,25,39,46,25.4,33.2,30.3,25.8,0,22
2026-08-04 21:36:22,25,36,42,25.4,33,30.2,25.7,0,19
2026-08-04 21:41:21,24,37,43,25.4,32.9,30.3,25.6,0,19
2026-08-04 21:46:22,25,39,45,25.4,32.9,30.2,25.7,0,19
2026-08-04 21:51:21,26,40,47,25.4,33.1,30.3,25.6,0,19
2026-08-04 21:56:21,25,39,46,25.4,33.1,30.3,25.6,0,19
2026-08-04 22:01:21,26,40,47,25.4,33,30.2,25.8,0,19
2026-08-04 22:06:21,25,39,47,25.4,33.1,30.2,25.7,0,22
2026-08-04 22:11:22,25,39,46,25.4,33,30.3,25.7,0,22
2026-08-04 22:16:21,24,36,42,25.3,32.8,30.2,25.4,0,22
2026-08-04 22:21:21,23,34,39,25.4,32.7,30.3,25.3,1,22
2026-08-04 22:26:22,22,33,37,25.4,32.6,30.3,25.2,0,22
2026-08-04 22:31:22,23,35,41,25.3,32.6,30.2,25.4,0,19
2026-08-04 22:36:22,24,36,42,25.3,32.7,30.3,25.2,1,19
2026-08-04 22:41:22,21,32,36,25.3,32.8,30.2,25.3,0,22
2026-08-04 22:46:21,21,32,35,25.3,32.8,30.2,25.4,0,19
2026-08-04 22:51:22,21,32,34,25.3,32.7,30.1,25.3,0,19
2026-08-04 22:56:21,20,29,30,25.3,32.4,30.2,25,0,22
2026-08-04 23:01:22,15,24,25,25.3,32.3,30.1,24.9,0,19
2026-08-04 23:06:21,13,24,25,25.3,32.3,30.2,24.8,0,19
2026-08-04 23:11:22,13,23,24,25.3,32.2,30.1,24.7,1,19
2026-08-04 23:16:22,11,21,21,25.3,32,30.1,24.6,0,19
2026-08-04 23:21:22,9,19,19,25.3,32,30.2,24.6,0,19
2026-08-04 23:26:22,5,14,16,25.3,32,30.2,24.5,0,19
2026-08-04 23:31:22,7,17,19,25.3,31.8,30.2,24.3,0,19
2026-08-04 23:36:22,6,13,14,25.3,31.8,30.2,24.4,0,19
2026-08-04 23:41:22,5,11,12,25.3,31.6,30.2,24.3,1,19
2026-08-04 23:46:22,5,8,9,25.3,31.7,30.2,24.3,0,19
2026-08-04 23:51:22,2,8,10,25.3,31.7,30.2,24.3,0,22
2026-08-04 23:56:22,4,12,13,25.3,31.8,30.2,24.5,0,19
2026-08-05 00:01:22,8,19,21,25.3,31.7,30.2,24.3,1,19
2026-08-05 00:06:22,8,22,23,25.2,31.6,30,24.4,0,19
2026-08-05 00:11:22,9,20,22,25.3,31.6,30.2,24.4,0,19
2026-08-05 00:16:22,8,21,21,25.3,31.6,30.2,24.1,0,19
2026-08-05 00:21:22,4,10,10,25.2,31.4,30.1,24.1,0,19
2026-08-05 00:26:22,6,11,12,25.2,31.1,30.1,23.7,0,19
2026-08-05 00:31:22,6,11,11,25.2,30.9,30,23.8,0,19
2026-08-05 00:36:22,4,7,8,25.2,31.3,30,24.1,0,19
2026-08-05 00:41:22,8,16,19,25.2,31.2,30,24.1,0,19
2026-08-05 00:46:22,6,15,15,25.2,31.2,30.1,24,0,19
2026-08-05 00:51:22,6,13,14,25.2,31.3,30.1,23.9,0,19
2026-08-05 00:56:22,4,15,15,25.2,31.3,30,24,0,19
2026-08-05 01:01:22,5,13,13,25.2,31.1,30,23.9,0,19
2026-08-05 01:06:22,5,13,14,25.2,31.3,30,23.9,0,19
2026-08-05 01:11:22,5,12,13,25.2,31.3,30.1,23.9,0,19
2026-08-05 01:16:22,5,14,15,25.2,31.4,30,24.1,0,19
2026-08-05 01:21:22,5,14,14,25.1,31.4,29.9,24.1,0,19
2026-08-05 01:26:22,6,15,15,25.1,31.3,30,23.8,0,19
2026-08-05 01:31:22,7,14,14,25.1,31.2,30,23.8,1,19
2026-08-05 01:36:22,7,18,21,25.1,31.3,29.9,24,0,19
2026-08-05 01:41:22,11,20,22,25.1,31.2,29.9,23.9,0,19
2026-08-05 01:46:22,8,22,22,25.1,31.3,30.1,23.8,0,19
2026-08-05 01:51:22,9,20,22,25.2,31.3,30.1,23.8,0,19
2026-08-05 01:56:22,8,22,24,25.1,31.1,30,23.9,0,19
2026-08-05 02:01:22,18,29,31,25.1,31.5,30,24.4,0,19
2026-08-05 02:06:22,22,33,37,25.1,32,29.9,24.9,0,26
2026-08-05 02:11:22,20,31,34,25.1,32,30,24.9,0,14
2026-08-05 02:16:22,20,29,29,25.1,32,30,24.8,0,24
2026-08-05 02:21:22,18,28,29,25.1,31.6,30,24.3,0,17
2026-08-05 02:26:22,14,24,24,25.1,31.6,30,24.3,0,17
2026-08-05 02:31:22,8,19,21,25.1,31.2,29.8,24.1,1,17
2026-08-05 02:36:22,14,25,25,25,31.4,29.9,24.1,0,17
2026-08-05 02:41:22,17,26,27,25,31.7,29.9,24.3,0,17
2026-08-05 02:46:22,17,30,30,25,31.8,29.9,24.4,1,17
2026-08-05 02:51:22,19,28,28,25,31.8,29.9,24.6,0,17
2026-08-05 02:56:22,18,25,25,25,31.8,29.8,24.4,1,17
2026-08-05 03:01:22,13,23,24,25,31.4,29.8,24.2,0,17
2026-08-05 03:06:22,16,27,28,25,31.7,29.8,24.3,1,17
2026-08-05 03:11:22,20,29,31,25,31.8,29.8,24.6,0,17
2026-08-05 03:16:22,20,32,35,24.9,32.2,29.7,25,0,17
2026-08-05 03:21:22,20,31,32,24.9,32,29.8,24.9,0,17
2026-08-05 03:26:22,18,29,29,25,32.1,29.9,24.8,0,17
2026-08-05 03:31:22,18,26,26,25,31.9,29.9,24.6,0,17
2026-08-05 03:36:22,12,25,26,25,31.7,29.9,24.3,0,17
2026-08-05 03:41:22,14,27,28,24.9,31.6,29.8,24.4,0,17
2026-08-05 03:46:22,14,26,27,24.9,31.8,29.6,24.5,0,17
2026-08-05 03:51:22,7,14,16,24.9,31.2,29.8,23.7,0,17
2026-08-05 03:56:23,6,18,18,24.9,31.1,29.8,23.6,0,17
2026-08-05 04:01:22,7,15,16,24.9,31,29.7,23.7,0,17
2026-08-05 04:06:22,2,6,8,24.9,31,29.7,23.3,0,17
2026-08-05 04:11:23,3,8,8,24.9,30.9,29.8,23.5,0,17
2026-08-05 04:16:22,1,6,6,24.9,30.6,29.8,22.9,0,17
2026-08-05 04:21:22,1,4,4,25,30.6,29.8,23.1,0,17
2026-08-05 04:26:22,0,3,3,25,30.3,29.9,22.9,0,17
2026-08-05 04:31:22,0,3,3,25,30.2,29.9,22.9,0,17
2026-08-05 04:36:22,0,0,0,25,30.1,29.9,22.7,0,17
2026-08-05 04:41:23,0,0,0,25.1,30.1,30,22.7,0,17
2026-08-05 04:46:23,0,0,0,25.1,29.9,30,22.2,0,17
2026-08-05 04:51:22,0,0,0,25.1,29.6,29.9,22.2,0,17
2026-08-05 04:56:22,0,0,0,25.1,29.5,29.9,21.9,0,17
2026-08-05 05:01:22,0,0,0,25.1,29.5,29.9,21.9,0,17
2026-08-05 05:06:23,0,0,0,25.2,29.6,30.1,22,0,17
2026-08-05 05:11:22,0,1,1,25.2,29.3,30.2,22,0,17
2026-08-05 05:16:23,0,0,0,25.2,29.4,30.1,22,0,17
2026-08-05 05:21:23,0,3,3,25.3,29.4,30.1,22,0,17
2026-08-05 05:26:23,0,0,0,25.3,29.5,30.2,21.9,0,17
2026-08-05 05:31:22,0,1,1,25.3,29.3,30.1,22,0,17
2026-08-05 05:36:23,0,1,1,25.3,29.6,30.3,22.1,0,17
2026-08-05 05:41:23,0,1,1,25.3,29.5,30.2,22.1,0,17
2026-08-05 05:46:23,0,0,0,25.3,29.4,30.2,22.2,0,17
2026-08-05 05:51:23,0,0,0,25.3,29.4,30,22.3,0,17
2026-08-05 05:56:23,0,0,0,25.2,29,30,21.6,0,17
2026-08-05 06:01:23,0,0,0,25.2,29.1,30,21.7,1,17
2026-08-05 06:06:23,0,0,0,25.2,28.8,30.1,21.4,0,17
2026-08-05 06:11:22,0,0,0,25.2,28.4,30,20.8,0,17
2026-08-05 06:16:23,0,0,0,25.2,27.8,30,20.4,0,17
2026-08-05 06:21:23,0,0,0,25.2,28.4,30.1,20.9,0,17
2026-08-05 06:26:23,0,0,0,25.3,28.5,30.1,21,0,17
2026-08-05 06:31:23,0,0,0,25.2,28.4,30.1,21.2,0,20
2026-08-05 06:36:23,0,0,0,25.3,28.3,30.2,21,0,18
2026-08-05 06:41:23,0,0,0,25.3,28.5,30.1,21.3,0,24
2026-08-05 06:46:23,0,0,0,25.3,28.3,30.2,20.8,0,18
2026-08-05 06:51:23,0,0,0,25.3,28.1,30.2,20.9,0,18
2026-08-05 06:56:23,0,0,0,25.3,28.1,30.1,20.8,0,18
2026-08-05 07:01:23,0,0,0,25.3,27.9,30.3,20.5,0,18
2026-08-05 07:06:23,0,0,0,25.4,28,30.3,20.5,0,21
2026-08-05 07:11:23,0,0,0,25.4,28,30.1,20.8,0,21
2026-08-05 07:16:23,0,0,0,25.3,27.9,30.3,20.2,0,21
2026-08-05 07:21:23,0,0,0,25.4,27.8,30.4,20.4,0,21
2026-08-05 07:26:23,0,0,0,25.4,28.1,30.3,20.8,0,21
2026-08-05 07:31:23,0,0,0,25.4,27.9,30.3,20.4,0,21
2026-08-05 07:36:23,0,0,0,25.4,27.7,30.2,20.5,0,21
2026-08-05 07:41:23,0,0,0,25.4,28.1,30.3,20.8,1,21
2026-08-05 07:46:23,0,0,0,25.4,27.8,30.2,20.5,0,21
2026-08-05 07:51:23,0,0,0,25.4,27.7,30.2,20.4,0,21
2026-08-05 07:56:23,0,0,0,25.4,27.5,30.3,20.2,0,21
2026-08-05 08:01:23,0,1,1,25.4,27.9,30.3,20.5,1,21
2026-08-05 08:06:23,11,23,27,25.4,28.9,30.3,22.1,0,21
2026-08-05 08:11:23,19,32,33,25.4,29.4,30.1,22.8,0,21
2026-08-05 08:16:23,22,33,37,25.4,29.7,30.3,22.7,0,24
2026-08-05 08:21:23,22,33,36,25.4,29.9,30.2,22.7,0,22
2026-08-05 08:26:23,14,25,25,25.4,29.1,30.3,21.7,0,25
2026-08-05 08:31:23,1,3,3,25.3,28.2,30.1,20.7,0,21
2026-08-05 08:36:23,0,1,2,25.3,27.9,30.2,20.3,0,25
2026-08-05 08:41:23,0,4,4,25.3,28,30.2,20.5,0,21
2026-08-05 08:46:23,2,9,9,25.4,28.2,30.3,20.8,0,25
2026-08-05 08:51:23,11,24,24,25.4,28.5,30.2,21.3,0,20
2026-08-05 08:56:23,14,27,28,25.4,28.6,30.4,21.3,1,26
2026-08-05 09:01:23,15,30,33,25.4,28.8,30.3,21.8,0,24
2026-08-05 09:06:23,15,27,28,25.4,28.8,30.4,21.7,0,25
2026-08-05 09:11:23,7,20,20,25.4,28.7,30.3,21.5,0,25
2026-08-05 09:16:23,6,19,21,25.4,28.8,30.4,21.6,0,21
2026-08-05 09:21:23,7,19,20,25.5,28.5,30.4,21.2,0,25
2026-08-05 09:26:24,9,26,26,24.8,28.7,27.8,23.1,0,25
2026-08-05 09:31:23,8,24,24,23.5,30.4,27,25.5,0,25
2026-08-05 09:36:23,5,15,18,24.3,30.1,29.4,22.6,0,21
2026-08-05 09:41:23,6,12,14,23.8,29.8,27,24.4,0,25
2026-08-05 09:46:23,5,11,12,22.1,31.1,23,29.1,0,24
2026-08-05 09:51:23,4,11,11,20.5,32.6,20.6,32.2,0,24
2026-08-05 09:56:23,9,21,25,19.4,34.6,19.3,35.4,0,25
2026-08-05 10:01:23,16,28,31,18.6,36,18.5,36.9,0,21
2026-08-05 10:06:24,13,29,30,18,36.7,18,37.8,0,24
2026-08-05 10:11:23,14,33,37,17.6,38,17.7,38.8,0,25
2026-08-05 10:16:23,8,26,28,17.3,38.5,17.4,39,0,24
2026-08-05 10:21:24,3,8,8,17.1,38.8,17.3,39,0,26
2026-08-05 10:26:23,6,18,20,16.9,39.3,17.1,39.7,0,20
2026-08-05 10:31:23,15,32,33,16.8,39.8,17,40.4,0,17
2026-08-05 10:36:23,10,31,32,16.8,40.5,17,40.9,0,28
2026-08-05 10:41:23,9,26,27,16.7,40.9,16.9,41.2,0,21
2026-08-05 10:46:24,8,21,23,16.7,41.5,16.9,41.7,0,26
2026-08-05 10:51:23,7,22,23,16.6,41.2,16.9,41.2,0,24
2026-08-05 10:56:23,5,21,23,16.6,41.2,16.9,40.7,0,25
2026-08-05 11:01:23,1,3,3,16.6,39.9,16.9,39.1,0,25
2026-08-05 11:06:24,0,3,3,16.6,40.1,16.9,39.4,0,19
2026-08-05 11:11:24,0,4,5,16.6,40.1,16.9,39.6,0,24
2026-08-05 11:16:24,1,4,4,16.6,40.9,16.9,40.7,0,24
2026-08-05 11:21:23,1,7,8,16.6,41,17,40.5,0,17
2026-08-05 11:26:24,1,5,5,16.6,41.2,17,40.4,0,23
2026-08-05 11:31:23,2,8,8,16.7,41.2,17.1,40.6,0,17
2026-08-05 11:36:24,2,9,9,16.7,40.8,17.2,40.2,0,24
2026-08-05 11:41:24,5,17,18,16.8,41.7,17.2,41.5,0,24
2026-08-05 11:46:23,2,7,8,16.9,41.6,17.3,41,0,24
2026-08-05 11:51:24,2,7,7,16.9,41.6,17.4,40.3,0,19
2026-08-05 11:56:24,0,4,5,17,41.1,17.5,39.8,0,26
2026-08-05 12:01:24,1,5,5,17,40.9,17.5,39.6,0,25
2026-08-05 12:06:24,8,23,23,17.1,41,17.6,40.1,0,24
2026-08-05 12:11:24,9,25,26,17.1,41.9,17.6,41.4,0,20
2026-08-05 12:16:24,10,27,31,17.1,42.3,17.7,41.6,0,20
2026-08-05 12:21:24,8,21,23,17.2,42.3,17.8,41.4,0,25
2026-08-05 12:26:24,9,26,29,17.2,42.3,17.9,41.6,0,25
2026-08-05 12:31:24,12,29,29,17.3,42.6,17.9,41.9,0,25
2026-08-05 12:36:24,22,38,42,17.4,43.1,18,42.9,0,22
2026-08-05 12:41:24,30,51,60,17.4,44,18,44.5,0,19
2026-08-05 12:46:24,34,57,71,17.4,44.6,18.1,45,0,25
2026-08-05 12:51:24,37,66,79,17.5,45.3,18.1,45.8,0,20
2026-08-05 12:56:24,43,79,87,17.6,45.6,18.2,46.2,0,24
2026-08-05 13:01:24,44,80,88,17.6,46,18.3,46.6,0,17
2026-08-05 13:06:24,45,84,89,17.6,46.2,18.3,46.9,0,25
2026-08-05 13:11:24,44,79,88,17.6,46.1,18.3,46.8,0,21
2026-08-05 13:16:24,45,80,88,17.6,46.4,18.3,46.8,0,24
2026-08-05 13:21:24,41,75,85,17.7,45.9,18.3,46,0,26
2026-08-05 13:26:24,39,65,80,17.7,44.7,18.3,43.7,0,22
2026-08-05 13:31:24,37,64,77,17.7,44,18.3,43.4,0,24
2026-08-05 13:36:24,37,64,76,17.7,43.8,18.3,42.9,0,21
2026-08-05 13:41:24,35,60,75,17.7,43.1,18.3,41.6,0,20
2026-08-05 13:46:25,34,56,71,17.7,41.9,18.3,39.8,0,25
2026-08-05 13:51:24,39,70,81,17.7,40.6,18.3,37.6,0,25
2026-08-05 13:56:24,26,45,56,17.7,39.4,18.3,36.3,0,21
2026-08-05 14:01:24,25,43,51,17.7,39,18.3,36,0,20
2026-08-05 14:06:24,27,43,52,17.7,38.8,18.3,36,0,24
2026-08-05 14:11:24,27,44,54,17.7,38.5,18.3,35.8,0,19
2026-08-05 14:16:24,29,49,57,17.6,38.4,18.3,35.8,0,24
2026-08-05 14:21:24,30,47,56,17.6,38.5,18.2,35.9,0,17
2026-08-05 14:26:24,29,49,59,17.6,38.2,18.2,35.9,0,24
2026-08-05 14:31:24,30,49,60,17.6,38,18.2,35.4,0,26
2026-08-05 14:36:24,32,49,60,17.6,38,18.2,35.3,0,26
2026-08-05 14:41:24,29,47,56,17.6,37.7,18.2,34.9,0,19
2026-08-05 14:46:24,29,46,55,17.6,37.5,18.2,34.6,0,24
2026-08-05 14:51:24,29,47,55,17.6,37.4,18.1,34.9,0,21
2026-08-05 14:56:24,34,57,70,17.5,37.4,18.1,34.7,0,18
2026-08-05 15:01:24,27,48,56,17.5,36.9,18.1,34.1,0,25
2026-08-05 15:06:24,27,43,51,17.5,37,18.1,34.2,0,25
2026-08-05 15:11:24,26,43,51,17.5,36.3,18,33.4,0,22
2026-08-05 15:16:24,27,47,55,17.5,36.4,18,33.9,0,26
2026-08-05 15:21:25,27,46,54,17.4,36.6,18,34.2,0,21
2026-08-05 15:26:24,26,45,54,17.5,36.9,18,34.5,0,21
2026-08-05 15:31:25,27,45,54,17.4,36.2,18,33.6,0,20
2026-08-05 15:36:24,27,45,53,17.4,36.4,17.9,33.9,0,24
2026-08-05 15:41:25,26,41,48,17.4,36.5,17.9,33.6,0,20
2026-08-05 15:46:25,26,42,49,17.4,36.2,17.9,33.6,0,20
2026-08-05 15:51:24,26,44,54,17.3,36.2,17.9,33.6,0,20
2026-08-05 15:56:24,25,41,48,17.3,36.4,17.9,34.2,0,24
2026-08-05 16:01:25,26,41,47,17.3,36.6,17.8,34.2,0,20
2026-08-05 16:06:24,26,41,51,17.3,36.4,17.8,34.1,0,24
2026-08-05 16:11:25,26,44,51,17.3,36.6,17.8,34.5,0,20
2026-08-05 16:16:24,26,45,52,17.3,36.6,17.8,34.3,0,24
2026-08-05 16:21:24,26,42,52,17.3,37.1,17.8,35.1,0,20
2026-08-05 16:26:24,27,48,56,17.3,37,17.8,35,0,26
2026-08-05 16:31:24,27,45,54,17.3,37.4,17.8,35.3,0,21
2026-08-05 16:36:24,26,46,54,17.2,37.3,17.8,35.2,0,29
2026-08-05 16:41:25,27,45,55,17.3,37.5,17.8,35.6,0,21
2026-08-05 16:46:25,27,48,57,17.3,37.6,17.8,35.8,0,18
2026-08-05 16:51:25,30,52,61,17.3,37.7,17.8,36,0,25
2026-08-05 16:56:24,27,47,55,17.2,37.9,17.7,35.9,0,20
2026-08-05 17:01:25,26,43,49,17.2,37.4,17.7,35.3,0,25
2026-08-05 17:06:25,25,41,48,17.2,37.1,17.7,34.9,0,21
2026-08-05 17:11:25,19,36,40,17.2,36.9,17.6,34.4,0,17
2026-08-05 17:16:25,12,26,28,17.2,36.4,17.6,33.9,0,25
2026-08-05 17:21:25,10,28,31,17.1,36.6,17.5,34.2,0,22
2026-08-05 17:26:25,8,23,25,17.1,36.5,17.5,34.3,0,19
2026-08-05 17:31:25,9,28,28,17.1,36.5,17.4,34.2,0,24
2026-08-05 17:36:25,22,34,38,17,36.4,17.4,34.3,0,28
2026-08-05 17:41:24,26,44,55,17,36.5,17.3,34.5,0,25
2026-08-05 17:46:25,24,38,43,17,36.8,17.3,34.9,0,22
2026-08-05 17:51:25,10,26,26,16.9,36.6,17.2,34.5,0,25
2026-08-05 17:56:25,9,21,22,18.7,37.1,23.7,27.8,0,18
2026-08-05 18:01:25,8,22,22,20.1,34.1,24.6,25.1,0,24
2026-08-05 18:06:25,7,19,19,20.9,33.1,25.8,23.9,0,21
2026-08-05 18:11:25,8,21,23,20.6,32.1,22.8,26.3,0,21
2026-08-05 18:16:25,8,20,20,19.7,32.9,20.9,29.3,0,21
2026-08-05 18:21:25,7,19,19,21,33.4,26.5,24.9,0,21
2026-08-05 18:26:25,8,21,23,22,31.3,26.5,23,0,21
2026-08-05 18:31:25,8,20,23,21,31.1,22.8,26.3,0,21
2026-08-05 18:36:25,7,20,21,19.9,32.1,20.6,30.2,1,21
2026-08-05 18:41:25,8,21,23,21.8,32.2,27.5,22.9,0,21
2026-08-05 18:46:25,7,17,17,23.1,30.3,29.4,20.5,0,21
2026-08-05 18:51:25,7,19,20,24,29.1,30,19.6,0,21
2026-08-05 18:56:25,6,15,16,24.6,28.1,30.2,19.3,0,21
2026-08-05 19:01:25,6,14,15,24.9,27.4,30.3,18.9,0,21
2026-08-05 19:06:25,5,15,16,25.2,26.9,30.4,18.7,0,21
2026-08-05 19:11:25,6,14,15,25.3,26.5,30.4,18.6,0,21
2026-08-05 19:16:25,6,13,15,25.4,26.2,30.4,18.6,0,21
2026-08-05 19:21:25,5,13,14,25.4,26.1,30.4,18.5,0,21
2026-08-05 19:26:25,6,13,14,25.5,26.1,30.4,18.5,0,21
2026-08-05 19:31:25,5,10,11,25.5,25.8,30.4,18.3,0,21
2026-08-05 19:36:25,7,14,16,25.6,25.6,30.5,18.1,0,21
2026-08-05 19:41:25,6,17,17,25.5,25.7,30,18.4,0,21
2026-08-05 19:46:25,6,13,14,25.4,25.9,30.3,18.7,0,21
2026-08-05 19:51:25,6,12,14,25.5,25.9,30.5,18.5,0,21
2026-08-05 19:56:25,5,11,12,25.5,25.8,30.5,18.3,0,21
2026-08-05 20:01:25,4,11,11,25.6,25.8,30.6,18.3,0,21
2026-08-05 20:06:25,6,11,13,25.3,25.8,29.6,19.5,0,21
2026-08-05 20:11:25,6,13,15,25.4,26,30.4,18.5,0,21
2026-08-05 20:16:25,4,12,13,25.5,26,30.5,18.5,0,21
2026-08-05 20:21:25,5,14,17,25.5,25.8,30.4,18.4,0,21
2026-08-05 20:26:25,5,11,12,25.5,25.7,30.5,18.2,0,21
2026-08-05 20:31:25,5,12,12,25.6,25.3,30.5,18.1,0,21
2026-08-05 20:36:25,5,9,9,25.6,25.4,30.5,18.2,0,21
2026-08-05 20:41:25,4,8,11,25.6,25.4,30.5,18.1,0,21
2026-08-05 20:46:25,5,9,9,25.5,25.4,30.4,18.1,0,21
2026-08-05 20:51:25,4,11,12,25.4,25.4,30.3,18.2,0,21
2026-08-05 20:56:25,5,12,13,25.4,25.4,30.2,18.2,0,21
2026-08-05 21:01:25,4,11,13,25.4,25.2,30.4,18.1,0,21
2026-08-05 21:06:25,6,18,19,25.5,25.5,30.3,18.3,0,21
2026-08-05 21:11:25,5,16,16,25.4,25.4,30.1,18.2,0,21
2026-08-05 21:16:25,5,11,14,25.4,25.3,30.3,18.3,0,21
2026-08-05 21:21:25,6,15,17,25.4,25.7,30.3,18.6,0,21
2026-08-05 21:26:25,7,13,13,25.4,26,30.2,18.9,0,21
2026-08-05 21:31:25,6,17,18,25.4,26,30.3,18.8,0,21
2026-08-05 21:36:25,8,18,20,25.4,26.1,30.3,19,0,21
2026-08-05 21:41:25,6,17,18,25.4,26,30.3,18.9,0,21
2026-08-05 21:46:25,6,17,17,25.4,25.9,30.3,18.8,1,21
2026-08-05 21:51:25,4,11,11,25.4,25.9,30.3,18.7,0,21
2026-08-05 21:56:25,5,13,13,25.4,25.9,30.2,18.9,0,21
2026-08-05 22:01:25,5,9,13,25.4,26,30.1,19.1,0,21
2026-08-05 22:06:25,4,12,12,25.4,26.2,30.3,19,0,21
2026-08-05 22:11:25,5,12,13,25.4,26.1,30.4,19.1,0,21
2026-08-05 22:16:25,4,9,9,25.4,26.1,30.2,19,0,21
2026-08-05 22:21:26,1,5,5,25.4,25.9,30.3,18.7,0,21
2026-08-05 22:26:25,3,7,8,25.4,25.6,30.4,18.4,0,21
2026-08-05 22:31:25,2,4,4,25.4,25.7,30.3,18.5,0,21
2026-08-05 22:36:25,1,5,5,25.5,25.4,30.4,18.2,0,21
2026-08-05 22:41:26,1,4,5,25.5,25.3,30.4,18,0,21
2026-08-05 22:46:25,0,0,1,25.5,25.2,30.4,17.9,0,21
2026-08-05 22:51:26,0,2,2,25.4,25.1,30.2,18,0,21
2026-08-05 22:56:25,0,2,2,25.4,25.1,30.4,17.8,0,21
2026-08-05 23:01:25,0,0,0,25.5,25,30.3,17.8,0,21
2026-08-05 23:06:25,0,0,0,25.5,24.9,30.4,17.7,0,21
2026-08-05 23:11:26,0,1,1,25.5,24.7,30.4,17.7,0,21
2026-08-05 23:16:26,0,0,0,25.4,24.7,30.2,17.7,0,18
2026-08-05 23:21:26,0,0,0,25.5,24.8,30.4,17.7,0,18
2026-08-05 23:26:26,0,0,0,25.5,25,30.5,17.7,0,19
2026-08-05 23:31:26,0,1,1,25.5,25.1,30.4,17.8,0,19
2026-08-05 23:36:26,0,0,0,25.5,25,30.3,18,0,19
2026-08-05 23:41:25,0,0,0,25.5,24.9,30.4,17.7,0,19
2026-08-05 23:46:26,0,0,1,25.5,24.7,30.4,17.6,0,21
2026-08-05 23:51:26,0,1,1,25.5,25,30.4,17.7,0,21
2026-08-05 23:56:25,0,1,2,25.5,24.9,30.4,17.9,0,21
2026-08-06 00:01:26,0,0,1,25.5,24.8,30.4,17.7,0,21
2026-08-06 00:06:26,0,0,0,25.5,24.7,30.4,17.5,0,21
2026-08-06 00:11:26,0,0,0,25.5,24.7,30.4,17.5,0,21
2026-08-06 00:16:26,0,0,0,25.5,24.8,30.4,17.6,0,21
2026-08-06 00:21:26,0,0,0,25.5,24.8,30.4,17.6,0,21
2026-08-06 00:26:25,0,1,1,25.5,25,30.5,18,0,21
2026-08-06 00:31:26,5,8,11,25.5,25.6,30.4,18.7,0,19
2026-08-06 00:36:26,7,20,22,25.5,26.2,30.4,19.5,0,19
2026-08-06 00:41:26,6,9,9,25.5,26.1,30.5,19.3,0,19
2026-08-06 00:46:26,3,6,6,25.5,26.4,30.3,19.6,0,19
2026-08-06 00:51:26,0,4,5,25.4,26.4,30.4,19.6,0,19
2026-08-06 00:56:26,1,5,5,25.4,26.6,30.3,19.8,0,19
2026-08-06 01:01:26,1,4,4,25.3,26.8,30.2,20,0,19
2026-08-06 01:11:26,3,7,7,25.3,28.1,30.1,21.6,0,19
2026-08-06 01:16:26,3,6,6,25.2,28.6,30.1,21.8,0,19
2026-08-06 01:21:26,1,2,2,25.2,28.9,30,22.3,1,19
2026-08-06 01:26:26,0,0,0,25.1,29,29.9,22.5,0,19
2026-08-06 01:31:26,0,1,2,25,29.5,29.8,22.8,0,19
2026-08-06 01:36:26,0,1,1,24.9,29.7,29.6,22.9,0,19
2026-08-06 01:41:26,0,0,0,24.8,29.7,29.4,23.1,0,19
2026-08-06 01:46:26,0,0,0,24.7,29.8,29.4,23,1,19
2026-08-06 01:51:26,0,0,0,24.6,30.1,29.4,23.3,0,19
2026-08-06 01:56:26,0,0,0,24.5,30.1,29.2,23.5,0,19
2026-08-06 02:01:26,0,0,0,24.5,30.4,29.2,23.5,1,19
2026-08-06 02:16:26,0,0,0,24.3,30.9,29,24.1,0,17
2026-08-06 02:21:26,0,0,0,24.2,31,29,24.2,0,17
2026-08-06 02:26:26,0,0,0,24.2,31,29,24.3,0,17
2026-08-06 02:31:26,0,0,0,24.2,31.3,28.9,24.4,0,17
2026-08-06 02:36:26,0,0,0,24,31.4,28.9,24.5,0,17
2026-08-06 02:41:26,0,0,0,24,31.4,28.8,24.5,0,17
2026-08-06 02:46:26,0,0,0,23.9,31.1,28.8,24.3,0,17
2026-08-06 02:51:26,0,0,0,23.9,31.3,28.8,24,0,17
2026-08-06 02:56:26,0,0,0,23.9,31,28.8,23.8,0,17
2026-08-06 03:01:26,0,0,0,23.9,30.9,28.7,23.8,0,17
2026-08-06 03:06:26,0,0,0,23.7,30.9,28.6,23.8,0,17
2026-08-06 03:11:26,0,0,0,23.7,31,28.5,24.1,0,20
2026-08-06 03:16:26,0,0,0,23.7,31.2,28.5,24.1,0,20
2026-08-06 03:21:26,0,0,0,23.6,30.7,28.4,23.7,0,18
2026-08-06 03:26:26,0,0,0,23.6,30.5,28.3,23.4,0,18
2026-08-06 03:31:26,0,0,0,23.5,30.5,28.3,23.5,0,18
2026-08-06 03:36:26,0,0,0,23.4,30.4,28.2,23.2,1,16
2026-08-06 03:41:26,0,0,0,23.4,30.2,28.1,23.2,0,23
2026-08-06 03:46:26,0,0,0,23.3,30.1,28.1,23.1,0,15
2026-08-06 03:51:26,0,0,0,23.3,30.5,28.1,23.6,0,24
2026-08-06 03:56:26,0,0,0,23.2,30.6,28,23.8,0,16
2026-08-06 04:01:26,0,0,0,23.2,30.9,28.1,24,0,16
2026-08-06 04:06:26,0,0,0,23.2,30.6,28,23.6,0,18
2026-08-06 04:11:26,0,0,0,23.1,30.4,27.8,23.5,0,24
2026-08-06 04:16:26,0,0,0,23.1,30.6,27.9,23.8,0,17
2026-08-06 04:21:26,0,0,0,23.1,30.8,27.9,23.8,0,25
2026-08-06 04:26:26,0,0,0,23,31,27.8,24.1,0,25
2026-08-06 04:31:26,0,0,0,23,30.9,27.6,23.8,0,17
2026-08-06 04:36:26,0,0,0,22.9,30.5,27.8,23.4,0,26
2026-08-06 04:41:27,0,0,0,22.9,30.7,27.8,23.5,1,16
2026-08-06 04:46:26,0,0,0,22.9,30.6,27.7,23.7,0,16
2026-08-06 04:51:27,0,0,0,22.9,30.3,27.6,22.9,0,15
2026-08-06 04:56:26,0,0,0,22.8,30,27.4,22.9,0,16
2026-08-06 05:01:27,0,0,0,22.7,30,27.1,23.2,0,24
2026-08-06 05:06:26,0,0,0,22.6,30,27,23.2,0,24
2026-08-06 05:11:27,0,0,0,22.4,30.2,26.8,23.4,0,15
2026-08-06 05:16:26,0,0,0,22.3,30.7,26.6,23.9,0,24
2026-08-06 05:21:27,0,0,0,22.2,30.7,26.6,23.9,0,15
2026-08-06 05:26:27,0,0,0,22.2,30.8,26.7,23.6,0,15
2026-08-06 05:31:26,0,0,0,22.1,30.8,26.5,23.8,0,24
2026-08-06 05:36:27,0,0,0,22.1,30.9,26.7,23.6,0,16
2026-08-06 05:41:26,0,0,0,22.1,31.4,26.8,24.1,0,26
2026-08-06 05:46:27,0,0,0,22.1,31.2,26.8,24.1,0,15
2026-08-06 05:51:26,0,0,0,22.1,31.1,26.6,23.9,0,24
2026-08-06 05:56:27,0,0,0,22,31.3,26.6,24.2,0,16
2026-08-06 06:01:27,0,0,0,22,31.3,26.6,24.2,0,24
2026-08-06 06:06:27,0,0,0,22,31.3,26.7,24.2,0,15
2026-08-06 06:11:27,0,0,0,22,31.4,26.7,24.3,0,24
2026-08-06 06:16:27,0,0,0,22.1,31.6,26.8,24.3,0,15
2026-08-06 06:21:27,0,0,0,22.1,31.5,26.7,24.4,0,25
2026-08-06 06:26:27,0,0,0,22.1,31.6,26.9,24.1,0,15
2026-08-06 06:31:27,0,0,0,22.1,31.6,26.8,24.2,0,28
2026-08-06 06:36:27,0,0,0,22.1,31.2,26.9,24,0,15
2026-08-06 06:41:27,0,0,0,22.1,31.1,26.9,23.9,0,26
2026-08-06 06:46:27,0,0,0,22.1,31.1,26.9,23.5,0,18
2026-08-06 06:51:27,0,0,0,22.1,31.1,26.8,23.8,0,27
2026-08-06 06:56:27,0,0,0,22.1,31.1,26.8,23.6,0,15
2026-08-06 07:01:27,0,0,0,22.1,30.8,26.7,23.5,0,24
2026-08-06 07:06:27,0,0,0,22,31.1,26.8,24,0,20
2026-08-06 07:11:27,0,0,0,22,31,26.8,23.7,0,20
2026-08-06 07:16:27,0,0,0,22,31,26.7,23.8,0,20
2026-08-06 07:21:27,0,0,0,22,31,26.6,23.7,0,19
2026-08-06 07:26:27,0,0,0,21.9,31.2,26.5,23.9,0,19
2026-08-06 07:31:27,0,0,0,21.9,30.5,26.5,23.3,0,20
2026-08-06 07:36:27,0,0,0,21.9,30.9,26.5,23.7,1,19
2026-08-06 07:41:27,0,0,0,21.8,31.1,26.4,23.9,0,19
2026-08-06 07:46:27,0,0,0,21.8,31.2,26.4,23.9,0,19
2026-08-06 07:51:27,0,0,0,21.8,31,26.4,23.6,0,19
2026-08-06 07:56:27,0,0,0,21.8,30.8,26.4,23.4,0,22
2026-08-06 08:01:27,0,0,0,21.8,30.8,26.4,23.8,0,22
2026-08-06 08:06:27,0,0,0,21.8,31.1,26.5,23.8,0,22
2026-08-06 08:11:27,0,0,0,21.8,31.2,26.5,23.8,0,19
2026-08-06 08:16:27,0,0,0,21.8,31.3,26.5,24.1,0,22
2026-08-06 08:21:27,0,0,0,21.8,31.2,26.5,23.9,0,22
2026-08-06 08:26:27,0,1,2,21.8,31.2,26.5,23.7,1,19
2026-08-06 08:31:27,0,0,0,21.8,31.3,26.4,24.2,0,23
2026-08-06 08:36:27,0,0,0,21.7,31.3,26.4,23.8,0,26
2026-08-06 08:41:27,0,0,0,21.8,31.3,26.4,23.9,0,24
2026-08-06 08:46:27,0,0,0,21.8,31.1,26.4,23.8,0,24
2026-08-06 08:51:27,0,0,0,21.8,31.2,26.5,23.7,0,24
2026-08-06 08:56:27,0,0,0,21.8,31.2,26.4,23.9,0,25
2026-08-06 09:01:27,0,0,0,21.7,31.4,26.4,24.2,0,25
2026-08-06 09:06:27,0,0,0,21.8,31.4,26.6,23.8,0,26
2026-08-06 09:11:27,0,0,0,21.9,31.2,26.6,23.9,0,25
2026-08-06 09:16:27,0,0,0,21.9,31.2,26.7,23.6,0,24
2026-08-06 09:21:27,0,0,0,21.9,31.1,26.8,23.6,0,26
2026-08-06 09:26:27,0,0,0,22.1,31.4,27,23.8,0,25
2026-08-06 09:31:27,0,1,1,22.2,31.5,27.1,24,0,26
2026-08-06 09:36:27,0,0,0,22.3,31.6,27.3,24,0,25
2026-08-06 09:41:27,0,0,0,22.5,31.8,27.4,24.2,0,25
2026-08-06 09:46:28,0,0,0,22.6,31.5,27.6,23.6,0,25
2026-08-06 09:51:27,0,0,0,22.8,31,28,23.2,0,19
2026-08-06 09:56:27,0,0,0,23.1,31.1,28.4,23.3,0,24
2026-08-06 10:01:27,0,0,0,23.4,30.9,28.6,23,0,21
2026-08-06 10:06:27,0,0,0,23.5,30.4,28.6,22.6,0,17
2026-08-06 10:11:27,0,0,0,22.2,31.1,24.2,26.9,0,25
2026-08-06 10:16:27,0,0,0,20.5,33.1,20.9,32,0,25
2026-08-06 10:21:27,0,0,0,19.2,34.8,19.2,34.7,0,22
2026-08-06 10:26:27,0,0,0,18.3,36.5,18.3,37.4,0,25
2026-08-06 10:31:27,0,0,0,17.7,37.6,17.8,38.3,0,22
2026-08-06 10:36:28,0,0,0,17.3,38.5,17.6,38.6,0,25
2026-08-06 10:41:27,0,0,0,17.1,38.9,17.5,38.5,0,24
2026-08-06 10:46:28,0,0,0,17,39.7,17.5,39.5,0,26
2026-08-06 10:51:27,0,1,1,16.9,40.3,17.5,39.9,0,18
2026-08-06 10:56:28,1,8,8,16.9,40.6,17.6,39.7,0,25
2026-08-06 11:01:28,0,0,0,17,41.4,17.7,40.9,0,20
2026-08-06 11:06:28,0,0,1,17,41.7,17.8,40.9,0,25
2026-08-06 11:11:27,0,1,1,17.1,42.2,17.9,41.4,0,17
2026-08-06 11:16:28,3,8,8,17.2,42.6,18.1,42,0,24
2026-08-06 11:21:27,2,4,4,17.3,42.9,18.3,42.3,0,21
2026-08-06 11:26:28,2,4,4,17.5,43,18.4,42,0,26
2026-08-06 11:31:27,2,4,4,17.6,42.8,18.6,41.5,0,25
2026-08-06 11:36:28,2,6,6,17.7,42.9,18.7,41.5,0,24
2026-08-06 11:41:28,3,4,4,17.8,42.8,18.9,40.9,0,25
2026-08-06 11:46:27,1,7,7,17.9,42.2,19,40.4,0,25
2026-08-06 11:51:28,2,6,7,18,42.1,19.1,40.1,0,24
2026-08-06 11:56:27,2,5,5,18.1,42.5,19.2,41.1,0,24
2026-08-06 12:01:28,1,6,6,18.2,41.9,19.4,40,0,26
2026-08-06 12:06:28,3,7,7,18.3,41.8,19.5,39.9,0,24
2026-08-06 12:11:28,1,3,3,18.3,41.1,19.5,38.9,0,25
2026-08-06 12:16:28,4,8,8,18.5,41.5,19.6,39.7,0,26
2026-08-06 12:21:28,4,7,7,18.5,41.5,19.6,39.9,0,25
2026-08-06 12:26:28,3,6,7,18.5,41.7,19.7,40.2,0,22
2026-08-06 12:31:28,4,7,7,18.6,41.5,19.7,39.6,0,25
2026-08-06 12:36:28,6,7,7,18.6,42.1,19.8,40.4,0,21
2026-08-06 12:41:28,5,7,7,18.7,42,19.9,40,0,24
2026-08-06 12:46:28,4,7,7,18.7,41.7,20,40,0,21
2026-08-06 12:51:28,5,7,7,18.8,41.7,20,40.1,0,25
2026-08-06 12:56:28,4,9,9,18.8,41.5,20.1,39.7,0,22
2026-08-06 13:01:28,4,8,12,18.9,41.4,20.2,39.2,0,22
2026-08-06 13:06:28,4,8,9,18.9,40.9,20.3,38.6,0,25
2026-08-06 13:11:28,6,17,17,19,41.3,20.3,38.8,0,25
2026-08-06 13:16:28,8,20,22,19.1,41.2,20.4,39,0,21
2026-08-06 13:21:28,4,8,8,19.1,41.2,20.5,39.1,0,25
2026-08-06 13:26:28,5,10,10,19.2,41.3,20.6,39,0,24
2026-08-06 13:31:28,5,14,14,19.2,41,20.6,38.9,0,23
2026-08-06 13:36:28,7,19,19,19.3,41.2,20.7,38.9,0,26
2026-08-06 13:41:28,7,20,22,19.3,41.3,20.7,39.1,0,23
2026-08-06 13:46:28,18,31,32,19.4,41.1,20.7,38.8,0,26
2026-08-06 13:51:28,10,21,21,19.4,40.9,20.7,38.5,0,22
2026-08-06 13:56:28,8,19,22,19.4,41,20.7,38.7,0,19
2026-08-06 14:01:28,9,26,26,19.4,41.5,20.7,39.3,0,28
2026-08-06 14:06:28,17,32,32,19.4,41,20.7,38.8,0,18
2026-08-06 14:11:28,12,26,26,19.4,40.9,20.6,38.7,0,25
2026-08-06 14:16:28,13,26,27,19.3,41.1,20.6,39.1,0,22
2026-08-06 14:21:28,12,25,27,19.3,41.3,20.5,39.5,0,20
2026-08-06 14:26:28,21,29,31,19.2,41.5,20.3,39.7,0,25
2026-08-06 14:31:28,14,26,26,19.1,41.3,20.2,39.8,0,25
2026-08-06 14:36:28,18,31,31,19.1,41.6,20.1,40.1,0,19
2026-08-06 14:41:28,19,30,30,19,41.3,20,39.9,0,28
2026-08-06 14:46:28,22,30,32,18.9,41.6,19.8,40.2,0,24
2026-08-06 14:51:28,20,30,31,18.8,41.4,19.7,39.9,0,24
2026-08-06 14:56:28,19,29,31,18.7,41.7,19.6,40.7,0,24
2026-08-06 15:01:28,20,32,34,18.6,41.9,19.5,40.9,0,21
2026-08-06 15:06:28,21,34,35,18.6,41.9,19.3,40.7,0,24
2026-08-06 15:11:28,22,35,37,18.5,42.2,19.2,41.3,0,24
2026-08-06 15:16:28,21,31,36,18.4,42.1,19.1,41.1,0,25
2026-08-06 15:21:28,24,37,41,18.3,42.6,19,41.6,0,20
2026-08-06 15:26:28,24,37,41,18.2,42.8,19,42.1,0,24
2026-08-06 15:31:28,22,36,39,18.2,42.7,18.9,41.6,0,25
2026-08-06 15:36:28,22,33,34,18.1,42.8,18.8,41.8,0,24
2026-08-06 15:41:28,20,32,33,18,43.2,18.7,42.2,0,24
2026-08-06 15:46:28,20,33,34,18,43.1,18.6,42.5,0,24
2026-08-06 15:51:28,19,33,34,17.9,43.2,18.6,42.5,0,25
2026-08-06 15:56:28,19,32,35,17.9,43.3,18.5,42.5,0,25
2026-08-06 16:01:28,20,33,34,17.8,43.2,18.4,42.6,0,21
2026-08-06 16:06:28,18,31,32,17.8,43.1,18.4,42.2,0,25
2026-08-06 16:11:28,17,33,33,17.7,43.1,18.3,42.1,0,19
2026-08-06 16:16:28,13,30,32,17.7,43.3,18.2,42.7,0,25
2026-08-06 16:21:28,14,30,30,17.6,43.4,18.2,42.7,0,25
2026-08-06 16:26:28,17,32,32,17.6,43.7,18.1,43.2,0,25
2026-08-06 16:31:28,12,29,29,17.5,43.7,18.1,43.2,0,25
2026-08-06 16:36:28,13,28,31,17.5,43.9,18,43.6,0,25
2026-08-06 16:41:28,16,29,30,17.4,44.1,18,43.9,0,26
2026-08-06 16:46:28,16,28,31,17.4,44.2,17.9,43.8,0,24
2026-08-06 16:51:28,15,28,28,17.4,43.9,17.9,43.5,0,25
2026-08-06 16:56:28,8,22,26,17.4,44.4,17.9,44.2,0,24
2026-08-06 17:01:28,9,27,28,17.3,44.4,17.8,44.4,0,24
2026-08-06 17:06:28,14,27,27,17.3,44.4,17.8,44,0,25
2026-08-06 17:11:28,10,25,26,17.2,44.4,17.7,44,0,25
2026-08-06 17:16:28,13,26,26,17.2,44.7,17.7,44.7,0,25
2026-08-06 17:21:28,9,27,30,17.2,44.9,17.6,44.6,0,23
2026-08-06 17:26:28,8,19,22,17.2,44.9,17.6,44.7,0,23
2026-08-06 17:31:28,9,25,25,17.1,44.9,17.6,44.7,0,26
2026-08-06 17:36:28,8,22,23,17.1,45.1,17.5,45.1,0,26
2026-08-06 17:41:28,10,26,27,17.1,45.3,17.5,45.4,0,23
2026-08-06 17:46:29,14,26,29,17,45.4,17.4,45.4,0,23
2026-08-06 17:51:28,9,26,27,17,45.4,17.4,45.3,0,20
2026-08-06 17:56:28,10,25,26,18.6,45.6,23.1,36.9,0,28
2026-08-06 18:01:28,8,24,24,20.2,42.6,25.7,31.9,0,24
2026-08-06 18:06:28,8,20,21,20.8,40.2,25,31.9,0,25
2026-08-06 18:11:28,5,15,17,20.2,39.7,22,35.5,0,21
2026-08-06 18:16:28,4,12,14,20.6,41.1,25,33.6,0,21
2026-08-06 18:21:28,5,12,13,21.9,39,27.8,29,0,21
2026-08-06 18:26:28,4,11,13,23.2,36.6,29.5,26.3,0,21
2026-08-06 18:31:28,5,12,13,23.7,35.1,28.6,26.1,0,21
2026-08-06 18:36:29,5,13,13,23.4,35.4,28.1,27.6,0,21
2026-08-06 18:41:28,4,11,11,24.3,34.3,29.8,25.3,0,21
2026-08-06 18:46:29,4,11,11,24.8,33.5,30.4,24.4,0,21
2026-08-06 18:51:28,3,10,11,25.2,32.8,30.6,23.9,0,21
2026-08-06 18:56:28,3,8,10,25.4,32.2,30.8,23.7,0,21
2026-08-06 19:01:29,2,8,8,25.6,31.5,30.8,23.4,0,21
2026-08-06 19:06:28,2,6,6,25.7,31.1,30.8,23.3,0,21
2026-08-06 19:11:29,2,9,9,25.7,30.8,30.8,22.8,0,21
2026-08-06 19:16:28,2,5,5,25.8,30.5,30.8,22.5,0,21
2026-08-06 19:21:29,1,5,5,25.8,30.1,30.7,22.3,0,21
2026-08-06 19:26:28,0,4,5,25.7,30.1,30.7,22.3,0,21
2026-08-06 19:31:29,1,6,6,25.8,29.8,30.8,22.1,0,21
2026-08-06 19:36:28,1,5,5,25.8,29.8,30.8,21.9,0,21
2026-08-06 19:41:29,1,4,4,25.7,29.6,30.6,22,0,21
2026-08-06 19:46:28,1,5,6,25.7,29.6,30.7,21.9,0,21
2026-08-06 19:51:29,1,3,3,25.7,29.6,30.7,21.9,0,21
2026-08-06 19:56:29,0,4,4,25.6,29.5,30.5,22.1,0,21
2026-08-06 20:01:28,1,4,5,25.6,29.6,30.5,22.1,0,21
2026-08-06 20:06:29,2,6,6,25.6,29.7,30.6,22.1,0,21
2026-08-06 20:11:28,1,4,4,25.6,29.6,30.5,22.1,0,21
2026-08-06 20:16:29,1,5,5,25.5,29.5,30.5,21.9,0,21
2026-08-06 20:21:28,2,7,8,25.5,29.2,30.4,21.8,0,21
2026-08-06 20:26:29,3,8,8,25.5,29.4,30.4,21.9,0,21
2026-08-06 20:31:28,6,13,13,25.4,29.5,30.3,22.4,0,21
2026-08-06 20:36:29,6,14,16,25.4,29.9,30.3,22.6,0,21
2026-08-06 20:41:29,6,16,16,25.4,29.8,30.3,22.6,0,21
2026-08-06 20:46:29,4,13,15,25.4,30.1,30.3,22.8,0,21
2026-08-06 20:51:29,4,12,12,25.4,29.9,30.2,22.6,0,21
2026-08-06 20:56:29,5,7,7,25.3,29.5,30.1,22.2,0,21
2026-08-06 21:01:29,2,6,6,25.2,29.6,29.8,22.4,0,21
2026-08-06 21:06:29,3,8,8,25.1,29.6,29.8,22.4,0,21
2026-08-06 21:11:29,2,4,4,25,29.6,29.7,22.4,0,21
2026-08-06 21:16:29,4,7,7,25,29.7,29.7,22.5,0,21
2026-08-06 21:21:29,5,7,7,24.9,29.8,29.7,22.5,0,21
2026-08-06 21:26:29,3,8,8,24.9,29.8,29.7,22.5,0,21
2026-08-06 21:31:29,4,9,9,24.9,29.7,29.7,22.5,0,21
2026-08-06 21:36:29,5,8,11,24.9,29.9,29.7,22.6,0,21
2026-08-06 21:41:29,3,9,9,24.9,30,29.7,22.7,0,21
2026-08-06 21:46:29,5,9,9,24.9,29.9,29.7,22.5,0,21
2026-08-06 21:51:29,4,8,8,24.9,29.8,29.7,22.5,0,21
2026-08-06 21:56:29,5,12,13,24.9,29.9,29.8,22.4,0,21
2026-08-06 22:01:29,4,10,12,24.9,29.8,29.7,22.5,0,21
2026-08-06 22:06:29,6,12,13,24.9,29.9,29.8,22.5,0,21
2026-08-06 22:11:29,5,14,14,24.9,30.1,29.7,23,0,21
2026-08-06 22:16:29,5,13,14,24.8,29.9,29.6,22.8,0,21
2026-08-06 22:21:29,7,18,19,24.8,29.9,29.6,22.8,0,21
2026-08-06 22:26:29,6,16,16,24.9,30.2,29.7,22.8,0,21
2026-08-06 22:31:29,6,18,19,24.8,30.1,29.6,23,0,21
2026-08-06 22:36:29,9,19,20,24.8,30,29.6,22.9,0,21
2026-08-06 22:41:29,5,9,11,24.8,30,29.6,22.8,0,21
2026-08-06 22:46:29,3,12,12,24.8,30,29.6,22.8,0,21
2026-08-06 22:51:29,2,8,8,24.8,30.2,29.5,22.9,0,21
2026-08-06 22:56:29,3,9,11,24.7,29.9,29.6,22.7,0,21
2026-08-06 23:01:29,4,7,7,24.8,30.1,29.6,22.8,0,21
2026-08-06 23:06:29,5,13,14,24.8,30.1,29.5,23,0,21
2026-08-06 23:11:29,4,8,8,24.7,30.4,29.5,23,0,18
2026-08-06 23:16:29,5,8,8,24.7,30.2,29.5,23,0,21
2026-08-06 23:21:29,5,11,12,24.7,30.2,29.5,23,0,21
2026-08-06 23:26:29,4,11,11,24.7,30.4,29.5,23.1,0,21
2026-08-06 23:31:29,4,11,12,24.7,30.4,29.6,23.1,0,21
2026-08-06 23:36:29,5,15,15,24.7,30.4,29.5,23.2,0,21
2026-08-06 23:41:29,5,9,11,24.7,30.4,29.5,23.1,0,21
2026-08-06 23:46:29,4,11,12,24.7,30.2,29.5,22.9,0,21
2026-08-06 23:51:29,5,11,12,24.6,30.4,29.5,23.2,0,21
2026-08-06 23:56:29,4,11,12,24.7,30.3,29.5,22.9,0,21
2026-08-07 00:01:29,4,9,9,24.6,30.3,29.5,23,0,21
2026-08-07 00:06:29,4,11,11,24.6,30.3,29.5,23.1,0,21
2026-08-07 00:11:29,5,12,12,24.6,30.5,29.4,23.3,0,21
2026-08-07 00:16:29,7,17,20,24.6,30.6,29.5,23.3,0,21
2026-08-07 00:21:29,5,9,9,24.6,30.4,29.5,23,0,21
2026-08-07 00:26:29,5,12,13,24.6,30.5,29.4,23.2,0,21
2026-08-07 00:31:29,7,17,17,24.6,30.4,29.4,23.1,0,18
2026-08-07 00:36:29,5,18,20,24.6,30.4,29.3,23.2,0,21
2026-08-07 00:41:29,6,18,19,24.6,30.3,29.3,23.2,0,21
2026-08-07 00:46:29,7,19,20,24.6,30.4,29.3,23.3,0,21
2026-08-07 00:51:29,6,17,18,24.5,30.7,29.4,23.4,0,21
2026-08-07 00:56:29,5,15,16,24.6,30.6,29.4,23.3,0,21
2026-08-07 01:01:29,6,15,17,24.6,30.7,29.4,23.6,0,18
2026-08-07 01:06:29,6,18,19,24.5,30.7,29.3,23.6,0,18
2026-08-07 01:11:30,6,19,19,24.5,30.8,29.2,23.3,0,18
2026-08-07 01:16:29,6,18,19,24.5,30.7,29.2,23.6,0,18
2026-08-07 01:21:29,5,14,16,24.5,30.6,29.2,23.4,0,18
2026-08-07 01:26:30,6,16,17,24.4,30.5,29.3,23.3,0,18
2026-08-07 01:31:29,7,17,19,24.5,30.5,29.3,23.1,0,18
2026-08-07 01:36:30,8,19,22,24.5,30.6,29.3,23.4,0,21
2026-08-07 01:41:29,8,18,19,24.5,30.6,29.2,23.4,0,18
2026-08-07 01:46:30,9,22,23,24.4,30.7,29.2,23.6,0,18
2026-08-07 01:51:29,8,20,22,24.5,30.8,29.3,23.6,0,18
2026-08-07 01:56:30,7,20,20,24.5,30.9,29.3,23.5,0,18
2026-08-07 02:01:29,7,20,20,24.5,30.8,29.3,23.6,0,18
2026-08-07 02:06:30,6,18,20,24.5,30.9,29.3,23.8,0,27
2026-08-07 02:11:30,8,20,22,24.5,30.7,29.3,23.5,0,27
2026-08-07 02:16:30,7,22,23,24.5,30.9,29.3,23.6,0,27
2026-08-07 02:21:30,7,19,19,24.5,31,29.3,23.7,0,14
2026-08-07 02:26:29,6,20,22,24.5,31,29.2,23.7,0,18
2026-08-07 02:31:29,7,16,17,24.5,31,29.3,23.6,0,14
2026-08-07 02:36:30,5,15,16,24.4,30.8,29.1,23.7,0,14
2026-08-07 02:41:30,7,17,18,24.4,31,29.2,23.7,0,14
2026-08-07 02:46:29,7,22,22,24.4,31.1,29.1,23.9,0,14
2026-08-07 02:51:30,6,19,20,24.4,30.9,29.1,23.7,0,25
2026-08-07 02:56:30,7,20,20,24.4,31.1,29.2,23.8,0,15
2026-08-07 03:01:30,6,19,20,24.4,31,29.2,23.8,1,23
2026-08-07 03:06:30,6,15,17,24.3,30.9,29.1,23.8,1,15
2026-08-07 03:11:30,7,20,20,24.3,31.2,29.1,23.9,0,14
2026-08-07 03:16:30,8,19,20,24.4,31.2,29.2,23.9,0,14
2026-08-07 03:21:30,7,20,22,24.3,31.1,29.1,24,0,15
2026-08-07 03:26:30,7,19,22,24.3,31.2,29,24.1,0,24
2026-08-07 03:31:30,9,22,23,24.2,31.2,28.9,24.1,0,14
2026-08-07 03:36:30,9,22,23,24.2,31.3,29.1,24,0,14
2026-08-07 03:41:29,7,20,20,24.1,31.3,28.9,24.2,0,25
2026-08-07 03:46:30,5,16,19,24.1,31.3,28.9,24,0,16
2026-08-07 03:51:29,7,20,20,24.1,31.3,28.9,24.2,0,16
2026-08-07 03:56:30,7,19,22,24,31.3,28.8,24.3,0,16
2026-08-07 04:01:30,9,19,22,24,31.4,28.7,24.3,0,16
2026-08-07 04:06:30,8,22,23,23.9,31.6,28.6,24.6,0,16
2026-08-07 04:11:30,9,24,25,23.8,31.5,28.6,24.5,0,16
2026-08-07 04:16:30,9,22,23,23.8,31.7,28.5,24.5,0,16
2026-08-07 04:21:30,8,24,24,23.7,31.7,28.3,24.7,0,16
2026-08-07 04:26:30,11,25,26,23.7,31.6,28.3,24.9,0,16
2026-08-07 04:31:30,9,24,24,23.6,31.8,28.2,25,0,16
2026-08-07 04:36:30,8,24,24,23.6,31.8,28.4,24.8,0,16
2026-08-07 04:41:30,9,23,24,23.6,31.9,28.4,24.8,0,16
2026-08-07 04:46:30,9,24,24,23.6,31.8,28.4,24.8,0,16
2026-08-07 04:51:30,8,20,23,23.6,31.9,28.4,24.8,0,16
2026-08-07 04:56:30,7,19,20,23.6,31.8,28.4,24.6,0,16
2026-08-07 05:01:30,7,18,19,23.6,31.8,28.5,24.7,0,16
2026-08-07 05:06:30,7,18,19,23.6,31.9,28.4,24.8,0,16
2026-08-07 05:11:30,8,20,22,23.6,31.9,28.4,24.8,0,16
2026-08-07 05:16:30,8,18,22,23.6,31.9,28.5,24.8,0,16
2026-08-07 05:21:30,7,23,23,23.5,32.2,28.4,25,0,16
2026-08-07 05:26:30,7,19,22,23.5,31.9,28.4,24.9,0,16
2026-08-07 05:31:30,8,22,23,23.5,31.8,28.4,24.7,0,16
2026-08-07 05:36:30,8,22,23,23.6,32.1,28.5,24.8,0,14
2026-08-07 05:41:30,9,23,24,23.6,32,28.6,24.7,0,14
2026-08-07 05:46:30,9,23,23,23.6,32,28.5,24.8,0,14
2026-08-07 05:51:30,9,25,25,23.6,31.9,28.5,24.8,0,17
2026-08-07 05:56:30,8,24,24,23.5,32,28.2,25.1,1,14
2026-08-07 06:01:30,11,25,27,23.5,32.1,28.4,25.1,0,14
2026-08-07 06:06:30,13,25,26,23.5,32.3,28.4,24.9,0,14
2026-08-07 06:11:30,8,23,23,23.5,32.3,28.2,25.2,0,17
2026-08-07 06:16:30,9,24,25,23.4,32.3,28.2,25.3,0,14
2026-08-07 06:21:30,8,24,25,23.4,32.3,28.2,25.1,0,14
2026-08-07 06:26:30,9,24,25,23.4,32.4,28.2,25.1,0,17
2026-08-07 06:31:30,8,23,24,23.4,32.3,28.2,25.1,0,24
2026-08-07 06:36:30,9,24,25,23.4,32.2,28.3,25,0,18
2026-08-07 06:41:30,8,24,24,23.4,32,28.2,25,0,18
2026-08-07 06:46:30,9,25,25,23.3,32.3,28.1,25,1,18
2026-08-07 06:51:30,7,22,23,23.4,32.2,28.2,24.8,0,18
2026-08-07 06:56:30,9,24,26,23.4,31.9,28.3,24.7,0,18
2026-08-07 07:01:30,8,23,24,23.4,32.1,28.3,24.6,0,18
2026-08-07 07:06:30,9,23,23,23.4,32,28.3,24.7,0,18
2026-08-07 07:11:30,9,25,27,23.3,32,28.1,24.8,0,19
2026-08-07 07:16:30,9,26,27,23.3,31.8,28.1,24.5,0,20
2026-08-07 07:21:30,8,27,27,23.4,31.8,28.3,24.4,0,20
2026-08-07 07:26:30,7,22,24,23.3,31.6,28.1,24.5,1,19
2026-08-07 07:31:30,11,26,26,23.3,32,28,24.7,0,19
2026-08-07 07:36:30,8,24,25,23.3,32,28,24.7,0,20
2026-08-07 07:41:31,11,25,27,23.2,31.9,28,24.4,0,20
2026-08-07 07:46:30,9,24,24,23.2,31.8,28.1,24.5,0,20
2026-08-07 07:51:31,8,26,27,23.2,31.8,28.2,24.5,0,20
2026-08-07 07:56:30,9,25,28,23.2,31.8,28,24.6,0,20
2026-08-07 08:01:31,11,25,25,23.2,31.9,28.1,24.7,0,19
2026-08-07 08:06:30,11,25,27,23.2,31.7,28,24.6,0,20
2026-08-07 08:11:31,11,28,28,23.2,32,28.1,24.7,0,22
2026-08-07 08:16:31,14,30,30,23.2,31.9,28,24.7,0,25
2026-08-07 08:21:30,11,26,27,23.2,32.3,28,25.1,0,24
2026-08-07 08:26:30,12,27,29,23.2,32.2,28,25,0,20
2026-08-07 08:31:31,11,27,28,23.2,32.3,28.1,25,0,24
2026-08-07 08:36:31,11,28,29,23.2,32.3,28.1,24.9,0,22
2026-08-07 08:41:31,12,28,30,23.3,32.1,28.1,24.9,0,19
2026-08-07 08:46:30,13,27,28,23.2,32.3,28.1,25,0,25
2026-08-07 08:51:31,18,31,32,23.3,32.4,28.2,25,1,25
2026-08-07 08:56:30,16,30,30,23.3,32.5,28.2,25.1,0,16
2026-08-07 09:01:31,12,25,26,23.3,32.5,28.2,25.2,0,17
2026-08-07 09:06:31,13,28,30,23.4,32.4,28.3,25.1,0,20
2026-08-07 09:11:31,14,25,28,23.4,32.4,28.3,25,0,24
2026-08-07 09:16:31,15,31,32,23.5,32.4,28.4,25,0,17
2026-08-07 09:21:31,16,28,31,23.5,32.4,28.5,25,0,25
2026-08-07 09:26:31,21,34,41,23.5,32.3,28.3,25.1,0,23
2026-08-07 09:31:31,22,34,37,23.5,32.4,28.4,24.9,0,26
2026-08-07 09:36:30,21,36,40,23.5,32.3,28.5,24.8,0,24
2026-08-07 09:41:31,22,34,40,23.5,32,28.4,24.9,0,20
2026-08-07 09:46:31,23,36,39,23.6,32.1,28.5,24.7,0,25
2026-08-07 09:51:31,23,37,41,23.5,32,28.4,25,0,25
2026-08-07 09:56:31,24,42,50,23.6,32.2,28.5,24.8,0,20
2026-08-07 10:01:31,24,40,48,23.6,32.1,28.6,24.8,0,25
2026-08-07 10:06:31,27,41,48,23.6,32,28.5,24.7,0,29
2026-08-07 10:11:31,25,40,48,23.6,32.1,28.5,24.8,0,25
2026-08-07 10:16:31,26,42,49,23.6,32,28.5,24.8,0,29
2026-08-07 10:21:31,28,44,52,23.6,32.2,28.5,24.8,0,29
2026-08-07 10:26:31,26,42,50,23.6,32.2,28.6,24.7,0,22
2026-08-07 10:31:31,27,43,53,23.7,31.8,28.6,24.5,0,25
2026-08-07 10:36:31,28,45,55,23.7,31.8,28.6,24.5,0,25
2026-08-07 10:41:31,28,44,54,23.6,31.7,28.4,24.8,0,26
2026-08-07 10:46:31,28,46,56,23.6,32,28.5,24.7,0,25
2026-08-07 10:51:31,28,45,53,23.7,31.9,28.5,24.7,0,22
2026-08-07 10:56:31,28,46,56,23.6,32,28.5,24.7,0,26
2026-08-07 11:01:31,29,46,55,23.6,32,28.6,24.6,0,22
2026-08-07 11:06:31,28,46,56,23.7,32,28.6,24.7,0,26
2026-08-07 11:11:31,30,47,59,23.7,32.2,28.6,24.8,0,26
2026-08-07 11:16:31,37,60,74,23.7,32.2,28.7,24.7,0,24
2026-08-07 11:21:31,34,53,67,23.7,32.2,28.6,25,0,25
2026-08-07 11:26:31,31,51,61,23.7,32.4,28.7,25,0,25
2026-08-07 11:31:31,30,49,60,23.8,32.4,28.8,24.8,0,21
2026-08-07 11:36:31,30,47,60,23.8,32.6,28.8,24.8,0,25
2026-08-07 11:41:31,30,48,59,23.9,32.3,28.9,24.6,0,21
2026-08-07 11:46:31,30,49,59,23.9,32.3,28.8,24.8,0,27
2026-08-07 11:51:31,30,47,59,23.9,32.1,28.7,24.8,0,21
2026-08-07 11:56:31,29,47,57,23.9,32.1,28.7,24.9,0,26
2026-08-07 12:01:31,30,49,60,23.8,32.4,28.6,25.1,0,24
2026-08-07 12:06:31,30,48,58,23.8,32.3,28.6,25.2,0,24
2026-08-07 12:11:31,29,46,56,23.8,32.6,28.6,25.2,0,25
2026-08-07 12:16:31,26,43,50,23.8,32.5,28.6,25.2,0,25
2026-08-07 12:21:31,24,41,49,23.9,32.4,28.8,24.8,0,25
2026-08-07 12:26:31,27,44,52,24,32.3,28.9,24.8,0,26
2026-08-07 12:31:31,26,43,52,24.1,32.4,29.1,24.7,0,25
2026-08-07 12:36:31,24,41,49,24.2,32.1,29.1,24.6,0,26
2026-08-07 12:41:31,24,39,46,24.3,32.2,29.3,24.5,0,25
2026-08-07 12:46:31,23,41,50,24.4,31.8,29.4,24.4,0,25
2026-08-07 12:51:31,27,42,50,24.5,31.8,29.5,24.2,0,25
2026-08-07 12:56:31,26,41,50,24.6,31.7,29.6,24.3,0,26
2026-08-07 13:01:31,26,41,49,24.7,31.7,29.7,24.1,0,22
2026-08-07 13:06:31,30,48,60,24.8,31.6,29.9,24,1,25
2026-08-07 13:11:31,28,42,50,24.9,31.6,29.9,24.1,0,21
2026-08-07 13:16:31,28,45,55,25,31.6,30,24.1,0,26
2026-08-07 13:21:31,30,48,57,25.1,31.4,30,23.8,0,23
2026-08-07 13:26:31,29,46,56,25.1,31.3,30.2,23.8,0,26
2026-08-07 13:31:31,30,46,56,25.2,31.1,30.2,23.6,0,22
2026-08-07 13:36:31,28,44,53,25.2,31.1,29.9,24,0,25
2026-08-07 13:41:31,34,53,66,23.9,31.7,26.2,27.5,0,22
2026-08-07 13:46:31,34,55,67,22,33.5,22.5,32.5,0,25
2026-08-07 13:51:31,33,53,65,20.4,35.6,20.4,36.4,0,21
2026-08-07 13:56:31,33,51,63,21.2,37,26.1,30.1,0,24
2026-08-07 14:01:31,30,47,58,22.7,35.1,28.8,26.1,0,24
2026-08-07 14:06:31,28,46,54,23.6,33.8,29.6,24.8,0,24
2026-08-07 14:11:31,28,44,51,24.3,33.1,29.9,24.5,0,25
2026-08-07 14:16:31,28,43,50,24.8,32.5,30.2,24,0,26
2026-08-07 14:21:32,27,42,51,25,32.2,30.4,23.9,0,22
2026-08-07 14:26:32,26,43,52,25.2,31.6,30.4,23.7,0,25
2026-08-07 14:31:31,27,43,52,25.3,31.5,30.4,23.7,0,25
2026-08-07 14:36:31,28,45,54,25.4,31.2,30.4,23.7,0,22
2026-08-07 14:41:32,28,44,53,25.4,31.1,30.5,23.7,0,25
2026-08-07 14:46:31,26,41,49,25.4,31.1,30.4,23.8,0,25
2026-08-07 14:51:32,26,41,48,25.5,30.9,30.5,23.7,0,25
2026-08-07 14:56:31,26,42,51,25.5,30.9,30.5,23.5,0,21
2026-08-07 15:01:32,24,39,46,25.5,31,30.4,23.7,0,24
2026-08-07 15:06:31,23,36,41,25.4,31,30.3,23.7,0,25
2026-08-07 15:11:31,25,39,46,25.4,30.9,30.2,23.7,0,26
2026-08-07 15:16:31,26,41,49,25.3,31,30.1,23.9,0,25
2026-08-07 15:21:32,23,39,46,25.2,31.1,30,23.9,0,24
2026-08-07 15:26:31,24,38,45,25.1,31.1,30,23.9,0,24
2026-08-07 15:31:32,22,35,38,25.1,31.1,29.9,23.9,0,26
2026-08-07 15:36:31,21,33,36,25.1,31,29.9,23.8,0,25
2026-08-07 15:41:32,18,31,36,25,31.1,29.9,23.8,0,24
2026-08-07 15:46:31,21,32,34,24.9,30.9,29.8,23.7,0,24
2026-08-07 15:51:31,20,32,34,24.9,31.1,29.7,23.7,0,24
2026-08-07 15:56:31,17,29,32,24.8,31,29.6,23.7,0,25
2026-08-07 16:01:32,19,30,31,24.8,30.9,29.5,23.6,0,24
2026-08-07 16:06:32,17,30,34,24.7,30.9,29.4,23.7,0,24
2026-08-07 16:11:32,16,29,31,24.5,30.9,29.3,23.7,0,26
2026-08-07 16:16:32,12,28,28,24.5,31,29.2,23.7,0,26
2026-08-07 16:21:31,11,26,26,24.4,31,29.1,23.8,0,25
2026-08-07 16:26:32,21,33,37,24.3,31,29,23.7,0,25
2026-08-07 16:31:31,11,25,26,24.2,31,29,23.7,0,20
2026-08-07 16:36:32,11,24,24,24.1,30.9,28.9,23.5,0,24
2026-08-07 16:41:32,8,22,22,24,30.8,28.9,23.4,0,21
2026-08-07 16:46:32,11,23,24,23.9,30.6,28.8,23.3,0,21
2026-08-07 16:51:32,9,22,22,23.8,30.6,28.6,23.3,0,21
2026-08-07 16:56:32,9,23,24,23.8,30.7,28.5,23.3,0,21
2026-08-07 17:01:32,6,19,19,23.7,30.5,28.5,23,0,21
2026-08-07 17:06:32,6,15,18,23.6,30.3,28.5,23,0,21
2026-08-07 17:11:32,7,14,14,23.6,30,28.5,22.7,0,21
2026-08-07 17:16:32,5,11,13,23.6,29.9,28.5,22.5,0,21
2026-08-07 17:21:32,5,12,12,23.6,29.8,28.5,22.4,0,21
2026-08-07 17:26:32,5,9,11,23.5,29.9,28.3,22.4,0,21
2026-08-07 17:31:32,6,12,12,23.4,29.7,28.3,22.3,0,21
2026-08-07 17:36:32,5,9,9,23.4,29.6,28.2,22.4,0,21
2026-08-07 17:41:32,5,11,11,23.3,29.8,28.1,22.2,0,21
2026-08-07 17:46:32,5,11,12,23.3,29.7,28.2,22.2,0,21
2026-08-07 17:51:32,3,11,11,23.2,29.5,28.1,22.1,0,21
2026-08-07 17:56:32,5,8,8,23.2,29.3,28,21.9,0,21
2026-08-07 18:01:32,4,9,9,23.2,29.3,28,21.9,0,21
2026-08-07 18:06:32,4,8,9,23.2,29.2,28,21.6,1,21
2026-08-07 18:11:32,5,7,7,23.2,29.1,28,21.7,0,21
2026-08-07 18:16:32,5,11,12,23.1,29.3,27.9,21.7,0,21
2026-08-07 18:21:32,4,7,9,23.1,29.1,27.9,21.6,0,21
2026-08-07 18:26:32,5,9,11,23,28.8,27.9,21.4,0,21
2026-08-07 18:31:32,4,7,7,23,28.7,27.8,21.3,0,21
2026-08-07 18:36:32,4,8,9,23,29.2,27.6,21.6,0,21
2026-08-07 18:41:32,4,11,12,23,28.7,27.8,21.4,0,21
2026-08-07 18:46:32,4,8,8,23,29,27.7,21.6,0,21
2026-08-07 18:51:32,5,9,9,22.9,28.9,27.7,21.3,0,21
2026-08-07 18:56:32,3,7,7,22.9,28.6,27.7,21.2,0,21
2026-08-07 19:01:32,4,6,6,22.9,28.7,27.7,21.1,0,21
2026-08-07 19:06:32,3,6,6,22.9,28.5,27.8,21,0,21
2026-08-07 19:11:32,4,6,6,22.9,28.5,27.7,21,0,21
2026-08-07 19:16:32,3,6,6,22.9,28.5,27.7,20.8,0,21
2026-08-07 19:21:32,3,4,4,22.8,28.2,27.5,20.8,0,21
2026-08-07 19:26:32,2,4,4,22.8,28.2,27.6,20.6,0,21
2026-08-07 19:31:32,1,4,5,22.8,28,27.6,20.4,0,21
2026-08-07 19:36:32,1,3,3,22.8,27.8,27.7,20.2,0,21
2026-08-07 19:41:32,0,2,2,22.8,27.6,27.5,20.3,0,21
2026-08-07 19:46:32,1,3,3,22.7,27.6,27.6,20.1,0,21
2026-08-07 19:51:32,1,4,4,22.8,27.7,27.5,20.2,0,21
2026-08-07 19:56:32,2,4,5,22.7,27.6,27.6,20.1,0,21
2026-08-07 20:01:32,0,5,5,22.7,27.5,27.5,20.1,0,21
2026-08-07 20:06:32,0,3,3,22.7,27.5,27.5,20.1,0,21
2026-08-07 20:11:32,0,6,6,22.7,27.4,27.5,20.1,0,21
2026-08-07 20:16:32,0,3,3,22.7,27.6,27.4,20.2,0,21
2026-08-07 20:21:32,0,4,4,22.6,27.6,27.4,20.2,0,21
2026-08-07 20:26:32,1,4,4,22.7,27.3,27.4,19.9,0,21
2026-08-07 20:31:32,1,4,4,22.6,27.3,27.4,20.1,0,21
2026-08-07 20:36:32,1,5,5,22.6,27.3,27.5,20,0,21
2026-08-07 20:41:32,2,5,5,22.6,27.5,27.4,20.1,0,21
2026-08-07 20:46:32,0,6,6,22.6,27.5,27.3,20.1,0,21
2026-08-07 20:51:32,1,5,5,22.6,27.3,27.3,20,0,21
2026-08-07 20:56:32,1,3,3,22.6,27.2,27.3,20.1,0,21
2026-08-07 21:01:32,1,5,5,22.6,27.3,27.4,20.1,0,21
2026-08-07 21:06:32,0,4,4,22.5,27.5,27.3,20.1,0,21
2026-08-07 21:11:32,1,3,4,22.5,27.2,27.3,20,0,21
2026-08-07 21:16:33,1,4,4,22.5,27.4,27.2,20.1,0,21
2026-08-07 21:21:32,1,4,4,22.5,27.3,27.3,20,0,21
2026-08-07 21:26:33,1,3,3,22.5,27.3,27.3,20.1,0,21
2026-08-07 21:31:33,1,3,4,22.5,27.4,27.3,20.1,0,21
2026-08-07 21:36:33,1,3,3,22.5,27.4,27.4,20,0,21
2026-08-07 21:41:33,0,3,4,22.5,27.3,27.3,20.1,0,21
2026-08-07 21:46:33,0,2,3,22.5,27.3,27.3,20,0,21
2026-08-07 21:51:33,0,2,2,22.5,27.2,27.3,20,0,21
2026-08-07 21:56:33,0,3,3,22.5,27.2,27.3,20,0,21
2026-08-07 22:01:32,1,2,2,22.5,27.3,27.3,20,0,21
2026-08-07 22:06:32,2,3,3,22.5,27.5,27.2,20.2,0,21
2026-08-07 22:11:32,1,7,7,22.5,27.3,27.2,20.2,0,21
2026-08-07 22:16:33,3,6,6,22.5,27.4,27.2,20.3,0,21
2026-08-07 22:21:33,4,6,6,22.4,27.8,27.2,20.4,0,21
2026-08-07 22:26:32,4,7,7,22.4,27.5,27.3,20.3,0,21
2026-08-07 22:31:33,3,7,8,22.4,27.6,27.1,20.5,0,21
2026-08-07 22:36:33,4,9,11,22.4,27.7,27.1,20.5,0,29
2026-08-07 22:41:33,4,7,7,22.4,27.6,27.2,20.3,0,22
2026-08-07 22:46:33,5,8,9,22.4,27.4,27.1,20.4,0,22
2026-08-07 22:51:33,5,8,9,22.4,27.6,27.1,20.5,0,22
2026-08-07 22:56:33,5,11,11,22.3,27.4,27.1,20.5,0,22
2026-08-07 23:01:33,4,12,13,22.3,27.8,27.1,20.4,0,22
2026-08-07 23:06:33,5,11,11,22.3,27.8,27,20.5,0,22
2026-08-07 23:11:33,5,9,9,22.3,27.8,27,20.5,0,19
2026-08-07 23:16:33,5,11,12,22.3,27.9,27,20.5,0,19
2026-08-07 23:21:33,6,11,12,22.2,27.9,27,20.6,0,19
2026-08-07 23:26:33,6,11,12,22.2,28,27,20.7,0,19
2026-08-07 23:31:33,6,19,19,22.2,28.1,26.9,20.7,0,21
2026-08-07 23:36:33,7,14,15,22.2,28.1,26.9,20.8,1,21
2026-08-07 23:41:33,4,8,9,22.1,28,26.8,20.8,0,21
2026-08-07 23:46:33,3,7,7,22.1,28.1,26.9,20.8,0,21
2026-08-07 23:51:33,3,5,5,22.1,28.1,26.9,20.8,0,21
2026-08-07 23:56:32,3,5,5,22.2,28.1,26.8,20.9,0,21
2026-08-08 00:01:33,2,5,5,22.1,28.2,26.8,20.9,0,21
2026-08-08 00:06:33,3,7,8,22.1,28.2,26.8,21,0,21
2026-08-08 00:11:33,3,7,7,22.1,28.2,26.9,20.9,0,21
2026-08-08 00:16:33,1,4,4,22.1,28.2,26.7,20.9,0,21
2026-08-08 00:21:33,0,2,2,22.1,28.2,26.7,20.9,0,21
2026-08-08 00:26:33,0,1,2,22,28.2,26.7,20.9,0,21
2026-08-08 00:31:33,0,2,2,22,28.2,26.8,20.7,0,18
2026-08-08 00:36:33,0,1,1,22,28.1,26.7,20.7,0,18
2026-08-08 00:41:33,0,1,1,22,28.3,26.6,20.9,0,18
2026-08-08 00:46:33,0,1,2,22,28.2,26.7,20.8,0,18
2026-08-08 00:51:33,0,2,3,22,28.2,26.8,20.7,0,21
2026-08-08 00:56:33,0,2,2,22,28.1,26.7,20.9,0,19
2026-08-08 01:01:33,0,3,3,21.9,28.4,26.5,21.2,0,19
2026-08-08 01:06:33,0,3,3,21.9,28.5,26.6,21.2,0,19
2026-08-08 01:11:33,1,3,3,21.9,28.4,26.5,21.2,0,19
2026-08-08 01:16:33,0,3,3,21.8,28.4,26.4,21.3,0,19
2026-08-08 01:21:33,0,2,2,21.8,28.4,26.4,21.1,1,19
2026-08-08 01:26:33,0,1,2,21.7,28.3,26.4,21.2,0,19
2026-08-08 01:31:33,0,1,2,21.8,28.2,26.4,21,0,19
2026-08-08 01:36:33,0,1,1,21.7,28.4,26.4,21,0,19
2026-08-08 01:41:33,0,1,2,21.7,28.4,26.3,21.1,0,19
2026-08-08 01:46:33,0,3,3,21.7,28.5,26.3,21.3,0,19
2026-08-08 01:51:33,0,3,3,21.7,28.5,26.2,21.4,1,19
2026-08-08 01:56:33,0,1,1,21.6,28.8,26.2,21.4,0,19
2026-08-08 02:01:33,0,0,1,21.7,28.6,26.4,21.1,0,19
2026-08-08 02:06:33,0,1,1,21.6,28.3,26.3,21.2,0,19
2026-08-08 02:11:33,0,1,1,21.6,28.5,26.2,21.2,0,19
2026-08-08 02:16:33,0,2,2,21.7,28.6,26.4,21.1,0,19
2026-08-08 02:21:33,0,3,3,21.6,28.6,26.2,21.3,0,17
2026-08-08 02:26:33,0,3,3,21.6,28.6,26.1,21.4,0,17
2026-08-08 02:31:33,0,2,2,21.5,28.9,26.1,21.6,0,24
2026-08-08 02:36:33,0,3,3,21.5,28.8,26.2,21.4,0,16
2026-08-08 02:41:33,0,2,2,21.5,28.8,26,21.4,0,25
2026-08-08 02:46:33,0,1,1,21.5,28.7,26.1,21.6,0,17
2026-08-08 02:51:33,0,1,2,21.5,28.8,26.2,21.5,0,17
2026-08-08 02:56:33,0,2,2,21.5,28.7,26.1,21.3,0,24
2026-08-08 03:01:34,0,2,2,21.5,28.7,26.1,21.4,0,15
2026-08-08 03:06:34,0,2,2,21.5,28.6,26.2,21.4,0,24
2026-08-08 03:11:33,0,2,2,21.4,28.8,26.2,21.4,1,15
2026-08-08 03:16:34,0,2,2,21.5,28.9,26.2,21.5,0,15
2026-08-08 03:21:34,1,5,5,21.4,28.9,26.1,21.5,0,24
2026-08-08 03:26:34,3,6,7,21.5,28.7,26.2,21.4,0,15
2026-08-08 03:31:33,2,5,5,21.4,28.7,26.1,21.4,0,15
2026-08-08 03:36:34,1,4,4,21.4,28.7,26.1,21.5,0,24
2026-08-08 03:41:33,1,5,5,21.4,28.7,26.1,21.5,0,24
2026-08-08 03:46:33,1,4,4,21.4,28.8,26,21.4,0,14
2026-08-08 03:51:34,0,3,3,21.3,28.8,26,21.6,0,15
2026-08-08 03:56:34,0,3,3,21.3,28.7,26,21.6,0,15
2026-08-08 04:01:33,0,2,3,21.3,28.7,26,21.6,0,15
2026-08-08 04:06:34,1,4,4,21.3,28.9,26,21.6,1,24
2026-08-08 04:11:33,1,4,4,21.3,28.9,26.1,21.5,0,15
2026-08-08 04:16:34,1,3,3,21.4,28.9,26.2,21.5,0,24
2026-08-08 04:21:34,0,2,2,21.4,28.9,26.2,21.5,0,15
2026-08-08 04:26:34,0,2,2,21.4,28.9,26.1,21.6,0,15
2026-08-08 04:31:34,0,2,2,21.4,29,26.1,21.7,0,15
2026-08-08 04:36:34,0,5,5,21.4,28.8,26.1,21.5,1,14
2026-08-08 04:41:33,1,1,1,21.5,29,26.2,21.5,0,15
2026-08-08 04:46:34,0,2,2,21.5,28.7,26.2,21.4,0,15
2026-08-08 04:51:34,0,2,2,21.5,28.9,26.2,21.4,0,15
2026-08-08 04:56:33,0,0,1,21.5,28.9,26.2,21.4,0,14
2026-08-08 05:01:33,0,0,1,21.5,28.6,26.2,21.1,1,25
2026-08-08 05:06:34,0,0,0,21.5,28.6,26.1,21,0,14
2026-08-08 05:11:33,0,0,0,21.5,28.4,26.2,20.9,0,14
2026-08-08 05:16:34,0,0,0,21.5,28.5,26.1,21.1,0,25
2026-08-08 05:21:33,0,1,1,21.4,28.4,26.1,21.1,0,15
2026-08-08 05:26:34,0,2,2,21.5,28.6,26.2,21.2,0,14
2026-08-08 05:31:34,3,5,6,21.4,28.8,26.1,21.6,0,24
2026-08-08 05:36:33,4,8,9,21.4,29.1,26.1,21.7,0,14
2026-08-08 05:41:33,4,7,7,21.5,29.1,26.1,21.7,0,14
2026-08-08 05:46:34,2,4,5,21.4,28.9,26.1,21.6,0,24
2026-08-08 05:51:33,0,2,2,21.4,28.8,26.2,21.5,0,16
2026-08-08 05:56:34,1,2,2,21.4,28.7,26.2,21.4,0,16
2026-08-08 06:01:34,0,2,2,21.4,28.6,26.1,21.5,0,16
2026-08-08 06:06:34,0,1,1,21.4,28.8,26.1,21.3,0,16
2026-08-08 06:11:34,0,0,0,21.4,28.6,26.1,21.3,0,25
2026-08-08 06:16:33,0,1,1,21.3,28.7,26,21.4,0,14
2026-08-08 06:21:34,0,1,1,21.3,28.7,26,21.4,0,24
2026-08-08 06:26:33,0,1,2,21.3,28.8,25.9,21.6,0,15
2026-08-08 06:31:34,0,0,0,21.3,28.8,26,21.6,0,15
2026-08-08 06:36:34,0,2,2,21.3,28.8,25.9,21.7,0,15
2026-08-08 06:41:34,0,1,2,21.2,29,25.8,21.7,0,15
2026-08-08 06:46:34,0,1,1,21.1,28.8,25.8,21.8,0,15
2026-08-08 06:51:34,0,0,0,21.2,28.9,26,21.4,0,15
2026-08-08 06:56:34,0,0,1,21.2,28.8,26,21.4,1,15
2026-08-08 07:01:34,0,0,0,21.2,28.7,25.9,21.5,0,24
2026-08-08 07:06:34,0,0,0,21.2,28.8,25.9,21.4,0,19
2026-08-08 07:11:33,0,0,0,21.2,28.8,25.9,21.4,0,19
2026-08-08 07:16:34,0,0,0,21.2,28.7,25.9,21.4,0,19
2026-08-08 07:21:34,0,0,0,21.2,28.8,25.9,21.4,0,19
2026-08-08 07:26:34,0,0,0,21.2,28.7,25.9,21.4,0,19
2026-08-08 07:31:34,0,0,0,21.1,28.8,25.9,21.4,0,19
2026-08-08 07:36:34,0,0,0,21.1,28.7,25.7,21.6,0,19
2026-08-08 07:41:34,0,0,0,21.1,29,25.7,21.6,0,19
2026-08-08 07:46:34,0,0,0,21.1,28.8,25.8,21.5,0,19
2026-08-08 07:51:34,0,0,0,21.1,29,25.8,21.5,0,19
2026-08-08 07:56:34,0,0,0,21.1,28.8,25.8,21.5,0,19
2026-08-08 08:01:34,0,2,2,21.1,28.9,25.7,21.5,0,19
2026-08-08 08:06:34,0,0,0,21,28.8,25.7,21.7,0,19
2026-08-08 08:11:34,0,0,0,21,29,25.7,21.7,0,19
2026-08-08 08:16:34,0,0,0,21,28.9,25.7,21.7,0,19
2026-08-08 08:21:34,0,0,0,21,29,25.7,21.7,0,19
2026-08-08 08:26:34,1,5,5,21,29.1,25.7,21.8,0,19
2026-08-08 08:31:34,0,0,0,21,29.2,25.8,21.7,0,19
2026-08-08 08:36:34,0,0,0,20.9,29,25.6,21.8,0,20
2026-08-08 08:41:34,0,0,0,21,29.2,25.7,21.8,0,20
2026-08-08 08:46:34,0,0,0,21,29.1,25.7,21.9,0,20
2026-08-08 08:51:34,0,0,0,21,29.2,25.8,21.9,0,20
2026-08-08 08:56:34,0,0,0,21.1,29.2,25.9,21.9,0,20
2026-08-08 09:01:34,0,0,0,21.1,29.2,25.9,21.9,0,20
2026-08-08 09:06:34,0,0,0,21.1,29.2,25.9,21.8,0,20
2026-08-08 09:11:34,0,0,0,21.2,29.1,26,21.8,0,20
2026-08-08 09:16:34,0,0,0,21.2,29.1,25.9,21.7,1,20
2026-08-08 09:21:34,0,1,1,21.2,29,25.9,21.6,0,20
2026-08-08 09:26:34,0,1,1,21.2,28.9,26,21.4,1,20
2026-08-08 09:31:34,0,1,1,21.2,28.9,26,21.4,0,20
2026-08-08 09:36:34,0,0,0,21.2,28.7,25.9,21.5,1,20
2026-08-08 09:41:34,0,1,1,21.2,29,26,21.6,0,20
2026-08-08 09:46:34,0,1,1,21.2,29,26,21.6,0,20
2026-08-08 09:51:34,0,0,0,21.3,29,26,21.6,0,20
2026-08-08 09:56:34,0,5,5,21.3,29,26,21.8,0,20
2026-08-08 10:01:34,1,4,4,21.3,29,26.1,21.7,0,20
2026-08-08 10:06:34,0,1,1,21.3,29.2,26.1,21.7,0,20
2026-08-08 10:11:34,0,2,2,21.4,29.1,26.3,21.5,0,20
2026-08-08 10:16:34,0,1,1,21.5,29.1,26.4,21.3,0,20
2026-08-08 10:21:34,0,1,1,21.6,28.9,26.5,21.2,0,20
2026-08-08 10:26:34,0,0,0,21.7,28.8,26.5,21.1,0,20
2026-08-08 10:31:34,0,1,1,21.7,28.7,26.5,21.1,0,20
2026-08-08 10:36:34,0,2,2,21.8,28.6,26.6,20.9,0,20
2026-08-08 10:41:34,0,1,2,21.8,28.4,26.7,20.8,1,20
2026-08-08 10:46:34,0,2,2,21.9,28.7,26.8,21.1,0,20
2026-08-08 10:51:34,0,3,3,22,28.6,26.8,20.7,0,20
2026-08-08 10:56:34,1,5,5,22.1,28.2,26.9,20.5,0,20
2026-08-08 11:01:34,1,3,4,22.2,28.3,27.2,20.4,0,20
2026-08-08 11:06:34,0,2,2,22.3,27.9,27.4,20,0,20
2026-08-08 11:11:34,3,6,6,22.5,28,27.6,20.2,0,20
2026-08-08 11:16:34,0,3,3,22.7,27.7,27.9,19.8,0,20
2026-08-08 11:21:34,0,1,1,22.9,27.9,28.1,20.2,0,20
2026-08-08 11:26:35,0,2,2,23.1,27.5,28.3,19.9,0,20
2026-08-08 11:31:35,0,4,4,23.3,27.3,28.3,19.7,0,20
2026-08-08 11:36:34,1,4,4,23.3,26.8,28.3,19.5,0,20
2026-08-08 11:41:35,1,5,5,23.3,26.7,28.2,19.3,0,20
2026-08-08 11:46:34,1,2,2,23.3,26.6,28.1,19.3,0,20
2026-08-08 11:51:35,1,4,5,23.3,26.1,28.2,18.9,0,20
2026-08-08 11:56:35,1,4,4,23.3,26.4,28.2,19,0,20
2026-08-08 12:01:35,1,4,5,23.3,26.4,28.2,19,0,20
2026-08-08 12:06:35,1,5,5,23.3,26.1,28.2,18.9,0,20
2026-08-08 12:11:35,1,3,3,23.4,26,28.3,18.7,0,20
2026-08-08 12:16:34,1,4,4,23.4,25.9,28.4,18.7,0,20
2026-08-08 12:21:35,1,4,4,23.5,25.8,28.4,18.6,0,20
2026-08-08 12:26:34,0,5,5,23.5,26.1,28.4,18.8,0,20
2026-08-08 12:31:35,1,3,4,23.5,25.8,28.4,18.6,0,20
2026-08-08 12:36:35,0,3,3,23.5,25.9,28.5,18.6,0,20
2026-08-08 12:41:35,1,4,4,23.5,25.8,28.3,18.7,0,20
2026-08-08 12:46:35,2,4,4,23.5,25.9,28.4,18.7,0,20
2026-08-08 12:51:35,3,5,5,23.5,25.6,28.5,18.3,0,20
2026-08-08 12:56:35,1,3,3,23.6,25.6,28.6,18.5,0,20
2026-08-08 13:01:35,1,5,6,23.6,25.4,28.7,18,0,20
2026-08-08 13:06:35,3,5,5,23.7,25.4,28.8,17.8,0,20
2026-08-08 13:11:34,1,5,5,23.8,25.1,28.9,17.6,0,20
2026-08-08 13:16:35,2,4,5,23.9,25.3,29,17.8,0,20
2026-08-08 13:21:35,1,4,4,24,25.1,29,17.3,0,20
2026-08-08 13:26:35,0,3,3,24.1,24.7,29.1,17.2,0,20
2026-08-08 13:31:34,1,5,5,24.3,24.6,29.3,16.9,0,20
2026-08-08 13:36:35,2,4,4,24.4,24.3,29.5,16.5,0,20
2026-08-08 13:41:35,2,5,6,24.5,24.3,29.5,16.8,0,20
2026-08-08 13:46:35,3,7,7,24.6,24.5,29.6,17.1,0,20
2026-08-08 13:51:35,2,5,5,24.7,24.3,29.8,16.8,0,20
2026-08-08 13:56:35,2,7,7,24.7,24.4,29.6,17.1,0,20
2026-08-08 14:01:35,3,5,5,24.8,24.3,29.7,17,0,20
2026-08-08 14:06:35,2,6,6,24.7,24.3,29.6,17,0,20
2026-08-08 14:11:35,4,6,6,24.7,24.3,29.6,17.1,0,20
2026-08-08 14:16:35,3,5,5,24.8,24.1,29.6,17,0,20
2026-08-08 14:21:35,3,5,5,24.7,24.2,29.6,16.9,0,20
2026-08-08 14:26:35,2,6,6,24.7,24,29.6,16.8,0,20
2026-08-08 14:31:35,3,6,6,24.7,24.1,29.5,16.8,0,20
2026-08-08 14:36:35,3,6,6,24.7,24.1,29.6,16.7,0,20
2026-08-08 14:41:35,3,7,7,24.6,24.2,29.5,16.9,0,20
2026-08-08 14:46:35,2,7,7,24.6,24.1,29.5,16.7,0,20
2026-08-08 14:51:35,3,6,6,24.7,24,29.5,16.8,0,20
2026-08-08 14:56:35,3,8,8,24.6,23.9,29.5,16.5,0,20
2026-08-08 15:01:35,1,5,5,24.6,23.8,29.4,16.7,0,20
2026-08-08 15:06:35,3,9,9,24.6,24,29.3,16.7,0,20
2026-08-08 15:11:35,3,7,7,24.6,23.9,29.4,16.6,0,20
2026-08-08 15:16:35,2,6,6,24.6,23.8,29.4,16.6,0,20
2026-08-08 15:21:35,5,8,8,24.6,23.7,29.4,16.7,0,20
2026-08-08 15:26:35,5,8,8,24.5,23.8,29.4,16.7,0,20
2026-08-08 15:31:35,5,7,7,24.6,24,29.4,16.7,0,20
2026-08-08 15:36:35,4,8,8,24.5,23.9,29.4,16.6,0,20
2026-08-08 15:41:35,5,8,9,24.5,23.7,29.4,16.6,0,20
2026-08-08 15:46:35,2,6,7,24.5,23.7,29.3,16.7,0,20
2026-08-08 15:51:35,3,6,6,24.5,23.9,29.4,16.7,1,20
2026-08-08 15:56:35,5,9,11,24.5,23.7,29.3,16.7,0,20
2026-08-08 16:01:35,4,8,8,24.4,23.9,29.2,16.7,0,20
2026-08-08 16:06:35,4,8,8,24.4,24.1,29.2,16.7,0,20
2026-08-08 16:11:35,4,7,7,24.4,23.8,29.2,16.7,0,20
2026-08-08 16:16:35,4,8,8,24.3,23.9,29.1,16.7,0,20
2026-08-08 16:21:35,4,7,7,24.3,23.9,29,16.8,0,20
2026-08-08 16:26:35,4,7,8,24.2,24,29,16.8,0,20
2026-08-08 16:31:35,6,11,11,24.2,23.9,29,16.8,0,20
2026-08-08 16:36:35,6,8,9,24.1,24,29,16.8,0,20
2026-08-08 16:41:35,5,11,11,24.1,24,29,16.8,0,20
2026-08-08 16:46:35,6,9,9,24.1,24,29,16.8,1,20
2026-08-08 16:51:35,5,9,9,24.1,24,29,16.8,0,20
2026-08-08 16:56:35,5,11,12,24.1,24,29,16.9,0,20
2026-08-08 17:01:35,5,11,13,24.1,24,29,16.8,1,20
2026-08-08 17:06:35,4,11,11,24,24,28.9,17,0,20
2026-08-08 17:11:35,4,12,12,24,24,28.9,17,0,20
2026-08-08 17:16:35,5,7,7,23.9,24,28.8,17,0,20
2026-08-08 17:21:35,6,12,12,23.9,24.1,28.8,17,0,20
2026-08-08 17:26:36,5,11,11,23.9,24.2,28.8,17,0,20
2026-08-08 17:31:36,4,8,9,23.8,24.1,28.6,17.2,0,20
2026-08-08 17:36:36,5,14,14,23.8,24.3,28.5,17.3,0,20
2026-08-08 17:41:35,5,13,13,23.7,24.4,28.5,17.4,0,20
2026-08-08 17:46:36,5,7,9,23.7,24.4,28.6,17.3,0,20
2026-08-08 17:51:35,5,11,11,23.7,24.2,28.6,17.4,0,20
2026-08-08 17:56:36,4,8,8,23.7,24.2,28.5,17.4,0,20
2026-08-08 18:01:35,7,14,16,23.6,24.3,28.4,17.6,0,20
2026-08-08 18:06:36,5,8,8,23.6,24.5,28.4,17.6,1,20
2026-08-08 18:11:35,5,9,9,23.5,24.6,28.3,17.8,0,20
2026-08-08 18:16:36,4,6,6,23.5,24.6,28.3,17.9,0,20
2026-08-08 18:21:36,4,6,7,23.5,24.8,28.3,18,0,20
2026-08-08 18:26:35,2,5,5,23.4,24.8,28.2,18,0,20
2026-08-08 18:31:36,2,6,6,23.4,24.8,28.2,18.1,0,20
2026-08-08 18:36:35,2,5,5,23.3,25,28,18.2,0,20
2026-08-08 18:41:36,3,5,5,23.2,25,28,18.3,0,20
2026-08-08 18:46:36,1,5,5,23.2,25.1,28,18.3,1,20
2026-08-08 18:51:36,1,6,6,23.2,25.3,28,18.5,0,20
2026-08-08 18:56:36,1,4,4,23.1,25.3,27.9,18.6,0,20
2026-08-08 19:01:36,1,2,2,23.1,25.6,27.8,18.8,0,20
2026-08-08 19:06:36,0,2,4,23,25.5,27.8,18.9,0,20
2026-08-08 19:11:36,0,2,2,22.9,25.5,27.7,18.9,0,20
2026-08-08 19:16:36,0,4,4,22.9,25.9,27.7,19,0,20
2026-08-08 19:21:36,1,2,2,22.9,25.8,27.7,19.1,0,20
2026-08-08 19:26:35,0,4,5,22.8,25.9,27.6,19.1,0,20
2026-08-08 19:31:36,0,2,2,22.8,25.9,27.6,19.1,0,20
2026-08-08 19:36:36,0,4,4,22.7,26.1,27.5,19.2,0,20
2026-08-08 19:41:36,0,4,4,22.7,25.9,27.4,19.2,0,20
2026-08-08 19:46:36,0,3,3,22.6,26,27.3,19.3,0,20
2026-08-08 19:51:36,0,2,2,22.5,26.1,27.1,19.4,0,20
2026-08-08 19:56:36,0,4,4,22.5,26.3,27.3,19.3,0,20
2026-08-08 20:01:35,1,4,4,22.4,26.2,27.2,19.3,0,20
2026-08-08 20:06:36,0,3,3,22.4,26.2,27.2,19.4,1,20
2026-08-08 20:11:36,0,3,3,22.4,26.4,27,19.7,0,20
2026-08-08 20:16:36,0,2,2,22.3,26.4,27,19.7,0,20
2026-08-08 20:21:35,0,4,4,22.3,26.4,27,19.5,0,20
2026-08-08 20:26:36,0,2,2,22.3,26.4,26.9,19.6,0,20
2026-08-08 20:31:35,1,4,4,22.2,26.4,26.9,19.4,0,20
2026-08-08 20:36:36,1,4,4,22.1,26.2,26.8,19.3,0,20
2026-08-08 20:41:36,2,3,3,22.1,26.2,26.6,19.3,0,20
2026-08-08 20:46:36,1,3,3,22,26.2,26.6,19.2,0,20
2026-08-08 20:51:36,2,4,4,21.9,26.3,26.6,19.4,0,20
2026-08-08 20:56:36,0,4,4,21.9,26.4,26.6,19.6,0,20
2026-08-08 21:01:36,0,2,2,21.9,26.2,26.5,19.3,0,20
2026-08-08 21:06:36,0,3,3,21.8,26.2,26.5,19.3,0,20
2026-08-08 21:11:36,0,4,4,21.9,26.1,26.6,19.1,0,20
2026-08-08 21:16:36,2,4,4,21.9,26.1,26.6,18.9,0,20
2026-08-08 21:21:36,1,3,3,21.9,26.1,26.6,19.1,0,20
2026-08-08 21:26:36,0,3,3,21.8,26,26.6,18.8,0,20
2026-08-08 21:31:36,1,3,3,21.8,26.1,26.5,19,0,20
2026-08-08 21:36:36,0,5,5,21.8,25.9,26.5,18.9,0,20
2026-08-08 21:41:36,1,3,3,21.8,26,26.5,19,0,20
2026-08-08 21:46:36,1,4,4,21.8,26,26.4,19,1,20
2026-08-08 21:51:36,2,5,5,21.8,26,26.5,18.9,0,20
2026-08-08 21:56:36,2,4,4,21.8,25.8,26.4,18.9,0,20
2026-08-08 22:01:36,1,4,4,21.7,26,26.1,19.1,0,20
2026-08-08 22:06:36,0,4,4,21.6,26.1,26.1,19.1,0,20
2026-08-08 22:11:36,0,3,3,21.6,26.1,26.1,19.1,0,20
2026-08-08 22:16:36,1,4,4,21.5,25.9,26.1,19,0,20
2026-08-08 22:21:36,1,3,3,21.5,26.1,26,19.3,0,20
2026-08-08 22:26:36,1,4,5,21.5,26.2,26.2,19.2,0,20
2026-08-08 22:31:36,1,4,4,21.5,26.1,26.3,19.1,0,20
2026-08-08 22:36:36,0,3,3,21.6,26.1,26.3,19,0,20
2026-08-08 22:41:36,0,4,4,21.6,26.1,26.3,19,0,20
2026-08-08 22:46:36,0,2,2,21.6,26.2,26.3,19.1,0,20
2026-08-08 22:51:36,0,2,3,21.6,26.3,26.3,19.2,0,20
2026-08-08 22:56:36,0,2,3,21.6,26.1,26.3,19.1,0,20
2026-08-08 23:01:36,1,3,4,21.6,26.2,26.3,19,0,20
2026-08-08 23:06:36,1,4,4,21.6,25.9,26.3,18.9,0,20
2026-08-08 23:11:36,1,3,3,21.6,26,26.3,18.9,1,20
2026-08-08 23:16:36,0,2,2,21.6,25.8,26.4,18.8,0,20
2026-08-08 23:21:36,1,2,2,21.7,26,26.4,18.8,0,20
2026-08-08 23:26:36,0,4,4,21.7,25.9,26.4,18.7,0,20
2026-08-08 23:31:36,0,2,2,21.6,25.9,26.4,18.7,1,20
2026-08-08 23:36:36,1,3,3,21.7,25.9,26.4,18.9,0,20
2026-08-08 23:41:36,0,2,2,21.6,26,26.3,18.9,0,20
2026-08-08 23:46:36,0,3,3,21.7,26.1,26.4,18.8,1,20
2026-08-08 23:51:36,0,3,3,21.7,25.8,26.4,18.8,0,20
2026-08-08 23:56:36,1,4,4,21.7,25.9,26.4,18.8,0,20
2026-08-09 00:01:36,0,3,3,21.7,26,26.4,18.9,0,20
2026-08-09 00:06:36,0,4,5,21.7,26,26.3,19.1,0,20
2026-08-09 00:11:36,1,3,4,21.6,26.5,26.3,19.4,0,20
2026-08-09 00:16:36,2,4,4,21.6,26.3,26.3,19.4,0,20
2026-08-09 00:21:37,1,6,6,21.6,26.6,26.2,19.7,0,20
2026-08-09 00:26:37,1,4,5,21.6,26.8,26.3,19.7,0,20
2026-08-09 00:31:36,2,4,5,21.6,26.6,26.3,19.7,0,20
2026-08-09 00:36:37,1,5,5,21.5,26.7,26.2,19.6,0,20
2026-08-09 00:41:37,1,4,5,21.5,26.6,26.1,19.8,0,20
2026-08-09 00:46:36,2,3,3,21.5,26.7,26.1,19.8,0,20
2026-08-09 00:51:37,2,4,4,21.4,26.5,26,19.8,0,20
2026-08-09 00:56:37,1,3,3,21.4,26.6,26,19.9,0,20
2026-08-09 01:01:37,1,3,3,21.3,26.6,26,19.7,0,20
2026-08-09 01:06:36,1,4,4,21.2,26.5,25.9,19.7,0,20
2026-08-09 01:11:36,1,3,3,21.2,26.6,25.9,19.9,0,20
2026-08-09 01:16:36,2,5,5,21.2,26.7,25.9,19.7,0,20
2026-08-09 01:21:37,3,5,5,21.2,26.7,25.8,19.9,0,20
2026-08-09 01:26:37,4,7,8,21.1,26.9,25.8,19.8,0,20
2026-08-09 01:31:37,3,6,7,21.1,26.7,25.7,19.8,0,20
2026-08-09 01:36:36,2,5,5,21,26.8,25.7,19.8,0,20
2026-08-09 01:41:36,3,5,5,21,26.7,25.7,19.6,0,20
2026-08-09 01:46:36,2,4,5,21,26.8,25.7,19.8,0,20
2026-08-09 01:51:37,2,6,7,21,26.8,25.6,19.8,0,20
2026-08-09 01:56:37,2,7,7,20.9,26.8,25.6,19.8,1,20
2026-08-09 02:01:37,3,6,7,20.8,26.8,25.5,19.9,0,20
2026-08-09 02:06:37,3,6,6,20.8,26.7,25.4,19.9,0,19
2026-08-09 02:11:37,3,7,7,20.7,27.1,25.4,19.9,0,17
2026-08-09 02:16:37,3,5,7,20.7,26.9,25.4,19.9,0,17
2026-08-09 02:21:37,3,6,7,20.7,26.9,25.4,19.9,0,17
2026-08-09 02:26:37,3,6,7,20.6,27.1,25.4,19.8,0,17
2026-08-09 02:31:37,4,6,6,20.6,27.1,25.3,19.9,0,17
2026-08-09 02:36:37,3,5,5,20.6,27,25.2,19.8,0,20
2026-08-09 02:41:37,4,7,7,20.6,26.9,25.2,19.9,0,18
2026-08-09 02:46:37,4,7,7,20.5,26.9,25.2,19.8,0,18
2026-08-09 02:51:37,5,8,10,20.5,26.9,25.2,20,0,18
2026-08-09 02:56:37,3,6,7,20.5,27.1,25.1,20,0,18
2026-08-09 03:01:37,4,7,7,20.5,26.8,25.1,19.9,0,18
2026-08-09 03:06:37,4,8,8,20.4,27.4,25,20.2,0,26
2026-08-09 03:11:37,4,8,8,20.4,27,25,19.9,0,17
2026-08-09 03:16:37,4,8,8,20.3,27.1,24.9,20,0,17
2026-08-09 03:21:37,5,7,7,20.2,27,24.8,20,1,26
2026-08-09 03:26:37,4,10,12,20.1,27,24.7,19.9,0,27
2026-08-09 03:31:37,5,8,10,20.1,27.1,24.7,20,0,27
2026-08-09 03:36:37,4,10,10,20.1,27.2,24.6,20,0,16
2026-08-09 03:41:37,4,10,10,20,27.3,24.6,20.1,0,16
2026-08-09 03:46:37,5,10,10,20,27.2,24.6,20,0,16
2026-08-09 03:51:37,4,8,8,19.9,27.2,24.5,20,0,16
2026-08-09 03:56:37,6,10,10,19.9,27.1,24.5,20,0,16
2026-08-09 04:01:37,5,10,10,19.9,27.3,24.5,20.2,0,16
2026-08-09 04:06:37,5,8,10,19.9,27.2,24.4,20.2,0,16
2026-08-09 04:11:37,3,8,8,19.8,27.3,24.4,20.3,0,16
2026-08-09 04:16:37,4,10,10,19.8,27.3,24.4,20.1,0,16
2026-08-09 04:21:37,4,7,7,19.7,27.3,24.3,20.3,0,16
2026-08-09 04:26:37,4,10,10,19.7,27.5,24.2,20.4,0,16
2026-08-09 04:31:37,4,10,12,19.7,27.6,24.3,20.4,0,16
2026-08-09 04:36:37,4,8,8,19.6,27.6,24.1,20.5,0,26
2026-08-09 04:41:37,4,9,9,19.6,27.7,24.1,20.7,0,14
2026-08-09 04:46:37,4,9,10,19.6,27.8,24.2,20.7,0,14
2026-08-09 04:51:37,3,7,8,19.5,28,24.1,20.8,0,14
2026-08-09 04:56:37,4,6,7,19.5,28.2,24.2,20.8,0,25
2026-08-09 05:01:37,4,14,14,19.5,28.1,24.1,20.6,0,15
2026-08-09 05:06:37,5,8,8,19.5,28.1,24,20.7,1,15
2026-08-09 05:11:37,4,10,13,19.5,27.8,24.1,20.4,1,14
2026-08-09 05:16:37,5,13,14,19.5,28,24.1,20.4,0,14
2026-08-09 05:21:37,5,14,17,19.4,27.6,24.1,20.4,0,24
2026-08-09 05:26:37,4,10,12,19.4,27.7,24,20.4,0,14
2026-08-09 05:31:37,4,12,12,19.5,27.9,24,20.4,0,16
2026-08-09 05:36:37,4,12,13,19.4,28,24.1,20.6,0,16
2026-08-09 05:41:37,4,17,17,19.4,27.9,24.1,20.6,0,24
2026-08-09 05:46:37,5,15,20,19.4,27.7,24,20.4,1,14
2026-08-09 05:51:37,6,15,15,19.4,27.9,24,20.4,0,15
2026-08-09 05:56:37,5,12,13,19.4,27.9,24.1,20.5,0,25
2026-08-09 06:01:37,7,18,18,19.3,27.9,23.9,20.4,0,18
2026-08-09 06:06:37,5,18,20,19.3,28,23.9,20.7,0,24
2026-08-09 06:11:37,6,18,19,19.3,28,23.9,20.4,0,14
2026-08-09 06:16:37,5,19,20,19.3,28,24,20.5,0,24
2026-08-09 06:21:37,6,13,13,19.3,27.9,23.9,20.6,0,27
2026-08-09 06:26:37,8,17,20,19.3,27.8,24,20.4,0,14
2026-08-09 06:31:37,7,21,21,19.3,27.9,24,20.5,0,14
2026-08-09 06:36:37,5,19,20,19.3,27.8,23.9,20.5,0,14
2026-08-09 06:41:38,6,15,17,19.3,27.7,24,20.3,0,25
2026-08-09 06:46:37,8,18,20,19.3,28.2,23.9,20.5,0,16
2026-08-09 06:51:37,6,17,20,19.2,27.6,23.9,20.3,1,24
2026-08-09 06:56:38,6,16,18,19.3,28,24,20.2,0,17
2026-08-09 07:01:38,7,18,21,19.3,27.7,24,20.2,0,17
2026-08-09 07:06:37,5,18,20,19.3,27.8,24,20.2,0,17
2026-08-09 07:11:37,7,22,22,19.3,27.6,23.9,20.2,0,18
2026-08-09 07:16:37,7,19,21,19.2,27.7,23.9,20.4,0,18
2026-08-09 07:21:37,6,19,20,19.3,27.8,23.9,20.3,0,18
2026-08-09 07:26:37,5,14,16,19.2,27.8,23.8,20.4,0,18
2026-08-09 07:31:37,6,21,21,19.2,27.8,23.7,20.4,0,18
2026-08-09 07:36:37,4,13,18,19.2,27.6,23.9,20.1,0,18
2026-08-09 07:41:38,5,19,20,19.2,27.8,23.8,20.3,0,18
2026-08-09 07:46:38,5,14,18,19.2,27.9,23.8,20.5,0,18
2026-08-09 07:51:38,5,20,20,19.2,28,23.7,20.5,0,18
2026-08-09 07:56:37,6,19,19,19.2,28.1,23.9,20.5,0,18
2026-08-09 08:01:37,8,20,21,19.2,27.9,23.8,20.4,0,18
2026-08-09 08:06:38,6,20,21,19.2,27.9,23.8,20.4,0,18
2026-08-09 08:11:37,7,19,20,19.2,28.1,23.8,20.4,0,18
2026-08-09 08:16:37,8,21,22,19.2,28,23.7,20.5,0,18
2026-08-09 08:21:38,7,17,19,19.1,27.9,23.7,20.7,0,18
2026-08-09 08:26:37,6,15,18,19.1,28.1,23.8,20.9,1,18
2026-08-09 08:31:37,5,12,13,19.1,28.3,23.8,21,0,18
2026-08-09 08:36:38,6,12,14,19.2,28.6,23.9,21,0,18
2026-08-09 08:41:38,6,16,16,19.2,28,23.9,20.4,0,18
2026-08-09 08:46:37,5,13,14,19.2,27.7,23.8,20.3,0,18
2026-08-09 08:51:37,6,19,20,19.2,28.1,23.8,20.6,0,18
2026-08-09 08:56:38,6,18,19,19.2,28.2,23.9,20.9,0,18
2026-08-09 09:01:38,6,19,19,19.2,28.6,23.9,21,0,18
2026-08-09 09:06:38,5,13,14,19.3,28.2,24,20.5,0,18
2026-08-09 09:11:38,6,16,17,19.4,27.9,24.1,20.3,0,18
2026-08-09 09:16:38,7,17,20,19.4,28.1,24.1,20.4,1,18
2026-08-09 09:21:38,5,18,18,19.5,28.1,24.3,20.5,0,18
2026-08-09 09:26:38,6,14,18,19.6,28,24.5,20.3,1,18
2026-08-09 09:31:38,6,16,18,19.7,28.1,24.5,20.5,0,18
2026-08-09 09:36:38,7,16,17,19.8,28.3,24.7,20.6,0,18
2026-08-09 09:41:38,6,20,20,20,28.1,24.9,20.4,0,18
2026-08-09 09:46:38,7,21,22,20.1,28.4,25.1,20.5,0,18
2026-08-09 09:51:37,8,21,22,20.3,28.3,25.3,20.5,0,18
2026-08-09 09:56:38,8,20,22,20.4,28.1,25.4,20.5,0,18
2026-08-09 10:01:38,7,19,19,20.6,28.1,25.6,20.6,0,21
2026-08-09 10:06:38,9,22,22,20.8,28.1,25.9,20.4,0,21
2026-08-09 10:11:38,9,21,23,21,28,26.1,20.2,0,19
2026-08-09 10:16:38,12,21,24,21.2,27.7,26.3,20.1,0,19
2026-08-09 10:21:38,8,23,23,21.3,27.7,26.3,20,1,19
2026-08-09 10:26:38,12,23,23,21.5,27.7,26.5,20.1,0,19
2026-08-09 10:31:38,9,24,24,21.6,27.6,26.6,20,0,19
2026-08-09 10:36:38,9,25,25,21.8,27.4,26.8,19.9,0,19
2026-08-09 10:41:38,9,20,21,21.9,27.2,26.9,19.8,0,19
2026-08-09 10:46:38,9,23,23,22.1,27.1,27.1,19.6,0,19
2026-08-09 10:51:38,11,23,24,22.2,27,27.2,19.5,0,19
2026-08-09 10:56:38,11,23,24,22.3,27,27.3,19.7,0,19
2026-08-09 11:01:38,12,23,24,22.4,26.9,27.4,19.5,0,19
2026-08-09 11:06:38,9,24,25,22.6,26.8,27.6,19.4,0,19
2026-08-09 11:11:38,12,26,26,22.7,26.6,27.8,19.1,0,19
2026-08-09 11:16:38,11,24,25,22.9,26.4,28,19.1,0,19
2026-08-09 11:21:38,11,24,25,23,26.4,28,19.1,0,19
2026-08-09 11:26:38,12,24,24,23.1,26.4,28.2,18.8,0,19
2026-08-09 11:31:38,9,23,23,23.2,26,28.3,18.8,0,19
2026-08-09 11:36:38,11,23,23,23.3,26.1,28.4,18.4,0,19
2026-08-09 11:41:38,11,22,23,23.4,25.9,28.5,18.5,0,19
2026-08-09 11:46:38,9,20,22,23.5,25.8,28.5,18.2,0,19
2026-08-09 11:51:38,9,23,24,23.6,25.7,28.7,18.2,0,19
2026-08-09 11:56:38,15,23,24,23.7,25.7,28.8,18.4,0,20
2026-08-09 12:01:38,14,24,26,23.8,25.8,29,18.2,0,20
2026-08-09 12:06:38,15,23,23,23.9,25.5,29.1,18.1,0,20
2026-08-09 12:11:38,14,25,26,24.1,25.7,29.2,18.2,0,20
2026-08-09 12:16:38,14,25,25,24.2,25.4,29.3,18,0,20
2026-08-09 12:21:38,15,25,25,24.4,25.5,29.5,17.9,0,20
2026-08-09 12:26:38,16,27,28,24.5,25.1,29.6,17.7,0,20
2026-08-09 12:31:38,18,26,26,24.6,25.1,29.7,17.7,0,19
2026-08-09 12:36:38,14,26,26,24.7,25.2,29.7,17.5,0,19
2026-08-09 12:41:38,15,25,25,24.8,25,29.8,17.7,0,19
2026-08-09 12:46:38,17,28,28,24.9,25,29.9,17.6,0,19
2026-08-09 12:51:38,13,24,25,24.9,24.7,30,17.3,0,22
2026-08-09 12:56:38,16,26,26,24.4,25.2,28.5,19,0,19
2026-08-09 13:01:38,18,29,29,24.7,25.1,29.7,17.6,0,19
2026-08-09 13:06:38,18,27,27,24.7,25,29.6,17.9,0,19
2026-08-09 13:11:38,19,30,31,25,25,30.1,17.4,0,19
2026-08-09 13:16:38,18,28,28,25.1,24.6,30.1,17.2,0,19
2026-08-09 13:21:38,17,26,26,25.2,24.5,30.3,17.2,0,19
2026-08-09 13:26:39,17,27,27,25.2,24.2,30.3,17.1,0,19
2026-08-09 13:31:39,18,28,28,25.3,24.4,30.2,16.9,0,19
2026-08-09 13:36:38,20,30,30,25.3,24.2,30.3,17,0,19
2026-08-09 13:41:38,18,25,26,25.3,24.1,30.2,17,0,19
2026-08-09 13:46:38,19,30,31,25.3,24,30.2,16.9,0,19
2026-08-09 13:51:39,20,28,29,25.2,24,30.1,17.1,0,19
2026-08-09 13:56:39,21,29,30,25.2,24.2,30.1,17.2,0,19
2026-08-09 14:01:38,18,29,30,25.1,24.1,30,17,0,19
2026-08-09 14:06:38,19,29,30,25.1,24.1,30.1,16.9,0,19
2026-08-09 14:11:39,22,30,33,25.1,24,30,16.9,0,19
2026-08-09 14:16:38,21,30,33,25.1,24,30,17.1,0,19
2026-08-09 14:21:38,22,32,34,25.1,24,30,16.8,0,19
2026-08-09 14:26:38,22,32,33,25.1,23.8,30,16.7,0,22
2026-08-09 14:31:39,22,33,37,25,24.1,29.9,17,0,19
2026-08-09 14:36:38,22,33,35,25,24.1,29.8,17,0,19
2026-08-09 14:41:38,23,33,36,24.9,24,29.8,16.9,0,19
2026-08-09 14:46:38,23,34,37,24.8,24,29.7,17,0,19
2026-08-09 14:51:38,22,33,37,24.8,24.2,29.6,17.1,0,19
2026-08-09 14:56:39,23,33,36,24.7,24,29.5,17,0,19
2026-08-09 15:01:39,23,35,38,24.7,24.1,29.5,17.1,0,19
2026-08-09 15:06:39,24,34,39,24.6,24,29.5,17,0,19
2026-08-09 15:11:38,23,35,39,24.6,24.2,29.4,17.3,0,19
2026-08-09 15:16:38,24,35,40,24.5,24.2,29.3,17.2,0,19
2026-08-09 15:21:38,24,36,42,24.5,24.3,29.4,17.1,0,19
2026-08-09 15:26:39,24,36,41,24.4,24.1,29.3,17.1,0,19
2026-08-09 15:31:39,24,34,38,24.4,24,29.3,17,0,19
2026-08-09 15:36:38,24,36,41,24.4,24.2,29.2,17.2,0,19
2026-08-09 15:41:38,23,36,43,24.4,24.2,29.2,17.3,0,19
2026-08-09 15:46:39,24,36,42,24.3,24.2,29.2,17.2,0,19
2026-08-09 15:51:38,24,35,41,24.3,24.4,29.1,17.4,0,19
2026-08-09 15:56:39,24,36,43,24.3,24.6,29.1,17.4,0,19
2026-08-09 16:01:39,24,36,41,24.3,24.6,29.1,17.4,0,19
2026-08-09 16:06:39,24,37,44,24.1,24.4,28.9,17.4,0,19
2026-08-09 16:11:38,24,36,41,24.1,24.5,29,17.3,0,19
2026-08-09 16:16:39,23,35,39,24,24.5,29,17.4,0,19
2026-08-09 16:21:39,23,35,39,23.9,24.5,28.8,17.5,0,19
2026-08-09 16:26:39,23,35,39,23.9,24.5,28.8,17.4,0,22
2026-08-09 16:31:39,23,32,35,23.9,24.6,28.8,17.6,0,19
2026-08-09 16:36:39,22,30,34,23.9,24.6,28.8,17.5,0,22
2026-08-09 16:41:39,20,30,33,23.9,24.4,28.9,17.3,0,19
2026-08-09 16:46:39,20,30,30,23.9,24.5,28.8,17.3,1,19
2026-08-09 16:51:39,19,29,29,23.9,24.4,28.7,17.3,0,19
2026-08-09 16:56:39,17,27,27,23.8,24.5,28.7,17.3,0,19
2026-08-09 17:01:39,13,25,25,23.8,24.3,28.8,17.3,0,19
2026-08-09 17:06:39,11,23,25,23.8,24.3,28.8,17.3,0,19
2026-08-09 17:11:39,12,23,23,23.8,24.3,28.8,17.2,0,20
2026-08-09 17:16:39,9,22,23,23.8,24.3,28.8,17.3,0,19
2026-08-09 17:21:38,8,25,25,23.8,24.4,28.7,17.3,0,19
2026-08-09 17:26:39,9,25,25,23.8,24.3,28.6,17.2,0,22
2026-08-09 17:31:39,13,24,24,23.8,24.2,28.7,17.2,0,19
2026-08-09 17:36:39,9,22,23,23.8,24,28.7,17.1,0,20
2026-08-09 17:41:39,9,22,22,23.8,24.2,28.8,17.1,0,20
2026-08-09 17:46:39,11,25,25,23.8,24.2,28.7,17,0,20
2026-08-09 17:51:39,14,26,26,23.8,24.2,28.7,17.1,0,20
2026-08-09 17:56:39,12,25,25,23.7,24.2,28.6,17.1,0,20
2026-08-09 18:01:39,9,23,23,23.7,24.1,28.6,17.2,0,20
2026-08-09 18:06:39,16,26,27,23.6,24.2,28.5,17.2,0,20
2026-08-09 18:11:39,12,25,26,23.6,24.1,28.5,17.3,0,20
2026-08-09 18:16:39,8,19,19,23.6,24.3,28.4,17.3,1,20
2026-08-09 18:21:39,8,19,19,23.5,24.1,28.3,17.3,0,20
2026-08-09 18:26:39,6,16,17,23.4,24.3,28.3,17.4,0,20
2026-08-09 18:31:39,5,13,13,23.4,24.3,28.2,17.3,0,20
2026-08-09 18:36:39,4,11,11,23.4,24.2,28.3,17.4,0,20
2026-08-09 18:41:39,5,9,12,23.4,24.4,28.2,17.4,0,20
2026-08-09 18:46:39,4,8,8,23.3,24.3,28.1,17.5,0,20
2026-08-09 18:51:39,6,9,9,23.3,24.3,28.1,17.5,0,20
2026-08-09 18:56:39,5,8,8,23.3,24.4,28.1,17.5,0,20
2026-08-09 19:01:39,4,7,7,23.2,24.4,28.1,17.5,0,20
2026-08-09 19:06:39,3,8,9,23.2,24.6,28.1,17.5,0,20
2026-08-09 19:11:39,4,9,9,23.2,24.5,28.1,17.5,0,20
2026-08-09 19:16:39,4,6,6,23.2,24.5,28,17.6,0,20
2026-08-09 19:21:39,4,8,9,23.1,24.7,27.8,17.9,0,20
2026-08-09 19:26:39,2,6,6,23,24.8,27.9,17.9,0,20
2026-08-09 19:31:39,4,7,7,23,24.9,27.8,18.1,0,20
2026-08-09 19:36:39,2,4,6,22.9,25,27.7,18.2,0,20
2026-08-09 19:41:39,2,5,5,22.9,24.9,27.6,18.3,0,20
2026-08-09 19:46:39,1,4,4,22.8,25.4,27.5,18.4,0,20
2026-08-09 19:51:39,2,5,5,22.7,25.3,27.5,18.5,0,20
2026-08-09 19:56:39,1,5,5,22.7,25.4,27.5,18.5,0,20
2026-08-09 20:01:39,2,4,5,22.6,25.4,27.3,18.6,0,20
2026-08-09 20:06:39,2,5,5,22.6,25.3,27.3,18.6,0,20
2026-08-09 20:11:39,2,5,5,22.5,25.4,27.3,18.6,0,20
2026-08-09 20:16:39,2,6,6,22.5,25.5,27.3,18.6,0,20
2026-08-09 20:21:39,1,5,5,22.4,25.6,27.1,18.8,0,20
2026-08-09 20:26:39,3,6,7,22.3,25.6,27,18.7,1,20
2026-08-09 20:31:39,2,5,6,22.3,25.7,27,18.7,0,20
2026-08-09 20:36:39,3,5,5,22.2,25.8,26.9,19.2,0,20
2026-08-09 20:41:39,4,7,7,22.1,26,26.8,19.1,0,20
2026-08-09 20:46:39,3,4,5,22.1,26,26.8,19.1,0,20
2026-08-09 20:51:39,2,6,7,22.1,25.8,26.8,19.2,0,20
2026-08-09 20:56:39,4,5,6,22,26,26.7,19.1,0,20
2026-08-09 21:01:39,2,7,7,21.9,26.1,26.6,19.2,0,20
2026-08-09 21:06:39,2,4,4,21.9,26.3,26.5,19.4,0,20
2026-08-09 21:11:39,4,6,7,21.8,26.4,26.4,19.4,0,20
2026-08-09 21:16:39,2,6,6,21.8,26.1,26.4,19.2,0,20
2026-08-09 21:21:39,2,6,6,21.7,26.2,26.4,19.3,0,20
2026-08-09 21:26:40,1,6,6,21.7,26.3,26.3,19.3,0,20
2026-08-09 21:31:39,1,6,8,21.6,26.1,26.3,19.1,0,20
2026-08-09 21:36:39,4,6,6,21.6,26.2,26.2,19.3,0,20
2026-08-09 21:41:39,4,8,8,21.5,26.5,26.2,19.5,0,20
2026-08-09 21:46:39,2,6,6,21.5,26.4,26.2,19.5,0,20
2026-08-09 21:51:39,3,5,5,21.5,26.5,26.1,19.5,0,20
2026-08-09 21:56:39,4,7,8,21.4,26.4,26.1,19.5,0,20
2026-08-09 22:01:39,2,6,7,21.4,26.4,26.2,19.5,0,20
2026-08-09 22:06:39,4,6,6,21.4,26.5,26,19.7,0,20
2026-08-09 22:11:39,3,5,5,21.3,26.7,26.1,19.7,0,20
2026-08-09 22:16:40,3,6,6,21.3,26.8,26.1,19.8,0,20
2026-08-09 22:21:40,2,7,7,21.3,26.8,26,19.8,0,20
2026-08-09 22:26:40,4,6,6,21.3,26.8,26,19.9,0,20
2026-08-09 22:31:39,2,8,8,21.3,26.6,26.1,19.8,0,20
2026-08-09 22:36:39,2,6,6,21.3,26.8,26,19.8,0,20
2026-08-09 22:41:40,2,7,7,21.2,26.8,25.9,19.9,0,20
2026-08-09 22:46:39,1,6,6,21.2,26.8,25.9,20,0,20
2026-08-09 22:51:40,3,6,7,21.2,26.8,25.9,19.9,1,20
2026-08-09 22:56:39,4,8,8,21.2,27,25.9,20,0,20
2026-08-09 23:01:40,4,6,7,21.2,26.9,26,20,0,20
2026-08-09 23:06:39,2,5,5,21.2,27.1,26,20,0,20
2026-08-09 23:11:39,3,6,6,21.2,26.8,25.9,19.9,0,20
2026-08-09 23:16:40,3,7,7,21.2,26.8,25.9,19.9,0,20
2026-08-09 23:21:39,4,7,7,21.1,27.1,25.9,20.3,0,20
2026-08-09 23:26:40,3,6,6,21.2,27.1,26,20.2,0,20
2026-08-09 23:31:39,4,6,6,21.2,27.1,25.9,20.2,0,20
2026-08-09 23:36:40,3,5,6,21.2,27.1,25.9,20.2,0,20
2026-08-09 23:41:40,3,6,7,21.2,27.2,25.9,20.2,0,20
2026-08-09 23:46:39,3,6,7,21.1,27,25.8,20,0,20
2026-08-09 23:51:40,3,5,6,21.1,27,25.8,20.2,0,20
2026-08-09 23:56:40,3,6,6,21.1,27.3,25.9,20.2,0,20
2026-08-10 00:01:40,3,6,7,21.1,27,25.9,20,0,20
2026-08-10 00:06:40,4,8,8,21.1,27.2,25.9,20.2,0,20
2026-08-10 00:11:40,3,6,7,21.1,27.1,25.8,20.2,0,20
2026-08-10 00:16:40,4,8,8,21.1,27.2,25.8,20.3,0,20
2026-08-10 00:21:40,4,8,9,21.1,27.1,26,20,0,20
2026-08-10 00:26:40,4,8,9,21.1,27,26,20.1,0,20
2026-08-10 00:31:40,4,7,7,21.1,27.1,25.9,20.2,0,20
2026-08-10 00:36:40,5,8,8,21.1,27.4,25.9,20.2,0,20
2026-08-10 00:41:40,3,7,7,21.1,27.3,25.8,20.3,0,20
2026-08-10 00:46:40,3,8,9,21.1,27.6,25.9,20.4,0,20
2026-08-10 00:51:40,5,8,9,21.1,27.4,25.9,20.2,0,20
2026-08-10 00:56:40,3,8,9,21.1,27.5,25.8,20.4,0,20
2026-08-10 01:01:40,4,9,9,21.1,27.5,25.9,20.5,0,20
2026-08-10 01:06:40,5,13,14,21.1,27.6,25.9,20.4,0,20
2026-08-10 01:11:40,7,12,12,21.2,27.4,25.9,20.3,0,20
2026-08-10 01:16:40,6,11,13,21.2,27.3,26,20.2,0,20
2026-08-10 01:21:40,4,12,12,21.1,27.3,25.9,20.2,0,20
2026-08-10 01:26:40,5,13,14,21.2,27.4,25.9,20.2,0,20
2026-08-10 01:31:40,5,9,11,21.1,27.4,25.9,20.2,0,17
2026-08-10 01:36:40,5,8,9,21.1,27.5,25.9,20.3,0,17
2026-08-10 01:41:40,7,13,15,21.1,27.3,25.8,20.4,0,17
2026-08-10 01:46:40,6,13,13,21.1,27.6,25.9,20.4,0,17
2026-08-10 01:51:40,5,12,14,21.1,27.4,25.9,20.3,0,17
2026-08-10 01:56:40,6,20,20,21.1,27.6,25.8,20.5,0,17
2026-08-10 02:01:40,6,13,14,21.1,27.5,25.9,20.4,0,18
2026-08-10 02:06:40,7,19,19,21.1,27.7,25.9,20.5,0,18
2026-08-10 02:11:40,6,15,16,21.1,27.8,25.9,20.4,0,18
2026-08-10 02:16:40,6,9,14,21.1,27.7,25.9,20.4,0,26
2026-08-10 02:21:40,6,15,15,21.1,27.6,25.8,20.6,0,16
2026-08-10 02:26:40,6,17,18,21.1,27.9,25.8,20.8,0,19
2026-08-10 02:31:40,6,20,20,21.1,27.9,25.8,20.6,0,19
2026-08-10 02:36:40,8,15,18,21,27.7,25.8,20.7,0,19
2026-08-10 02:41:40,8,19,20,21.1,27.7,25.8,20.5,0,19
2026-08-10 02:46:40,7,16,17,21,27.7,25.8,20.5,0,19
2026-08-10 02:51:40,6,12,12,21,27.8,25.8,20.5,0,16
2026-08-10 02:56:40,5,12,12,21,27.8,25.7,20.6,0,16
2026-08-10 03:01:40,6,13,13,21.1,27.6,25.9,20.4,0,19
2026-08-10 03:06:40,6,15,16,21,27.6,25.8,20.5,0,16
2026-08-10 03:11:41,5,11,14,21,27.7,25.8,20.5,1,17
2026-08-10 03:16:40,6,16,16,21,27.7,25.7,20.6,0,17
2026-08-10 03:21:41,6,9,9,21,27.9,25.8,20.6,0,17
2026-08-10 03:26:40,6,13,13,21,27.7,25.7,20.6,0,17
2026-08-10 03:31:40,6,13,13,21,28,25.7,20.6,0,17
2026-08-10 03:36:40,5,13,13,21,27.8,25.8,20.5,0,17
2026-08-10 03:41:40,5,12,12,20.9,27.7,25.6,20.7,0,17
2026-08-10 03:46:40,5,9,13,20.9,28,25.7,20.6,0,17
2026-08-10 03:51:40,5,12,14,20.9,27.9,25.7,20.4,0,18
2026-08-10 03:56:40,7,16,16,20.9,27.7,25.6,20.5,0,17
2026-08-10 04:01:41,7,16,16,20.9,27.9,25.6,20.7,0,17
2026-08-10 04:06:40,6,15,15,20.8,27.9,25.5,20.6,0,17
2026-08-10 04:11:41,5,13,13,20.8,28.1,25.4,20.9,0,27
2026-08-10 04:16:40,6,15,18,20.7,28.2,25.3,21.2,0,17
2026-08-10 04:21:41,7,12,14,20.7,28.1,25.3,21,0,14
2026-08-10 04:26:40,6,15,17,20.7,28.3,25.3,21.2,0,14
2026-08-10 04:31:40,6,16,18,20.6,28.3,25.3,21.2,0,14
2026-08-10 04:36:41,7,13,13,20.6,28.3,25.4,21.2,0,25
2026-08-10 04:41:40,5,15,15,20.7,28.3,25.4,21,0,16
2026-08-10 04:46:40,7,13,14,20.6,28.3,25.2,21.1,0,16
2026-08-10 04:51:40,6,9,12,20.6,28.6,25.2,21.3,0,16
2026-08-10 04:56:40,6,14,15,20.6,28.7,25.2,21.5,0,16
2026-08-10 05:01:40,5,12,13,20.5,28.6,25.2,21.3,0,16
2026-08-10 05:06:40,7,15,15,20.5,28.4,25.2,21.3,0,16
2026-08-10 05:11:41,8,15,16,20.6,28.5,25.4,21.2,0,16
2026-08-10 05:16:40,6,13,13,20.6,28.6,25.4,21.2,0,16
2026-08-10 05:21:40,6,13,14,20.6,28.6,25.4,21.3,0,16
2026-08-10 05:26:40,8,17,20,20.7,28.4,25.4,21.2,0,16
2026-08-10 05:31:40,7,18,19,20.6,28.7,25.3,21.3,0,16
2026-08-10 05:36:40,7,18,18,20.6,28.5,25.2,21.3,0,16
2026-08-10 05:41:40,8,19,19,20.6,28.6,25.3,21.2,0,16
2026-08-10 05:46:41,7,16,16,20.6,28.5,25.3,21.1,0,16
2026-08-10 05:51:40,6,13,14,20.5,28.5,25.3,21.1,0,16
2026-08-10 05:56:41,8,16,19,20.5,28.6,25.2,21.2,0,16
2026-08-10 06:01:41,7,14,15,20.5,28.5,25,21.4,0,16
2026-08-10 06:06:41,7,14,16,20.5,28.6,25.1,21.5,0,16
2026-08-10 06:11:41,8,16,17,20.5,28.8,25.1,21.3,0,16
2026-08-10 06:16:41,10,20,21,20.5,28.7,25,21.4,0,16
2026-08-10 06:21:41,7,19,19,20.5,28.7,25.1,21.5,0,16
2026-08-10 06:26:41,8,18,20,20.5,28.6,25.1,21.2,0,16
2026-08-10 06:31:40,8,18,18,20.5,28.5,25.2,21.3,0,16
2026-08-10 06:36:41,9,21,22,20.5,28.6,25.2,21.1,0,16
2026-08-10 06:41:41,7,18,18,20.5,28.7,25.3,21.2,0,16
2026-08-10 06:46:41,8,22,24,20.5,28.3,25.2,21,0,16
2026-08-10 06:51:41,7,20,20,20.5,28.5,25.2,21.2,1,16
2026-08-10 06:56:41,6,19,19,20.5,28.3,25.2,21.1,0,17
2026-08-10 07:01:40,6,20,20,20.5,28.4,25.2,21,0,17
2026-08-10 07:06:41,8,18,20,20.6,28.4,25.3,20.9,0,17
2026-08-10 07:11:41,6,15,16,20.5,28.5,25.2,21,0,19
2026-08-10 07:16:41,8,24,24,20.5,28.4,25.2,21,0,18
2026-08-10 07:21:41,8,20,22,20.6,28.4,25.4,20.9,0,19
2026-08-10 07:26:41,7,20,22,20.6,28.4,25.4,21.2,0,19
2026-08-10 07:31:41,8,24,24,20.6,28.5,25.2,21.2,0,20
2026-08-10 07:36:41,10,21,21,20.6,28.8,25.3,21.4,0,20
2026-08-10 07:41:41,9,20,22,20.6,28.5,25.2,21.3,0,20
2026-08-10 07:46:41,7,18,19,20.6,28.6,25.3,21.3,0,20
2026-08-10 07:51:41,8,22,22,20.6,28.7,25.3,21.2,0,23
2026-08-10 07:56:41,8,21,21,20.6,28.5,25.3,21.2,0,22
2026-08-10 08:01:41,8,21,22,20.6,28.7,25.4,21.2,0,19
2026-08-10 08:06:41,8,21,21,20.6,28.8,25.3,21.4,0,22
2026-08-10 08:11:41,9,20,20,20.7,28.7,25.3,21.4,0,19
2026-08-10 08:16:41,8,20,20,20.6,28.8,25.3,21.5,0,25
2026-08-10 08:21:41,8,22,25,20.6,28.9,25.3,21.5,0,24
2026-08-10 08:26:41,15,26,29,20.7,28.8,25.4,21.5,0,22
2026-08-10 08:31:41,10,24,24,20.6,28.8,25.3,21.6,0,26
2026-08-10 08:36:41,22,35,37,20.6,28.9,25.4,21.6,0,22
2026-08-10 08:41:41,13,26,26,20.6,28.8,25.3,21.7,0,25
2026-08-10 08:46:41,13,26,26,20.6,29,25.3,21.6,0,21
2026-08-10 08:51:41,14,27,27,20.6,29,25.3,21.6,0,21
2026-08-10 08:56:41,15,25,26,20.6,28.9,25.3,21.6,0,25
2026-08-10 09:01:41,16,29,29,20.6,28.9,25.3,21.6,0,21
2026-08-10 09:06:41,16,27,27,20.6,28.8,25.2,21.7,0,25
2026-08-10 09:11:41,13,26,27,20.5,29.1,25.2,21.8,0,21
2026-08-10 09:16:41,15,26,27,20.5,29.1,25.3,21.8,0,24
2026-08-10 09:21:41,15,26,28,20.6,29,25.2,21.7,0,20
2026-08-10 09:26:41,12,28,28,20.5,29,25.2,21.7,0,25
2026-08-10 09:31:41,14,26,26,20.5,29,25.2,21.7,0,24
2026-08-10 09:36:41,16,31,31,20.5,29.1,25.3,21.7,0,24
2026-08-10 09:41:41,14,25,25,20.6,29,25.3,21.6,1,22
2026-08-10 09:46:41,15,27,28,20.5,29,25.2,21.7,0,22
2026-08-10 09:51:41,14,27,27,20.5,29,25.2,21.7,0,26
2026-08-10 09:56:41,15,26,26,20.6,29,25.1,21.9,0,24
2026-08-10 10:01:41,15,26,28,20.6,29.1,25.3,21.7,0,22
2026-08-10 10:06:41,15,27,29,20.6,29.1,25.3,21.6,0,27
2026-08-10 10:11:41,17,28,28,20.6,29.2,25.2,21.9,0,26
2026-08-10 10:16:41,17,26,30,20.6,29.1,25.2,21.8,0,26
2026-08-10 10:21:41,19,28,28,20.6,29.1,25.3,21.8,0,25
2026-08-10 10:26:41,17,29,30,20.6,29,25.2,21.7,0,25
2026-08-10 10:31:41,21,28,29,20.7,29,25.4,21.6,0,22
2026-08-10 10:36:41,18,26,27,20.7,28.9,25.5,21.6,0,27
2026-08-10 10:41:41,16,28,30,20.7,29.1,25.5,21.5,0,22
2026-08-10 10:46:41,17,27,28,20.7,29,25.4,21.7,0,25
2026-08-10 10:51:41,17,28,28,20.7,28.9,25.4,21.7,0,20
2026-08-10 10:56:41,18,28,28,20.7,29,25.3,21.7,0,26
2026-08-10 11:01:41,15,28,29,20.7,29,25.5,21.6,0,21
2026-08-10 11:06:41,18,27,28,20.7,28.9,25.4,21.7,0,20
2026-08-10 11:11:41,20,28,29,20.8,29,25.6,21.5,0,26
2026-08-10 11:16:41,18,28,29,20.8,28.9,25.6,21.4,0,22
2026-08-10 11:21:41,17,28,29,20.9,28.9,25.7,21.4,0,25
2026-08-10 11:26:41,23,35,37,20.9,28.9,25.6,21.6,0,27
2026-08-10 11:31:41,31,47,57,20.9,28.9,25.6,21.5,0,21
2026-08-10 11:36:41,23,36,41,20.9,28.8,25.8,21.3,0,25
2026-08-10 11:41:41,23,35,39,21,28.8,25.7,21.4,0,19
2026-08-10 11:46:41,24,36,41,21,28.8,25.8,21.4,0,29
2026-08-10 11:51:41,25,36,38,21,28.7,25.7,21.4,0,26
2026-08-10 11:56:41,27,42,49,21,28.7,25.7,21.6,0,27
2026-08-10 12:01:41,25,35,39,21.1,28.9,25.8,21.5,0,26
2026-08-10 12:06:42,24,35,39,21.1,28.8,25.8,21.4,0,21
2026-08-10 12:11:41,23,34,36,21.1,28.9,25.9,21.5,0,26
2026-08-10 12:16:41,25,35,39,21.1,28.9,25.9,21.4,0,27
2026-08-10 12:21:41,25,36,39,21.2,28.9,26,21.5,0,28
2026-08-10 12:26:41,25,39,44,21.2,28.8,26,21.4,0,27
2026-08-10 12:31:41,24,35,40,21.2,28.6,26,21.4,0,20
2026-08-10 12:36:41,23,35,37,21.2,28.7,26,21.3,1,27
2026-08-10 12:41:41,26,38,42,21.2,28.6,26,21.4,0,27
2026-08-10 12:46:42,23,38,41,21.3,28.7,26.1,21.4,0,22
2026-08-10 12:51:41,25,38,41,21.3,28.6,26.1,21.4,0,26
2026-08-10 12:56:41,25,38,42,21.3,28.7,26.1,21.4,0,25
2026-08-10 13:01:41,27,40,46,21.4,28.8,26.1,21.5,0,27
2026-08-10 13:06:41,26,41,50,21.4,28.8,26.1,21.5,0,25
2026-08-10 13:11:42,24,37,43,21.5,28.9,26.3,21.4,0,22
2026-08-10 13:16:41,30,44,51,21.5,28.8,26.3,21.4,0,26
2026-08-10 13:21:42,30,45,54,21.6,28.9,26.3,21.3,1,31
2026-08-10 13:26:41,25,38,44,21.6,28.7,26.5,21.2,0,27
2026-08-10 13:31:42,25,37,42,21.7,28.7,26.5,21.2,0,20
2026-08-10 13:36:42,26,39,48,21.7,28.8,26.6,21,0,27
2026-08-10 13:41:42,27,41,48,21.8,28.6,26.6,21.1,0,21
2026-08-10 13:46:42,24,37,43,21.8,28.5,26.6,21,0,27
2026-08-10 13:51:42,25,38,43,21.8,28.6,26.6,21,0,21
2026-08-10 13:56:42,25,37,42,21.8,28.5,26.6,21,0,26
2026-08-10 14:01:42,25,36,40,21.8,28.5,26.6,21,0,21
2026-08-10 14:06:42,23,35,38,21.9,28.5,26.6,21,0,30
2026-08-10 14:11:42,25,37,41,21.9,28.4,26.7,20.9,0,27
2026-08-10 14:16:41,26,39,48,21.9,28.3,26.7,20.9,0,29
2026-08-10 14:21:42,27,44,52,21.9,28.2,26.8,20.8,0,21
2026-08-10 14:26:42,32,49,60,21.9,28.4,26.8,20.9,0,24
2026-08-10 14:31:42,26,39,45,22,28.5,26.8,20.9,0,26
2026-08-10 14:36:42,26,38,43,22,28.3,26.8,20.9,0,21
2026-08-10 14:41:42,24,35,38,22,28.3,26.8,20.9,0,24
2026-08-10 14:46:42,24,36,40,22,28.2,26.9,20.8,0,26
2026-08-10 14:51:42,24,37,42,22.1,28.3,26.8,20.9,0,25
2026-08-10 14:56:42,24,38,43,22,28.2,26.8,20.7,1,18
2026-08-10 15:01:42,42,68,77,22,28.3,26.8,21.1,0,22
2026-08-10 15:06:42,24,38,43,22,28.2,26.8,21.1,0,19
2026-08-10 15:11:42,25,38,44,22.1,28.4,26.9,21,0,26
2026-08-10 15:16:42,25,38,44,22.1,28.3,26.9,21,0,25
2026-08-10 15:21:42,25,37,41,22.1,28.3,26.9,21,0,24
2026-08-10 15:26:42,33,51,64,22.1,28.5,26.9,21.1,0,26
2026-08-10 15:31:42,28,43,52,22.2,28.3,27,20.8,0,21
2026-08-10 15:36:42,25,37,43,22.2,28.2,27.1,20.8,0,29
2026-08-10 15:41:42,24,38,43,22.2,28.5,27,20.9,0,25
2026-08-10 15:46:42,25,37,41,22.2,28.2,27.1,20.8,0,22
2026-08-10 15:51:42,24,35,40,22.3,28,27.2,20.5,0,26
2026-08-10 15:56:42,24,34,35,22.3,27.8,27.2,20.4,0,20
2026-08-10 16:01:42,21,33,37,22.3,27.6,27.1,20.2,0,26
2026-08-10 16:06:42,22,32,33,22.4,27.5,27.3,20,0,20
2026-08-10 16:11:42,27,39,47,22.4,27.3,27.2,20.2,0,26
2026-08-10 16:16:42,21,31,31,22.4,27.6,27.2,20.1,0,26
2026-08-10 16:21:42,23,30,31,22.3,27.3,27.2,20,0,26
2026-08-10 16:26:42,20,28,30,22.4,27.6,27.2,20,0,22
2026-08-10 16:31:42,20,29,30,22.3,27.2,27.2,19.9,0,27
2026-08-10 16:36:42,21,31,32,22.4,27.2,27.2,19.7,0,25
2026-08-10 16:41:42,25,40,47,22.3,27.1,27.1,19.8,0,26
2026-08-10 16:46:42,20,30,30,22.3,27.2,27.1,19.9,0,27
2026-08-10 16:51:42,20,31,32,22.3,27.3,27.1,19.9,0,22
2026-08-10 16:56:42,21,32,37,22.4,27.2,27.2,20,0,26
2026-08-10 17:01:42,23,34,36,22.4,27.3,27.2,19.9,0,21
2026-08-10 17:06:42,23,33,37,22.3,27.1,27.1,19.9,1,26
2026-08-10 17:11:42,21,34,36,22.3,27.3,27.1,20,0,29
2026-08-10 17:16:42,21,31,34,22.3,27.3,27.1,20,0,22
2026-08-10 17:21:42,22,32,32,22.3,27.3,27.1,19.9,0,26
2026-08-10 17:26:42,20,31,35,22.4,27,27.3,19.7,0,27
2026-08-10 17:31:42,20,34,36,22.4,27,27.2,19.8,0,27
2026-08-10 17:36:42,21,32,32,22.3,27.2,27.1,19.9,0,26
2026-08-10 17:41:42,22,31,32,22.3,27,27.1,19.7,0,26
2026-08-10 17:46:42,22,31,36,22.3,27,27.1,19.8,0,29
2026-08-10 17:51:42,21,30,31,22.3,26.9,27.1,19.8,0,20
2026-08-10 17:56:42,22,33,35,22.3,26.9,27,19.9,0,29
2026-08-10 18:01:42,22,31,36,22.2,27,26.9,20,0,25
2026-08-10 18:06:42,23,34,36,22.2,27.1,26.8,20.2,0,24
2026-08-10 18:11:43,22,34,35,22.1,27.1,26.8,20.2,0,25
2026-08-10 18:16:42,23,32,35,22.1,27.2,26.8,20.1,0,20
2026-08-10 18:21:42,22,34,36,22.1,27,26.8,20,0,20
2026-08-10 18:26:42,20,34,36,22,27.2,26.8,20.1,0,20
2026-08-10 18:31:42,23,33,37,22,27.4,26.6,20.2,0,26
2026-08-10 18:36:42,21,32,35,22,27.4,26.8,20.2,0,29
2026-08-10 18:41:42,23,31,35,22,27.6,26.8,20.4,0,21
2026-08-10 18:46:42,22,32,35,22,27.5,26.8,20.3,0,24
2026-08-10 18:51:43,22,31,32,22,27.6,26.8,20.3,0,25
2026-08-10 18:56:43,22,34,37,22,27.4,26.7,20.3,0,18
2026-08-10 19:01:42,22,32,33,22,27.5,26.8,20.2,0,26
2026-08-10 19:06:42,21,32,32,22,27.5,26.7,20.2,0,21
2026-08-10 19:11:42,22,34,36,22,27.6,26.7,20.2,0,21
2026-08-10 19:16:43,22,34,36,22,27.7,26.7,20.3,0,21
2026-08-10 19:21:42,23,31,35,22,27.6,26.7,20.5,0,21
2026-08-10 19:26:42,23,32,33,21.9,27.7,26.6,20.5,0,21
2026-08-10 19:31:43,23,34,36,21.9,27.7,26.6,20.6,0,21
2026-08-10 19:36:43,23,34,37,21.9,27.9,26.6,20.6,0,27
2026-08-10 19:41:43,22,34,36,21.9,27.7,26.6,20.5,0,24
2026-08-10 19:46:42,23,34,36,21.9,27.7,26.6,20.6,0,19
2026-08-10 19:51:43,21,32,32,21.9,27.8,26.7,20.6,1,19
2026-08-10 19:56:42,23,32,35,21.9,27.8,26.7,20.4,0,19
2026-08-10 20:01:43,21,34,36,21.9,27.7,26.6,20.5,0,26
2026-08-10 20:06:43,21,32,36,21.8,27.9,26.5,20.7,0,19
2026-08-10 20:11:43,22,34,36,21.8,27.7,26.4,20.6,0,21
2026-08-10 20:16:43,22,32,33,21.7,27.8,26.3,20.6,0,18
2026-08-10 20:21:43,23,35,37,21.7,27.6,26.3,20.5,0,25
2026-08-10 20:26:43,23,34,37,21.7,27.8,26.4,20.5,0,27
2026-08-10 20:31:43,24,35,39,21.7,27.7,26.3,20.5,0,21
2026-08-10 20:36:43,23,35,39,21.7,28,26.3,20.6,0,21
2026-08-10 20:41:43,23,34,37,21.6,27.8,26.3,20.5,0,21
2026-08-10 20:46:43,23,35,39,21.7,27.7,26.4,20.5,0,21
2026-08-10 20:51:43,23,36,40,21.6,27.9,26.4,20.6,0,21
2026-08-10 20:56:42,23,35,39,21.7,27.7,26.5,20.4,0,21
2026-08-10 21:01:43,23,35,39,21.6,28,26.3,20.7,0,21
2026-08-10 21:06:43,22,32,33,21.6,28.2,26.4,20.7,1,21
2026-08-10 21:11:43,21,34,35,21.6,28.1,26.4,20.7,0,21
2026-08-10 21:16:43,23,34,38,21.6,28,26.3,20.7,0,21
2026-08-10 21:21:43,23,34,39,21.6,28,26.3,20.7,0,21
2026-08-10 21:26:43,22,34,37,21.6,28.1,26.4,20.6,0,21
2026-08-10 21:31:43,24,35,37,21.6,28,26.3,20.7,1,21
2026-08-10 21:36:43,23,34,39,21.6,28.2,26.2,20.8,0,21
2026-08-10 21:41:43,23,36,39,21.5,28.2,26.1,21.1,1,21
2026-08-10 21:46:43,24,36,40,21.5,28.2,26.3,20.9,0,21
2026-08-10 21:51:43,23,37,41,21.5,28.4,26.2,21,0,21
2026-08-10 21:56:43,23,35,42,21.5,28.2,26.3,21,0,21
2026-08-10 22:01:43,24,36,38,21.5,28.2,26.2,20.9,0,21
2026-08-10 22:06:43,21,32,33,21.5,28.2,26.2,20.8,0,21
2026-08-10 22:11:43,22,32,36,21.4,28.2,26.1,20.9,0,21
2026-08-10 22:16:43,20,32,36,21.4,28.2,26.1,20.7,0,21
2026-08-10 22:21:43,21,30,32,21.3,28.1,26,20.9,0,21
2026-08-10 22:26:43,21,34,38,21.3,28.1,26,21,0,21
2026-08-10 22:31:46,22,31,33,21.3,28.2,26.1,21,0,21
2026-08-10 22:36:43,23,35,39,21.3,28,26.1,20.9,0,21
2026-08-10 22:41:43,23,36,39,21.3,28.3,26,21.1,0,21
2026-08-10 22:46:43,21,32,38,21.3,28.3,25.9,21.1,0,21
2026-08-10 22:51:43,24,32,38,21.2,28.3,25.8,21.2,0,21
2026-08-10 22:56:43,23,34,37,21.2,28.2,25.9,21,0,21
2026-08-10 23:01:43,24,31,36,21.1,28.1,25.7,21.2,0,21
2026-08-10 23:06:43,21,32,32,21,28.3,25.6,21,0,21
2026-08-10 23:11:43,21,32,33,21,28,25.6,20.9,0,21
2026-08-10 23:16:43,21,31,36,21,28.3,25.5,21.1,0,21
2026-08-10 23:21:43,22,32,36,20.9,28.3,25.5,21.2,0,21
2026-08-10 23:26:43,23,32,36,20.9,28.3,25.5,21.2,0,21
2026-08-10 23:31:43,18,31,32,20.9,28.3,25.6,21.1,0,21
2026-08-10 23:36:43,21,32,32,20.9,28.3,25.6,21,1,21
2026-08-10 23:41:43,20,30,33,20.9,28.4,25.6,21.1,0,21
2026-08-10 23:46:43,21,32,32,20.9,28.5,25.6,21.2,0,21
2026-08-10 23:51:43,21,31,31,20.9,28.5,25.6,21.3,0,21
2026-08-10 23:56:43,21,32,36,20.9,28.5,25.6,21.1,1,21
2026-08-11 00:01:43,20,31,32,20.9,28.5,25.6,21.1,0,21
2026-08-11 00:06:43,22,35,38,20.9,28.6,25.8,21.2,0,18
2026-08-11 00:11:43,21,32,32,20.9,28.6,25.5,21.4,0,21
2026-08-11 00:16:43,21,32,33,20.9,28.6,25.6,21.3,0,18
2026-08-11 00:21:44,24,35,38,20.9,28.5,25.7,21.3,0,18
2026-08-11 00:26:43,24,36,39,20.9,28.6,25.6,21.4,0,18
2026-08-11 00:31:43,23,35,37,20.9,28.7,25.7,21.4,0,18
2026-08-11 00:36:43,22,36,39,20.9,28.7,25.6,21.3,0,18
2026-08-11 00:41:44,24,36,39,20.9,28.7,25.6,21.5,0,18
2026-08-11 00:46:43,21,32,35,20.9,28.7,25.6,21.5,0,18
2026-08-11 00:51:43,21,35,36,20.9,28.7,25.7,21.5,0,18
2026-08-11 00:56:43,20,32,36,20.9,28.7,25.7,21.4,0,19
2026-08-11 01:01:43,22,36,39,21,28.7,25.8,21.4,0,19
2026-08-11 01:06:43,22,36,39,21,28.8,25.8,21.3,0,19
2026-08-11 01:11:44,23,32,36,21,28.8,25.7,21.4,0,19
2026-08-11 01:16:43,23,35,37,21,28.8,25.8,21.3,0,19
2026-08-11 01:21:43,20,35,38,21,28.7,25.7,21.3,0,19
2026-08-11 01:26:43,20,32,33,20.9,28.7,25.7,21.4,0,19
2026-08-11 01:31:44,24,35,38,20.9,28.7,25.6,21.4,0,19
2026-08-11 01:36:43,23,33,36,20.9,28.8,25.6,21.5,0,19
2026-08-11 01:41:44,24,34,38,20.9,28.7,25.6,21.5,0,19
2026-08-11 01:46:43,22,35,37,20.9,28.7,25.6,21.5,1,19
2026-08-11 01:51:43,22,36,39,20.9,28.8,25.7,21.5,0,19
2026-08-11 01:56:43,23,35,37,21,28.7,25.7,21.6,0,19
2026-08-11 02:01:44,23,33,34,20.9,28.9,25.6,21.6,0,19
2026-08-11 02:07:06,23,33,36,20.9,28.9,25.7,21.5,1,15
2026-08-11 02:11:44,24,36,39,20.9,28.8,25.7,21.6,0,24
2026-08-11 02:16:43,22,34,38,20.9,28.9,25.6,21.6,0,16
2026-08-11 02:21:44,22,34,38,20.9,29,25.6,21.7,0,24
2026-08-11 02:26:46,23,33,36,20.9,29.1,25.5,21.8,0,14
2026-08-11 02:31:47,23,32,33,20.9,29.1,25.7,21.6,0,14
2026-08-11 02:36:44,23,35,38,20.9,29.1,25.7,21.6,0,15
2026-08-11 02:41:44,24,35,37,20.9,28.9,25.6,21.8,0,19
2026-08-11 02:46:44,23,35,36,20.9,29.1,25.6,21.7,0,19
2026-08-11 02:51:44,23,35,37,20.9,28.9,25.6,21.7,0,19
2026-08-11 02:56:44,21,35,37,20.8,29,25.5,21.8,0,19
2026-08-11 03:01:44,22,33,37,20.8,29,25.5,21.8,0,19
2026-08-11 03:06:44,24,35,37,20.8,29.1,25.6,21.8,0,19
2026-08-11 03:11:44,23,35,36,20.8,29.1,25.5,21.8,0,19
2026-08-11 03:16:44,24,35,36,20.8,29.1,25.6,21.7,0,19
2026-08-11 03:21:44,21,31,32,20.8,29,25.5,21.7,0,19
2026-08-11 03:26:44,23,33,36,20.8,29.1,25.5,21.6,0,15
2026-08-11 03:31:44,21,32,32,20.8,29,25.5,21.7,0,27
2026-08-11 03:36:49,21,34,37,20.8,29,25.5,21.7,1,15
2026-08-11 03:41:55,22,35,37,20.9,29.1,25.6,21.6,0,16
2026-08-11 03:46:46,23,32,38,20.8,29.1,25.5,21.9,0,14
2026-08-11 03:51:59,22,35,36,20.7,29.1,25.4,21.9,0,14
2026-08-11 03:56:44,23,32,36,20.8,29.2,25.4,22,0,15
2026-08-11 04:01:44,24,35,37,20.8,29.2,25.5,21.9,0,15
2026-08-11 04:06:44,23,33,34,20.7,29.3,25.4,22,0,24
2026-08-11 04:11:44,23,36,39,20.7,29.4,25.4,22.1,0,16
2026-08-11 04:16:44,21,35,36,20.7,29.3,25.4,22.1,0,16
2026-08-11 04:21:44,22,34,38,20.7,29.2,25.4,22,0,16
2026-08-11 04:26:44,23,33,36,20.7,29.5,25.3,22.2,0,16
2026-08-11 04:31:44,24,35,38,20.7,29.5,25.2,22.3,0,16
2026-08-11 04:36:44,22,32,36,20.6,29.5,25.3,22.2,0,16
2026-08-11 04:41:44,23,35,36,20.6,29.5,25.2,22.3,0,16
2026-08-11 04:46:44,23,33,37,20.6,29.5,25.3,22.2,0,17
2026-08-11 04:51:45,23,33,37,20.5,29.4,25.1,22.2,0,17
2026-08-11 04:56:44,24,35,39,20.5,29.5,25.1,22.3,0,17
2026-08-11 05:01:44,24,36,41,20.5,29.7,25.2,22.2,0,17
2026-08-11 05:06:44,22,34,37,20.5,29.5,25.1,22.3,0,17
2026-08-11 05:11:44,24,37,40,20.5,29.6,25.2,22.3,0,17
2026-08-11 05:16:44,23,36,39,20.5,29.5,25.2,22.2,0,17
2026-08-11 05:21:44,23,35,39,20.5,29.6,25.1,22.2,0,17
2026-08-11 05:26:59,24,35,39,20.5,29.5,25.2,22.2,1,15
2026-08-11 05:31:44,24,36,42,20.5,29.5,25.1,22.3,0,27
2026-08-11 05:36:44,22,34,38,20.5,29.5,25.2,22.3,0,27
2026-08-11 05:41:59,24,35,38,20.6,29.7,25.3,22.3,0,15
2026-08-11 05:46:44,23,35,39,20.5,29.5,25.2,22.4,0,15
2026-08-11 05:51:44,24,36,39,20.6,29.6,25.3,22.3,0,24
2026-08-11 06:01:44,23,33,38,20.5,29.7,25.2,22.2,1,27
2026-08-11 06:06:44,24,36,38,20.6,29.5,25.2,22.2,0,18
2026-08-11 06:11:44,21,35,40,20.5,29.5,25.2,22.2,0,18
2026-08-11 06:16:45,24,35,38,20.5,29.7,25.1,22.2,0,18
2026-08-11 06:21:44,23,35,39,20.5,29.5,25.3,22.2,0,18
2026-08-11 06:26:44,23,35,37,20.6,29.8,25.3,22.1,0,18
2026-08-11 06:31:44,23,35,40,20.6,29.7,25.3,22.2,0,18
2026-08-11 06:36:44,24,36,39,20.5,29.7,25.2,22.3,0,18
2026-08-11 06:41:44,23,35,40,20.6,29.7,25.2,22.2,0,18
2026-08-11 06:46:44,24,35,38,20.5,29.5,25.2,22.2,0,18
2026-08-11 06:51:44,23,35,40,20.5,29.6,25.3,22.1,0,18
2026-08-11 06:56:44,24,36,41,20.6,29.5,25.3,22,0,18
2026-08-11 07:01:44,25,37,42,20.6,29.5,25.3,22.1,0,18
2026-08-11 07:06:45,24,37,40,20.6,29.5,25.3,22.1,0,18
2026-08-11 07:11:44,23,36,40,20.6,29.7,25.4,22.2,0,21
2026-08-11 07:16:44,24,37,40,20.6,29.7,25.3,22.3,0,21
2026-08-11 07:21:45,24,35,38,20.6,29.6,25.3,22.2,0,21
2026-08-11 07:26:44,24,35,40,20.6,29.7,25.2,22.4,0,21
2026-08-11 07:31:44,24,36,39,20.6,29.8,25.3,22.5,0,21
2026-08-11 07:36:44,25,36,41,20.6,29.9,25.3,22.4,0,21
2026-08-11 07:41:44,24,35,38,20.6,29.8,25.3,22.5,0,21
2026-08-11 07:46:44,24,36,41,20.6,29.8,25.3,22.5,0,21
2026-08-11 07:51:44,24,36,42,20.6,29.9,25.3,22.5,0,21
2026-08-11 07:56:44,24,35,41,20.6,29.8,25.3,22.4,0,21
2026-08-11 08:01:44,24,36,41,20.6,29.8,25.3,22.5,0,21
2026-08-11 08:06:44,29,45,54,20.6,29.9,25.3,22.4,0,21
2026-08-11 08:11:44,25,41,47,20.6,29.8,25.4,22.4,0,21
2026-08-11 08:16:45,24,37,43,20.6,29.9,25.3,22.5,0,21
2026-08-11 08:21:44,24,39,42,20.6,29.9,25.2,22.6,0,25
2026-08-11 08:26:45,26,39,45,20.6,30,25.2,22.7,0,24
2026-08-11 08:31:44,25,43,49,20.6,29.9,25.2,22.7,0,20
2026-08-11 08:36:44,25,39,46,20.6,30,25.1,22.8,0,24
2026-08-11 08:41:45,25,39,45,20.6,30,25.2,22.6,0,28
2026-08-11 08:46:45,24,37,43,20.6,30.1,25.3,22.6,0,20
2026-08-11 08:51:45,25,37,44,20.6,30,25.4,22.6,0,25
2026-08-11 08:56:45,25,40,48,20.7,29.9,25.3,22.5,0,20
2026-08-11 09:01:45,26,40,46,20.6,30,25.3,22.5,0,25
2026-08-11 09:06:45,27,41,49,20.6,29.9,25.3,22.6,0,26
2026-08-11 09:11:45,26,42,47,20.6,30,25.3,22.6,0,19
2026-08-11 09:16:44,26,43,49,20.7,29.9,25.4,22.4,0,26
2026-08-11 09:21:45,25,40,46,20.7,29.9,25.5,22.3,0,21
2026-08-11 09:26:45,26,42,49,20.7,29.7,25.3,22.3,0,27
2026-08-11 09:31:45,25,38,47,20.7,29.7,25.4,22.3,0,25
2026-08-11 09:36:45,26,40,49,20.7,29.7,25.3,22.3,0,22
2026-08-11 09:41:45,26,43,50,20.7,29.7,25.3,22.4,0,27
2026-08-11 09:46:45,25,41,49,20.6,29.7,25.2,22.5,0,22
2026-08-11 09:51:45,28,44,51,20.6,29.9,25.4,22.4,0,26
2026-08-11 09:56:45,27,42,49,20.6,29.9,25.3,22.5,0,21
2026-08-11 10:01:45,29,42,50,20.7,29.9,25.4,22.5,0,25
2026-08-11 10:06:45,28,42,50,20.7,30,25.4,22.5,1,27
2026-08-11 10:11:45,26,44,52,20.7,29.8,25.4,22.6,0,22
2026-08-11 10:16:45,27,42,50,20.7,29.9,25.4,22.5,0,26
2026-08-11 10:21:45,26,43,49,20.7,30,25.4,22.5,0,25
2026-08-11 10:26:45,26,43,52,20.8,29.9,25.5,22.4,0,22
2026-08-11 10:31:45,28,42,52,20.8,29.9,25.5,22.5,0,25
2026-08-11 10:36:45,29,43,51,20.7,29.9,25.5,22.6,0,21
2026-08-11 10:41:45,29,45,51,20.7,29.9,25.5,22.5,0,25
2026-08-11 10:46:45,28,42,51,20.8,29.8,25.4,22.5,0,20
2026-08-11 10:51:45,29,42,51,20.7,29.9,25.4,22.6,0,27
2026-08-11 10:56:45,29,45,54,20.7,29.8,25.4,22.6,0,21
2026-08-11 11:01:45,31,48,58,20.8,29.9,25.4,22.6,0,25
2026-08-11 11:06:45,28,43,51,20.8,30,25.4,22.7,0,26
2026-08-11 11:11:45,28,46,54,20.8,29.8,25.5,22.6,0,29
2026-08-11 11:16:45,29,45,54,20.8,30,25.5,22.7,0,29
2026-08-11 11:21:45,30,45,54,20.8,30.1,25.6,22.6,0,21
2026-08-11 11:26:45,30,46,55,20.9,30,25.6,22.6,0,27
2026-08-11 11:31:45,29,44,53,20.9,29.9,25.7,22.4,0,27
2026-08-11 11:36:45,28,46,55,21,29.8,25.8,22.4,0,25
2026-08-11 11:41:45,30,44,52,21.1,29.8,25.8,22.4,0,26
2026-08-11 11:46:45,28,44,53,21.1,29.8,25.9,22.2,0,21
2026-08-11 11:51:45,28,45,53,21.2,29.6,26,22.2,0,27
2026-08-11 11:56:45,29,45,55,21.2,29.8,26,22.2,0,26
2026-08-11 12:01:45,30,46,55,21.2,29.7,26.1,22.1,0,28
2026-08-11 12:06:45,28,45,53,21.3,29.6,26.1,22.1,0,26
2026-08-11 12:11:45,30,46,54,21.3,29.6,26,22.1,0,26
2026-08-11 12:16:45,30,46,54,21.4,29.5,26.2,22,0,25
2026-08-11 12:21:45,30,46,55,21.4,29.5,26.2,22.1,0,26
2026-08-11 12:26:45,31,50,60,21.4,29.6,26.1,22.1,1,26
2026-08-11 12:31:45,33,51,64,21.6,29.6,26.4,21.9,0,26
2026-08-11 12:36:45,31,48,56,21.6,29.5,26.3,22.1,0,26
2026-08-11 12:41:45,31,48,57,21.6,29.7,26.3,22.1,0,26
2026-08-11 12:46:45,31,48,57,21.7,29.6,26.3,22.1,0,25
2026-08-11 12:51:45,32,48,58,21.6,29.7,26.3,22.2,0,22
2026-08-11 12:56:45,32,49,58,21.7,29.4,26.4,22.1,0,27
2026-08-11 13:01:45,32,49,59,21.7,29.7,26.5,22,0,22
2026-08-11 13:06:46,32,50,59,21.8,29.5,26.5,22.1,0,26
2026-08-11 13:11:45,36,54,67,21.8,29.5,26.6,22,0,26
2026-08-11 13:16:45,34,53,66,21.9,29.5,26.7,21.9,0,26
2026-08-11 13:21:45,35,53,66,21.9,29.6,26.7,22,0,26
2026-08-11 13:26:45,33,52,64,22,29.3,26.8,22.1,0,22
2026-08-11 13:31:45,35,53,64,22,29.5,26.9,22,0,19
2026-08-11 13:36:46,34,53,65,22.1,29.7,27,22.1,0,26
2026-08-11 13:41:46,34,52,65,22.2,29.6,27.2,22,0,26
2026-08-11 13:46:46,35,53,64,22.3,29.3,27.3,21.8,0,25
2026-08-11 13:51:45,32,51,63,22.4,29.5,27.3,21.9,1,26
2026-08-11 13:56:46,32,50,62,22.6,29.1,27.5,21.4,0,22
2026-08-11 14:01:45,32,50,62,22.6,29.1,27.6,21.5,0,25
2026-08-11 14:06:46,34,50,63,22.7,29,27.8,21.4,0,26
2026-08-11 14:11:46,32,50,60,22.9,28.8,27.8,21.2,0,25
2026-08-11 14:16:45,32,50,61,23,28.7,28,21,0,21
2026-08-11 14:21:46,32,49,60,23.1,28.4,28.2,20.8,0,26
2026-08-11 14:26:45,32,49,61,23.2,28.2,28.1,20.8,0,26
2026-08-11 14:31:45,33,50,59,23.2,28.2,28.1,20.8,0,19
2026-08-11 14:36:46,34,50,62,23.3,28.2,28.3,20.6,0,25
2026-08-11 14:41:45,31,49,58,23.4,28.1,28.4,20.6,0,26
2026-08-11 14:46:46,37,58,69,23.4,27.9,28.3,20.5,0,26
2026-08-11 14:51:46,34,52,63,23.4,27.9,28.4,20.3,0,22
2026-08-11 14:56:46,32,51,61,23.5,27.7,28.4,20.3,0,26
2026-08-11 15:01:46,34,49,61,23.5,27.7,28.4,20.2,0,26
2026-08-11 15:06:46,32,49,61,23.5,27.4,28.5,20,0,25
2026-08-11 15:11:46,34,50,62,23.5,27.2,28.5,20,0,26
2026-08-11 15:16:46,31,49,59,23.5,27.2,28.4,20,0,26
2026-08-11 15:21:45,33,51,61,23.6,27.2,28.5,19.9,0,25
2026-08-11 15:26:46,33,50,63,23.6,27.3,28.5,20,0,25
2026-08-11 15:31:46,31,50,61,23.5,27.4,28.4,20.1,0,26
2026-08-11 15:36:46,32,51,61,23.6,27.1,28.5,19.9,0,18
2026-08-11 15:41:46,32,50,60,23.6,27.3,28.5,20.1,0,22
2026-08-11 15:46:45,33,52,63,23.6,27.2,28.5,20,0,21
2026-08-11 15:51:46,34,53,64,23.6,27.1,28.5,20.1,0,25
2026-08-11 15:56:46,35,57,69,23.7,27.1,28.6,20,0,25
2026-08-11 16:01:46,35,56,67,23.7,27.3,28.6,20,0,25
2026-08-11 16:06:46,34,53,66,23.7,27.1,28.6,20.1,0,22
2026-08-11 16:11:46,34,53,65,23.7,27.4,28.7,20.1,0,20
2026-08-11 16:16:46,36,54,67,23.7,27.3,28.7,20,0,25
2026-08-11 16:21:46,36,57,68,23.8,27.2,28.7,19.8,0,18
2026-08-11 16:26:46,34,53,67,23.7,27.2,28.6,19.9,0,21
2026-08-11 16:31:46,35,55,68,23.8,27.1,28.7,19.8,0,21
2026-08-11 16:36:46,35,53,65,23.8,27.1,28.6,19.9,0,25
2026-08-11 16:41:46,36,54,67,23.7,27.1,28.6,19.9,0,21
2026-08-11 16:46:46,36,55,67,23.7,26.8,28.6,19.7,0,23
2026-08-11 16:51:46,36,57,69,23.8,26.9,28.6,19.8,0,21
2026-08-11 16:56:46,37,59,71,23.7,27.1,28.5,19.8,0,21
2026-08-11 17:01:46,39,59,71,23.8,27,28.6,20,0,25
2026-08-11 17:06:46,39,57,70,23.8,27,28.7,19.8,0,18
2026-08-11 17:11:46,42,66,74,23.7,27.2,28.6,19.9,0,26
2026-08-11 17:16:46,42,63,74,23.7,27.1,28.6,19.8,0,18
2026-08-11 17:21:46,37,58,70,23.7,27,28.7,19.9,0,26
2026-08-11 17:26:46,41,63,72,23.7,27,28.5,19.9,0,24
2026-08-11 17:31:46,36,60,69,23.6,26.9,28.5,20,0,21
2026-08-11 17:36:46,37,57,70,23.6,26.9,28.5,19.9,0,25
2026-08-11 17:41:46,37,58,70,23.6,26.8,28.5,19.9,0,18
2026-08-11 17:46:46,37,60,70,23.6,26.9,28.5,19.7,0,26
2026-08-11 17:51:46,37,59,70,23.6,26.9,28.4,19.9,0,25
2026-08-11 17:56:46,37,58,69,23.6,26.8,28.5,19.8,0,19
2026-08-11 18:01:46,36,59,69,23.6,26.9,28.5,19.9,0,25
2026-08-11 18:06:46,40,61,72,23.6,26.8,28.4,19.7,0,19
2026-08-11 18:11:46,37,57,69,23.5,26.9,28.3,19.8,1,22
2026-08-11 18:16:46,37,57,70,23.5,26.8,28.3,19.9,0,22
2026-08-11 18:21:46,41,66,74,23.5,26.9,28.3,19.9,0,25
2026-08-11 18:26:46,39,60,70,23.5,27.1,28.3,19.9,0,20
2026-08-11 18:31:46,37,60,71,23.4,27,28.3,19.8,0,20
2026-08-11 18:36:46,36,54,67,23.4,27,28.3,20.1,0,20
2026-08-11 18:41:46,35,53,66,23.3,26.9,28.1,20.1,0,20
2026-08-11 18:46:46,37,58,69,23.3,27,28.1,20,0,20
2026-08-11 18:51:46,36,59,70,23.3,27.1,28.1,20.1,0,20
2026-08-11 18:56:46,35,53,66,23.2,27.2,28,20.2,0,20
2026-08-11 19:01:46,36,55,70,23.2,27.2,28,20.3,0,20
2026-08-11 19:06:46,36,57,68,23.2,27.3,28,20.2,0,20
2026-08-11 19:11:46,35,54,67,23.2,27.2,28,20.3,0,20
2026-08-11 19:16:46,36,55,69,23.1,27.2,28,20.2,1,20
2026-08-11 19:21:46,35,56,69,23.1,27.4,28,20.3,0,20
2026-08-11 19:26:46,35,55,68,23.1,27.4,28,20.4,0,20
2026-08-11 19:31:46,39,60,70,23.1,27.6,27.9,20.4,0,20
2026-08-11 19:36:46,36,60,70,23,27.6,27.8,20.4,0,20
2026-08-11 19:41:46,35,59,71,23,27.6,27.8,20.5,0,20
2026-08-11 19:46:46,36,58,70,23,27.5,27.9,20.4,0,20
2026-08-11 19:51:46,35,55,69,23,27.5,27.8,20.4,0,20
2026-08-11 19:56:46,35,56,70,22.9,27.3,27.7,20.3,0,20
2026-08-11 20:01:47,36,55,67,22.9,27.6,27.7,20.4,1,20
2026-08-11 20:06:46,35,54,66,22.8,27.5,27.6,20.4,1,20
2026-08-11 20:11:46,35,53,65,22.8,27.7,27.6,20.5,0,20
2026-08-11 20:16:47,34,55,69,22.7,27.7,27.5,20.7,0,20
2026-08-11 20:21:46,34,58,69,22.7,27.8,27.3,20.8,0,20
2026-08-11 20:26:46,38,62,74,22.7,27.8,27.4,20.7,0,20
2026-08-11 20:31:46,35,55,67,22.6,27.8,27.3,20.8,1,20
2026-08-11 20:36:46,33,53,65,22.6,28,27.3,20.9,0,20
2026-08-11 20:41:46,34,54,68,22.5,28,27.2,21,0,20
2026-08-11 20:46:46,35,54,65,22.5,28.2,27.2,20.9,0,20
2026-08-11 20:51:46,35,54,67,22.4,28,27.2,21,0,20
2026-08-11 20:56:46,34,55,67,22.4,28.1,27.1,21,0,20
2026-08-11 21:01:47,34,54,69,22.3,28.2,27.1,21.1,0,20
2026-08-11 21:06:47,35,56,67,22.3,28.2,27.1,21.2,0,20
2026-08-11 21:11:46,35,54,66,22.3,28.3,27.1,21.1,0,20
2026-08-11 21:16:46,35,54,67,22.2,28.4,26.9,21.3,0,20
2026-08-11 21:21:47,35,54,66,22.2,28.4,27,21.3,0,20
2026-08-11 21:26:47,35,54,67,22.2,28.5,26.9,21.3,0,20
2026-08-11 21:31:46,34,52,65,22.1,28.5,26.9,21.4,0,19
2026-08-11 21:36:46,33,53,66,22.1,28.6,26.8,21.3,0,19
2026-08-11 21:41:46,32,50,62,22.1,28.4,26.8,21.4,0,19
2026-08-11 21:46:46,34,51,65,22.1,28.8,26.8,21.4,0,19
2026-08-11 21:51:46,34,53,66,22,28.7,26.7,21.5,0,19
2026-08-11 21:56:46,34,54,66,22,28.9,26.8,21.5,0,19
2026-08-11 22:01:47,34,54,67,22,28.9,26.8,21.5,0,22
2026-08-11 22:06:47,34,53,66,22,28.9,26.6,21.6,0,22
2026-08-11 22:11:47,35,53,66,21.9,28.6,26.7,21.4,0,19
2026-08-11 22:16:47,34,53,65,21.9,28.8,26.7,21.5,0,19
2026-08-11 22:21:47,33,51,65,21.9,28.7,26.6,21.6,0,19
2026-08-11 22:26:47,33,53,66,21.9,29,26.5,21.7,0,19
2026-08-11 22:31:47,35,53,65,21.8,29,26.5,21.7,0,19
2026-08-11 22:36:46,35,53,64,21.8,28.9,26.4,21.7,1,19
2026-08-11 22:41:47,33,54,67,21.7,29,26.4,21.7,0,19
2026-08-11 22:46:47,33,53,68,21.7,28.9,26.4,21.6,0,19
2026-08-11 22:51:47,33,53,65,21.7,29,26.3,21.7,0,19
2026-08-11 22:56:46,33,54,65,21.6,28.9,26.2,21.8,0,19
2026-08-11 23:01:47,33,54,67,21.6,28.9,26.2,21.8,0,19
2026-08-11 23:06:47,33,53,65,21.6,28.8,26.2,21.8,0,19
2026-08-11 23:11:47,34,54,67,21.5,29,26.1,21.8,0,19
2026-08-11 23:16:47,33,52,66,21.5,29,26.1,21.9,0,19
2026-08-11 23:21:47,34,54,67,21.4,28.9,25.9,22,0,19
2026-08-11 23:26:47,33,54,66,21.4,29,26.1,21.9,0,19
2026-08-11 23:31:47,33,54,65,21.4,29,26.1,21.8,1,19
2026-08-11 23:36:47,33,54,67,21.3,29.1,26,22,0,19
2026-08-11 23:41:47,35,55,68,21.3,29.1,25.9,22.1,0,19
2026-08-11 23:46:47,33,53,65,21.3,29.2,25.9,22.1,0,19
2026-08-11 23:51:47,36,54,67,21.2,29.3,25.9,22.1,0,19
2026-08-11 23:56:47,33,53,65,21.2,29.3,25.9,22.2,0,19
2026-08-12 00:01:47,35,55,68,21.2,29.4,25.9,22.2,0,19
2026-08-12 00:06:47,33,54,66,21.2,29.5,26,22.3,0,19
2026-08-12 00:11:47,34,53,66,21.2,29.3,25.9,22.2,0,19
2026-08-12 00:16:47,34,55,67,21.2,29.4,25.9,22.2,1,19
2026-08-12 00:21:47,34,54,67,21.2,29.4,25.8,22.3,0,19
2026-08-12 00:26:47,34,54,66,21.2,29.5,25.9,22.2,0,19
2026-08-12 00:31:47,33,52,65,21.2,29.5,25.9,22.2,0,19
2026-08-12 00:36:47,33,54,66,21.1,29.3,25.9,22.3,0,19
2026-08-12 00:41:47,34,53,65,21.2,29.5,25.9,22.2,0,19
2026-08-12 00:46:47,35,55,67,21.1,29.4,25.9,22.3,0,19
2026-08-12 00:51:47,33,52,65,21.2,29.6,25.9,22.3,0,19
2026-08-12 00:56:47,34,52,66,21.2,29.6,26,22.3,0,19
2026-08-12 01:01:47,34,53,67,21.2,29.5,26,22.2,0,19
2026-08-12 01:06:47,33,54,67,21.2,29.4,25.8,22.4,1,19
2026-08-12 01:11:47,34,54,67,21.2,29.7,25.9,22.4,0,19
2026-08-12 01:16:47,35,54,67,21.1,29.5,25.8,22.4,0,19
2026-08-12 01:21:47,34,52,65,21.1,29.7,25.8,22.4,0,19
2026-08-12 01:26:47,33,52,66,21.1,29.6,25.9,22.3,0,18
2026-08-12 01:31:47,34,54,66,21.1,29.6,25.8,22.4,0,18
2026-08-12 01:36:47,33,54,65,21.2,29.6,25.9,22.3,0,18
2026-08-12 01:41:47,33,54,66,21.1,29.5,25.8,22.3,0,18
2026-08-12 01:46:47,33,52,65,21.1,29.5,25.8,22.3,0,18
2026-08-12 01:51:47,35,56,68,21.1,29.6,25.8,22.2,0,18
2026-08-12 01:56:47,33,54,66,21,29.6,25.7,22.4,0,18
2026-08-12 02:01:47,34,54,68,21,29.5,25.8,22.3,0,18
2026-08-12 02:06:47,34,54,68,21,29.5,25.6,22.4,0,26
2026-08-12 02:11:47,34,54,68,21,29.6,25.6,22.4,0,16
2026-08-12 02:16:47,34,55,67,20.9,29.5,25.6,22.3,0,16
2026-08-12 02:21:47,34,55,67,20.9,29.4,25.7,22.2,0,16
2026-08-12 02:26:47,33,52,65,21,29.5,25.6,22.2,0,16
2026-08-12 02:31:47,33,52,66,20.9,29.6,25.6,22.2,0,16
2026-08-12 02:36:47,34,54,66,20.9,29.6,25.5,22.3,1,16
2026-08-12 02:41:48,33,52,65,20.8,29.6,25.5,22.3,0,16
2026-08-12 02:46:47,34,52,65,20.8,29.7,25.5,22.3,0,16
2026-08-12 02:51:47,34,54,66,20.9,29.6,25.5,22.4,0,16
2026-08-12 02:56:47,34,55,68,20.8,29.7,25.4,22.3,0,16
2026-08-12 03:01:47,34,55,68,20.8,29.7,25.5,22.4,0,16
2026-08-12 03:06:47,33,52,64,20.8,29.7,25.6,22.3,0,16
2026-08-12 03:11:47,34,53,63,20.8,29.6,25.5,22.3,0,16
2026-08-12 03:16:48,34,53,64,20.8,29.6,25.5,22.2,0,16
2026-08-12 03:21:48,34,55,68,20.8,29.6,25.4,22.4,0,16
2026-08-12 03:26:47,33,52,63,20.7,29.7,25.5,22.2,0,16
2026-08-12 03:31:47,34,52,67,20.8,29.5,25.4,22.2,0,16
2026-08-12 03:36:47,34,52,63,20.7,29.7,25.4,22.2,0,16
2026-08-12 03:41:47,34,52,63,20.7,29.8,25.4,22.4,0,16
2026-08-12 03:46:47,32,52,66,20.7,29.7,25.4,22.4,0,16
2026-08-12 03:51:48,34,52,67,20.7,29.6,25.4,22.5,0,16
2026-08-12 03:56:47,32,52,65,20.7,29.7,25.4,22.3,0,16
2026-08-12 04:01:47,33,53,66,20.7,29.6,25.4,22.4,0,16
2026-08-12 04:06:48,34,52,66,20.7,29.7,25.3,22.5,0,16
2026-08-12 04:11:48,33,52,63,20.7,29.7,25.4,22.3,0,16
2026-08-12 04:16:48,33,53,64,20.6,29.9,25.4,22.5,0,16
2026-08-12 04:21:48,33,54,67,20.6,29.9,25.3,22.6,0,16
2026-08-12 04:26:48,32,52,63,20.6,29.9,25.3,22.8,0,16
2026-08-12 04:31:48,34,53,66,20.6,30.1,25.2,22.8,0,16
2026-08-12 04:36:48,32,52,67,20.7,30,25.4,22.6,0,16
2026-08-12 04:41:48,34,53,64,20.7,30,25.4,22.6,0,16
2026-08-12 04:46:47,33,52,63,20.7,30,25.3,22.7,0,16
2026-08-12 04:51:51,34,53,66,20.7,30.1,25.4,22.7,0,16
2026-08-12 04:56:48,33,54,66,20.7,30,25.4,22.8,0,16
2026-08-12 05:01:48,34,51,63,20.7,30,25.3,22.9,0,16
2026-08-12 05:06:47,33,53,66,20.7,30.1,25.4,22.6,0,16
2026-08-12 05:11:48,32,54,65,20.7,30,25.4,22.7,1,16
2026-08-12 05:16:48,34,51,63,20.7,30.1,25.5,22.7,0,16
2026-08-12 05:21:48,32,52,64,20.7,30.1,25.5,22.7,0,16
2026-08-12 05:26:48,34,53,66,20.8,30.3,25.5,22.8,0,17
2026-08-12 05:31:48,34,53,66,20.8,30.1,25.5,22.7,0,17
2026-08-12 05:36:48,33,51,62,20.8,30,25.5,22.7,0,17
2026-08-12 05:41:48,32,52,66,20.8,30.1,25.6,22.7,0,18
2026-08-12 05:46:48,32,52,66,20.9,30.1,25.6,22.7,0,16
2026-08-12 05:51:48,33,56,68,20.9,29.9,25.6,22.7,0,16
2026-08-12 05:56:48,33,53,66,20.9,30,25.6,22.7,0,16
2026-08-12 06:01:48,33,53,66,20.9,30.1,25.7,22.7,0,16
2026-08-12 06:06:48,34,55,67,20.9,29.9,25.7,22.6,0,16
2026-08-12 06:11:48,32,54,66,20.9,30.1,25.6,22.7,0,16
2026-08-12 06:16:48,33,54,67,20.9,30,25.7,22.6,0,16
2026-08-12 06:21:48,34,54,67,21,29.8,25.7,22.5,0,16
2026-08-12 06:26:48,34,55,67,20.9,29.8,25.7,22.5,0,16
2026-08-12 06:31:48,34,54,67,21,29.9,25.7,22.4,0,16
2026-08-12 06:36:48,33,52,62,21,29.8,25.6,22.5,1,16
2026-08-12 06:41:48,32,54,65,21,29.9,25.7,22.6,1,16
2026-08-12 06:46:48,34,55,68,21,29.9,25.8,22.7,0,16
2026-08-12 06:51:48,34,55,67,21,30.1,25.7,22.7,0,16
2026-08-12 06:56:48,33,53,67,21,30.1,25.8,22.7,0,16
2026-08-12 07:01:48,33,52,65,21,30,25.7,22.7,1,16
2026-08-12 07:06:48,32,52,65,21,29.9,25.7,22.6,0,19
2026-08-12 07:11:48,34,55,68,21,30.1,25.6,22.7,0,19
2026-08-12 07:16:48,34,52,64,20.9,30.1,25.6,22.7,0,19
2026-08-12 07:21:48,33,54,66,20.9,30,25.6,22.7,0,22
2026-08-12 07:26:48,32,52,65,20.9,30,25.6,22.6,0,22
2026-08-12 07:31:48,34,53,64,20.9,29.8,25.6,22.5,0,22
2026-08-12 07:36:48,34,56,68,20.9,29.8,25.5,22.6,0,22
2026-08-12 07:41:48,33,55,66,20.8,30.1,25.5,22.7,0,22
2026-08-12 07:46:48,32,51,64,20.8,30,25.5,22.6,0,19
2026-08-12 07:51:48,34,52,65,20.8,29.9,25.6,22.6,0,20
2026-08-12 07:56:48,34,55,67,20.8,29.9,25.6,22.5,0,22
2026-08-12 08:01:48,34,54,67,20.9,29.9,25.7,22.4,0,22
2026-08-12 08:06:48,32,54,67,20.9,29.8,25.6,22.6,0,19
2026-08-12 08:11:48,32,51,63,20.9,29.9,25.5,22.6,0,26
2026-08-12 08:16:48,34,55,67,20.8,29.9,25.5,22.7,0,25
2026-08-12 08:21:48,34,54,67,20.9,30.1,25.6,22.6,0,24
2026-08-12 08:26:48,34,55,67,20.9,30.2,25.5,22.9,0,21
2026-08-12 08:31:48,34,52,68,20.9,30.1,25.6,22.8,0,26
2026-08-12 08:36:48,33,54,66,20.9,30,25.8,22.5,0,26
2026-08-12 08:41:48,33,54,67,21,30,25.6,22.6,0,25
2026-08-12 08:46:49,34,54,68,21,30.1,25.7,22.7,0,25
2026-08-12 08:51:48,33,52,64,21.1,29.9,25.8,22.5,0,19
2026-08-12 08:56:48,35,54,68,21.1,30,25.8,22.6,0,25
2026-08-12 09:01:48,33,54,67,21.1,30,25.9,22.7,0,27
2026-08-12 09:06:49,33,55,67,21.2,30.2,25.9,23,0,21
2026-08-12 09:11:48,36,57,70,21.2,30.2,25.9,23,0,25
2026-08-12 09:16:48,35,55,68,21.3,30.5,26,23,0,25
2026-08-12 09:21:48,33,55,67,21.3,30.2,26.1,22.9,0,19
2026-08-12 09:26:48,35,55,68,21.4,30.1,26.3,22.8,0,26
2026-08-12 09:31:49,36,56,71,21.5,30.4,26.2,22.7,0,26
2026-08-12 09:36:48,35,55,70,21.6,30.1,26.4,22.5,0,24
2026-08-12 09:41:48,35,57,70,21.6,30.1,26.4,22.5,0,27
2026-08-12 09:46:49,34,53,65,21.6,29.9,26.5,22.3,0,23
2026-08-12 09:51:48,33,55,67,21.7,30,26.5,22.3,0,20
2026-08-12 09:56:48,34,56,68,21.7,29.9,26.5,22.4,0,26
2026-08-12 10:01:49,34,54,67,21.8,29.8,26.6,22.2,0,25
2026-08-12 10:06:48,35,55,68,21.9,29.7,26.8,22.2,0,25
2026-08-12 10:10:51,34,55,69,21.5,30.3,26.6,22.4,0,26
2026-08-12 10:15:51,35,57,71,22,29.9,27.5,21.6,0,27
2026-08-12 10:20:51,34,54,66,22.4,29.5,28,21.2,0,22
2026-08-12 10:25:51,35,54,66,22.6,29.5,28.2,21.1,0,26
2026-08-12 10:30:51,35,56,68,22.8,29.3,28.3,21.1,0,22
2026-08-12 10:35:51,32,55,67,22.9,29,28.4,20.9,0,25
2026-08-12 10:40:51,34,53,65,23.1,28.9,28.5,20.6,0,22
2026-08-12 10:45:51,35,55,69,23.2,28.8,28.8,20.6,0,27
2026-08-12 10:50:51,32,53,65,23.4,28.9,28.9,20.8,0,22
2026-08-12 10:55:51,34,54,67,23.4,28.7,28.8,21.1,0,27
2026-08-12 11:00:51,34,53,68,23.5,28.8,29.1,20.9,0,20
2026-08-12 11:05:51,32,52,62,23.7,29,29.2,21,0,27
2026-08-12 11:10:51,32,52,64,23.8,29.1,29.3,21.2,0,27
2026-08-12 11:15:51,30,48,57,24,29.4,29.8,21.1,0,19
2026-08-12 11:20:51,26,41,48,24.3,28.9,29.8,20.7,0,27
2026-08-12 11:25:51,25,39,47,24.5,29,30.1,20.8,0,25
2026-08-12 11:30:51,23,35,40,23.8,29,27.1,23.1,0,21
2026-08-12 11:35:51,23,35,40,21.8,30.2,22.5,28.1,0,27
2026-08-12 11:40:51,28,45,54,20.1,32.4,20,32.4,0,27
2026-08-12 11:45:51,26,43,53,18.9,34.2,18.8,34.8,0,27
2026-08-12 11:50:51,25,40,44,18.2,35.5,18.2,35.9,0,21
2026-08-12 11:55:52,34,57,70,17.7,36.7,17.9,36.9,0,26
2026-08-12 12:00:51,35,59,73,17.5,37.5,17.8,37.6,0,28
2026-08-12 12:05:51,35,58,72,17.3,38,17.8,37.5,0,28
2026-08-12 12:10:51,34,57,70,17.2,38.3,17.9,37.5,0,21
2026-08-12 12:15:51,34,53,66,17.2,38.6,18,37.4,0,27
2026-08-12 12:20:52,35,58,71,17.3,38.9,18.1,37.7,0,21
2026-08-12 12:25:51,35,58,70,17.4,39.1,18.3,37.8,0,27
2026-08-12 12:30:51,35,58,71,17.5,39.2,18.5,37.7,0,23
2026-08-12 12:35:51,38,63,76,17.7,39,18.7,37.3,0,26
2026-08-12 12:40:51,38,67,77,17.8,38.9,18.9,36.8,0,27
2026-08-12 12:45:51,36,62,74,18,38.9,19.1,37,0,22
2026-08-12 12:50:52,37,58,71,18.2,38.9,19.3,36.6,0,26
2026-08-12 12:55:51,36,60,73,18.3,38.8,19.5,36.5,0,25
2026-08-12 13:00:52,37,62,75,18.5,38.8,19.7,36.2,0,21
2026-08-12 13:05:52,37,62,76,18.6,38.2,19.9,35.7,0,26
2026-08-12 13:10:51,39,64,78,18.7,38.5,20,35.9,0,22
2026-08-12 13:15:52,40,69,80,18.8,38.2,20.2,35.3,0,26
2026-08-12 13:20:52,36,57,73,19,38.2,20.3,35.5,0,22
2026-08-12 13:25:51,37,61,74,19.1,37.8,20.5,35.1,0,28
2026-08-12 13:30:52,37,61,73,19.2,38.1,20.6,35.3,0,21
2026-08-12 13:35:52,37,62,74,19.2,37.8,20.7,34.9,0,22
2026-08-12 13:40:52,37,66,76,19.3,37.9,20.8,35,0,26
2026-08-12 13:45:52,42,71,79,19.4,37.6,20.9,34.7,0,22
2026-08-12 13:50:52,39,66,76,19.5,37.3,21,34.2,0,26
2026-08-12 13:55:52,37,64,75,19.6,37.5,21,34.6,0,22
2026-08-12 14:00:52,36,62,74,19.6,37.7,21.1,34.5,0,22
2026-08-12 14:05:52,38,65,76,19.7,37.3,21.2,34.3,0,28
2026-08-12 14:10:52,36,60,73,19.7,37.3,21.2,34.3,0,26
2026-08-12 14:15:52,39,67,78,19.8,37.1,21.2,34.1,0,20
2026-08-12 14:20:52,40,66,76,19.8,37.1,21.2,34.1,0,26
2026-08-12 14:25:52,40,71,78,19.8,37,21.2,34.2,0,22
2026-08-12 14:30:52,38,65,78,19.8,37.1,21.1,34.3,0,29
2026-08-12 14:35:52,44,74,81,19.8,36.8,21,34.1,0,27
2026-08-12 14:40:52,49,83,85,19.7,36.9,21,34.2,0,22
2026-08-12 14:45:52,44,76,83,19.7,36.9,20.9,34.5,0,27
2026-08-12 14:50:52,52,90,93,19.6,37.2,20.8,34.6,0,26
2026-08-12 14:55:52,53,90,93,19.6,37.1,20.7,34.6,0,21
2026-08-12 15:00:52,55,90,93,19.5,37.3,20.6,35,0,28
2026-08-12 15:05:52,50,87,91,19.4,37.6,20.5,35.3,0,20
2026-08-12 15:10:52,53,92,93,19.3,37.4,20.4,35.2,0,27
2026-08-12 15:15:52,54,90,96,19.3,37.5,20.3,35.3,0,22
2026-08-12 15:20:52,56,98,101,19.2,37.7,20.3,35.3,0,28
2026-08-12 15:25:52,53,93,96,19.1,37.6,20.2,35.7,0,20
2026-08-12 15:30:52,58,99,104,19.1,37.5,20.1,35.4,0,26
2026-08-12 15:35:52,61,106,109,19,37.5,20,35.7,0,26
2026-08-12 15:40:52,61,106,111,18.9,37.7,19.9,35.9,0,21
2026-08-12 15:45:52,58,100,106,18.8,37.8,19.8,36,0,26
2026-08-12 15:50:52,59,99,102,18.8,38.2,19.7,36.3,0,22
2026-08-12 15:55:52,58,108,110,18.7,38.3,19.6,36.4,0,26
2026-08-12 16:00:52,62,109,117,18.7,38.2,19.6,36.2,0,21
2026-08-12 16:05:52,64,110,115,18.6,38.4,19.5,36.3,0,26
2026-08-12 16:10:52,59,103,105,18.6,38.5,19.5,36.6,0,22
2026-08-12 16:15:52,62,108,112,18.5,38.3,19.4,36.6,0,26
2026-08-12 16:20:52,62,110,117,18.5,38.4,19.4,36.7,0,22
2026-08-12 16:25:52,60,105,111,18.5,38.5,19.3,36.8,0,26
2026-08-12 16:30:52,72,128,133,18.4,38.6,19.2,36.8,0,26
2026-08-12 16:35:52,61,109,114,18.4,38.6,19.2,36.9,0,25
2026-08-12 16:40:52,62,110,117,18.3,38.6,19.1,37.1,0,20
2026-08-12 16:45:52,61,110,113,18.3,38.7,19.1,37,0,26
2026-08-12 16:50:52,64,108,115,18.3,38.8,19,37.1,0,25
2026-08-12 16:55:52,64,110,114,18.2,38.8,19,37.2,0,21
2026-08-12 17:00:52,64,113,119,18.2,38.9,18.9,37.3,0,27
2026-08-12 17:05:52,63,113,119,18.2,38.8,18.8,37.3,0,26
2026-08-12 17:10:52,66,116,118,18.1,39,18.7,37.5,0,27
2026-08-12 17:15:52,66,116,120,18,39,18.7,37.5,0,27
2026-08-12 17:20:52,63,110,114,17.9,38.9,18.6,37.3,0,26
2026-08-12 17:25:52,62,109,116,17.9,39.2,18.5,37.7,0,26
2026-08-12 17:30:52,64,111,117,17.8,39.2,18.4,37.9,0,22
2026-08-12 17:35:52,62,110,115,17.8,39.3,18.3,38,0,25
2026-08-12 17:40:53,62,111,115,17.7,39.6,18.3,38.2,0,22
2026-08-12 17:45:52,61,107,112,17.7,39.6,18.2,38.3,0,26
2026-08-12 17:50:52,59,102,108,17.6,39.7,18.1,38.5,0,26
2026-08-12 17:55:52,60,111,113,17.5,39.8,18.1,38.7,0,22
2026-08-12 18:00:52,58,105,111,17.5,39.8,18,38.6,0,26
2026-08-12 18:05:52,59,102,110,17.4,39.9,17.9,38.8,0,21
2026-08-12 18:10:53,63,112,117,17.4,40.1,17.9,38.9,0,28
2026-08-12 18:15:52,60,107,113,17.3,40,17.8,39,0,25
2026-08-12 18:20:52,62,112,120,17.3,40.2,17.7,39.2,0,27
2026-08-12 18:25:53,63,110,113,17.3,40.4,17.6,39.7,0,20
2026-08-12 18:30:52,63,113,118,17.2,40.8,17.6,40.1,0,25
2026-08-12 18:35:52,67,124,131,17.1,40.9,17.5,40.3,0,22
2026-08-12 18:40:52,66,121,128,17.1,41,17.4,40.4,0,25
2026-08-12 18:43:48,60,97,102,16.7,41.7,17.6,42.9,0,25
2026-08-12 18:48:48,63,109,113,19.3,41.9,25.5,31.5,0,22
2026-08-12 18:53:48,56,99,104,21.7,37.5,29.4,24.7,0,22
2026-08-12 18:58:49,60,104,110,22.2,35.2,27,26.1,0,22
2026-08-12 19:03:48,52,90,92,23.2,34.5,29.5,24.4,0,22
2026-08-12 19:08:48,53,90,91,23.9,33.3,30.1,23.3,0,22
2026-08-12 19:13:48,51,89,91,25,31.5,31.3,21.7,0,22
2026-08-12 19:18:48,55,92,94,23.8,31.4,26.4,25.7,0,22
2026-08-12 19:23:49,58,93,97,22,32.7,22.7,30.5,0,22
2026-08-12 19:26:18,50,88,92,21.1,33.1,21.9,34.3,0,24
2026-08-12 19:31:18,50,87,90,23.2,33.2,29.5,24,0,22
2026-08-12 19:36:18,48,81,88,24.5,31.5,31,21.8,0,22
2026-08-12 19:41:18,47,82,86,25.3,30.3,31.6,20.8,0,22
2026-08-12 19:46:18,47,81,82,25.9,29.6,32,20.5,0,22
2026-08-12 19:51:18,45,79,82,26.1,29.1,31.9,20.5,0,22
2026-08-12 19:56:18,44,75,78,26.3,28.7,32.1,20,0,23
2026-08-12 20:01:18,41,72,78,26.4,28.6,32.1,20.1,0,21
2026-08-12 20:06:18,42,72,76,26.5,28.2,32.1,20,0,21
2026-08-12 20:11:18,38,68,74,26.6,28.2,32.2,19.8,0,21
2026-08-12 20:16:18,41,74,79,26.6,27.8,32.2,19.7,0,21
2026-08-12 20:21:18,45,73,77,26.6,27.6,32.2,19.6,0,21
2026-08-12 20:26:18,44,71,77,26.7,27.5,32.2,19.6,0,21
2026-08-12 20:31:18,41,73,76,26.6,27.3,32,19.7,0,21
2026-08-12 20:36:18,45,76,78,26.6,27.2,32.1,19.4,0,21
2026-08-12 20:41:18,41,73,77,26.5,27.2,31.9,19.6,0,21
2026-08-12 20:46:18,47,80,83,26.6,27.4,32,19.7,0,21
2026-08-12 20:51:18,40,68,75,26.6,27.5,32.2,19.5,0,21
2026-08-12 20:56:18,40,65,72,26.6,27.4,32.1,19.6,0,21
2026-08-12 21:01:18,35,58,69,26.6,27.2,32.2,19.4,0,21
2026-08-12 21:06:18,35,60,70,26.5,27.2,32,19.6,0,21
2026-08-12 21:11:18,35,60,71,26.5,27.3,31.9,19.5,0,21
2026-08-12 21:16:18,35,62,72,26.4,27.1,31.8,19.4,1,21
2026-08-12 21:21:18,34,61,71,26.4,27.1,31.7,19.4,0,21
2026-08-12 21:26:18,34,56,68,26.4,27.2,31.8,19.4,0,21
2026-08-12 21:31:19,33,56,67,26.3,27,31.9,19.4,0,21
2026-08-12 21:36:18,33,52,63,26.3,27,31.9,19.4,0,21
2026-08-12 21:41:18,31,50,62,26.3,27,31.6,19.4,0,21
2026-08-12 21:46:18,28,45,55,26.2,26.8,31.7,19.2,0,21
2026-08-12 21:51:18,29,46,57,26.2,26.8,31.5,19.3,0,21
2026-08-12 21:56:18,28,47,56,26.2,26.9,31.5,19.3,0,21
2026-08-12 22:01:18,29,46,57,26.1,26.8,31.7,19.4,0,21
2026-08-12 22:06:18,26,43,51,26.2,26.9,31.6,19.3,0,21
2026-08-12 22:11:18,28,45,55,26.2,26.7,31.6,19.1,0,21
2026-08-12 22:16:18,29,46,57,26.2,26.8,31.7,19.1,0,21
2026-08-12 22:21:18,28,45,55,26.1,26.7,31.6,19,0,21
2026-08-12 22:26:18,28,46,55,26.1,26.9,31.5,19.3,0,21
2026-08-12 22:31:18,28,45,55,26.1,26.8,31.5,19.2,1,21
2026-08-12 22:36:18,24,40,46,26.1,26.9,31.6,19.1,0,21
2026-08-12 22:41:19,23,37,45,26.2,26.6,31.8,18.9,0,21
2026-08-12 22:46:19,22,36,44,26.1,26.6,31.5,19,0,21
2026-08-12 22:51:19,23,37,45,26.2,26.5,31.6,18.8,0,21
2026-08-12 22:56:18,23,38,45,26,26.5,31.3,19.1,0,21
2026-08-12 23:01:19,24,36,43,26.1,26.5,31.5,19.2,0,21
2026-08-12 23:06:19,22,38,46,26.1,26.7,31.4,19.2,0,21
2026-08-12 23:11:19,23,40,47,26,26.7,31.5,19.2,0,21
2026-08-12 23:16:19,24,40,49,26,26.9,31.3,19.4,0,21
2026-08-12 23:21:18,23,38,46,26,26.8,31.3,19.3,0,21
2026-08-12 23:26:18,21,36,44,26,26.7,31.5,19.1,0,21
2026-08-12 23:31:19,22,35,40,26,26.8,31.4,19.3,0,21
2026-08-12 23:36:19,19,32,33,26,26.6,31.3,19.2,0,21
2026-08-12 23:41:18,19,32,34,26,26.4,31.5,19,0,21
2026-08-12 23:46:19,16,29,30,26.1,26.6,31.5,19.1,0,21
2026-08-12 23:51:19,12,26,27,26.1,26.2,31.7,18.6,0,21
2026-08-12 23:56:19,15,29,29,26.1,26.3,31.4,18.8,0,19
2026-08-13 00:01:19,12,25,26,26,26.3,31.3,18.7,1,19
2026-08-13 00:06:19,11,25,25,26,26.2,31.4,18.6,0,19
2026-08-13 00:11:19,8,23,23,26,26.4,31.3,18.9,0,19
2026-08-13 00:16:19,10,24,24,25.9,26.5,31.2,18.9,0,19
2026-08-13 00:21:19,8,19,23,26,26.3,31.4,18.7,0,19
2026-08-13 00:26:19,7,17,19,26,26.5,31.4,18.8,0,19
2026-08-13 00:31:19,6,18,19,26.1,26.3,31.6,18.6,0,19
2026-08-13 00:36:19,6,13,13,26,26.3,31.3,18.8,0,19
2026-08-13 00:41:19,4,10,11,26,26.2,31.5,18.5,0,19
2026-08-13 00:46:19,4,9,11,25.9,26.2,31.2,18.8,0,19
2026-08-13 00:51:19,3,10,10,25.9,26.2,31.3,18.7,0,19
2026-08-13 00:56:19,4,8,8,25.9,26.2,31.3,18.7,0,19
2026-08-13 01:01:19,3,6,6,26,26.2,31.5,18.4,0,19
2026-08-13 01:06:19,2,5,5,26,26,31.4,18.6,0,19
2026-08-13 01:11:19,1,5,5,26,25.9,31.4,18.4,0,19
2026-08-13 01:16:19,2,4,5,25.9,25.9,31.2,18.6,0,19
2026-08-13 01:21:19,1,4,4,25.9,25.9,31.2,18.5,1,19
2026-08-13 01:26:19,1,5,6,25.9,26,31.2,18.5,0,19
2026-08-13 01:31:19,1,4,4,25.8,25.9,31.2,18.6,0,19
2026-08-13 01:36:19,1,4,4,25.8,26,31,18.8,0,19
2026-08-13 01:41:19,0,3,3,25.8,26,31.1,18.6,0,19
2026-08-13 01:46:19,1,4,4,25.8,26,31.1,18.5,0,19
2026-08-13 01:51:19,0,4,4,25.8,26,31.1,18.6,0,19
2026-08-13 01:56:19,0,2,2,25.7,25.8,31,18.4,1,19
2026-08-13 02:01:19,0,2,2,25.8,25.9,31.1,18.4,0,19
2026-08-13 02:06:19,0,4,4,25.7,25.7,31.1,18.3,0,28
2026-08-13 02:11:19,0,3,4,25.8,25.9,31.3,18.3,0,14
2026-08-13 02:16:19,0,1,1,25.8,25.8,31,18.4,1,26
2026-08-13 02:21:19,0,1,2,25.7,25.8,31,18.4,0,16
2026-08-13 02:26:19,0,2,2,25.7,25.8,30.9,18.6,0,25
2026-08-13 02:31:19,0,2,3,25.6,25.7,30.8,18.3,0,15
2026-08-13 02:36:19,0,3,3,25.6,25.6,30.9,18.2,0,24
2026-08-13 02:41:19,0,3,3,25.6,25.7,30.9,18.4,0,16
2026-08-13 02:46:19,1,4,4,25.6,25.8,30.8,18.3,1,25
2026-08-13 02:51:19,1,3,3,25.5,25.7,30.9,18.2,0,15
2026-08-13 02:56:19,1,2,2,25.5,25.6,30.9,18.3,0,26
2026-08-13 03:01:19,1,3,4,25.6,25.5,30.9,18.1,0,14
2026-08-13 03:06:19,1,2,2,25.5,25.7,30.8,18.4,0,25
2026-08-13 03:11:19,1,4,4,25.5,25.8,30.8,18.4,0,15
2026-08-13 03:16:19,0,3,4,25.5,25.6,30.8,18.5,0,25
2026-08-13 03:21:19,0,3,3,25.5,25.7,30.9,18.3,0,14
2026-08-13 03:26:19,0,3,3,25.4,25.8,30.6,18.5,0,25
2026-08-13 03:31:19,0,2,2,25.4,25.7,30.6,18.7,0,16
2026-08-13 03:36:19,0,1,1,25.4,25.7,30.8,18.2,0,25
2026-08-13 03:41:19,0,0,1,25.4,26,30.7,18.4,0,14
2026-08-13 03:46:19,0,1,2,25.4,25.7,30.6,18.5,0,26
2026-08-13 03:51:19,0,0,0,25.4,25.9,30.7,18.5,0,18
2026-08-13 03:56:19,0,1,1,25.3,25.9,30.5,18.5,0,18
2026-08-13 04:01:19,1,6,6,25.3,25.7,30.5,18.6,0,18
2026-08-13 04:06:19,2,5,6,25.5,25.6,30.8,18.2,0,14
2026-08-13 04:11:19,1,2,3,25.4,25.6,30.7,18.2,0,25
2026-08-13 04:16:19,0,2,2,25.4,25.6,30.5,18.3,0,14
2026-08-13 04:21:19,0,0,3,25.4,25.7,30.8,18.2,0,25
2026-08-13 04:26:19,0,0,0,25.4,25.6,30.7,18.1,1,14
2026-08-13 04:31:19,0,0,0,25.5,25.4,30.9,17.9,0,25
2026-08-13 04:36:19,0,0,0,25.5,25.4,30.7,18,1,14
2026-08-13 04:41:19,0,0,0,25.6,25.2,30.9,18,0,25
2026-08-13 04:46:19,0,0,0,25.5,25.2,30.8,18,0,25
2026-08-13 04:51:20,0,0,0,25.4,25.4,30.8,18,0,14
2026-08-13 04:56:19,0,0,0,25.5,25.3,30.9,17.7,0,25
2026-08-13 05:01:19,0,1,1,25.5,25.4,30.8,18,0,15
2026-08-13 05:06:19,0,0,0,25.4,25.5,30.6,18.2,0,25
2026-08-13 05:11:21,0,0,0,25.4,25.4,30.9,17.7,0,14
2026-08-13 05:16:19,0,0,0,25.4,25.5,30.7,18,0,24
2026-08-13 05:21:19,0,0,0,25.4,25.2,30.8,17.8,0,15
2026-08-13 05:26:19,0,0,0,25.3,25.4,30.7,17.9,0,26
2026-08-13 05:31:19,0,0,0,25.3,25.3,30.5,18,0,16
2026-08-13 05:36:19,0,0,0,25.4,25.3,30.8,17.7,0,25
2026-08-13 05:41:19,0,0,0,25.3,25.3,30.5,17.9,0,25
2026-08-13 05:46:19,0,0,0,25.3,25.3,30.6,18,0,26
2026-08-13 05:51:20,0,0,0,25.3,25.3,30.6,17.9,0,17
2026-08-13 05:56:19,0,0,0,25.3,25.2,30.6,17.8,0,17
2026-08-13 06:01:19,0,0,0,25.3,25.2,30.5,17.9,0,17
2026-08-13 06:06:19,0,0,0,25.3,25.2,30.8,17.6,0,17
2026-08-13 06:11:19,0,0,0,25.3,25.3,30.6,18,0,17
2026-08-13 06:16:19,0,0,0,25.3,25.3,30.6,18,0,17
2026-08-13 06:21:20,0,0,0,25.3,25.3,30.6,17.7,0,17
2026-08-13 06:26:20,0,0,0,25.4,25.1,30.7,17.8,0,17
2026-08-13 06:31:20,0,0,0,25.3,25.2,30.5,17.9,0,20
2026-08-13 06:36:20,0,0,0,25.3,25.3,30.5,17.9,0,19
2026-08-13 06:41:19,0,0,0,25.3,25.4,30.7,17.9,0,19
2026-08-13 06:46:20,0,0,0,25.3,25.4,30.5,18.1,0,19
2026-08-13 06:51:20,0,0,0,25.2,25.3,30.4,18.2,0,19
2026-08-13 06:56:20,0,0,0,25.3,25.4,30.5,18,0,19
2026-08-13 07:01:20,0,0,0,25.2,25.2,30.4,18.1,0,19
2026-08-13 07:06:20,0,0,0,25.2,25.3,30.5,18,0,19
2026-08-13 07:11:20,0,0,0,25.3,25.1,30.5,17.9,0,19
2026-08-13 07:16:20,0,0,0,25.3,25.3,30.5,18.1,0,21
2026-08-13 07:21:20,0,0,0,25.3,25.3,30.6,18,0,21
2026-08-13 07:26:20,0,0,0,25.4,25.3,30.8,17.9,0,21
2026-08-13 07:31:20,0,0,0,25.4,25,30.9,17.7,0,21
2026-08-13 07:36:20,0,0,0,25.4,25.2,30.6,18,0,21
2026-08-13 07:41:20,0,0,0,25.4,25.1,30.6,17.8,0,21
2026-08-13 07:46:20,0,0,0,25.3,24.9,30.6,17.5,0,21
2026-08-13 07:51:20,0,0,0,25.3,25,30.6,17.7,0,21
2026-08-13 07:56:20,0,0,0,25.3,25.2,30.6,17.8,0,21
2026-08-13 08:01:20,0,0,1,25.4,24.7,30.8,17.2,0,21
2026-08-13 08:06:20,0,6,6,25.4,25,30.7,17.5,0,21
2026-08-13 08:11:20,3,5,5,25.4,24.9,30.8,17.6,0,21
2026-08-13 08:16:20,0,1,2,25.4,24.7,30.8,17.3,0,19
2026-08-13 08:21:20,0,1,1,25.5,24.7,30.8,17.2,0,25
2026-08-13 08:26:20,0,0,1,25.6,25,31,17.4,0,23
2026-08-13 08:31:20,0,0,0,25.6,24.7,30.9,17.6,0,25
2026-08-13 08:36:20,9,14,15,25.6,24.7,30.9,17.4,0,21
2026-08-13 08:41:20,10,21,21,25.7,24.7,31.1,17.4,0,26
2026-08-13 08:46:20,6,18,19,25.7,25,31,17.8,0,19
2026-08-13 08:51:20,4,8,9,25.8,25.4,31.2,18,0,25
2026-08-13 08:56:20,4,11,14,25.8,25.5,31.2,18.1,0,26
2026-08-13 09:01:20,3,8,8,25.9,25.4,31.3,18.2,0,26
2026-08-13 09:06:20,1,5,5,26,25.6,31.6,18.2,0,22
2026-08-13 09:11:20,1,4,5,26.1,25.5,31.9,17.9,0,25
2026-08-13 09:16:20,1,4,4,26.2,25.3,31.7,17.8,0,22
2026-08-13 09:21:20,0,1,2,26.1,24.7,31.3,17.1,0,26
2026-08-13 09:26:20,2,7,8,24.4,25.4,26,21.5,0,22
2026-08-13 09:31:20,5,15,16,22.1,27.3,22.3,25.9,0,26
2026-08-13 09:36:20,5,9,11,20.5,29.4,,,0,21
2026-08-13 09:41:20,2,6,6,19.3,31,,,0,26
2026-08-13 09:46:20,1,3,3,18.5,32.5,,,0,26
2026-08-13 09:51:20,2,5,6,17.9,33.8,,,0,28
2026-08-13 09:56:20,1,4,4,17.5,34.4,,,0,21
2026-08-13 10:01:20,0,2,2,17.2,35.2,,,0,27
2026-08-13 10:06:20,0,1,1,17,34.3,,,0,25
2026-08-13 10:11:20,0,2,2,16.8,35.2,,,0,27
2026-08-13 10:16:20,2,9,10,16.7,35.9,,,0,22
2026-08-13 10:21:20,4,10,12,16.6,36.4,,,0,26
2026-08-13 10:26:20,1,4,4,16.6,36.1,,,0,21
2026-08-13 10:31:20,1,1,2,16.5,35.8,,,0,25
2026-08-13 10:36:20,0,0,0,16.5,34.8,,,0,27
2026-08-13 10:41:20,0,4,5,16.5,35.1,,,0,21
2026-08-13 10:45:27,4,6,6,16.1,36.2,17.1,38.4,0,26
2026-08-13 10:50:26,0,2,2,19.2,35.6,26.1,25,0,22
2026-08-13 10:55:27,0,3,5,19.9,33,23.7,25.4,0,26
2026-08-13 11:00:27,0,1,2,19.3,32.9,20.8,28.9,0,22
2026-08-13 11:05:27,0,0,0,18.6,32.6,19.2,30,0,25
2026-08-13 11:10:27,1,4,5,18.1,33.1,18.4,31.5,0,22
2026-08-13 11:15:27,0,0,0,17.7,33.3,17.9,31.4,0,28
2026-08-13 11:20:27,0,0,0,17.4,33.6,17.6,31.9,0,25
2026-08-13 11:25:27,0,0,0,17.2,33.7,17.5,31.9,0,26
2026-08-13 11:34:07,0,0,0,17.1,34.4,17.4,32.8,0,27
2026-08-13 11:35:27,3,5,5,17,34.6,17.4,32.7,0,27
2026-08-13 11:40:27,0,2,2,17,34.4,17.4,32.9,0,22
2026-08-13 11:45:27,0,3,3,17,35,17.4,33.6,0,22
2026-08-13 11:50:27,0,2,2,17,35.2,17.4,33.6,0,22
2026-08-13 11:55:27,0,0,0,17,34.3,17.4,32.2,0,22
2026-08-13 12:00:27,0,0,0,17,33.7,17.5,30.8,0,22
2026-08-13 12:05:27,0,1,1,17.1,33.7,17.6,31,0,26
2026-08-13 12:10:27,0,0,0,17.1,32.8,17.7,29.8,0,25
2026-08-13 12:15:27,0,0,0,17.2,31.9,17.8,28.1,0,26
2026-08-13 12:20:27,0,0,0,17.3,31.4,18,28.1,0,22
2026-08-13 12:25:27,0,0,0,17.4,31.6,18.2,27.4,0,25
2026-08-13 12:30:27,0,0,0,17.6,31,18.4,27.4,0,23
2026-08-13 12:35:27,0,0,0,17.7,30.9,18.7,27.1,0,26
2026-08-13 12:40:27,0,0,0,17.9,30.6,18.9,26.8,0,26
2026-08-13 12:45:27,0,0,0,18.1,30.8,19.1,27.4,0,21
2026-08-13 12:50:27,0,0,0,18.2,31.4,19.2,28.2,0,26
2026-08-13 12:55:27,0,0,0,18.3,32.1,19.2,29.4,0,27
2026-08-13 13:00:27,0,0,0,18.3,32,19.3,29.2,0,26
2026-08-13 13:05:27,0,0,0,18.3,32.4,19.3,29.8,0,21
2026-08-13 13:10:27,0,0,0,18.4,32.5,19.3,29.5,0,21
2026-08-13 13:15:27,0,0,0,18.4,32.9,19.3,30.6,0,26
2026-08-13 13:20:27,0,0,0,18.4,33.3,19.3,30.7,0,22
2026-08-13 13:25:27,0,0,0,18.4,32.8,19.3,29.9,0,21
2026-08-13 13:30:27,0,0,0,18.4,32.6,19.3,29.3,0,28
2026-08-13 13:35:27,0,0,0,18.4,32.1,19.3,28.7,0,22
2026-08-13 13:40:27,0,0,0,18.4,32,19.4,29,0,26
2026-08-13 13:45:27,0,0,0,18.5,32.1,19.4,29.1,0,22
2026-08-13 13:50:27,0,0,0,18.5,32.4,19.5,29.6,0,21
2026-08-13 13:55:27,0,0,0,18.5,32.6,19.5,29.9,0,28
2026-08-13 14:00:27,0,0,0,18.5,34.2,19.5,32.4,0,22
2026-08-13 14:05:27,0,0,0,18.6,34.7,19.4,33.3,0,27
2026-08-13 14:10:27,0,0,0,18.5,35.6,19.4,34.3,0,26
2026-08-13 14:15:27,0,0,0,18.5,35.9,19.4,34.8,0,22
2026-08-13 14:20:27,0,0,0,18.5,36.3,19.4,34.9,0,28
2026-08-13 14:25:27,0,0,0,18.5,36.4,19.4,35,0,21
2026-08-13 14:30:27,0,0,0,18.5,36.9,19.5,35.5,0,21
2026-08-13 14:35:27,0,0,0,18.6,36.4,19.6,34.5,0,22
2026-08-13 14:40:27,0,0,0,18.6,36.9,19.7,35.7,0,28
2026-08-13 14:45:27,0,0,0,18.7,37.2,19.8,35.6,0,22
2026-08-13 14:50:27,0,0,0,18.7,36.5,19.8,34.5,0,26
2026-08-13 14:55:28,0,0,0,18.8,36.8,19.9,35,0,23
2026-08-13 15:00:27,0,0,0,18.9,36.3,20,34,0,27
2026-08-13 15:05:27,0,0,0,18.9,36.3,20,34.1,0,22
2026-08-13 15:10:28,0,0,0,18.9,36.1,20.1,33.9,0,25
2026-08-13 15:15:27,0,0,0,19,36.2,20.1,34.3,0,22
2026-08-13 15:20:27,0,0,0,19,36.5,20.1,34.5,0,26
2026-08-13 15:25:27,0,0,0,19,36.2,20.1,34.2,0,23
2026-08-13 15:30:27,0,0,0,19,36.2,20.1,33.8,0,27
2026-08-13 15:35:27,0,1,1,19,36.1,20.1,34,0,22
2026-08-13 15:40:27,0,0,0,19.1,36.1,20.1,34,0,26
2026-08-13 15:45:27,0,0,0,19.1,36.2,20.1,33.8,0,23
2026-08-13 15:50:27,0,0,0,19,35.9,20.1,33.8,0,27
2026-08-13 15:55:27,0,0,0,19,38.4,20.1,37.8,0,22
2026-08-13 16:00:28,0,0,0,19,38.5,20,37.8,0,22
2026-08-13 16:05:27,0,1,2,19,40.1,19.9,40.2,0,21
2026-08-13 16:10:27,2,9,13,18.9,41,19.9,41.6,0,27
2026-08-13 16:15:28,9,25,26,18.9,42,19.7,42.6,0,22
2026-08-13 16:20:27,7,24,24,18.8,42.5,19.6,43.2,0,26
2026-08-13 16:25:28,2,5,6,18.7,42.3,19.5,42.7,0,22
2026-08-13 16:30:27,0,0,0,18.6,42.6,19.4,43.1,0,27
2026-08-13 16:35:27,0,0,0,18.5,42.7,19.3,43.1,0,23
2026-08-13 16:40:28,0,0,0,18.5,42.9,19.2,43.3,0,19
2026-08-13 16:45:28,0,0,0,18.4,42.2,19.1,42.3,0,27
2026-08-13 16:50:28,0,0,0,18.3,41.6,19,41.2,0,22
2026-08-13 16:55:28,0,0,0,18.1,41.5,18.8,41.2,0,27
2026-08-13 17:00:28,0,0,0,18.1,41.6,18.6,41,0,23
2026-08-13 17:05:27,0,0,0,18,42,18.5,41.8,0,23
2026-08-13 17:10:28,0,0,0,17.9,42.4,18.4,42.6,0,22
2026-08-13 17:15:28,0,0,0,17.8,42.2,18.3,42.1,0,26
2026-08-13 17:20:28,0,0,0,17.7,43,18.2,43.3,0,28
2026-08-13 17:25:28,0,0,0,17.7,43.3,18.2,43.9,0,22
2026-08-13 17:30:28,0,0,0,17.6,44.2,18.2,45.4,0,25
2026-08-13 17:35:28,0,0,0,17.6,44,18.1,44.7,0,22
2026-08-13 17:40:28,0,0,0,17.5,44.2,18,45.3,0,18
2026-08-13 17:45:28,0,0,0,17.5,45.1,17.9,46,0,27
2026-08-13 17:50:28,0,0,0,17.3,45.4,17.8,46.6,0,22
2026-08-13 17:54:46,0,0,0,17,47,18.1,54.3,0,25
2026-08-13 17:59:46,0,0,0,20.4,45.7,27.8,33.1,0,22
2026-08-13 18:04:46,0,0,0,22.6,41.1,30.4,28.3,0,23
2026-08-13 18:09:46,0,0,0,24,38.7,31.3,27.2,0,26
2026-08-13 18:14:46,0,0,0,25.1,36.5,32,25.9,0,20
2026-08-13 18:19:46,0,0,0,25.5,34,30.6,25.3,0,20
2026-08-13 18:24:46,0,0,0,23.7,34.3,25.4,30.9,0,23
2026-08-13 18:29:46,0,0,0,21.8,36.5,22.1,36.1,0,20
2026-08-13 18:33:41,0,0,0,20.7,38.3,21.1,43.5,0,28
2026-08-13 18:38:41,0,0,0,22.7,39,28.8,30.2,0,21
2026-08-13 18:43:41,0,0,0,24.3,37.2,31,27,0,21
2026-08-13 18:48:41,0,0,0,25.2,35.1,31.6,25.6,0,21
2026-08-13 18:53:41,0,0,0,25.8,34.5,32,25.3,0,21
2026-08-13 18:58:41,0,0,0,26.3,33.7,32.3,24.8,0,21
2026-08-13 19:03:41,0,0,0,26.5,32.5,32.2,24.1,0,21
2026-08-13 19:08:41,0,0,0,26.5,32.8,32,24.7,0,21
2026-08-13 19:13:41,0,0,0,26.6,32.8,32.2,24.6,0,21
2026-08-13 19:18:41,0,0,0,26.6,31.9,32,23.6,0,21
2026-08-13 19:28:41,0,0,0,24.5,33.1,27.1,28.5,0,21
2026-08-13 19:33:41,0,0,0,22.6,34.7,23.1,34,0,21
2026-08-13 19:34:20,1,1,1,22.4,34.9,23,36.1,0,28
2026-08-13 19:39:20,0,0,0,23.6,35.2,29.2,27.3,0,21
2026-08-13 19:44:21,0,0,0,24.7,34.3,30.9,25.4,0,21
2026-08-13 19:49:20,0,0,0,25.4,33.5,31.4,24.8,0,21
2026-08-13 19:54:20,0,0,0,24.7,32.2,27.6,26.8,0,21
2026-08-13 19:59:20,0,0,0,22.6,34.7,23.3,33.7,0,21
2026-08-13 20:04:21,0,0,0,22.9,36.4,27.7,30.3,0,21
2026-08-13 20:09:20,0,0,0,23.9,35.5,29.5,27.2,0,21
2026-08-13 20:14:20,0,0,0,24.7,34.7,30.9,25.8,0,21
2026-08-13 20:19:20,0,0,0,25.5,33.7,31.6,24.8,0,21
2026-08-13 20:24:20,0,0,0,25.9,32.9,31.9,24.2,0,21
2026-08-13 20:29:20,0,0,0,26.3,33.3,32.1,24.8,0,21
2026-08-13 20:34:20,0,0,0,26.4,33.2,32.1,25,0,21
2026-08-13 20:39:20,0,0,0,26.6,32.9,32.3,24.9,0,21
2026-08-13 20:44:21,0,0,0,26.7,33.1,32.3,25,0,21
2026-08-13 20:49:21,0,0,0,26.6,32.8,32.1,25.2,0,21
2026-08-13 20:54:21,0,0,0,26.6,32.6,32.1,25.1,1,21
2026-08-13 20:59:20,0,0,0,26.7,33.1,32.2,25.3,0,21
2026-08-13 21:04:21,0,0,0,26.7,32.8,32.2,25,0,21
2026-08-13 21:09:20,0,0,0,26.7,33.1,32.1,25.6,0,21
2026-08-13 21:14:21,0,0,0,26.7,33.1,32.3,25.1,0,21
2026-08-13 21:19:21,0,0,0,26.7,33.2,32.2,25.6,0,21
2026-08-13 21:24:21,0,0,0,26.7,33.2,32.4,25.3,0,21
2026-08-13 21:29:21,0,0,0,26.7,33.1,32.3,25.3,0,21
2026-08-13 21:34:21,0,0,0,26.7,33.1,32.1,25.7,0,21
2026-08-13 21:39:20,0,0,0,26.7,32.8,32.2,25,0,21
2026-08-13 21:44:21,0,0,0,26.7,32.8,32.3,24.7,0,21
2026-08-13 21:49:20,0,0,0,26.7,32.1,32.1,24.5,0,21
2026-08-13 21:54:21,0,0,0,26.7,32.4,32.1,24.8,0,21
2026-08-13 21:59:21,0,0,0,26.7,32.6,32.2,24.8,0,21
2026-08-13 22:04:21,0,0,0,26.6,32.5,32.1,24.7,0,21
2026-08-13 22:09:21,0,0,0,26.7,32.5,32.2,24.9,0,21
2026-08-13 22:14:21,0,0,0,26.7,32.5,32.2,24.7,0,21
2026-08-13 22:19:21,0,0,0,26.6,32.4,32,24.7,0,21
2026-08-13 22:24:21,0,0,1,26.6,32.6,31.9,24.8,0,21
2026-08-13 22:29:21,0,0,0,26.5,32.5,31.9,24.9,0,21
2026-08-13 22:34:21,0,0,0,26.5,32.6,31.9,25.1,0,21
2026-08-13 22:39:21,0,0,0,26.5,32.7,31.9,24.8,0,21
2026-08-13 22:44:21,0,0,0,26.4,32.5,31.9,24.9,0,21
2026-08-13 22:49:21,0,0,0,26.5,32.5,31.8,25,0,21
2026-08-13 22:54:21,0,0,0,26.5,32.3,32,24.6,0,21
2026-08-13 22:59:21,0,0,0,26.5,32.1,32,24.3,0,21
2026-08-13 23:04:21,0,0,0,26.6,32.3,32.2,24.5,0,21
2026-08-13 23:09:21,0,0,0,26.5,32.4,31.9,24.7,0,21
2026-08-13 23:14:21,0,0,0,26.5,32.5,32.1,24.7,0,21
2026-08-13 23:19:21,0,0,0,26.5,32.3,31.9,24.5,0,21
2026-08-13 23:24:21,0,0,0,26.5,32.5,32,24.6,0,21
2026-08-13 23:29:21,0,0,0,26.4,32.7,32,25,0,21
2026-08-13 23:34:21,0,0,0,26.4,32.6,31.8,24.9,1,21
2026-08-13 23:39:21,0,0,0,26.4,32.5,31.9,24.8,0,21
2026-08-13 23:44:21,0,0,0,26.4,32.6,31.9,24.7,0,21
2026-08-13 23:49:21,0,0,0,26.4,32.7,31.9,24.8,0,21
2026-08-13 23:54:21,0,0,0,26.4,32.6,31.8,24.9,0,21
2026-08-13 23:59:21,0,0,0,26.4,32.9,31.9,25,0,21
2026-08-14 00:04:21,0,0,0,26.5,32.7,32.1,24.9,0,21
2026-08-14 00:09:21,0,0,0,26.5,32.8,32,24.9,0,21
2026-08-14 00:14:21,0,0,0,26.4,32.8,31.8,25.1,0,21
2026-08-14 00:19:21,0,0,0,26.4,32.9,31.9,25.2,0,21
2026-08-14 00:24:21,0,0,0,26.4,33,31.8,25.6,0,18
2026-08-14 00:29:21,0,0,0,26.4,32.9,31.9,25.1,0,18
2026-08-14 00:34:21,0,0,0,26.4,32.9,32,25.1,0,18
2026-08-14 00:39:21,0,0,0,26.4,33.1,31.7,25.5,0,18
2026-08-14 00:44:21,0,0,0,26.3,33.3,31.7,25.8,0,18
2026-08-14 00:49:21,0,0,0,26.4,33,31.9,25.4,0,18
2026-08-14 00:54:21,0,0,0,26.3,33,31.8,25.4,0,18
2026-08-14 00:59:21,0,0,0,26.3,33.2,31.7,25.7,0,18
2026-08-14 01:04:21,0,0,0,26.3,33.2,31.8,25.4,0,21
2026-08-14 01:09:21,0,0,0,26.3,33.3,31.8,25.5,0,18
2026-08-14 01:14:21,2,5,6,26.3,33.2,31.8,25.4,0,18
2026-08-14 01:19:21,2,5,6,26.3,33.2,31.9,25.2,0,18
2026-08-14 01:24:21,2,6,6,26.3,33.3,31.7,25.5,0,18
2026-08-14 01:29:21,4,7,7,26.3,33.2,31.7,25.2,0,18
2026-08-14 01:34:21,2,8,8,26.2,33.3,31.5,25.5,0,18
2026-08-14 01:39:21,4,9,9,26.2,33.4,31.8,25.4,0,18
2026-08-14 01:44:21,8,15,16,26.2,33.3,31.8,25.1,0,18
2026-08-14 01:49:21,7,18,18,26.2,33.2,31.7,25.3,0,18
2026-08-14 01:54:21,6,18,18,26.1,33.3,31.4,25.6,0,18
2026-08-14 01:59:21,8,19,20,26.1,33.3,31.4,25.8,0,18
2026-08-14 02:04:21,8,18,20,26.1,33.4,31.5,25.4,0,18
2026-08-14 02:09:21,6,15,16,26.1,33.4,31.5,25.5,0,19
2026-08-14 02:14:21,7,14,15,26,33.5,31.5,25.8,0,19
2026-08-14 02:19:21,7,17,17,26.1,33.3,31.6,25.4,0,16
2026-08-14 02:24:21,7,11,11,26.2,33.2,31.9,25,0,19
2026-08-14 02:29:21,5,14,15,26.1,33.2,31.6,25.5,0,16
2026-08-14 02:34:21,4,8,12,26.1,33,31.3,25.6,0,16
2026-08-14 02:39:21,4,12,13,26,33.5,31.4,25.6,0,16
2026-08-14 02:44:21,4,12,13,26,33.3,31.5,25.7,0,16
2026-08-14 02:49:22,6,11,11,26,33.3,31.3,25.5,1,15
2026-08-14 02:54:21,4,8,8,25.9,33.4,31.3,25.7,0,25
2026-08-14 02:59:21,3,7,8,25.9,33.6,31.2,25.9,0,17
2026-08-14 03:04:21,4,11,11,26,33.6,31.4,25.7,0,17
2026-08-14 03:09:21,6,11,12,26,33.3,31.5,25.3,0,17
2026-08-14 03:14:21,4,10,10,26,33.4,31.4,25.6,0,14
2026-08-14 03:19:21,6,13,13,26,33.3,31.2,25.6,1,26
2026-08-14 03:24:22,7,17,18,26,33.4,31.5,25.3,0,14
2026-08-14 03:29:21,5,11,13,25.9,33.2,31.1,25.8,0,25
2026-08-14 03:34:22,6,13,15,25.9,33,31.2,25.4,0,14
2026-08-14 03:39:21,4,12,15,25.9,33,31.2,25.4,0,27
2026-08-14 03:44:22,5,9,9,25.9,33.1,31.3,25.3,0,14
2026-08-14 03:49:22,4,7,7,25.9,33,31.2,25.2,0,25
2026-08-14 03:54:21,4,10,10,25.8,33.2,31.3,25.2,0,14
2026-08-14 03:59:22,5,12,12,25.8,32.7,31.1,25.2,0,25
2026-08-14 04:04:22,6,12,12,25.8,32.9,31,25.3,1,16
2026-08-14 04:09:22,5,8,8,25.8,33,31.1,25.3,0,26
2026-08-14 04:14:22,3,7,7,25.7,32.9,31.1,25.2,0,16
2026-08-14 04:19:21,5,13,14,25.7,33.1,31.1,25.5,0,25
2026-08-14 04:24:22,5,11,12,25.7,33,31,25.6,0,15
2026-08-14 04:29:22,5,11,11,25.7,33.3,30.9,25.6,0,25
2026-08-14 04:34:21,4,8,8,25.7,33.2,31,25.3,1,16
2026-08-14 04:39:22,5,12,13,25.7,33.1,31,25.4,0,26
2026-08-14 04:44:22,5,12,13,25.7,33.2,31.2,25.2,0,14
2026-08-14 04:49:22,4,8,8,25.7,33.1,31,25.5,0,25
2026-08-14 04:54:22,3,12,12,25.7,33.1,31,25.6,0,14
2026-08-14 04:59:22,5,10,11,25.7,33.1,30.9,25.6,0,26
2026-08-14 05:04:22,6,11,11,25.7,33.2,31.1,25.3,1,14
2026-08-14 05:09:22,3,7,7,25.7,33.3,31.1,25.4,0,26
2026-08-14 05:14:22,3,7,7,25.7,33.2,31,25.5,0,15
2026-08-14 05:19:21,4,8,9,25.7,33.1,31,25.5,0,25
2026-08-14 05:24:22,4,9,9,25.7,33.1,31.1,25.3,0,14
2026-08-14 05:29:22,6,9,9,25.8,33.2,31.1,25.3,0,25
2026-08-14 05:34:22,3,8,8,25.8,33,31.2,25.4,0,14
2026-08-14 05:39:22,4,8,8,25.8,32.7,31.1,24.9,1,25
2026-08-14 05:44:22,3,7,7,25.9,32.8,31.4,25,0,17
2026-08-14 05:49:22,3,7,7,25.8,32.8,31.1,25.3,0,26
2026-08-14 05:54:22,2,7,7,25.9,32.9,31.4,25.1,0,14
2026-08-14 05:59:22,3,4,4,25.9,32.9,31.2,25.3,0,25
2026-08-14 06:04:22,3,6,6,25.9,33,31.2,25.5,0,14
2026-08-14 06:09:22,3,7,8,26,33.1,31.7,24.8,0,25
2026-08-14 06:14:22,3,8,8,26,33,31.4,25.1,0,14
2026-08-14 06:19:22,5,11,11,25.9,33,31.4,25.3,0,25
2026-08-14 06:24:22,4,8,8,25.9,33.2,31.3,25.1,0,15
2026-08-14 06:29:22,4,7,7,25.9,33.2,31.4,25.1,0,26
2026-08-14 06:34:22,5,11,11,25.9,32.8,31.3,25.3,0,14
2026-08-14 06:39:22,5,9,9,25.9,32.9,31.1,25.4,0,25
2026-08-14 06:44:22,5,11,11,25.8,33.1,31.1,25.7,0,17
2026-08-14 06:49:22,4,8,8,25.9,33,31.4,25.1,0,25
2026-08-14 06:54:22,4,11,12,25.9,32.9,31.2,25.3,0,15
2026-08-14 06:59:22,5,10,10,25.9,32.9,31.3,25,0,25
2026-08-14 07:04:22,5,12,14,25.9,32.9,31.3,25,0,17
2026-08-14 07:09:22,6,13,13,25.8,32.9,31.1,25.4,0,20
2026-08-14 07:14:22,7,14,15,25.8,32.9,31.1,25.1,1,20
2026-08-14 07:19:22,4,9,9,25.8,32.8,31.1,25,0,20
2026-08-14 07:24:22,6,11,13,25.8,32.7,31.1,25.1,0,20
2026-08-14 07:29:22,5,9,9,25.8,32.8,31.2,25,0,20
2026-08-14 07:34:22,4,10,10,25.8,32.6,31,25.2,0,20
2026-08-14 07:39:22,7,16,16,25.8,32.7,31.1,25,0,20
2026-08-14 07:44:22,4,12,16,25.8,32.9,31.2,25,0,20
2026-08-14 07:49:22,5,11,11,25.8,32.7,31.1,25.2,0,19
2026-08-14 07:54:22,8,18,18,25.8,32.6,31.2,25,0,22
2026-08-14 07:59:22,6,16,16,25.8,32.9,31.2,25.1,0,22
2026-08-14 08:04:22,9,19,19,25.8,32.9,31,25.5,0,22
2026-08-14 08:09:22,6,20,22,25.8,33.1,31.1,25.2,1,20
2026-08-14 08:14:22,8,22,23,25.9,33,31.3,25.1,0,18
2026-08-14 08:19:22,6,13,15,25.9,32.9,31.3,25.2,0,26
2026-08-14 08:24:22,5,7,8,25.9,33,31.2,25.2,0,26
2026-08-14 08:29:22,2,6,6,25.9,32.9,31.2,25.1,0,25
2026-08-14 08:34:22,2,5,5,25.9,32.7,31.2,25.1,0,19
2026-08-14 08:39:22,2,5,6,25.8,32.6,31.1,25.2,0,21
2026-08-14 08:44:22,3,6,6,26,32.9,31.5,24.9,0,27
2026-08-14 08:49:22,4,7,7,26,32.8,31.4,24.9,0,22
2026-08-14 08:54:23,2,5,5,26,32.7,31.5,24.7,0,19
2026-08-14 08:59:22,1,5,5,26.1,32.8,31.5,24.9,0,26
2026-08-14 09:04:22,0,3,3,26.1,32.8,31.6,24.6,0,20
2026-08-14 09:09:22,1,5,5,26.2,32.7,31.9,24.4,1,27
2026-08-14 09:14:22,1,5,5,26.3,32.6,31.8,24.6,0,20
2026-08-14 09:19:23,3,5,5,26.2,32.6,31.6,24.9,1,20
2026-08-14 09:24:22,1,5,5,26.3,32.7,31.9,24.6,0,26
2026-08-14 09:29:23,2,4,4,26.3,32.6,31.7,24.7,0,20
2026-08-14 09:34:22,3,6,7,26.3,33,31.8,25.1,0,20
2026-08-14 09:39:22,3,12,13,26.4,33,31.8,25.2,0,27
2026-08-14 09:44:22,6,11,11,26.4,33,32,24.9,0,22
2026-08-14 09:49:23,5,14,14,26.4,33.3,31.9,25.4,0,27
2026-08-14 09:54:22,6,13,14,26.5,33.4,32.3,25.4,0,19
2026-08-14 09:59:22,7,18,19,26.7,33.1,32.5,24.8,0,28
2026-08-14 10:04:22,21,31,34,26.7,33.5,32.4,25.5,0,19
2026-08-14 10:09:23,9,19,22,26.8,33.6,32.5,25.6,0,26
2026-08-14 10:14:23,10,21,21,26.8,33.3,32.7,25.2,0,27
2026-08-14 10:19:46,12,23,24,27,33.3,32.8,25,0,22
2026-08-14 10:24:22,10,23,23,27.1,33.1,32.8,25.2,0,21
2026-08-14 10:29:23,10,22,22,27.1,33.3,32.8,25.2,1,19
2026-08-14 10:34:23,12,25,25,27.1,33.1,32.9,25.1,0,27
2026-08-14 10:39:23,16,25,27,27.2,33.2,32.9,25.4,0,21
2026-08-14 10:44:22,21,32,33,26.1,33.6,28.9,29.4,0,25
2026-08-14 10:49:23,22,32,35,23.9,36.2,24.9,35.5,0,23
2026-08-14 10:54:23,21,32,35,22.3,38.7,22.8,39.9,0,26
2026-08-14 10:59:23,24,37,40,21.1,40.8,21.6,42.7,0,22
2026-08-14 11:04:23,22,32,33,20.3,42.3,21,43.8,0,26
2026-08-14 11:09:23,24,34,37,19.8,43.9,20.6,45.1,0,26
2026-08-14 11:14:22,24,35,37,19.5,44.6,20.4,45.3,0,21
2026-08-14 11:19:23,25,38,44,19.2,45.6,20.2,46.3,0,26
2026-08-14 11:24:23,24,36,40,19.1,46,20.2,46.6,0,27
2026-08-14 11:29:23,23,36,39,19,46.2,20.2,46.7,0,27
2026-08-14 11:34:23,25,35,40,19,46.8,20.2,47.1,0,25
2026-08-14 11:39:23,24,37,43,19,46.9,20.3,46.9,0,25
2026-08-14 11:44:23,25,37,43,19,47.1,20.3,47.2,0,22
2026-08-14 11:49:23,25,38,42,19.1,47.2,20.4,47.1,0,27
2026-08-14 11:54:23,25,40,46,19.1,47.1,20.5,46.7,0,27
2026-08-14 11:59:23,26,39,44,19.2,47.4,20.6,46.7,0,25
2026-08-14 12:04:23,24,35,37,19.3,47,20.7,46,0,21
2026-08-14 12:09:23,25,38,44,19.3,47.1,20.7,46.3,0,26
2026-08-14 12:14:23,25,38,43,19.4,46.9,20.8,45.8,0,25
2026-08-14 12:19:23,25,39,44,19.4,46.8,20.8,45.7,0,25
2026-08-14 12:24:23,26,39,45,19.5,47.1,20.9,46.3,0,26
2026-08-14 12:29:23,25,38,43,19.5,46.5,21,45.1,0,26
2026-08-14 12:34:23,23,36,40,19.5,46.4,21,44.8,0,28
2026-08-14 12:39:23,25,38,44,19.6,46.2,21,45.1,0,22
2026-08-14 12:44:23,24,38,45,19.6,46.3,20.9,45,0,26
2026-08-14 12:49:23,26,41,46,19.5,46.3,20.9,45,0,27
2026-08-14 12:54:23,24,36,43,19.5,46,20.8,44.5,0,22
2026-08-14 12:59:23,28,44,54,19.4,46.1,20.7,45,0,26
2026-08-14 13:04:23,27,41,49,19.4,46.2,20.6,45.2,0,26
2026-08-14 13:09:23,26,41,47,19.3,46.3,20.5,45.5,0,21
2026-08-14 13:14:23,26,38,45,19.2,46.2,20.3,45.4,0,26
2026-08-14 13:19:23,28,43,51,19.1,46,20.1,45.4,0,21
2026-08-14 13:24:23,28,44,53,19,46.3,20,46.2,0,28
2026-08-14 13:29:23,26,43,50,18.9,46.5,19.9,46.2,0,22
2026-08-14 13:34:23,31,47,57,18.8,46.5,19.8,46.4,0,26
2026-08-14 13:39:23,26,40,47,18.8,46.6,19.7,46.5,0,22
2026-08-14 13:44:23,25,40,46,18.7,46.6,19.6,46.4,0,21
2026-08-14 13:49:23,26,43,50,18.6,47.1,19.6,47,0,26
2026-08-14 13:54:23,25,39,47,18.6,47.2,19.5,47.1,0,22
2026-08-14 13:59:23,24,37,45,18.5,47.1,19.4,47.3,0,27
2026-08-14 14:04:23,24,37,42,18.5,47.2,19.3,47.1,0,20
2026-08-14 14:09:23,25,38,42,18.4,47.5,19.2,47.8,0,26
2026-08-14 14:14:23,23,33,39,18.3,47.7,19.1,48.3,0,22
2026-08-14 14:15:17,23,42,49,18.1,48.4,19.5,52.6,0,26
2026-08-14 14:20:17,20,31,31,21.2,47.8,28.6,35.1,0,27
2026-08-14 14:25:17,17,26,29,23.5,43,31.5,29.2,0,21
2026-08-14 14:30:17,19,31,35,25.1,39.4,32.5,27.4,0,21
2026-08-14 14:35:17,14,26,26,26.1,37.3,32.8,26.3,0,26
2026-08-14 14:40:17,19,26,26,26.1,36.1,31.7,26.8,0,26
2026-08-14 14:45:18,20,30,31,24.8,36.5,27.2,31.8,0,26
2026-08-14 14:50:17,20,30,31,22.9,38.2,23.9,36.9,0,27
2026-08-14 14:55:17,19,30,32,21.6,40.3,22,40.8,0,28
2026-08-14 14:58:44,16,29,29,20.8,41.8,21.2,42.7,0,25
2026-08-14 15:03:44,20,36,39,20,43.1,20.6,44,0,27
2026-08-14 15:06:35,18,26,48,19.7,43.9,20.6,47.5,0,28
2026-08-14 15:11:35,16,28,29,22,43.1,28.4,32.4,0,27
2026-08-14 15:16:35,13,24,26,23.1,40.2,29.3,30.1,0,26
2026-08-14 15:21:35,15,27,27,22.8,38.8,25.9,33.2,0,22
2026-08-14 15:26:36,14,27,27,21.6,40.1,22.9,38.1,0,20
2026-08-14 15:31:35,14,28,28,20.5,41.4,21.2,41.2,0,22
2026-08-14 15:34:19,19,35,39,20,42.2,20.9,44.9,1,27
2026-08-14 15:39:19,19,30,33,20.8,42.1,23.5,37.7,1,26
2026-08-14 15:44:19,23,32,33,20.3,42.6,21.9,40.3,1,26
2026-08-14 15:49:19,26,39,43,19.7,43.3,20.8,42.3,1,20
2026-08-14 15:54:19,26,39,44,19.3,44,20.2,43.7,1,28
2026-08-14 15:59:19,25,37,41,19.1,44.8,19.9,44.8,1,27
2026-08-14 16:04:19,25,36,43,18.8,45.6,19.7,45.5,1,25
2026-08-14 16:09:19,30,46,54,18.7,46.2,19.5,46.6,1,23
2026-08-14 16:14:19,31,46,55,18.5,46.7,19.5,46.7,1,26
2026-08-14 16:19:19,27,41,48,18.5,47,19.4,47,1,26
2026-08-14 16:24:19,28,44,51,18.4,47.1,19.4,47,1,26
2026-08-14 16:29:19,29,43,52,18.4,47.3,19.3,47.3,1,23
2026-08-14 16:34:19,29,44,51,18.3,47.7,19.3,47.7,1,26
2026-08-14 16:39:19,29,45,53,18.3,48,19.2,48.1,1,28
2026-08-14 16:44:19,24,38,42,18.2,48.3,19.1,48.5,1,26
2026-08-14 16:49:19,23,36,39,18.2,48.7,19.1,49.3,1,27
2026-08-14 16:54:19,23,37,39,18.1,48.9,19,49.6,1,21
2026-08-14 16:59:19,21,34,37,18.1,49.7,19,50.5,1,21
2026-08-14 17:04:19,21,33,34,18.1,49.8,18.9,50.9,1,21
2026-08-14 17:09:19,24,40,47,18,49.9,18.8,50.9,1,21
2026-08-14 17:14:19,23,36,39,17.9,50,18.8,50.9,1,21
2026-08-14 17:19:19,22,34,37,17.9,50.1,18.7,51.3,1,21
2026-08-14 17:24:19,22,38,42,17.9,50.2,18.6,51.2,1,21
2026-08-14 17:29:19,22,34,38,17.8,50.5,18.5,51.8,1,21
2026-08-14 17:34:19,17,34,35,17.7,50.8,18.5,52,1,21
2026-08-14 17:39:19,18,30,33,17.7,51.2,18.4,52.4,1,21
2026-08-14 17:44:19,20,30,30,17.7,51.2,18.3,52.7,1,21
2026-08-14 17:49:19,17,33,33,17.6,51.3,18.3,52.6,1,21
2026-08-14 17:54:19,14,30,34,17.6,51.4,18.2,52.9,1,21
2026-08-14 17:59:19,15,31,31,17.5,51.6,18.1,53.1,1,21
2026-08-14 18:04:19,17,34,35,17.4,51.8,18.1,53.1,1,21
2026-08-14 18:09:19,22,34,35,17.4,52,18,53.5,1,21
2026-08-14 18:14:19,22,34,35,17.3,51.9,18,53.5,1,21
2026-08-14 18:19:19,21,34,37,17.3,52.2,17.9,53.9,1,21
2026-08-14 18:24:19,22,33,35,17.3,52.8,17.9,54.6,1,21
2026-08-14 18:29:19,23,34,38,17.2,52.9,17.9,54.8,1,21
2026-08-14 18:34:19,17,32,34,17.2,52.9,17.8,54.8,1,21
2026-08-14 18:39:19,21,36,39,17.2,53.1,17.8,54.8,1,21
2026-08-14 18:44:19,23,36,39,17.1,53.5,17.7,55.2,1,21
2026-08-14 18:49:19,25,37,39,17.1,53.4,17.6,55.1,1,21
2026-08-14 18:54:19,22,38,40,17.1,53.3,17.6,54.6,1,21
2026-08-14 18:59:19,21,34,39,17,53.2,17.6,54.6,1,21
2026-08-14 19:04:19,24,34,40,17,53,17.5,54.6,1,21
2026-08-14 19:09:20,22,35,38,17,53.4,17.5,54.7,1,21
2026-08-14 19:14:19,23,38,40,16.9,53.2,17.4,54.8,1,21
2026-08-14 19:19:19,23,34,40,16.9,53.4,17.3,55.4,1,21
2026-08-14 19:24:19,23,34,40,16.9,53.6,17.3,55.7,1,21
2026-08-14 19:29:20,22,37,39,16.8,53.7,17.3,55.5,1,21
2026-08-14 19:34:19,22,37,39,16.8,53.7,17.3,55.7,1,21
2026-08-14 19:39:19,21,32,34,16.8,53.6,17.2,55.5,1,21
2026-08-14 19:44:19,20,32,32,16.7,53.8,17.2,55.6,1,21
2026-08-14 19:49:20,16,32,35,16.7,53.7,17.2,55.4,1,21
2026-08-14 19:54:20,18,32,34,16.7,53.8,17.1,55.7,1,21
2026-08-14 19:59:20,16,32,32,16.7,53.8,17.1,55.7,1,21
2026-08-14 20:04:20,22,34,35,16.6,54,17,56.3,1,21
2026-08-14 20:09:19,22,35,36,16.7,54.3,17,56.5,1,21
2026-08-14 20:14:20,20,30,33,16.6,54.6,17,56.8,1,21
2026-08-14 20:19:20,18,34,35,16.6,54.7,17,56.9,1,21
2026-08-14 20:24:20,18,29,31,16.6,54.7,16.9,56.8,1,21
2026-08-14 20:29:19,15,31,31,16.6,54.7,16.9,56.7,1,21
2026-08-14 20:34:19,16,29,29,16.5,54.6,16.9,56.7,1,21
2026-08-14 20:39:20,15,31,31,16.5,54.7,16.9,56.8,1,21
2026-08-14 20:44:20,15,31,33,16.5,54.8,16.8,56.6,1,21
2026-08-14 20:49:20,17,33,33,16.4,54.4,16.8,56.5,1,21
2026-08-14 20:54:20,18,29,30,16.4,54.5,16.7,56.7,1,21
2026-08-14 20:59:19,18,31,32,16.4,54.5,16.7,56.4,1,21
2026-08-14 21:04:20,16,35,40,16.4,54.7,16.6,56.7,1,21
2026-08-14 21:09:20,19,33,36,16.4,54.8,16.6,56.8,1,21
2026-08-14 21:14:20,20,35,40,16.3,54.7,16.6,57.2,1,21
2026-08-14 21:19:20,22,31,34,16.3,54.9,16.6,57.1,1,21
2026-08-14 21:24:20,21,34,34,16.3,55.1,16.6,57.3,1,21
2026-08-14 21:29:20,23,35,40,16.2,55.1,16.6,57.5,1,21
2026-08-14 21:34:20,20,35,36,16.3,55.4,16.5,57.3,1,21
2026-08-14 21:39:20,20,35,36,16.3,55.3,16.5,57.7,1,21
2026-08-14 21:44:20,22,37,38,16.2,55.4,16.5,57.8,1,21
2026-08-14 21:49:20,23,37,43,16.2,55.6,16.5,58.1,1,21
2026-08-14 21:54:20,22,37,39,16.2,55.6,16.5,58.1,1,21
2026-08-14 21:59:20,25,38,39,16.2,55.9,16.5,58.3,1,21
2026-08-14 22:04:20,22,35,39,16.2,55.8,16.5,58.3,1,21
2026-08-14 22:09:23,22,34,35,16.1,55.9,16.4,58.4,1,21
2026-08-14 22:14:20,20,37,41,16.1,56,16.4,58.4,1,21
2026-08-14 22:19:20,24,39,43,16.1,56.1,16.4,58.3,1,21
2026-08-14 22:24:20,23,35,39,16.1,56.2,16.4,58.6,1,21
2026-08-14 22:29:20,24,40,46,16.1,56.2,16.3,59.2,1,21
2026-08-14 22:34:20,24,39,44,16.1,56.6,16.3,59.2,1,21
2026-08-14 22:39:20,22,34,39,16,56.5,16.3,59,1,21
2026-08-14 22:44:20,22,35,39,16,56.5,16.3,59.1,1,21
2026-08-14 22:49:20,24,35,39,16,56.4,16.3,59,1,21
2026-08-14 22:54:20,22,34,36,15.9,56.5,16.2,59.2,1,21
2026-08-14 22:59:20,19,34,36,15.9,56.5,16.2,58.8,1,21
2026-08-14 23:04:20,21,33,34,15.9,56.3,16.2,58.7,1,21
2026-08-14 23:09:20,19,35,35,15.9,56.2,16.1,58.7,1,21
2026-08-14 23:14:20,24,37,43,15.9,56.1,16.1,59,1,21
2026-08-14 23:19:20,24,40,44,15.8,56.6,16,59.4,1,21
2026-08-14 23:24:20,21,35,39,15.8,56.4,16,59.3,1,21
2026-08-14 23:29:20,19,34,37,15.8,56.6,16,59.3,1,21
2026-08-14 23:34:20,22,34,36,15.8,56.8,16,59.7,1,21
2026-08-14 23:39:20,18,34,35,15.8,56.6,16,59.3,1,21
2026-08-14 23:44:20,17,33,35,15.7,56.7,15.9,59.3,1,21
2026-08-14 23:49:20,15,30,31,15.7,56.6,15.9,59,1,21
2026-08-14 23:54:20,16,29,30,15.7,56.4,15.9,58.9,1,21
2026-08-14 23:59:20,21,36,37,15.7,56.7,15.9,59.3,1,21
2026-08-15 00:04:20,20,35,35,15.7,56.6,15.8,59.5,1,21
2026-08-15 00:09:21,21,32,33,15.7,57.1,15.8,59.8,1,21
2026-08-15 00:14:20,20,35,39,15.6,57.1,15.8,60,1,18
2026-08-15 00:19:20,21,35,39,15.7,57.2,15.8,59.9,1,19
2026-08-15 00:24:20,24,38,40,15.6,57.1,15.8,59.9,1,19
2026-08-15 00:29:20,20,34,35,15.6,57.2,15.8,60,1,19
2026-08-15 00:34:21,23,34,40,15.6,57,15.7,60,1,19
2026-08-15 00:39:20,25,35,40,15.6,57.3,15.7,60.2,1,19
2026-08-15 00:44:20,20,36,37,15.6,57.3,15.7,60.2,1,19
2026-08-15 00:49:20,25,39,42,15.6,57.2,15.7,60,1,19
2026-08-15 00:54:20,24,36,42,15.6,57.3,15.7,59.9,1,19
2026-08-15 00:59:20,21,35,35,15.6,57.1,15.6,59.9,1,19
2026-08-15 01:04:21,21,38,42,15.5,57,15.6,59.7,1,19
2026-08-15 01:09:21,22,38,42,15.5,57.2,15.6,60,1,19
2026-08-15 01:14:20,21,35,39,15.5,57.1,15.6,59.9,1,18
2026-08-15 01:19:20,22,36,37,15.5,57.1,15.6,59.9,1,18
2026-08-15 01:24:21,24,36,37,15.5,57.2,15.6,60,1,18
2026-08-15 01:29:20,24,39,45,15.5,57.3,15.6,60.1,1,18
2026-08-15 01:34:20,25,38,41,15.5,57.4,15.6,60.1,1,18
2026-08-15 01:39:20,23,38,41,15.5,57.2,15.5,60,1,18
2026-08-15 01:44:20,24,38,43,15.5,57.3,15.5,60.1,1,18
2026-08-15 01:49:20,24,36,44,15.4,57.4,15.5,60.2,1,18
2026-08-15 01:54:21,23,38,40,15.4,57.3,15.4,60.4,1,18
2026-08-15 01:59:20,22,39,43,15.4,57.6,15.4,60.4,1,18
2026-08-15 02:04:21,22,36,39,15.4,57.5,15.4,60.4,1,18
2026-08-15 02:09:21,22,38,42,15.4,57.5,15.4,60.5,1,16
2026-08-15 02:14:21,22,36,42,15.4,57.5,15.4,60.2,1,16
2026-08-15 02:19:21,22,35,39,15.4,57.4,15.4,60.3,1,16
2026-08-15 02:24:21,21,34,36,15.4,57.6,15.4,60.4,1,16
2026-08-15 02:29:21,21,34,37,15.4,57.8,15.4,60.6,1,16
2026-08-15 02:34:21,21,34,36,15.3,58,15.4,60.9,1,16
2026-08-15 02:39:21,20,36,41,15.3,58.1,15.4,60.9,1,16
2026-08-15 02:44:21,20,34,34,15.3,58,15.4,60.9,1,16
2026-08-15 02:49:21,19,36,40,15.3,58,15.4,60.8,1,16
2026-08-15 02:54:21,22,37,40,15.3,58.2,15.4,61.1,1,16
2026-08-15 02:59:20,20,35,40,15.3,58.3,15.4,61.1,1,16
2026-08-15 03:04:21,16,34,36,15.3,58.1,15.4,61.2,1,16
2026-08-15 03:09:21,21,33,34,15.3,58.3,15.4,61.2,1,16
2026-08-15 03:14:21,20,35,37,15.3,58.3,15.4,61.1,1,16
2026-08-15 03:19:21,22,36,39,15.4,58.1,15.4,61,1,16
2026-08-15 03:24:21,22,36,41,15.3,58.2,15.3,61,1,16
2026-08-15 03:29:21,21,32,33,15.3,58.5,15.3,61.3,1,16
2026-08-15 03:34:21,19,33,35,15.3,58.2,15.3,61,1,16
2026-08-15 03:39:21,15,32,32,15.3,57.9,15.3,60.4,1,16
2026-08-15 03:44:21,13,28,28,15.3,57.5,15.3,60.2,1,16
2026-08-15 03:49:21,18,32,33,15.3,57.9,15.3,60.8,1,16
2026-08-15 03:54:21,20,32,32,15.2,58.1,15.2,61.1,1,16
2026-08-15 03:59:21,16,32,33,15.2,58.1,15.2,61.2,1,16
2026-08-15 04:04:21,18,34,36,15.2,58.3,15.2,61,1,16
2026-08-15 04:09:21,14,28,30,15.2,58,15.2,60.9,1,16
2026-08-15 04:14:21,16,36,37,15.2,58.1,15.2,60.8,1,16
2026-08-15 04:19:21,19,31,32,15.1,58.1,15.1,60.8,1,16
2026-08-15 04:24:21,14,32,35,15.1,58.3,15.1,61.1,1,16
2026-08-15 04:29:21,20,33,34,15.1,58.7,15.1,61.3,1,16
2026-08-15 04:34:21,18,34,37,15.1,58.5,15.1,61.3,1,16
2026-08-15 04:39:21,18,33,33,15.1,58.2,15.1,61,1,19
2026-08-15 04:44:21,18,33,36,15.1,58.3,15.1,61,1,16
2026-08-15 04:49:21,20,34,36,15.1,58.1,15.1,61.2,1,20
2026-08-15 04:54:21,15,32,34,15.1,58.3,15,61.2,1,20
2026-08-15 04:59:21,15,32,33,15.1,58.5,15,61.3,1,20
2026-08-15 05:04:21,16,33,37,15.1,58.3,15,61.3,1,17
2026-08-15 05:09:21,13,31,35,15,58.5,14.9,61.2,1,18
2026-08-15 05:14:21,8,28,28,15,58.3,14.9,61,1,18
2026-08-15 05:19:21,13,31,31,15,58.1,14.9,61.2,1,18
2026-08-15 05:24:21,15,32,35,15,58.4,14.9,61.3,1,21
2026-08-15 05:29:21,18,34,34,15,58.4,14.9,61.3,1,18
2026-08-15 05:34:21,15,31,32,15,58.5,14.9,61.4,1,18
2026-08-15 05:39:21,14,33,35,15,58.5,14.9,61.6,1,24
2026-08-15 05:44:21,16,31,31,15,58.7,14.9,61.7,1,14
2026-08-15 05:49:21,18,33,35,15,58.6,14.9,61.9,1,25
2026-08-15 05:54:21,19,33,35,14.9,59.1,14.9,62,1,25
2026-08-15 05:59:21,18,34,36,15,58.8,14.9,61.9,1,17
2026-08-15 06:04:21,21,36,37,15,59,14.9,61.8,1,17
2026-08-15 06:09:22,19,39,45,15,58.8,14.9,61.8,1,20
2026-08-15 06:14:21,20,38,42,15,58.7,14.8,61.6,1,20
2026-08-15 06:19:22,19,35,36,14.9,58.7,14.8,61.7,1,18
2026-08-15 06:24:21,21,36,36,14.9,58.7,14.8,61.8,1,24
2026-08-15 06:29:21,19,36,36,14.9,58.6,14.8,61.6,1,25
2026-08-15 06:34:21,19,33,34,14.9,58.8,14.8,61.7,1,18
2026-08-15 06:39:21,20,36,40,14.9,58.7,14.8,61.8,1,27
2026-08-15 06:44:21,20,36,42,14.9,59,14.8,62,1,14
2026-08-15 06:49:22,23,36,40,14.9,59,14.8,61.9,1,26
2026-08-15 06:54:21,21,36,37,14.9,59.2,14.8,62,1,26
2026-08-15 06:59:21,20,36,36,14.9,58.9,14.8,62.1,1,17
2026-08-15 07:04:22,22,36,40,14.9,59,14.8,62,1,26
2026-08-15 07:09:21,20,32,33,14.9,59,14.8,61.8,1,19
2026-08-15 07:14:21,19,38,42,14.9,59,14.8,62,1,19
2026-08-15 07:19:21,15,32,35,14.9,58.9,14.8,61.8,1,19
2026-08-15 07:24:21,15,32,32,14.9,58.7,14.8,61.8,1,19
2026-08-15 07:29:21,13,32,35,14.9,58.8,14.8,61.6,1,19
2026-08-15 07:34:21,17,34,35,14.9,58.7,14.8,61.4,1,19
2026-08-15 07:39:21,17,31,31,14.9,58.8,14.8,61.5,1,19
2026-08-15 07:44:22,14,32,34,14.9,58.6,14.8,61.5,1,19
2026-08-15 07:49:22,14,32,35,14.9,58.4,14.8,61.4,1,19
2026-08-15 07:54:21,10,31,34,14.9,58.7,14.8,61.4,1,19
2026-08-15 07:59:22,9,30,32,15,58.4,14.8,61.1,1,19
2026-08-15 08:04:21,10,30,32,14.9,58.5,14.8,61,1,19
2026-08-15 08:09:22,8,23,27,14.9,58.4,14.8,60.9,1,19
2026-08-15 08:14:22,7,23,23,14.9,57.7,14.8,60.3,1,19
2026-08-15 08:19:22,7,23,24,14.9,58,14.8,60.2,1,19
2026-08-15 08:24:22,7,24,26,14.9,57.9,14.8,60.6,1,19
2026-08-15 08:29:22,7,23,24,15,58.2,14.8,60.9,1,19
2026-08-15 08:34:21,13,33,36,15,58.2,14.8,61.2,1,19
2026-08-15 08:39:22,15,33,33,15,58.5,14.9,61.3,1,19
2026-08-15 08:44:22,14,32,35,14.9,58.4,14.9,61.5,1,19
2026-08-15 08:49:22,13,32,33,15,58.7,14.9,61.6,1,19
2026-08-15 08:54:21,17,31,34,15,58.8,14.9,61.6,1,19
2026-08-15 08:59:22,13,33,35,15,58.8,14.9,61.8,1,19
2026-08-15 09:04:22,16,38,42,15,58.9,14.9,62,1,19
2026-08-15 09:09:22,24,40,44,15,59.1,14.9,62,1,19
2026-08-15 09:14:22,24,40,43,15,59.1,14.9,62.1,1,19
2026-08-15 09:19:22,25,40,43,15,59.2,14.9,62.1,1,19
2026-08-15 09:24:22,25,40,47,15,59.1,14.9,62.1,1,19
2026-08-15 09:29:22,26,42,47,15,59.1,14.9,61.9,1,19
2026-08-15 09:34:22,24,43,52,15,58.9,14.9,61.8,1,19
2026-08-15 09:39:22,25,41,46,15,58.7,14.9,61.6,1,19
2026-08-15 09:44:22,25,43,49,15,59,14.9,61.6,1,19
2026-08-15 09:49:22,26,43,50,15,58.8,14.9,61.6,1,19
2026-08-15 09:54:22,25,42,50,15,58.8,14.9,61.7,1,19
2026-08-15 09:59:22,25,42,49,14.9,58.8,14.8,61.7,1,19
2026-08-15 10:04:22,24,38,42,14.9,58.9,14.8,61.9,1,19
2026-08-15 10:09:22,10,29,29,14.9,58.8,14.8,61.8,1,19
2026-08-15 10:14:22,9,28,28,14.9,59,14.7,61.8,1,19
2026-08-15 10:19:22,9,21,24,14.9,59.1,14.7,61.9,1,19
2026-08-15 10:24:22,8,18,20,14.8,59.3,14.7,62.1,1,19
2026-08-15 10:29:22,4,8,8,14.9,59.2,14.7,62.1,1,19
2026-08-15 10:34:22,4,8,8,14.8,59.1,14.7,61.9,1,19
2026-08-15 10:39:22,2,8,8,14.8,59,14.7,61.8,1,19
2026-08-15 10:44:22,2,7,7,14.8,59.1,14.6,62,1,19
2026-08-15 10:49:22,3,7,7,14.8,59.1,14.6,62.1,1,19
2026-08-15 10:54:22,1,7,7,14.8,59.2,14.6,62.2,1,19
2026-08-15 10:59:22,3,10,13,14.8,59.1,14.6,62.3,1,19
2026-08-15 11:04:22,1,3,3,14.8,59.4,14.5,62.3,1,19
2026-08-15 11:09:22,0,2,2,14.7,59.3,14.5,62.4,1,19
2026-08-15 11:14:22,0,0,0,14.7,59.4,14.5,62.2,1,19
2026-08-15 11:19:22,0,0,0,14.7,59.2,14.4,62.2,1,22
2026-08-15 11:24:22,0,0,0,14.7,59.2,14.4,62.3,1,21
2026-08-15 11:29:22,0,0,0,14.6,59,14.4,62.5,1,21
2026-08-15 11:34:22,0,0,0,14.6,58.9,14.4,62.4,1,21
2026-08-15 11:39:22,0,0,0,14.6,59,14.4,62.4,1,21
2026-08-15 11:44:22,0,0,0,14.6,58.9,14.3,62.3,1,21
2026-08-15 11:49:22,0,0,0,14.6,58.9,14.3,62.2,1,21
2026-08-15 11:54:22,0,0,0,14.6,59.1,14.3,62.2,1,21
2026-08-15 11:59:22,0,0,0,14.5,58.6,14.3,61.9,1,21
2026-08-15 12:04:22,0,0,0,14.5,58.2,14.2,61.4,1,21
2026-08-15 12:09:22,0,0,0,14.5,58.2,14.2,61.4,1,21
2026-08-15 12:14:22,0,0,0,14.4,58.3,14.1,61.4,1,21
2026-08-15 12:19:22,0,0,0,14.4,58.3,14.1,61.4,1,21
2026-08-15 12:24:22,0,0,0,14.4,58.2,14.1,61.2,1,21
2026-08-15 12:29:22,0,0,0,14.4,57.9,14.1,60.9,1,21
2026-08-15 12:34:22,0,0,0,14.4,57.5,14,60.2,1,21
2026-08-15 12:39:22,0,0,0,14.4,57.7,14,60.2,1,19
2026-08-15 12:44:22,0,0,0,14.3,57.4,14,60.1,1,19
2026-08-15 12:49:22,0,0,0,14.3,57.4,13.9,60.4,1,19
2026-08-15 12:54:22,0,0,0,14.3,57.5,13.9,60.5,1,19
2026-08-15 12:59:22,0,0,0,14.3,57.5,13.9,60.7,1,19
2026-08-15 13:04:22,0,0,0,14.3,57.8,13.9,60.9,1,19
2026-08-15 13:09:22,0,0,0,14.2,58.1,13.8,61.3,1,19
2026-08-15 13:14:22,0,0,0,14.2,58.4,13.8,61.8,1,19
2026-08-15 13:19:22,0,0,0,14.2,58.4,13.8,61.7,1,19
2026-08-15 13:24:22,0,0,0,14.2,58.3,13.8,61.7,1,19
2026-08-15 13:29:22,0,0,0,14.2,58.4,13.8,61.7,1,19
2026-08-15 13:34:22,0,0,0,14.2,58.8,13.8,62.1,1,19
2026-08-15 13:39:23,0,0,0,14.2,58.6,13.8,61.9,1,19
2026-08-15 13:44:23,0,1,1,14.2,58.4,13.8,61.8,1,19
2026-08-15 13:49:22,0,0,0,14.2,58.4,13.8,61.9,1,22
2026-08-15 13:54:22,0,0,0,14.2,58.5,13.9,61.8,1,19
2026-08-15 13:59:23,0,0,0,14.2,58.7,13.9,61.7,1,22
2026-08-15 14:04:22,0,0,0,14.2,58.5,13.8,61.4,1,19
2026-08-15 14:09:22,0,0,0,14.2,58.5,13.8,61.6,1,22
2026-08-15 14:14:22,0,0,1,14.2,58.5,13.8,61.8,1,19
2026-08-15 14:19:22,0,0,0,14.2,58.7,13.8,61.8,1,19
2026-08-15 14:24:23,0,0,0,14.2,58.5,13.7,62,1,22
2026-08-15 14:29:22,0,1,2,14.2,58.5,13.7,61.9,1,19
2026-08-15 14:34:23,0,1,1,14.1,59,13.7,62.4,1,22
2026-08-15 14:39:22,0,1,1,14.1,58.9,13.7,62.4,1,19
2026-08-15 14:44:22,1,2,4,14.1,58.8,13.7,62.2,1,19
2026-08-15 14:49:22,0,1,1,14.1,58.8,13.8,62.1,1,19
2026-08-15 14:54:23,0,0,0,14.1,58.7,13.8,61.9,1,19
2026-08-15 14:59:22,0,0,0,14.1,58.9,13.7,62.2,1,19
2026-08-15 15:04:22,0,0,0,14.1,59,13.7,62.3,1,19
2026-08-15 15:09:22,0,0,0,14.1,58.8,13.7,62.2,1,19
2026-08-15 15:14:22,0,2,2,14.1,58.9,13.7,62.4,1,22
2026-08-15 15:19:22,0,0,0,14.1,58.9,13.7,62.2,1,22
2026-08-15 15:24:23,0,0,0,14.1,58.9,13.7,62.1,1,19
2026-08-15 15:29:23,0,0,0,14.2,58.7,13.8,61.9,1,19
2026-08-15 15:34:23,0,0,0,14.1,58.8,13.8,62.2,1,19
2026-08-15 15:39:22,0,0,0,14.1,58.9,13.8,62.1,1,19
2026-08-15 15:44:23,0,0,1,14.1,58.9,13.8,62.3,1,19
2026-08-15 15:49:23,0,0,0,14.2,58.2,13.8,61.2,1,19
2026-08-15 15:54:22,0,0,0,14.2,58.3,13.8,61.5,1,19
2026-08-15 15:59:23,0,0,0,14.1,58.4,13.8,61.8,1,19
2026-08-15 16:04:22,0,0,0,14.1,58.1,13.7,61.1,1,19
2026-08-15 16:09:23,0,0,0,14.1,58.3,13.7,61.3,1,19
2026-08-15 16:14:23,0,0,0,14.1,58.3,13.6,61.7,1,19
2026-08-15 16:19:23,0,0,0,14.1,58.4,13.6,61.9,1,22
2026-08-15 16:24:23,0,0,0,14.1,58,13.6,61.1,1,22
2026-08-15 16:29:23,0,0,0,14,57.2,13.6,59.5,1,22
2026-08-15 16:34:23,0,0,0,14,56.5,13.5,59,1,19
2026-08-15 16:39:23,0,0,0,14,56.5,13.4,59.2,1,19
2026-08-15 16:44:23,0,0,0,13.9,56.5,13.4,59.3,1,19
2026-08-15 16:49:23,0,0,0,13.9,56.6,13.3,59.3,1,19
2026-08-15 16:54:23,0,0,0,13.8,56.5,13.3,59.2,1,19
2026-08-15 16:59:23,0,0,0,13.8,56.4,13.2,58.9,1,22
2026-08-15 17:04:23,0,0,0,13.7,56.2,13.2,58.9,1,19
2026-08-15 17:09:23,0,0,0,13.7,56.2,13.1,59.1,1,19
2026-08-15 17:14:23,0,0,0,13.6,56.3,13.1,59.2,1,19
2026-08-15 17:19:23,0,0,0,13.6,56.2,13.1,59,1,19
2026-08-15 17:24:23,0,0,0,13.6,56.6,13,59.4,1,19
2026-08-15 17:29:23,0,0,0,13.5,56.5,13,59.2,1,19
2026-08-15 17:34:23,0,0,0,13.5,56.4,13,59.5,1,19
2026-08-15 17:39:23,0,0,0,13.4,55.9,12.9,58.7,1,19
2026-08-15 17:44:23,0,0,0,13.4,56.4,12.8,59.8,1,19
2026-08-15 17:49:23,0,0,0,13.3,56.3,12.6,59.6,1,19
2026-08-15 17:54:23,0,0,0,13.1,55.7,12.4,58.7,1,19
2026-08-15 17:59:23,0,0,0,13,55.4,12.1,58.1,1,19
2026-08-15 18:04:23,0,0,0,12.9,55.4,12,58.9,1,19
2026-08-15 18:09:23,0,0,0,12.8,56.1,11.9,60,1,19
2026-08-15 18:14:23,0,0,0,12.7,56.4,11.9,60,1,19
2026-08-15 18:19:23,0,0,0,12.7,56,11.9,59.1,1,19
2026-08-15 18:24:23,0,0,0,12.7,55.3,11.9,57.7,1,19
2026-08-15 18:29:23,0,0,0,12.7,55.2,11.9,57.7,1,19
2026-08-15 18:34:23,0,0,0,12.5,53.7,11.7,55,1,19
2026-08-15 18:39:23,0,0,0,12.3,53.4,11.4,55.6,1,19
2026-08-15 18:44:23,0,0,0,12.2,53.6,11.1,56.4,1,19
2026-08-15 18:49:23,0,0,0,12,53.7,10.9,56.8,1,19
2026-08-15 18:54:23,0,0,0,11.8,54.2,10.6,57.9,1,19
2026-08-15 18:59:23,0,0,0,11.6,54.3,10.4,57.9,1,19
2026-08-15 19:04:23,0,0,0,11.5,54.4,10.3,58,1,19
2026-08-15 19:09:23,0,0,0,11.4,55,10.1,58.7,1,19
2026-08-15 19:14:23,0,0,0,11.3,54.9,10,58.8,1,19
2026-08-15 19:19:23,0,0,0,11.2,55.1,9.9,59.2,1,19
2026-08-15 19:24:23,0,0,0,11.1,54.8,9.8,58.5,1,19
2026-08-15 19:29:23,0,0,0,11,55,9.7,59,1,19
2026-08-15 19:34:23,0,0,0,10.9,55.1,9.6,58.7,1,19
2026-08-15 19:39:23,0,0,0,10.8,55.2,9.5,59.1,1,19
2026-08-15 19:44:23,0,0,0,10.8,55.4,9.5,59.4,1,19
2026-08-15 19:49:23,0,0,0,10.8,55.7,9.5,59.9,1,19
2026-08-15 19:54:23,0,0,0,10.8,55.7,9.5,59.6,1,19
2026-08-15 19:59:24,0,0,0,10.8,55.8,9.6,59.6,1,19
2026-08-15 20:04:23,0,0,0,10.8,55.9,9.6,59.2,1,22
2026-08-15 20:09:24,0,0,0,10.9,55.7,9.7,59.4,1,19
2026-08-15 20:14:23,0,0,0,10.9,56,9.8,59.3,1,19
2026-08-15 20:19:23,0,0,0,11,56,9.9,59.3,1,19
2026-08-15 20:24:24,0,0,0,11.1,55.8,10,58.8,1,19
2026-08-15 20:29:23,0,0,0,11.1,55.9,10,59.2,1,19
2026-08-15 20:34:24,0,0,0,11.1,55.5,10,58.7,1,19
2026-08-15 20:39:24,0,0,0,11.2,55.5,10,59.2,1,19
2026-08-15 20:44:23,0,0,0,11.2,56,10.1,59.5,1,19
2026-08-15 20:49:23,0,0,0,11.2,55.7,10.2,58.8,1,19
2026-08-15 20:54:24,0,0,0,11.3,55.7,10.3,59.3,1,19
2026-08-15 20:59:23,0,0,0,11.4,55.7,10.4,59,1,19
2026-08-15 21:04:23,0,0,0,11.4,55.5,10.4,58.4,1,20
2026-08-15 21:09:24,0,0,0,11.4,54.6,10.4,56.9,1,20
2026-08-15 21:14:23,0,0,0,11.4,54.6,10.3,57.4,1,20
2026-08-15 21:19:23,0,0,0,11.4,54.4,10.3,57.5,1,20
2026-08-15 21:24:23,0,0,0,11.4,55,10.4,58.2,1,20
2026-08-15 21:29:24,0,0,0,11.5,55.4,10.5,59,1,22
2026-08-15 21:34:23,0,0,0,11.6,56,10.6,59.9,1,19
2026-08-15 21:39:24,0,0,0,11.6,54.4,10.7,56.3,1,19
2026-08-15 21:44:24,0,0,0,11.7,54.2,10.8,56.6,1,19
2026-08-15 21:49:23,0,0,0,11.8,54.4,10.9,57.1,1,19
2026-08-15 21:54:24,0,0,0,11.9,54.1,11,56.8,1,19
2026-08-15 21:59:24,0,0,0,11.9,54.9,11.1,57.9,1,19
2026-08-15 22:04:24,0,0,0,12,55.1,11.1,58.4,1,19
2026-08-15 22:09:24,0,0,0,12.1,55.2,11.2,58.7,1,19
2026-08-15 22:14:24,0,2,2,12.1,55.4,11.3,58.6,1,19
2026-08-15 22:19:24,0,0,0,12.1,55.3,11.3,58.6,1,19
2026-08-15 22:24:24,0,0,0,12.2,55.3,11.3,58.6,1,19
2026-08-15 22:29:24,0,0,0,12.2,55,11.3,58.2,1,19
2026-08-15 22:34:24,0,0,0,12.2,54.9,11.3,58.1,1,19
2026-08-15 22:39:24,0,0,0,12.2,54.7,11.3,57.8,1,19
2026-08-15 22:44:23,0,0,0,12.2,55,11.3,58.3,1,19
2026-08-15 22:49:24,0,0,0,12.2,54.7,11.3,57.7,1,19
2026-08-15 22:54:24,0,0,0,12.2,54.6,11.3,57.8,1,19
2026-08-15 22:59:24,0,0,0,12.2,54.7,11.3,57.7,1,19
2026-08-15 23:04:24,0,0,0,12.2,54.4,11.3,57.7,1,19
2026-08-15 23:09:24,0,0,0,12.2,54.4,11.3,57.4,1,19
2026-08-15 23:14:24,0,0,0,12.2,54.1,11.3,57,1,19
2026-08-15 23:19:24,0,0,0,12.2,54.4,11.3,57.3,1,19
2026-08-15 23:24:24,0,0,0,12.2,54.1,11.3,56.8,1,22
2026-08-15 23:29:24,0,0,0,12.2,53.8,11.3,56.5,1,18
2026-08-15 23:34:24,0,0,0,12.2,53.9,11.3,56.8,1,21
2026-08-15 23:39:24,0,0,0,12.2,53.8,11.3,56.7,1,21
2026-08-15 23:44:24,0,0,0,12.2,53.6,11.3,56.3,1,21
2026-08-15 23:49:24,0,0,0,12.2,53.7,11.4,56.3,1,21
2026-08-15 23:54:24,0,0,0,12.2,53.5,11.3,55.8,1,21
2026-08-15 23:59:24,0,0,0,12.3,53.6,11.4,56.4,1,19
2026-08-16 00:04:24,0,0,0,12.2,53.8,11.4,56.6,1,19
2026-08-16 00:09:24,0,0,0,12.2,53.6,11.4,56.3,1,19
2026-08-16 00:14:24,0,0,0,12.3,53.3,11.4,55.9,1,19
2026-08-16 00:19:24,0,0,0,12.2,53.4,11.3,55.9,1,19
2026-08-16 00:24:24,0,0,0,12.3,53.6,11.3,56.7,1,19
2026-08-16 00:29:24,0,0,0,12.2,53.8,11.3,56.7,1,19
2026-08-16 00:34:24,0,0,0,12.2,53.8,11.3,56.6,1,19
2026-08-16 00:39:24,0,0,0,12.2,53.6,11.3,56.4,1,19
2026-08-16 00:44:24,0,0,0,12.2,53.7,11.3,56.7,1,19
2026-08-16 00:49:24,0,0,0,12.2,53.8,11.3,56.9,1,19
2026-08-16 00:54:24,0,0,0,12.2,53.7,11.2,56.6,1,19
2026-08-16 00:59:24,0,0,0,12.2,53.6,11.2,56.6,1,19
2026-08-16 01:04:24,0,0,0,12.1,53.5,11.2,56.7,1,19
2026-08-16 01:09:24,0,0,0,12.1,53.4,11.1,56.2,1,19
2026-08-16 01:14:24,0,0,0,12.1,53.4,11.1,56.3,1,19
2026-08-16 01:19:24,0,0,0,12.1,53.6,11.1,56.8,1,19
2026-08-16 01:24:24,0,0,0,12.1,53.8,11.1,56.7,1,19
2026-08-16 01:29:24,0,0,0,12,53.6,11,56.6,1,19
2026-08-16 01:34:24,0,0,0,12,53.3,11,56.2,1,19
2026-08-16 01:39:24,0,0,0,12,53.7,11,56.9,1,18
2026-08-16 01:44:24,0,0,0,12,53.7,11,57,1,18
2026-08-16 01:49:24,0,0,0,12,53.5,11,56.6,1,18
2026-08-16 01:54:24,0,0,0,12,53.4,11,56.3,1,18
2026-08-16 01:59:24,0,0,0,12,53.7,11,56.7,1,18
2026-08-16 02:04:25,0,0,0,12,53.5,10.9,56.1,1,19
2026-08-16 02:09:24,0,0,0,12,53.1,10.9,56,1,19
2026-08-16 02:14:24,0,0,0,12,53.3,10.9,56.3,1,19
2026-08-16 02:19:24,0,0,0,11.9,53.5,10.9,56.5,1,19
2026-08-16 02:24:24,0,0,0,11.9,53.3,10.9,56.1,1,19
2026-08-16 02:29:24,0,0,0,11.9,53.6,10.9,56.8,1,19
2026-08-16 02:34:24,0,0,0,11.9,53.5,10.9,56.4,1,19
2026-08-16 02:39:24,0,0,0,11.9,53.4,10.9,56.5,1,15
2026-08-16 02:44:24,0,0,0,11.9,53.4,10.9,56.8,1,25
2026-08-16 02:49:24,0,0,0,11.9,53.6,10.9,56.9,1,16
2026-08-16 02:54:24,0,0,0,11.9,53.3,10.9,56.4,1,16
2026-08-16 02:59:24,0,0,0,11.9,53.5,10.9,56.3,1,16
2026-08-16 03:04:25,0,0,0,11.9,53.1,10.9,55.7,1,16
2026-08-16 03:09:25,0,0,0,11.9,52.9,10.9,55.8,1,16
2026-08-16 03:14:24,0,0,0,11.9,53.1,10.9,55.8,1,25
2026-08-16 03:19:24,0,0,0,11.8,53.1,10.9,56,1,26
2026-08-16 03:24:25,0,0,0,11.9,53,10.9,55.6,1,17
2026-08-16 03:29:24,0,0,0,11.9,52.9,10.8,55.8,1,24
2026-08-16 03:34:24,0,0,0,11.8,52.9,10.8,55.6,1,16
2026-08-16 03:39:24,0,0,0,11.8,52.9,10.8,55.6,1,25
2026-08-16 03:44:24,0,0,0,11.9,53,10.8,56,1,25
2026-08-16 03:49:28,0,0,0,11.8,52.7,10.8,55.7,1,26
2026-08-16 03:54:25,0,0,0,11.8,52.8,10.7,55.5,1,18
2026-08-16 03:59:25,0,0,0,11.8,52.7,10.7,55.4,1,18
2026-08-16 04:04:24,0,0,0,11.8,52.7,10.7,55.6,1,18
2026-08-16 04:09:24,0,0,0,11.8,52.7,10.6,55.6,1,17
2026-08-16 04:14:24,0,0,0,11.7,52.5,10.6,55.4,1,17
2026-08-16 04:19:24,0,0,0,11.7,52.9,10.6,56.1,1,17
2026-08-16 04:24:24,0,0,0,11.6,52.9,10.5,55.8,1,17
2026-08-16 04:29:24,0,0,0,11.6,52.6,10.5,55.6,1,18
2026-08-16 04:34:24,0,0,0,11.6,52.8,10.4,55.6,1,18
2026-08-16 04:39:24,0,0,0,11.6,52.6,10.4,55.8,1,18
2026-08-16 04:44:25,0,0,0,11.5,52.7,10.4,55.9,1,18
2026-08-16 04:49:25,0,0,0,11.5,52.8,10.4,55.8,1,18
2026-08-16 04:54:25,0,0,0,11.5,52.8,10.3,55.9,1,18
2026-08-16 04:59:25,0,0,0,11.4,52.9,10.3,56.1,1,18
2026-08-16 05:04:25,0,0,0,11.5,53,10.3,56.2,1,18
2026-08-16 05:09:24,0,0,0,11.4,52.8,10.3,55.7,1,18
2026-08-16 05:14:25,0,0,0,11.4,52.9,10.3,55.8,1,18
2026-08-16 05:19:25,0,0,0,11.4,53,10.2,56.2,1,18
2026-08-16 05:24:25,0,0,0,11.4,53,10.2,56.3,1,18
2026-08-16 05:29:25,0,0,0,11.4,53,10.2,56,1,18
2026-08-16 05:34:25,0,0,0,11.4,53,10.2,56.2,1,26
2026-08-16 05:39:25,0,0,0,11.4,53.1,10.2,56.1,1,26
2026-08-16 05:44:25,0,0,0,11.4,52.9,10.1,55.8,1,26
2026-08-16 05:49:25,0,0,0,11.3,53,10.1,56,1,26
2026-08-16 05:54:25,0,0,0,11.3,52.7,10.1,55.8,1,26
2026-08-16 05:59:25,0,0,0,11.3,52.4,10.1,55.4,1,26
2026-08-16 06:04:25,0,0,0,11.3,52.6,10,55.7,1,26
2026-08-16 06:09:25,0,0,0,11.3,52.7,10,55.9,1,14
2026-08-16 06:14:25,0,0,0,11.2,52.8,10,55.9,1,26
2026-08-16 06:19:25,0,0,0,11.2,52.8,10,55.9,1,16
2026-08-16 06:24:25,0,0,0,11.2,52.9,10,56.1,1,16
2026-08-16 06:29:25,0,0,0,11.2,52.6,10,55.6,1,16
2026-08-16 06:34:25,0,0,0,11.2,52.8,10,56.1,1,19
2026-08-16 06:39:25,0,0,0,11.2,53,10,56.3,1,16
2026-08-16 06:44:25,0,0,0,11.2,53.1,10,56.5,1,16
2026-08-16 06:49:25,0,0,1,11.2,53.1,10,56.3,1,16
2026-08-16 06:54:25,0,0,0,11.2,53.3,10,56.5,1,16
2026-08-16 06:59:25,0,0,0,11.2,53.1,10,56.4,1,20
2026-08-16 07:04:25,0,0,0,11.3,53.3,10,56.7,1,20
2026-08-16 07:09:25,0,0,0,11.2,53.1,10,56.3,1,20
2026-08-16 07:14:25,0,0,0,11.3,53.3,10,56.5,1,20
2026-08-16 07:19:25,0,0,0,11.2,53.3,10,56.6,1,20
2026-08-16 07:24:25,0,0,0,11.2,53.3,10,56.6,1,20
2026-08-16 07:29:25,0,0,0,11.2,53.3,10,56.4,1,20
2026-08-16 07:34:25,0,0,0,11.2,53.2,10,56.6,1,20
2026-08-16 07:39:25,0,0,0,11.2,53.3,10,56.5,1,20
2026-08-16 07:44:25,0,0,0,11.2,53.2,10,56.3,1,20
2026-08-16 07:49:25,0,0,0,11.2,53.3,10,56.4,1,20
2026-08-16 07:54:25,0,0,0,11.2,53.5,10,56.8,1,20
2026-08-16 07:59:25,0,0,0,11.3,53.7,10,57.1,1,20
2026-08-16 08:04:25,0,0,0,11.3,53.5,10,56.9,1,20
2026-08-16 08:09:25,0,0,0,11.3,53.8,10.1,57.2,1,20
2026-08-16 08:14:25,0,0,0,11.3,53.8,10.1,57.3,1,20
2026-08-16 08:19:25,0,0,0,11.3,54.1,10.1,57.6,1,20
2026-08-16 08:24:25,0,0,0,11.3,54,10.1,57.6,1,20
2026-08-16 08:29:25,0,0,0,11.3,54,10.1,57.4,1,20
2026-08-16 08:34:25,0,0,0,11.3,54.1,10.2,57.4,1,20
2026-08-16 08:39:25,0,0,0,11.4,54.2,10.2,57.8,1,20
2026-08-16 08:44:25,0,0,0,11.4,54.3,10.3,57.9,1,20
2026-08-16 08:49:25,0,0,0,11.5,54.3,10.3,57.8,1,20
2026-08-16 08:54:25,0,0,0,11.5,54.1,10.4,57.5,1,20
2026-08-16 08:59:25,0,0,0,11.5,54.4,10.5,58,1,20
2026-08-16 09:04:25,0,0,0,11.6,54.5,10.5,58.1,1,20
2026-08-16 09:09:25,0,0,0,11.6,54.5,10.6,57.9,1,20
2026-08-16 09:14:25,0,0,0,11.6,54.2,10.6,57.6,1,20
2026-08-16 09:19:25,0,0,0,11.6,54.2,10.7,57.6,1,20
2026-08-16 09:24:25,0,0,0,11.7,54.2,10.7,57.2,1,20
2026-08-16 09:29:26,0,0,0,11.8,54.3,10.8,57.5,1,20
2026-08-16 09:34:25,0,0,0,11.8,54.1,10.9,57.2,1,20
2026-08-16 09:39:25,0,0,0,11.9,53.9,11,56.7,1,20
2026-08-16 09:44:26,0,0,0,12,53.5,11.1,55.9,1,20
2026-08-16 09:49:25,0,0,0,12,53.5,11.2,56.1,1,20
2026-08-16 09:54:26,0,0,0,12.1,53.4,11.3,55.8,1,20
2026-08-16 09:59:26,0,0,0,12.2,53.4,11.4,55.8,1,20
2026-08-16 10:04:25,0,0,0,12.2,53.5,11.5,55.9,1,20
2026-08-16 10:09:25,0,0,0,12.4,53.3,11.6,55.9,1,20
2026-08-16 10:14:25,0,0,0,12.4,53.6,11.7,55.7,1,20
2026-08-16 10:19:25,0,0,0,12.5,53.7,11.8,56,1,20
2026-08-16 10:24:26,0,0,0,12.6,53.6,12,55.7,1,20
2026-08-16 10:29:25,0,0,0,12.7,53.5,12.1,55.3,1,20
2026-08-16 10:34:25,0,0,0,12.8,52.9,12.2,54.3,1,20
2026-08-16 10:39:26,0,0,0,12.9,51.9,12.3,53.6,1,20
2026-08-16 10:44:26,0,0,0,12.9,52.2,12.4,53.8,1,20
2026-08-16 10:49:25,0,0,0,13,52.4,12.4,53.8,1,19
2026-08-16 10:54:25,0,0,0,13,52.1,12.5,53.7,1,19
2026-08-16 10:59:26,0,0,0,13.1,52.3,12.6,54.1,1,19
2026-08-16 11:04:26,0,1,1,13.2,52.9,12.7,54.9,1,19
2026-08-16 11:09:26,0,2,5,13.3,52.8,12.8,54.4,1,19
2026-08-16 11:14:26,0,1,1,13.4,52.6,12.9,54.4,1,19
2026-08-16 11:19:26,0,0,1,13.5,52.6,13,54.1,1,19
2026-08-16 11:24:26,0,1,1,13.5,52.7,13.1,54.3,1,19
2026-08-16 11:29:26,0,1,1,13.6,52.3,13.2,54.2,1,22
2026-08-16 11:34:26,0,2,2,13.7,52.4,13.3,54.2,1,19
2026-08-16 11:39:26,0,1,1,13.8,52.3,13.4,54.2,1,22
2026-08-16 11:44:26,0,1,1,13.9,52.6,13.5,53.9,1,22
2026-08-16 11:49:26,0,1,1,14,52.1,13.6,53.5,1,19
2026-08-16 11:54:26,0,0,1,14,51.9,13.7,53.5,1,19
2026-08-16 11:59:26,0,3,3,14.1,51.9,13.8,53.4,1,19
2026-08-16 12:04:26,0,2,2,14.2,52.4,13.9,54.1,1,19
2026-08-16 12:09:25,0,3,3,14.3,52.3,14.1,53.7,1,19
2026-08-16 12:14:26,3,7,8,14.4,52.9,14.3,54.5,1,19
2026-08-16 12:19:26,6,14,14,14.6,53.4,14.5,54.8,1,19
2026-08-16 12:24:26,4,13,13,14.7,53.3,14.6,54.2,1,19
2026-08-16 12:29:26,9,18,19,14.8,53.1,14.7,54.2,1,19
2026-08-16 12:34:26,8,22,22,14.9,52.9,14.9,53.8,1,19
2026-08-16 12:39:26,10,24,27,15,52.4,14.9,53.4,1,19
2026-08-16 12:44:26,19,32,32,15,52.7,15,53.9,1,19
2026-08-16 12:49:26,23,32,34,15.1,52.6,15.1,53.8,1,19
2026-08-16 12:54:26,22,36,37,15.2,52.6,15.1,53.8,1,19
2026-08-16 12:59:26,22,35,39,15.2,52.6,15.2,53.7,1,19
2026-08-16 13:04:26,24,35,37,15.2,52.5,15.3,53.8,1,19
2026-08-16 13:09:26,25,38,40,15.3,52.4,15.3,53.7,1,19
2026-08-16 13:14:26,21,36,40,15.3,51.8,15.3,53,1,19
2026-08-16 13:19:26,23,35,40,15.3,51.6,15.3,52.8,1,19
2026-08-16 13:24:26,25,36,39,15.3,51.8,15.4,53.2,1,22
2026-08-16 13:29:26,25,39,42,15.4,52.4,15.4,53.8,1,19
2026-08-16 13:34:26,25,38,43,15.5,52.9,15.5,54.2,1,19
2026-08-16 13:39:26,22,35,39,15.5,53.1,15.6,54.3,1,19
2026-08-16 13:44:26,22,33,33,15.6,53,15.8,53.8,1,19
2026-08-16 13:49:26,24,35,40,15.8,53,16,53.8,1,19
2026-08-16 13:54:26,23,38,39,15.9,52.9,16.3,53.7,1,21
2026-08-16 13:59:26,24,35,39,16,52.6,16.5,53.2,1,21
2026-08-16 14:04:26,22,34,35,16.2,52.4,16.7,52.8,1,19
2026-08-16 14:09:26,19,31,32,16.4,51.6,16.9,51.6,1,19
2026-08-16 14:14:26,12,28,28,16.6,51,17.1,50.8,0,19
2026-08-16 14:19:26,9,25,25,16.7,50.1,17.2,49.7,0,19
2026-08-16 14:24:26,9,23,23,16.7,49.7,17.2,49.3,0,19
2026-08-16 14:29:26,9,22,22,16.8,49.4,17.1,49.4,0,19
2026-08-16 14:34:26,10,23,23,16.8,49.2,17.1,49,0,19
2026-08-16 14:39:26,10,25,25,16.8,49.1,17.1,49.2,1,19
2026-08-16 14:44:26,9,22,23,16.9,49,17.4,48.3,1,19
2026-08-16 14:49:26,10,23,23,16.9,48.7,17.3,48.1,1,19
2026-08-16 14:54:26,9,22,23,16.9,48.2,17.2,47.7,1,18
2026-08-16 14:59:26,9,22,25,16.8,48.1,17.2,47.8,1,21
2026-08-16 15:04:26,9,22,26,16.8,48.4,17.1,48,1,21
2026-08-16 15:09:26,9,21,23,16.8,47.9,17.1,47.3,1,19
2026-08-16 15:14:26,7,22,23,16.7,47.8,17,47.5,1,19
2026-08-16 15:19:26,8,21,21,16.7,47.9,16.9,47.6,1,19
2026-08-16 15:24:26,8,22,22,16.7,47.7,16.9,47.3,1,19
2026-08-16 15:29:26,9,25,25,16.6,47.6,16.8,47.2,1,19
2026-08-16 15:34:26,9,25,25,16.5,47.8,16.7,47.6,1,19
2026-08-16 15:39:26,9,25,27,16.5,48.1,16.6,48,1,19
2026-08-16 15:44:26,8,27,27,16.4,48,16.6,48,1,19
2026-08-16 15:49:26,14,29,30,16.4,48,16.5,47.9,1,19
2026-08-16 15:54:27,10,27,27,16.3,48.1,16.4,48.4,1,19
2026-08-16 15:59:26,9,27,28,16.3,48.1,16.4,48.4,1,19
2026-08-16 16:04:26,10,26,27,16.2,48.3,16.3,48.5,1,19
2026-08-16 16:09:26,8,26,26,16.1,48,16.2,48.3,1,19
2026-08-16 16:14:26,8,26,27,16.1,48,16.2,48.1,1,19
2026-08-16 16:19:26,9,22,23,16,48,16.1,48.2,1,19
2026-08-16 16:24:27,7,20,22,16,48,16,47.9,1,19
2026-08-16 16:29:26,8,21,21,15.9,47.7,16,47.4,1,19
2026-08-16 16:34:27,7,20,21,15.9,47.5,15.9,47.6,1,19
2026-08-16 16:39:27,7,18,22,15.8,47.7,15.9,47.7,1,19
2026-08-16 16:44:27,4,16,19,15.8,47.6,15.8,47.5,1,19
2026-08-16 16:49:27,7,15,19,15.8,47.7,15.8,47.9,1,19
2026-08-16 16:54:27,8,20,21,15.7,47.5,15.7,47.6,1,19
2026-08-16 16:59:27,7,22,26,15.7,47.7,15.6,47.6,1,22
2026-08-16 17:04:27,9,21,22,15.7,47.9,15.6,48.2,1,19
2026-08-16 17:09:27,9,27,28,15.6,48.1,15.6,48.4,1,19
2026-08-16 17:14:27,9,23,26,15.6,47.9,15.5,48.2,1,19
2026-08-16 17:19:27,16,32,33,15.5,48.6,15.5,49.6,1,19
2026-08-16 17:24:27,19,38,39,15.5,49,15.4,50.1,1,19
2026-08-16 17:29:27,10,26,33,15.4,49.3,15.4,50.7,1,19
2026-08-16 17:34:27,8,21,22,15.4,49.3,15.3,50.5,1,19
2026-08-16 17:39:27,5,21,22,15.4,49.3,15.3,50.5,1,22
2026-08-16 17:44:27,8,21,22,15.4,49.3,15.2,50.5,1,19
2026-08-16 17:49:27,7,20,20,15.3,49.6,15.1,50.8,1,19
2026-08-16 17:54:27,6,22,23,15.2,49.5,15.1,50.9,1,19
2026-08-16 17:59:27,7,18,21,15.2,49.7,15,50.9,1,19
2026-08-16 18:04:27,6,18,19,15.1,49.7,14.9,51,1,19
2026-08-16 18:09:27,6,18,20,15.1,49.8,14.9,51.2,1,19
2026-08-16 18:14:26,4,14,14,15.1,49.7,14.8,51.2,1,19
2026-08-16 18:19:27,6,14,15,15,49.8,14.8,51.4,1,19
2026-08-16 18:24:26,6,10,13,15,50.1,14.7,51.8,1,19
2026-08-16 18:29:27,4,16,16,14.9,50,14.6,51.4,1,19
2026-08-16 18:34:27,4,14,15,14.9,49.8,14.6,51.2,1,19
2026-08-16 18:39:27,3,11,13,14.8,49.9,14.5,51.3,1,19
2026-08-16 18:44:27,6,13,14,14.8,49.6,14.5,51,1,19
2026-08-16 18:49:27,3,9,11,14.8,49.8,14.4,51.2,1,19
2026-08-16 18:54:27,4,9,10,14.7,49.7,14.4,51.3,1,19
2026-08-16 18:59:27,3,11,13,14.7,49.9,14.3,51.5,1,19
2026-08-16 19:04:27,6,11,14,14.6,49.8,14.3,51.6,1,19
2026-08-16 19:09:27,4,9,9,14.6,49.8,14.2,51.6,1,19
2026-08-16 19:14:27,4,9,9,14.5,49.9,14.2,51.7,1,22
2026-08-16 19:19:27,6,17,22,14.5,50.1,14.1,52.2,1,19
2026-08-16 19:24:27,4,16,17,14.5,50.4,14,52.7,1,19
2026-08-16 19:29:27,6,14,16,14.4,50.5,14,52.8,1,19
2026-08-16 19:34:27,7,16,18,14.4,50.6,13.9,53.2,1,19
2026-08-16 19:39:27,8,24,24,14.4,50.8,13.9,53.3,1,22
2026-08-16 19:44:27,6,18,19,14.3,50.9,13.8,53.3,1,19
2026-08-16 19:49:27,7,23,24,14.3,50.9,13.8,53.4,1,19
2026-08-16 19:54:27,8,24,28,14.3,51.1,13.8,53.8,1,19
2026-08-16 19:59:27,10,25,28,14.3,51.2,13.8,54,1,19
2026-08-16 20:04:27,11,24,24,14.3,51.4,13.8,53.8,1,19
2026-08-16 20:09:27,9,23,27,14.2,51.5,13.7,54,1,19
2026-08-16 20:14:27,9,27,27,14.2,51.6,13.7,54.3,1,19
2026-08-16 20:19:27,7,23,23,14.2,51.6,13.7,54.1,1,19
2026-08-16 20:24:27,7,22,23,14.2,51.5,13.7,54,1,19
2026-08-16 20:29:27,8,22,24,14.2,51.5,13.7,54.1,1,19
2026-08-16 20:34:27,8,23,27,14.2,51.7,13.7,54.2,1,19
2026-08-16 20:39:27,8,24,24,14.2,51.7,13.7,54.3,1,19
2026-08-16 20:44:27,8,23,23,14.1,51.8,13.6,54.2,1,19
2026-08-16 20:49:27,10,23,23,14.1,52,13.6,54.3,1,19
2026-08-16 20:54:27,10,25,28,14.1,51.7,13.6,54.3,1,21
2026-08-16 20:59:27,9,27,27,14.1,51.9,13.6,54.4,1,21
2026-08-16 21:04:27,8,24,24,14.1,51.9,13.6,54.3,1,21
2026-08-16 21:09:28,8,24,29,14.1,52,13.6,54.5,1,21
2026-08-16 21:14:27,7,24,28,14.1,52,13.5,54.5,1,19
2026-08-16 21:19:27,9,28,28,14.1,52.1,13.5,54.7,1,19
2026-08-16 21:24:27,10,31,31,14,51.9,13.5,54.6,1,19
2026-08-16 21:29:27,8,28,29,14,52.2,13.5,54.6,1,20
2026-08-16 21:34:27,9,27,29,14,52,13.4,54.7,1,20
2026-08-16 21:39:27,11,30,32,14,52.3,13.4,54.7,1,20
2026-08-16 21:44:27,11,28,29,14,52.4,13.4,55,1,20
2026-08-16 21:49:27,11,30,32,14,52.8,13.4,55.2,1,20
2026-08-16 21:54:27,11,29,32,14,52.9,13.4,55.4,1,20
2026-08-16 21:59:27,11,24,29,14,52.7,13.4,55.3,1,20
2026-08-16 22:04:27,11,27,28,13.9,52.5,13.3,55,1,20
2026-08-16 22:09:27,8,27,28,13.9,52.5,13.3,55.1,1,20
2026-08-16 22:14:27,10,28,32,13.9,52.7,13.3,55.4,1,20
2026-08-16 22:19:27,11,27,31,13.9,52.9,13.3,55.5,1,20
2026-08-16 22:24:28,10,27,28,13.9,52.9,13.3,55.6,1,20
2026-08-16 22:29:27,11,27,31,13.9,53.1,13.3,55.6,1,20
2026-08-16 22:34:27,10,27,27,13.9,53.2,13.4,55.8,1,20
2026-08-16 22:39:27,11,32,32,13.9,53.2,13.4,55.7,1,20
2026-08-16 22:44:28,13,31,32,13.9,53.1,13.3,55.5,1,20
2026-08-16 22:49:27,11,31,33,13.9,53.2,13.4,55.7,1,20
2026-08-16 22:54:28,15,30,30,13.9,53.3,13.3,55.9,1,20
2026-08-16 22:59:27,2,10,11,13.9,51.6,13.3,53.7,1,20
2026-08-16 23:04:28,0,0,1,13.9,50.3,13.3,51.5,1,20
2026-08-16 23:09:28,0,0,0,13.9,50.2,13.3,51.3,1,20
2026-08-16 23:14:28,0,0,0,13.9,49.3,13.3,49.7,1,20
2026-08-16 23:19:27,0,0,0,13.9,48.2,13.4,47.8,1,20
2026-08-16 23:24:28,0,0,0,13.9,47.9,13.4,47.6,1,20
2026-08-16 23:29:27,0,0,0,14,47.3,13.6,46.9,1,20
2026-08-16 23:34:28,0,0,0,14,47.7,13.6,47.8,1,20
2026-08-16 23:39:28,0,0,0,14.1,47,13.7,46.1,1,20
2026-08-16 23:44:28,0,0,0,14.2,46.4,13.8,45.1,1,20
2026-08-16 23:49:28,0,0,0,14.2,46.4,13.9,45.5,1,20
2026-08-16 23:54:28,0,0,0,14.3,45.9,14,44.6,1,20
2026-08-16 23:59:28,0,0,0,14.4,45.7,14.1,45,1,20
2026-08-17 00:04:28,0,0,0,14.5,45.9,14.2,45.3,1,20
2026-08-17 00:09:28,0,0,0,14.6,45.3,14.3,44.4,1,20
2026-08-17 00:14:28,0,0,0,14.6,45,14.4,44.1,1,20
2026-08-17 00:19:28,0,0,0,14.7,44.2,14.4,42.5,1,20
2026-08-17 00:24:28,0,0,0,14.7,43.3,14.5,40.8,1,20
2026-08-17 00:29:27,0,0,0,14.7,43.3,14.6,41.2,1,20
2026-08-17 00:34:28,0,0,0,14.8,43.5,14.6,41.7,1,19
2026-08-17 00:39:27,0,0,0,14.9,43.1,14.7,41.5,1,19
2026-08-17 00:44:28,0,0,0,14.9,43.2,14.7,41.6,1,19
2026-08-17 00:49:27,10,28,28,15,45.9,14.8,46.7,1,19
2026-08-17 00:54:28,13,30,31,15,46.9,14.8,48,1,19
2026-08-17 00:59:28,19,34,36,15,47.4,14.8,48.9,1,19
2026-08-17 01:04:28,20,35,35,15,48,14.7,49.5,1,19
2026-08-17 01:09:28,23,38,41,14.9,48.1,14.6,49.9,1,19
2026-08-17 01:14:28,20,36,37,14.9,48.5,14.5,50.3,1,19
2026-08-17 01:19:28,23,36,42,14.8,48.9,14.4,51,1,19
2026-08-17 01:24:28,22,35,37,14.7,49,14.3,50.9,1,19
2026-08-17 01:29:28,22,37,37,14.7,49,14.2,51.1,1,19
2026-08-17 01:34:28,18,34,36,14.6,49.2,14.1,51.4,1,19
2026-08-17 01:39:28,13,31,33,14.5,49.1,14,51.5,1,19
2026-08-17 01:44:28,14,30,33,14.4,49.2,13.9,51.5,1,19
2026-08-17 01:49:28,13,33,34,14.4,49.3,13.9,51.6,1,18
2026-08-17 01:54:28,13,31,32,14.3,49.6,13.8,51.8,1,18
2026-08-17 01:59:28,15,32,37,14.2,49.6,13.7,51.9,1,18
2026-08-17 02:04:28,16,36,37,14.2,49.8,13.6,52.3,1,18
2026-08-17 02:09:28,15,31,33,14.1,50.1,13.6,52.6,1,19
2026-08-17 02:14:28,16,32,32,14.1,50.1,13.5,52.6,1,19
2026-08-17 02:19:28,11,30,33,14.1,50.2,13.5,52.6,1,19
2026-08-17 02:24:28,19,34,36,14,50.3,13.4,52.9,1,19
2026-08-17 02:29:28,16,34,37,14,50.4,13.4,53.1,1,19
2026-08-17 02:34:28,17,34,35,14,50.6,13.4,53.5,1,19
2026-08-17 02:39:28,17,32,34,13.9,50.8,13.3,53.7,1,19
2026-08-17 02:44:28,17,37,38,13.9,51.1,13.3,54.3,1,19
2026-08-17 02:49:28,22,37,38,13.8,51.5,13.2,54.7,1,19
2026-08-17 02:54:28,18,37,38,13.8,51.7,13.1,54.9,1,19
2026-08-17 02:59:28,21,35,36,13.8,51.9,13.1,55.2,1,19
2026-08-17 03:04:28,20,38,43,13.7,52.4,13.1,55.5,1,19
2026-08-17 03:09:28,18,37,39,13.7,52.3,13,55.5,1,19
2026-08-17 03:14:28,17,37,38,13.6,52.7,12.9,56.1,1,19
2026-08-17 03:19:28,13,34,36,13.6,53,12.9,56.3,1,16
2026-08-17 03:24:28,6,20,22,13.5,52.8,12.8,56,1,16
2026-08-17 03:29:28,3,7,7,13.4,52.6,12.8,55.6,1,16
2026-08-17 03:34:28,2,7,7,13.5,52.7,12.9,56.1,1,16
2026-08-17 03:39:28,1,6,6,13.5,52.1,12.9,54.9,1,16
2026-08-17 03:44:28,3,11,11,13.4,52.8,12.9,55.5,1,16
2026-08-17 03:49:28,10,27,27,13.5,53.5,12.9,56.5,1,16
2026-08-17 03:54:28,14,31,33,13.5,53.8,12.9,57,1,16
2026-08-17 03:59:28,17,38,38,13.5,54,12.9,57.5,1,16
2026-08-17 04:04:28,20,40,42,13.5,54,12.9,57.5,1,16
2026-08-17 04:09:28,15,31,33,13.5,54.2,12.9,57.5,1,16
2026-08-17 04:14:28,19,35,36,13.5,54.3,12.9,57.8,1,16
2026-08-17 04:19:28,22,40,43,13.4,54.4,12.9,57.9,1,16
2026-08-17 04:24:28,23,40,45,13.4,54.4,12.8,57.9,1,16
2026-08-17 04:29:29,21,40,42,13.4,54.4,12.8,58.1,1,16
2026-08-17 04:34:28,25,41,45,13.3,54.4,12.7,57.9,1,16
2026-08-17 04:39:28,20,38,41,13.3,54.5,12.7,58.2,1,16
2026-08-17 04:44:29,22,38,41,13.3,54.7,12.7,58.3,1,16
2026-08-17 04:49:28,22,38,39,13.3,54.9,12.6,58.4,1,16
2026-08-17 04:54:28,14,33,34,13.3,54.9,12.6,58.5,1,16
2026-08-17 04:59:29,21,38,44,13.2,55,12.6,58.7,1,16
2026-08-17 05:04:28,15,34,38,13.2,55.3,12.6,58.9,1,16
2026-08-17 05:09:28,9,28,29,13.2,55.4,12.6,59,1,16
2026-08-17 05:14:29,0,1,1,13.2,54.5,12.5,57.7,1,25
2026-08-17 05:19:29,0,0,0,13,53.6,12.3,56.4,1,17
2026-08-17 05:24:29,0,0,0,13,53.6,12.1,56.6,1,25
2026-08-17 05:29:29,0,0,0,12.9,54,12.1,57.5,1,16
2026-08-17 05:34:29,0,0,0,12.9,53.9,12,57.4,1,15
2026-08-17 05:39:28,0,0,0,12.8,53.6,11.9,56.3,1,26
2026-08-17 05:44:28,0,0,0,12.7,53.5,11.8,56.4,1,16
2026-08-17 05:49:29,0,0,0,12.6,53.2,11.6,56.2,1,16
2026-08-17 05:54:28,0,0,0,12.5,53.4,11.5,56.9,1,16
2026-08-17 05:59:29,0,0,0,12.4,54,11.4,57.8,1,16
2026-08-17 06:04:28,0,0,0,12.3,54.2,11.3,58.3,1,16
2026-08-17 06:09:28,0,0,0,12.2,53.9,11.2,57.8,1,16
2026-08-17 06:14:28,0,0,0,12.2,54.2,11.1,58.1,1,16
2026-08-17 06:19:29,0,0,0,12.1,54.4,11.1,58.3,1,16
2026-08-17 06:24:29,0,0,0,12.1,54.4,11.1,58.5,1,16
2026-08-17 06:29:28,6,18,18,12.1,55.8,11.1,60.8,1,16
2026-08-17 06:34:28,10,25,28,12.2,56.6,11.2,61.7,1,16
2026-08-17 06:39:29,10,29,30,12.2,57.1,11.3,62.2,1,16
2026-08-17 06:44:29,9,29,31,12.3,57.5,11.4,62.4,1,16
2026-08-17 06:49:29,10,25,29,12.3,57.6,11.4,62.3,1,16
2026-08-17 06:54:28,6,18,22,12.4,57.5,11.5,62.3,1,16
2026-08-17 06:59:29,6,11,14,12.4,57.7,11.6,62.1,1,16
2026-08-17 07:04:29,7,20,22,12.4,57.8,11.6,62.2,1,20
2026-08-17 07:09:29,7,23,23,12.5,57.8,11.7,62.1,1,20
2026-08-17 07:14:29,7,22,24,12.5,57.7,11.7,62.1,1,20
2026-08-17 07:19:29,7,21,23,12.5,57.9,11.7,62.2,1,20
2026-08-17 07:24:29,5,11,16,12.5,57.8,11.7,61.9,1,20
2026-08-17 07:29:29,2,6,6,12.5,57.3,11.7,61.2,1,20
2026-08-17 07:34:29,3,7,7,12.6,57.3,11.7,61.2,1,20
2026-08-17 07:39:29,5,10,10,12.6,57.4,11.7,61.7,1,23
2026-08-17 07:44:29,3,7,10,12.6,57.1,11.8,61,1,23
2026-08-17 07:49:29,6,15,17,12.6,57.4,11.8,61.4,1,22
2026-08-17 07:54:29,6,18,19,12.6,57.1,11.8,61.4,1,22
2026-08-17 07:59:29,6,11,15,12.6,57.4,11.8,61.6,1,19
2026-08-17 08:04:29,5,11,14,12.6,57.6,11.8,61.5,1,19
2026-08-17 08:09:29,6,11,14,12.6,57.8,11.8,61.8,1,22
2026-08-17 08:14:29,5,11,11,12.6,57.9,11.9,61.8,1,19
2026-08-17 08:19:29,3,10,10,12.7,57.8,11.9,61.8,1,22
2026-08-17 08:24:29,5,6,7,12.7,58,11.9,62,1,22
2026-08-17 08:29:29,2,7,9,12.7,57.6,12,61.8,1,27
2026-08-17 08:34:29,2,9,10,12.7,57.7,12,61.4,1,25
2026-08-17 08:39:29,2,5,5,12.8,57.4,12,61.2,1,25
2026-08-17 08:44:29,0,5,6,12.8,57.7,12.1,61.4,1,19
2026-08-17 08:49:29,2,5,5,12.8,57.6,12.1,61.3,1,27
2026-08-17 08:54:29,0,0,1,12.8,56.9,12.1,60.2,1,26
2026-08-17 08:59:29,0,0,0,12.8,56.6,12.1,59.9,1,22
2026-08-17 09:04:29,0,0,0,12.8,56.1,12.1,59.5,1,19
2026-08-17 09:09:29,0,0,0,12.8,56.6,12.1,60.3,1,21
2026-08-17 09:14:29,0,0,0,12.9,57.2,12.1,60.8,1,26
2026-08-17 09:19:29,0,0,0,12.9,56.8,12.2,60.3,1,20
2026-08-17 09:24:29,0,0,0,12.9,57,12.2,60.8,1,27
2026-08-17 09:29:29,0,0,1,12.9,57,12.3,60.1,1,21
2026-08-17 09:34:29,0,0,0,13,56.7,12.3,60.1,1,26
2026-08-17 09:39:29,0,0,0,13,57,12.4,60.5,1,19
2026-08-17 09:44:29,0,1,1,13.1,57.4,12.5,61,1,26
2026-08-17 09:49:29,0,0,0,13.1,57,12.6,60,1,22
2026-08-17 09:54:29,0,0,0,13.2,56.3,12.8,58.5,1,26
2026-08-17 09:59:29,0,0,0,13.4,56.5,13,59.1,1,20
2026-08-17 10:04:29,0,0,0,13.5,56.6,13.2,58.8,1,20
2026-08-17 10:09:29,0,1,2,13.8,57,13.5,59.6,1,20
2026-08-17 10:14:29,0,3,3,13.9,57.1,13.7,59.6,1,26
2026-08-17 10:19:29,0,1,3,14.1,56.8,13.9,59,1,27
2026-08-17 10:24:29,0,2,2,14.2,56.2,14.1,57.8,1,27
2026-08-17 10:29:29,0,0,0,14.4,55.8,14.2,57,1,21
2026-08-17 10:34:30,0,0,0,14.5,55.3,14.3,56.6,1,27
2026-08-17 10:39:29,0,1,1,14.6,55,14.4,56.3,1,26
2026-08-17 10:44:29,0,1,2,14.7,55.2,14.5,56.4,1,22
2026-08-17 10:49:29,0,0,0,14.7,54.6,14.6,55.8,1,26
2026-08-17 10:54:29,0,1,2,14.8,54.3,14.6,55.3,1,21
2026-08-17 10:59:29,0,1,1,14.8,54.1,14.6,55.3,1,27
2026-08-17 11:04:29,0,0,1,14.9,54.2,14.7,55.6,1,19
2026-08-17 11:09:29,0,1,1,14.9,53.5,14.7,54.4,1,26
2026-08-17 11:14:29,0,2,2,14.9,54.1,14.7,55.4,1,20
2026-08-17 11:19:29,0,0,1,14.9,53.9,14.8,55.1,1,27
2026-08-17 11:24:30,0,0,1,15,53.8,14.9,54.9,1,21
2026-08-17 11:29:30,0,1,1,15.1,54,15,55.3,1,26
2026-08-17 11:34:29,2,9,9,15.1,54.3,15.1,55.8,1,26
2026-08-17 11:39:29,1,4,6,15.2,54.5,15.2,56,1,27
2026-08-17 11:44:30,4,13,13,15.3,55,15.3,56.6,1,26
2026-08-17 11:49:30,9,21,23,15.3,55.3,15.4,57.2,1,26
2026-08-17 11:54:30,9,27,27,15.4,55.5,15.5,57.4,1,26
2026-08-17 11:59:29,8,22,23,15.5,55.6,15.6,56.9,1,26
2026-08-17 12:04:30,9,24,24,15.6,55,15.7,56.4,1,20
2026-08-17 12:09:30,8,18,19,15.7,54.5,15.8,55.6,1,26
2026-08-17 12:14:29,26,43,50,15.7,54.3,15.8,55.5,1,26
2026-08-17 12:19:30,23,35,37,15.8,54,15.9,54.9,1,27
2026-08-17 12:24:29,9,22,23,15.8,54.1,15.9,55.1,1,25
2026-08-17 12:29:30,22,39,42,15.8,54.2,15.9,55.5,1,26
2026-08-17 12:34:30,15,32,34,15.8,54.2,16,55.6,1,26
2026-08-17 12:39:29,17,35,36,15.9,54.1,16,55.4,1,25
2026-08-17 12:44:29,21,35,39,15.9,54.2,16,55.3,1,21
2026-08-17 12:49:29,22,34,35,15.9,54.1,16.1,55.3,1,27
2026-08-17 12:54:29,26,39,42,15.9,53.8,16.1,54.7,1,26
2026-08-17 12:59:30,20,35,36,16,53.8,16.2,54.8,1,26
2026-08-17 13:04:30,22,37,40,16,53.6,16.2,54.5,1,23
2026-08-17 13:09:30,16,33,36,16,52.9,16.2,53.7,1,27
2026-08-17 13:14:30,20,34,36,16.1,53.4,16.3,54.4,1,25
2026-08-17 13:19:30,15,29,33,16.1,53,16.3,53.6,1,21
2026-08-17 13:24:30,17,33,39,16.2,53,16.4,53.9,1,26
2026-08-17 13:29:30,21,35,39,16.2,53.1,16.4,53.8,1,21
2026-08-17 13:34:30,16,35,35,16.2,53.1,16.5,53.9,1,26
2026-08-17 13:39:30,13,33,33,16.3,52.6,16.6,53.2,1,26
2026-08-17 13:44:29,16,32,32,16.4,52.5,16.8,52.9,1,22
2026-08-17 13:49:30,15,29,29,16.5,51.7,16.9,52.1,1,26
2026-08-17 13:54:30,9,29,29,16.6,51.3,17.1,51.2,1,22
2026-08-17 13:59:30,12,30,30,16.7,50.8,17.2,50.4,1,26
2026-08-17 14:04:29,14,28,28,16.9,50.8,17.4,50.7,1,22
2026-08-17 14:09:30,10,30,31,17,50.9,17.6,50.3,1,26
2026-08-17 14:14:30,20,32,34,17.1,51.1,17.7,50.8,1,21
2026-08-17 14:19:30,27,45,53,17.3,50.5,17.9,50,0,26
2026-08-17 14:24:30,17,28,29,17.3,49.8,17.9,48.9,0,26
2026-08-17 14:29:30,13,29,31,17.4,49.8,18,49.4,0,25
2026-08-17 14:34:30,16,32,33,17.4,49.8,18,49.4,0,22
2026-08-17 14:39:30,10,28,29,17.5,49.9,18,49.6,0,27
2026-08-17 14:44:30,32,50,60,17.5,49.2,18,48.9,0,21
2026-08-17 14:49:30,25,37,41,17.5,49.3,18,48.9,0,26
2026-08-17 14:54:30,20,36,41,17.5,48.9,18,48.6,0,22
2026-08-17 14:59:30,29,46,56,17.5,49,17.9,48.8,0,25
2026-08-17 15:04:30,24,37,42,17.5,48.6,17.9,48.2,0,21
2026-08-17 15:09:30,20,33,35,17.4,48.7,17.9,48.4,0,25
2026-08-17 15:14:30,20,34,37,17.5,49.2,17.8,49,0,22
2026-08-17 15:19:30,25,42,49,17.4,49,17.8,48.9,0,27
2026-08-17 15:24:30,21,37,40,17.4,48.9,17.8,48.8,0,27
2026-08-17 15:29:30,24,40,47,17.4,48.8,17.7,48.7,0,19
2026-08-17 15:34:30,24,39,42,17.4,49,17.7,48.8,0,21
2026-08-17 15:39:30,21,34,41,17.3,49,17.6,49.2,0,29
2026-08-17 15:44:30,20,36,39,17.3,49,17.6,49,0,20
2026-08-17 15:49:30,23,34,40,17.2,48.9,17.6,49.1,0,26
2026-08-17 15:54:30,22,37,39,17.2,48.9,17.5,48.8,0,22
2026-08-17 15:59:30,22,36,41,17.2,49,17.5,49,0,26
2026-08-17 16:04:30,20,37,42,17.1,49,17.4,49.5,0,22
2026-08-17 16:09:30,22,37,44,17.1,49.3,17.4,49.6,0,21
2026-08-17 16:14:30,23,38,42,17.1,49,17.3,49.4,0,25
2026-08-17 16:19:30,22,34,38,17.1,49.1,17.3,49.4,0,22
2026-08-17 16:24:30,23,38,41,17,49.2,17.3,49.7,0,27
2026-08-17 16:29:30,25,45,52,17,49.3,17.2,49.9,0,22
2026-08-17 16:34:30,27,48,56,17,49.3,17.2,49.6,0,26
2026-08-17 16:39:30,21,36,41,16.9,49.1,17.1,49.5,0,22
2026-08-17 16:44:30,24,38,42,16.9,49.1,17.1,49.4,0,25
2026-08-17 16:49:30,23,34,41,16.9,49,17,49.9,0,21
2026-08-17 16:54:30,21,34,41,16.8,48.9,17,49.6,0,26
2026-08-17 16:59:30,21,37,40,16.8,48.9,17,49.5,0,22
2026-08-17 17:04:30,23,39,43,16.8,49.3,16.9,50,0,26
2026-08-17 17:09:30,24,37,42,16.8,48.9,16.9,49.5,0,22
2026-08-17 17:14:30,23,39,45,16.7,49.2,16.9,49.9,0,28
2026-08-17 17:19:30,23,38,44,16.7,49.3,16.8,50.2,0,22
2026-08-17 17:24:30,22,38,41,16.7,49.3,16.8,50.3,0,22
2026-08-17 17:29:30,23,36,40,16.7,49.3,16.8,50.2,0,19
2026-08-17 17:34:30,24,40,44,16.7,49.1,16.8,50,0,22
2026-08-17 17:39:30,23,41,45,16.8,49.1,17.4,49,0,21
2026-08-17 17:44:30,25,40,46,16.9,49.3,17.4,49.2,0,26
2026-08-17 17:49:30,21,40,45,17.1,49.3,17.9,48.6,0,22
2026-08-17 17:54:30,23,39,43,17.3,48.6,18.3,46.7,0,27
2026-08-17 17:59:30,21,36,40,17.6,48.5,18.7,46.4,0,22
2026-08-17 18:04:30,21,36,39,17.7,47.8,18.8,45.4,1,26
2026-08-17 18:09:30,21,36,41,17.7,47.6,18.4,46.3,1,20
2026-08-17 18:14:30,21,36,40,17.6,48,18,47.5,1,27
2026-08-17 18:19:30,25,40,46,17.4,48.1,17.8,47.7,1,27
2026-08-17 18:24:31,22,37,40,17.3,48.3,17.6,48.3,1,22
2026-08-17 18:29:31,18,33,37,17.2,48.7,17.6,48.9,1,19
2026-08-17 18:34:30,18,34,40,17.2,48.6,17.5,48.6,1,25
2026-08-17 18:39:31,17,34,35,17.1,49,17.5,49.5,1,25
2026-08-17 18:44:31,18,36,39,17.1,49.5,17.4,50.1,1,22
2026-08-17 18:49:31,20,34,40,17.1,49.9,17.4,50.7,1,26
2026-08-17 18:54:31,55,135,150,17.1,49.9,17.3,50.9,1,28
2026-08-17 18:59:30,29,50,61,17,50.2,17.3,51.2,1,20
2026-08-17 19:04:31,20,34,38,17,50.4,17.3,51.4,1,26
2026-08-17 19:09:31,13,31,31,16.9,50.4,17.2,51.4,1,19
2026-08-17 19:14:30,16,31,32,16.9,50.5,17.2,51.7,1,25
2026-08-17 19:19:31,16,31,34,16.9,50.6,17.1,51.9,1,21
2026-08-17 19:24:30,10,29,31,16.8,50.9,17.1,52.4,1,21
2026-08-17 19:29:31,13,30,30,16.8,51,17,52.8,1,21
2026-08-17 19:34:31,12,28,32,16.7,51.3,17,53,1,21
2026-08-17 19:39:30,14,32,35,16.7,51.5,16.9,53.3,1,21
2026-08-17 19:44:31,14,32,33,16.7,51.6,16.9,53.5,1,21
2026-08-17 19:49:31,18,32,35,16.6,51.9,16.8,53.6,1,21
2026-08-17 19:54:30,16,33,35,16.6,51.9,16.8,53.7,1,21
2026-08-17 19:59:31,16,33,35,16.6,51.8,16.7,53.6,1,21
2026-08-17 20:04:30,23,41,48,16.5,52,16.7,53.7,1,21
2026-08-17 20:09:31,26,44,54,16.5,51.8,16.6,53.7,1,21
2026-08-17 20:14:31,28,47,57,16.5,52.1,16.6,53.5,1,21
2026-08-17 20:19:31,16,31,31,16.4,51.8,16.5,53.5,1,21
2026-08-17 20:24:31,15,34,35,16.4,51.6,16.5,53.4,1,21
2026-08-17 20:29:31,15,34,35,16.3,51.8,16.4,53.6,1,21
2026-08-17 20:34:31,14,31,33,16.3,52.2,16.4,53.9,1,21
2026-08-17 20:39:30,14,30,30,16.3,52.3,16.3,54,1,21
2026-08-17 20:44:31,16,34,35,16.2,52.4,16.3,54.1,1,21
2026-08-17 20:49:31,17,33,35,16.2,52.2,16.2,54.2,1,21
2026-08-17 20:54:31,20,34,35,16.1,52.6,16.2,54.4,1,21
2026-08-17 20:59:31,15,34,34,16,52.7,16.1,54.5,1,21
2026-08-17 21:04:31,17,34,34,16.1,53.1,16.1,54.6,1,21
2026-08-17 21:09:31,14,30,33,16,53.2,16,54.7,1,21
2026-08-17 21:14:31,20,35,35,16,53,15.9,55,1,21
2026-08-17 21:19:31,15,33,34,15.9,53.2,15.9,55.2,1,21
2026-08-17 21:24:31,16,33,35,15.8,53.1,15.8,55,1,21
2026-08-17 21:29:31,20,35,41,15.8,53.2,15.7,55.1,1,21
2026-08-17 21:34:31,20,36,38,15.7,53.4,15.7,55.5,1,21
2026-08-17 21:39:31,21,35,39,15.7,53.7,15.6,55.8,1,21
2026-08-17 21:44:31,16,36,37,15.7,53.4,15.6,55.3,1,21
2026-08-17 21:49:31,18,34,37,15.7,53.6,15.5,55.6,1,21
2026-08-17 21:54:31,21,36,41,15.6,53.6,15.5,55.8,1,21
2026-08-17 21:59:31,21,34,37,15.6,53.7,15.4,55.8,1,21
2026-08-17 22:04:31,16,34,35,15.5,53.8,15.4,56.1,1,21
2026-08-17 22:09:31,15,33,34,15.5,53.8,15.4,56.1,1,21
2026-08-17 22:14:31,17,32,33,15.5,54.2,15.4,56.3,1,21
2026-08-17 22:19:31,18,34,37,15.4,54.2,15.4,56.4,1,21
2026-08-17 22:24:31,19,36,39,15.4,54.1,15.3,56.5,1,21
2026-08-17 22:29:31,18,33,34,15.4,54.2,15.2,56.6,1,21
2026-08-17 22:34:31,18,36,36,15.4,54.4,15.2,56.8,1,21
2026-08-17 22:39:31,19,35,36,15.3,54.5,15.1,57.3,1,21
2026-08-17 22:44:31,20,36,40,15.3,54.7,15.1,57.4,1,21
2026-08-17 22:49:31,18,36,39,15.3,54.9,15.1,57.7,1,21
2026-08-17 22:54:31,21,34,39,15.3,55,15,57.8,1,21
2026-08-17 22:59:31,20,38,42,15.2,55.2,15,57.9,1,21
2026-08-17 23:04:31,23,40,44,15.2,55.1,15,57.7,1,21
2026-08-17 23:09:31,22,36,40,15.2,54.8,15,57.4,1,21
2026-08-17 23:14:31,22,38,43,15.2,54.7,15,57.3,1,21
2026-08-17 23:19:31,20,36,39,15.1,54.7,14.9,57.1,1,21
2026-08-17 23:24:31,20,36,40,15.2,54.5,14.9,56.9,1,21
2026-08-17 23:29:31,14,32,33,15.1,54.5,14.9,56.7,1,21
2026-08-17 23:34:31,14,33,35,15.1,54.2,14.9,56.4,1,21
2026-08-17 23:39:31,13,31,32,15.1,54.3,14.9,56.6,1,21
2026-08-17 23:44:31,10,30,32,15.1,54.2,14.9,56.1,1,21
2026-08-17 23:49:31,13,31,32,15.1,54.4,14.9,56.4,1,21
2026-08-17 23:54:31,10,30,31,15.1,54.1,14.9,56.1,1,21
2026-08-17 23:59:31,10,30,31,15.1,54.3,14.9,56.1,1,21
2026-08-18 00:04:31,8,27,29,15.2,54,15,55.6,1,21
2026-08-18 00:09:31,7,21,24,15.2,53.9,15,55.6,1,21
2026-08-18 00:14:31,8,24,24,15.2,53.7,15,55.4,1,21
2026-08-18 00:19:32,6,21,23,15.2,53.9,15,55.8,1,18
2026-08-18 00:24:32,8,26,26,15.2,54.1,15,55.8,1,21
2026-08-18 00:29:31,7,20,24,15.2,53.4,15,54.9,1,18
2026-08-18 00:34:31,7,21,22,15.2,53.5,15,55,1,18
2026-08-18 00:39:31,8,23,24,15.2,53.5,15,55.1,1,20
2026-08-18 00:44:31,6,20,24,15.2,53.6,15,55.4,1,20
2026-08-18 00:49:32,6,18,19,15.2,53.7,15,55.6,1,20
2026-08-18 00:54:31,9,24,24,15.2,54,15,56.1,1,20
2026-08-18 00:59:32,15,32,34,15.2,54.4,15,56.4,1,20
2026-08-18 01:04:32,18,32,32,15.1,54.2,14.9,56.3,1,20
2026-08-18 01:09:31,16,36,36,15.1,54.3,14.9,56.3,1,20
2026-08-18 01:14:32,18,36,38,15,54.2,14.8,56.4,1,20
2026-08-18 01:19:31,18,38,39,15,54.3,14.8,56.6,1,20
2026-08-18 01:24:32,16,34,38,15,54.5,14.7,56.8,1,20
2026-08-18 01:29:31,14,34,34,15,54.6,14.7,56.8,1,20
2026-08-18 01:34:31,16,35,35,14.9,54.8,14.6,57.1,1,20
2026-08-18 01:39:31,19,32,35,14.9,54.7,14.6,57.2,1,20
2026-08-18 01:44:32,19,33,35,14.9,54.8,14.6,57.2,1,20
2026-08-18 01:49:32,18,34,38,14.8,54.9,14.5,57.3,1,20
2026-08-18 01:54:32,19,36,40,14.8,54.9,14.5,57.4,1,18
2026-08-18 01:59:32,18,35,37,14.8,55,14.4,57.7,1,18
2026-08-18 02:04:32,17,36,38,14.7,54.9,14.4,57.4,1,21
2026-08-18 02:09:32,17,33,34,14.7,55.1,14.4,57.6,1,18
2026-08-18 02:14:32,9,27,27,14.7,54.9,14.3,57.4,1,18
2026-08-18 02:19:32,9,23,26,14.7,54.8,14.3,57.1,1,17
2026-08-18 02:24:31,9,28,28,14.6,54.5,14.2,57.2,1,17
2026-08-18 02:29:32,9,31,31,14.6,54.4,14.2,57.2,1,17
2026-08-18 02:34:32,13,29,30,14.6,54.6,14.1,57.4,1,25
2026-08-18 02:39:32,11,28,32,14.5,54.8,14.1,57.6,1,17
2026-08-18 02:44:32,9,28,29,14.5,54.4,14,57.3,1,25
2026-08-18 02:49:32,8,27,27,14.5,54.4,14,57.2,1,25
2026-08-18 02:54:32,7,24,28,14.4,54.4,14,57,1,25
2026-08-18 02:59:32,7,22,22,14.4,54.2,13.9,56.6,1,25
2026-08-18 03:04:39,7,18,22,14.4,54.1,13.9,56.5,1,15
2026-08-18 03:09:32,7,22,24,14.3,54.1,13.8,56.5,1,24
2026-08-18 03:14:32,7,16,21,14.3,53.9,13.8,56.3,1,23
2026-08-18 03:19:31,6,23,23,14.3,53.7,13.7,56.2,1,26
2026-08-18 03:24:32,7,23,24,14.2,53.7,13.7,56.1,1,26
2026-08-18 03:29:32,6,23,23,14.2,53.8,13.6,56.3,1,23
2026-08-18 03:34:32,9,22,23,14.2,53.8,13.6,56.1,1,24
2026-08-18 03:39:32,7,23,24,14.1,53.8,13.6,56.4,1,24
2026-08-18 03:44:32,9,27,29,14.1,53.7,13.5,56.4,1,25
2026-08-18 03:49:32,10,27,28,14.1,53.9,13.4,56.3,1,25
2026-08-18 03:54:32,7,24,27,14,53.5,13.4,55.7,1,25
2026-08-18 03:59:32,8,23,27,14,53.4,13.4,55.6,1,16
2026-08-18 04:04:32,6,27,27,14,53.4,13.3,55.6,1,16
2026-08-18 04:09:32,7,23,23,13.9,53.5,13.3,55.7,1,16
2026-08-18 04:14:32,8,20,21,13.9,53.5,13.2,55.9,1,16
2026-08-18 04:19:32,7,25,27,13.8,53.3,13.2,55.5,1,17
2026-08-18 04:24:32,8,22,25,13.8,53,13.1,55.1,1,17
2026-08-18 04:29:32,7,25,27,13.7,53,13.1,55.3,1,17
2026-08-18 04:34:32,7,25,27,13.7,52.9,13.1,55,1,17
2026-08-18 04:39:32,8,25,28,13.6,53.2,13,55.4,1,17
2026-08-18 04:44:32,8,21,22,13.6,53.4,13,56.1,1,17
2026-08-18 04:49:32,7,24,24,13.6,53.3,13,55.5,1,17
2026-08-18 04:54:32,8,27,28,13.6,53.4,12.9,55.7,1,25
2026-08-18 04:59:32,8,25,28,13.5,53.4,12.9,55.8,1,15
2026-08-18 05:04:32,7,29,30,13.5,53.5,12.9,55.9,1,25
2026-08-18 05:09:32,7,21,22,13.5,53.6,12.8,56.1,1,25
2026-08-18 05:14:32,6,22,22,13.4,53.4,12.8,55.9,1,25
2026-08-18 05:19:32,6,21,22,13.5,53.4,12.8,55.8,1,25
2026-08-18 05:24:32,7,22,25,13.4,53.4,12.9,55.8,1,25
2026-08-18 05:29:32,6,22,22,13.4,53.4,12.9,55.7,1,25
2026-08-18 05:34:32,8,23,25,13.5,53.5,12.9,55.7,1,25
2026-08-18 05:39:32,7,21,24,13.5,53.2,12.9,55.2,1,16
2026-08-18 05:44:32,6,17,21,13.5,52.8,12.9,54.8,1,16
2026-08-18 05:49:32,7,21,24,13.5,52.5,12.8,54.4,1,16
2026-08-18 05:54:32,7,22,27,13.4,52.3,12.8,54.2,1,16
2026-08-18 05:59:32,6,18,21,13.4,52.4,12.8,54.6,1,17
2026-08-18 06:04:32,7,23,25,13.4,52.1,12.8,54.1,1,25
2026-08-18 06:09:32,7,22,28,13.4,51.5,12.8,53.4,1,24
2026-08-18 06:14:32,5,15,15,13.4,51.5,12.8,53.2,1,24
2026-08-18 06:19:32,6,13,18,13.4,51.2,12.8,53.1,1,24
2026-08-18 06:24:32,5,20,22,13.4,51.2,12.8,53,1,24
2026-08-18 06:29:32,5,18,22,13.4,50.9,12.8,52.7,1,24
2026-08-18 06:34:32,5,20,24,13.4,50.7,12.8,52.2,1,24
2026-08-18 06:39:32,7,17,20,13.4,50.4,12.8,51.8,1,24
2026-08-18 06:44:32,6,17,17,13.4,50.5,12.7,52.1,1,24
2026-08-18 06:49:45,5,11,11,13.3,50.4,12.7,52.3,1,16
2026-08-18 06:54:32,5,10,11,13.3,50.8,12.7,52.7,1,18
2026-08-18 06:59:32,5,16,17,13.3,50.6,12.7,52.3,1,27
2026-08-18 07:04:33,5,10,14,13.3,50.5,12.6,52.4,1,20
2026-08-18 07:09:32,3,10,11,13.2,50.7,12.6,52.6,1,20
2026-08-18 07:14:32,5,14,15,13.2,50.6,12.5,52.7,1,20
2026-08-18 07:19:33,5,13,13,13.2,50.6,12.5,52.3,1,20
2026-08-18 07:24:32,2,10,13,13.1,50.4,12.5,52.2,1,20
2026-08-18 07:29:32,5,10,13,13.1,50.3,12.4,52.1,1,20
2026-08-18 07:34:32,6,18,20,13.1,50.3,12.4,52.1,1,20
2026-08-18 07:39:32,5,13,15,13.1,50.2,12.4,52.1,1,20
2026-08-18 07:44:33,5,14,14,13.1,50.3,12.4,52.3,1,20
2026-08-18 07:49:32,3,16,18,13.1,50.5,12.4,52.7,1,20
2026-08-18 07:54:32,6,13,15,13,50.4,12.4,52.1,1,20
2026-08-18 07:59:32,5,13,16,13,50.5,12.4,52.5,1,20
2026-08-18 08:04:33,3,14,15,13,50.2,12.3,51.9,1,20
2026-08-18 08:09:32,3,8,10,13,50.1,12.4,51.6,1,22
2026-08-18 08:14:32,2,10,10,13,50.2,12.4,51.8,1,22
2026-08-18 08:19:33,3,11,11,13,50.4,12.4,52.2,1,22
2026-08-18 08:24:32,2,11,11,13.1,50.6,12.4,52.3,1,26
2026-08-18 08:29:33,8,24,24,13.1,50.3,12.5,52.2,1,25
2026-08-18 08:34:33,5,13,13,13.2,50.4,12.6,52.2,1,26
2026-08-18 08:39:33,5,10,11,13.2,50.6,12.6,52.3,1,26
2026-08-18 08:44:33,6,16,19,13.2,50.9,12.7,52.7,1,27
2026-08-18 08:49:32,5,16,20,13.3,50.5,12.8,52.1,1,27
2026-08-18 08:54:33,8,17,20,13.4,50.4,12.8,52,1,26
2026-08-18 08:59:33,6,13,13,13.4,50.2,12.9,51.7,1,26
2026-08-18 09:04:33,7,16,19,13.5,50.3,13,51.8,1,25
2026-08-18 09:09:33,7,23,23,13.6,50.5,13.1,52.2,1,26
2026-08-18 09:14:33,8,23,23,13.7,50.6,13.2,52.1,1,25
2026-08-18 09:19:33,7,23,25,13.8,50.8,13.3,52.5,1,25
2026-08-18 09:24:33,10,24,27,13.8,51,13.4,52.6,1,25
2026-08-18 09:29:33,7,25,27,14,50.9,13.6,52.2,1,27
2026-08-18 09:34:33,4,17,17,14.1,50.6,13.8,51.3,1,28
2026-08-18 09:39:33,2,9,11,14.3,49.9,14.1,50.2,1,21
2026-08-18 09:44:33,2,7,8,14.4,49.6,14.3,49.8,1,26
2026-08-18 09:49:33,2,8,9,14.6,49.3,14.6,49.1,1,27
2026-08-18 09:54:33,1,3,4,14.8,48.5,14.9,46.8,1,26
2026-08-18 09:59:33,0,2,3,15,47.9,15.2,46.4,1,26
2026-08-18 10:04:33,0,1,1,15.2,47.5,15.4,45.6,0,27
2026-08-18 10:09:32,0,1,1,15.4,46.7,15.6,45,0,25
2026-08-18 10:14:33,0,0,0,15.5,46.5,15.7,44.5,0,28
2026-08-18 10:19:32,0,2,2,15.6,46.1,15.9,44.6,0,21
2026-08-18 10:24:33,1,5,5,15.8,46.6,16.1,45.2,0,27
2026-08-18 10:29:33,1,5,7,15.9,46.4,16.3,44.8,0,21
2026-08-18 10:34:33,1,3,4,16,46.2,16.5,44.2,0,27
2026-08-18 10:39:33,0,3,3,16.3,46,16.8,44.2,0,26
2026-08-18 10:44:33,1,5,6,16.5,45.8,17,43.5,0,27
2026-08-18 10:49:33,1,7,7,16.6,45.5,17.3,42.9,0,25
2026-08-18 10:54:33,4,16,16,16.8,45.9,17.6,44.1,0,26
2026-08-18 10:59:33,4,13,17,17.1,46.3,17.9,44.2,0,28
2026-08-18 11:04:33,5,17,20,17.3,46.2,18.1,44.2,0,25
2026-08-18 11:09:33,5,17,20,17.4,45.9,18.4,43.5,0,28
2026-08-18 11:14:33,6,17,19,17.6,45.9,18.6,43.9,0,26
2026-08-18 11:19:33,7,17,19,17.8,46.3,18.8,44.4,0,27
2026-08-18 11:24:33,7,26,26,18,44.9,19.1,41.9,0,27
2026-08-18 11:29:33,5,17,17,18.2,44.7,19.3,42.3,0,22
2026-08-18 11:34:33,5,13,13,18.4,43.9,19.5,40.6,0,26
2026-08-18 11:39:33,5,16,16,18.5,43.7,19.7,40.7,0,26
2026-08-18 11:44:33,7,13,17,18.7,43.4,19.9,40.6,0,18
2026-08-18 11:49:33,5,19,21,18.8,43,20.1,39.3,0,27
2026-08-18 11:54:33,5,17,19,19,42.6,20.3,39.5,0,29
2026-08-18 11:59:33,6,19,20,19.2,42.4,20.5,39,0,27
2026-08-18 12:04:33,5,9,12,19.3,42.2,20.7,38.3,0,26
2026-08-18 12:09:33,5,15,16,19.4,41.6,20.8,38.1,0,27
2026-08-18 12:14:33,4,9,9,19.6,41.6,21,38.1,0,21
2026-08-18 12:19:33,3,8,9,19.7,40.9,21.1,36.8,0,26
2026-08-18 12:24:33,5,16,17,19.7,40.6,21.2,36.9,0,26
2026-08-18 12:29:33,7,13,15,19.9,40.5,21.4,36.5,0,28
2026-08-18 12:34:33,7,21,25,19.9,40.9,21.5,36.8,0,27
2026-08-18 12:39:33,5,9,11,20.1,40.2,21.6,36.1,0,25
2026-08-18 12:44:33,7,19,21,20.2,39.7,21.7,36.1,0,27
2026-08-18 12:49:33,4,17,17,20.3,39.8,21.8,36.3,0,26
2026-08-18 12:54:33,8,21,23,20.4,40,21.9,36.5,0,27
2026-08-18 12:59:33,8,25,25,20.5,39.8,22,35.7,0,27
2026-08-18 13:04:33,8,21,25,20.5,39.4,22.1,35.4,0,20
2026-08-18 13:09:33,8,24,24,20.5,38.9,22.2,35,0,25
2026-08-18 13:14:33,8,20,20,20.6,38.6,22.3,34.7,0,26
2026-08-18 13:19:33,9,21,23,20.7,39,22.3,35.3,0,22
2026-08-18 13:24:33,7,21,21,20.8,38.6,22.4,35,0,26
2026-08-18 13:29:33,7,20,20,20.8,38.3,22.5,34.5,0,26
2026-08-18 13:34:33,7,20,20,20.8,37.4,22.5,33,0,25
2026-08-18 13:39:33,19,28,30,20.9,37.7,22.5,33.9,0,21
2026-08-18 13:44:34,9,21,23,20.9,37.9,22.5,34.2,0,27
2026-08-18 13:49:33,8,24,24,20.9,38.1,22.5,34.8,0,21
2026-08-18 13:54:34,7,19,20,20.9,37.3,22.6,33.5,0,26
2026-08-18 13:59:33,6,18,18,20.9,37.1,22.6,33.2,0,27
2026-08-18 14:04:33,8,23,23,20.9,36.8,22.6,33.1,0,21
2026-08-18 14:09:33,8,24,27,20.9,36.7,22.6,32.7,0,26
2026-08-18 14:14:34,9,23,23,20.9,37.3,22.6,33.8,0,20
2026-08-18 14:19:34,15,30,31,21,37.2,22.5,33.9,0,25
2026-08-18 14:24:33,18,31,32,20.9,37,22.5,33.4,0,22
2026-08-18 14:29:33,18,31,34,20.9,37,22.5,33.5,0,26
2026-08-18 14:34:34,20,33,35,20.9,37.1,22.5,33.5,0,22
2026-08-18 14:39:33,18,31,32,20.9,37.5,22.4,34.3,0,25
2026-08-18 14:44:33,21,33,34,20.9,37,22.4,33.5,0,21
2026-08-18 14:49:36,19,30,32,20.8,37.3,22.3,34.3,0,25
2026-08-18 14:54:34,19,33,37,20.8,36.8,22.1,33.5,0,21
2026-08-18 14:59:34,14,30,30,20.7,37,22,33.7,0,25
2026-08-18 15:04:34,11,27,27,20.6,36.5,21.9,33.5,0,27
2026-08-18 15:09:33,7,21,23,20.5,35.7,21.7,32.5,0,19
2026-08-18 15:14:33,11,25,25,20.4,36,21.5,32.2,0,26
2026-08-18 15:19:34,12,26,27,20.3,35.8,21.4,32.2,0,22
2026-08-18 15:24:33,8,21,23,20.2,36.1,21.3,32.7,0,22
2026-08-18 15:29:33,4,8,8,20,35.1,21.1,31,0,22
2026-08-18 15:34:33,1,6,7,20,34.4,21,30.7,0,22
2026-08-18 15:39:34,8,21,23,19.9,35.7,21,32.9,0,22
2026-08-18 15:44:33,7,21,21,19.8,35.9,20.9,32.8,0,22
2026-08-18 15:49:34,6,20,23,19.8,36.5,20.8,33.9,0,19
2026-08-18 15:54:34,9,27,27,19.7,37,20.8,34.5,0,22
2026-08-18 15:59:33,7,21,23,19.7,37.1,20.7,34.4,0,19
2026-08-18 16:04:34,11,27,27,19.7,37.4,20.7,35.2,0,22
2026-08-18 16:09:34,9,23,24,19.6,37.7,20.6,35.3,0,22
2026-08-18 16:14:34,8,24,25,19.6,37.8,20.5,35.2,0,19
2026-08-18 16:19:34,18,34,38,19.6,37.2,20.5,34.6,0,22
2026-08-18 16:24:34,19,34,37,19.4,37.4,20.5,34.9,0,20
2026-08-18 16:29:34,16,30,32,19.4,38,20.4,36,0,20
2026-08-18 16:34:34,13,28,28,19.4,38.6,20.4,37.1,0,20
2026-08-18 16:39:33,17,32,38,19.3,38.2,20.3,35.8,0,20
2026-08-18 16:44:34,19,34,40,19.3,37.9,20.3,35.4,0,22
2026-08-18 16:49:34,16,32,38,19.3,38.2,20.2,36.3,0,22
2026-08-18 16:54:34,17,35,40,19.2,38.6,20.2,36.9,0,22
2026-08-18 16:59:34,20,34,39,19.2,38.9,20.1,36.9,0,19
2026-08-18 17:04:34,20,36,38,19.2,39.3,20.1,37.7,0,20
2026-08-18 17:09:34,19,36,41,19.2,39.3,20,37.8,0,20
2026-08-18 17:14:34,19,36,39,19.1,39.3,20,38.2,0,20
2026-08-18 17:19:34,25,38,44,19,39.5,19.9,37.8,0,22
2026-08-18 17:24:34,21,35,41,19,39.7,19.8,38.2,0,19
2026-08-18 17:29:34,20,32,33,18.9,40,19.8,38.8,0,19
2026-08-18 17:34:34,16,30,30,18.9,40.4,19.7,39.4,0,19
2026-08-18 17:39:34,20,32,33,18.8,40.4,19.6,39.6,0,22
2026-08-18 17:44:34,12,29,31,18.8,40.5,19.6,39.4,0,20
2026-08-18 17:49:34,13,26,28,18.7,40.6,19.5,39.3,0,23
2026-08-18 17:54:34,7,21,21,18.7,40.4,19.4,39.1,0,23
2026-08-18 17:59:34,6,19,20,18.7,40.6,19.4,39.1,0,22
2026-08-18 18:04:34,5,9,9,18.6,40.6,19.3,39.5,0,20
2026-08-18 18:09:34,2,5,6,18.6,40.9,19.2,40,0,20
2026-08-18 18:14:34,2,3,3,18.5,41.3,19.1,40,0,22
2026-08-18 18:19:34,2,2,3,18.4,41.4,19,40.7,0,22
2026-08-18 18:24:34,1,5,5,18.3,41.3,18.9,40.2,0,22
2026-08-18 18:29:34,1,4,4,18.3,41.6,18.9,40.9,0,21
2026-08-18 18:34:34,2,5,5,18.2,41.9,18.8,41.3,0,21
2026-08-18 18:39:34,2,6,6,18.1,41.7,18.6,41,0,21
2026-08-18 18:44:34,1,5,6,18,42.1,18.5,41.5,0,21
2026-08-18 18:49:34,2,5,5,18,42.2,18.4,41.5,0,21
2026-08-18 18:54:34,2,5,5,17.9,42.4,18.3,41.7,0,21
2026-08-18 18:59:34,1,3,3,17.8,42.4,18.2,42,0,21
2026-08-18 19:04:34,0,4,4,17.7,42.9,18.1,42.6,0,21
2026-08-18 19:09:34,1,5,5,17.6,43,17.9,42.8,0,21
2026-08-18 19:14:34,2,5,7,17.5,42.9,17.8,42.4,0,21
2026-08-18 19:19:34,1,6,6,17.5,43.1,17.7,42.8,0,21
2026-08-18 19:24:34,0,4,5,17.5,43.1,18.2,42.1,0,21
2026-08-18 19:29:34,2,6,6,17.5,43.1,18.1,42.1,0,21
2026-08-18 19:34:34,2,5,5,17.5,43,18,42.4,1,21
2026-08-18 19:39:34,2,5,6,17.6,42.6,18.3,41.2,1,21
2026-08-18 19:44:36,3,5,5,17.6,42.7,18.1,41.7,1,21
2026-08-18 19:49:34,3,8,8,17.5,43,18,42.1,1,26
2026-08-18 19:54:34,4,7,7,17.4,43.1,17.9,42.2,1,21
2026-08-18 19:59:34,4,8,8,17.4,43.5,17.8,43.1,1,26
2026-08-18 20:04:34,3,5,5,17.4,43.6,17.8,43.1,1,20
2026-08-18 20:09:34,3,6,6,17.3,43.8,17.8,43.6,1,20
2026-08-18 20:14:34,3,8,8,17.3,43.8,17.7,43.4,1,20
2026-08-18 20:19:34,3,10,10,17.3,43.8,17.7,43.4,1,22
2026-08-18 20:24:34,4,9,9,17.3,44.1,17.7,43.5,1,22
2026-08-18 20:29:35,5,12,14,17.2,43.9,17.6,43.5,1,22
2026-08-18 20:34:34,8,21,21,17.2,44.2,17.5,44.1,1,22
2026-08-18 20:39:35,7,18,20,17.1,44.4,17.5,44.3,1,22
2026-08-18 20:44:34,5,15,17,17.1,44.5,17.4,44.6,1,22
2026-08-18 20:49:35,5,12,14,17,44.7,17.4,44.4,1,22
2026-08-18 20:54:34,5,16,23,17,44.4,17.3,44.3,1,22
2026-08-18 20:59:34,5,16,16,16.9,44.8,17.2,44.4,1,22
2026-08-18 21:04:35,4,12,12,16.9,44.2,17.1,44.1,1,23
2026-08-18 21:09:34,4,8,9,16.8,44.1,17.1,44.3,1,23
2026-08-18 21:14:34,4,10,10,16.8,44.1,17,44.2,1,23
2026-08-18 21:19:34,4,9,10,16.7,44.3,17,44.2,1,22
2026-08-18 21:24:34,4,9,9,16.7,44,16.9,43.7,1,22
2026-08-18 21:29:35,3,8,8,16.6,43.9,16.9,43.4,1,22
2026-08-18 21:34:34,3,8,8,16.6,43.6,16.8,43.3,1,22
2026-08-18 21:39:35,3,9,9,16.6,43.6,16.7,43.1,1,22
2026-08-18 21:44:35,5,10,14,16.5,43.4,16.7,42.8,1,22
2026-08-18 21:49:34,4,17,18,16.5,43,16.7,42.4,1,22
2026-08-18 21:54:34,8,20,20,16.5,42.9,16.6,42.2,1,23
2026-08-18 21:59:34,7,17,19,16.5,42.6,16.6,41.7,1,23
2026-08-18 22:04:34,8,22,25,16.4,42.3,16.5,41.2,1,20
2026-08-18 22:09:34,7,22,23,16.3,41.8,16.4,40.4,1,22
2026-08-18 22:14:34,5,16,16,16.2,41.6,16.3,40.7,1,22
2026-08-18 22:19:34,5,10,12,16.1,41.3,16.1,39.7,1,22
2026-08-18 22:24:34,3,9,10,16,41.1,15.9,39.7,1,22
2026-08-18 22:29:35,4,9,9,15.9,41.3,15.8,40.3,1,26
2026-08-18 22:34:35,3,7,8,15.8,41.4,15.7,40.4,1,22
2026-08-18 22:39:34,5,13,14,15.7,41.6,15.6,41.1,1,22
2026-08-18 22:44:34,5,10,10,15.7,41.9,15.6,41.4,1,26
2026-08-18 22:49:35,4,10,10,15.7,42.6,15.6,42.3,1,22
2026-08-18 22:54:34,4,10,13,15.6,42.4,15.6,41.9,1,26
2026-08-18 22:59:35,4,13,16,15.6,42.9,15.6,42.8,1,19
2026-08-18 23:04:35,4,10,10,15.6,42.6,15.6,42.3,1,19
2026-08-18 23:09:35,5,16,17,15.6,43.2,15.6,43.3,1,25
2026-08-18 23:14:35,7,20,22,15.6,43.4,15.5,43.5,1,25
2026-08-18 23:19:35,5,13,16,15.6,43.3,15.5,42.9,1,20
2026-08-18 23:24:35,4,10,13,15.6,42.5,15.5,41.6,1,20
2026-08-18 23:29:35,4,13,14,15.6,43,15.5,43,1,20
2026-08-18 23:34:34,5,14,15,15.5,42.9,15.5,42.7,1,20
2026-08-18 23:39:35,4,15,17,15.5,43.4,15.5,43.6,1,20
2026-08-18 23:44:35,4,10,13,15.5,43.2,15.5,42.6,1,20
2026-08-18 23:49:35,3,10,10,15.5,42.6,15.4,41.6,1,20
2026-08-18 23:54:35,4,13,14,15.5,42.8,15.4,42.4,1,20
2026-08-18 23:59:35,4,9,9,15.5,42.5,15.4,41.7,1,20
2026-08-19 00:04:35,0,0,0,15.5,40.2,15.4,36.9,1,20
2026-08-19 00:09:35,0,0,0,15.4,39,15.3,36.2,1,20
2026-08-19 00:14:35,0,0,0,15.4,38.4,15.3,35.5,1,20
2026-08-19 00:19:35,0,0,0,15.4,37.5,15.3,33.7,1,20
2026-08-19 00:24:35,0,0,0,15.4,36.9,15.2,33.5,1,20
2026-08-19 00:29:35,0,0,0,15.3,36.9,15.2,33.9,1,20
2026-08-19 00:34:35,0,0,0,15.3,37.6,15.2,35.7,1,21
2026-08-19 00:39:34,0,2,2,15.3,38.7,15.3,37.5,1,21
2026-08-19 00:44:35,0,1,1,15.3,38.8,15.3,37.1,1,21
2026-08-19 00:49:35,0,2,2,15.4,39.5,15.3,38.4,1,21
2026-08-19 00:54:35,0,7,7,15.4,40,15.3,39.4,1,21
2026-08-19 00:59:35,2,7,9,15.4,40.8,15.2,40.3,1,21
2026-08-19 01:04:35,1,8,8,15.3,41.3,15.2,40.6,1,21
2026-08-19 01:09:35,2,8,8,15.4,41.2,15.2,41.3,1,18
2026-08-19 01:14:35,2,7,7,15.3,41.3,15.2,40.8,1,19
2026-08-19 01:19:35,2,5,5,15.3,41.3,15.2,40.4,1,19
2026-08-19 01:24:35,1,6,6,15.3,41.2,15.2,40.4,1,19
2026-08-19 01:29:35,2,7,7,15.3,41.3,15.2,40.5,1,19
2026-08-19 01:34:35,1,6,8,15.3,41.1,15.1,40.7,1,19
2026-08-19 01:39:35,2,7,7,15.3,41.5,15.1,41.1,1,19
2026-08-19 01:44:35,1,6,7,15.2,41.4,15.1,40.9,1,19
2026-08-19 01:49:35,3,7,7,15.2,42,15.1,41.7,1,19
2026-08-19 01:54:35,2,4,6,15.2,41.7,15,41.1,1,19
2026-08-19 01:59:35,1,6,6,15.1,41.9,15,41.4,1,19
2026-08-19 02:04:35,1,6,6,15.1,41.8,14.9,41.5,1,21
2026-08-19 02:09:35,2,8,9,15.1,42,14.9,41.7,1,18
2026-08-19 02:14:35,4,9,9,15.1,41.9,14.9,41.6,1,25
2026-08-19 02:19:35,2,8,9,15.1,42.1,14.8,41.5,1,16
2026-08-19 02:24:35,1,6,6,15,41.3,14.8,40.3,1,16
2026-08-19 02:29:35,2,8,9,15,41.7,14.8,41.3,1,16
2026-08-19 02:34:35,3,10,13,15,41.8,14.8,41.3,1,16
2026-08-19 02:39:35,3,7,7,15,41.9,14.8,41.6,1,16
2026-08-19 02:44:35,3,9,9,14.9,42.3,14.7,42,1,16
2026-08-19 02:49:35,2,9,9,15,41.6,14.7,41.1,1,16
2026-08-19 02:54:35,1,8,8,14.9,42.1,14.7,41.8,1,16
2026-08-19 02:59:35,2,6,7,14.9,42,14.6,41.9,1,16
2026-08-19 03:04:35,1,6,7,14.9,42.1,14.6,41.2,1,16
2026-08-19 03:09:35,1,3,3,14.8,41.8,14.6,41.4,1,16
2026-08-19 03:14:35,0,4,5,14.8,41.8,14.6,41.2,1,16
2026-08-19 03:19:35,0,1,1,14.8,41.5,14.5,41,1,16
2026-08-19 03:24:35,0,2,2,14.8,41.9,14.5,41.5,1,16
2026-08-19 03:29:35,0,3,3,14.8,41.3,14.5,40.5,1,16
2026-08-19 03:34:35,0,1,1,14.8,41.2,14.5,40.5,1,16
2026-08-19 03:39:35,0,2,2,14.8,41.5,14.5,40.9,1,16
2026-08-19 03:44:35,1,3,3,14.7,41.2,14.5,40.2,1,16
2026-08-19 03:49:35,0,2,2,14.7,41.3,14.4,40.5,1,16
2026-08-19 03:54:35,0,0,1,14.7,40.8,14.4,39.8,1,16
2026-08-19 03:59:35,0,1,1,14.7,40.6,14.4,39.3,1,16
2026-08-19 04:04:35,0,3,3,14.7,40.7,14.4,39.8,1,16
2026-08-19 04:09:35,0,2,2,14.7,40.8,14.4,40.3,1,16
2026-08-19 04:14:35,0,1,2,14.7,40.8,14.4,40,1,16
2026-08-19 04:19:35,0,1,1,14.6,40.5,14.3,39.9,1,16
2026-08-19 04:24:35,0,1,1,14.6,40.5,14.3,39.7,1,16
2026-08-19 04:29:35,0,2,2,14.6,40.7,14.3,40.3,1,16
2026-08-19 04:34:35,0,2,2,14.6,40.6,14.2,40.3,1,19
2026-08-19 04:39:35,0,3,3,14.6,40.8,14.2,40.5,1,16
2026-08-19 04:44:35,0,2,2,14.5,41.1,14.1,40.6,1,14
2026-08-19 04:49:35,0,3,3,14.5,40.9,14.1,40.7,1,25
2026-08-19 04:54:36,0,2,2,14.5,40.5,14.1,40,1,25
2026-08-19 04:59:35,0,1,1,14.5,40.6,14.1,39.8,1,24
2026-08-19 05:04:36,0,1,1,14.4,40.5,14.1,40,1,24
2026-08-19 05:09:35,0,2,2,14.4,40.3,14,39.4,1,16
2026-08-19 05:14:35,0,2,2,14.4,40.2,14,39.5,1,25
2026-08-19 05:19:36,0,1,1,14.4,40.9,14,41.1,1,25
2026-08-19 05:24:36,0,1,2,14.4,41,14,40.7,1,16
2026-08-19 05:29:36,0,2,2,14.4,41.1,14,41,1,26
2026-08-19 05:34:36,0,2,2,14.4,41.1,13.9,41,1,26
2026-08-19 05:39:35,0,3,3,14.3,41.5,13.9,41.1,1,26
2026-08-19 05:44:36,0,1,1,14.3,41.2,13.9,41.1,1,15
2026-08-19 05:49:35,0,0,0,14.3,40.9,13.9,40.7,1,14
2026-08-19 05:54:35,0,3,4,14.3,41.1,13.8,41,1,25
2026-08-19 05:59:35,0,3,3,14.2,41.4,13.7,41.5,1,25
2026-08-19 06:04:36,0,1,2,14.2,41.1,13.7,41.1,1,16
2026-08-19 06:09:35,0,1,2,14.1,40.9,13.7,40.6,1,24
2026-08-19 06:14:35,0,1,1,14.1,41,13.6,40.6,1,24
2026-08-19 06:19:35,0,0,0,14.1,41.1,13.6,41,1,25
2026-08-19 06:24:36,0,0,0,14.1,41,13.6,40.8,1,25
2026-08-19 06:29:36,0,0,0,14.1,40.8,13.6,40,1,26
2026-08-19 06:34:36,0,0,0,14.1,41,13.6,40.5,1,18
2026-08-19 06:39:36,0,0,0,14.1,40.7,13.6,40,1,15
2026-08-19 06:44:36,0,0,0,14.1,40.1,13.6,39.5,1,14
2026-08-19 06:49:36,0,0,0,14.1,40.2,13.6,39.5,1,25
2026-08-19 06:54:36,0,0,0,14,40.1,13.6,39.6,1,21
2026-08-19 06:59:35,0,0,0,14,39.9,13.5,39.2,1,19
2026-08-19 07:04:36,0,0,0,14,40,13.5,39.1,1,19
2026-08-19 07:09:36,0,0,0,14,40.3,13.5,39.8,1,21
2026-08-19 07:14:36,0,0,0,14,40.1,13.5,39.5,1,21
2026-08-19 07:19:36,0,1,1,14,40.3,13.5,40,1,21
2026-08-19 07:24:36,0,0,0,14.1,40,13.6,39.4,1,21
2026-08-19 07:29:36,0,0,0,14,40.2,13.6,39.3,1,21
2026-08-19 07:34:35,0,0,0,14.1,40,13.6,39.2,1,21
2026-08-19 07:39:36,0,0,0,14.1,40,13.6,39.4,1,21
2026-08-19 07:44:36,0,0,0,14.1,40.1,13.6,39.5,1,21
2026-08-19 07:49:36,0,0,0,14.1,40.4,13.6,40.1,1,21
2026-08-19 07:54:35,0,0,1,14.1,40.4,13.7,39.2,1,21
2026-08-19 07:59:36,0,1,3,14.1,40,13.7,39.4,1,21
2026-08-19 08:04:36,0,1,1,14.1,39.2,13.7,38.4,1,21
2026-08-19 08:09:35,0,0,0,14.1,39.8,13.7,39.5,1,21
2026-08-19 08:14:36,0,0,1,14.2,40.2,13.8,39.7,1,21
2026-08-19 08:19:36,0,0,1,14.2,40.4,13.8,40.2,1,25
2026-08-19 08:24:36,0,2,2,14.2,40.6,13.8,40.2,1,20
2026-08-19 08:29:36,0,1,1,14.2,39.2,13.8,37.7,1,26
2026-08-19 08:34:36,0,0,0,14.2,38.1,13.8,36.2,1,27
2026-08-19 08:39:36,0,0,0,14.3,37.5,13.9,35.3,1,26
2026-08-19 08:44:36,0,0,0,14.3,37.2,14,35,1,25
2026-08-19 08:49:36,0,2,2,14.4,38.1,14.1,37.2,1,25
2026-08-19 08:54:36,0,0,0,14.4,38.8,14.2,38,1,26
2026-08-19 08:59:36,0,0,0,14.6,39.2,14.3,38.2,1,26
2026-08-19 09:04:36,0,0,0,14.6,39.2,14.4,38,1,28
2026-08-19 09:09:36,0,0,0,14.7,39.2,14.6,37.5,1,27
2026-08-19 09:14:36,0,0,0,14.8,39.3,14.7,37.8,1,26
2026-08-19 09:19:36,0,0,0,14.9,39.2,14.9,37.5,1,26
2026-08-19 09:24:36,0,0,0,15,39.3,15.1,37.8,1,25
2026-08-19 09:29:36,0,0,0,15.2,39.1,15.3,37.4,1,26
2026-08-19 09:34:36,0,1,1,15.3,39.5,15.6,37.7,0,26
2026-08-19 09:39:36,0,2,2,15.5,39.6,15.7,38,0,25
2026-08-19 09:44:36,0,3,3,15.6,39.9,15.9,38.2,0,26
2026-08-19 09:49:36,0,4,5,15.7,39.7,16,38.2,0,26
2026-08-19 09:54:36,3,10,10,15.8,39.9,16.2,38.7,0,26
2026-08-19 09:59:36,4,7,7,15.9,40.1,16.4,38.8,0,26
2026-08-19 10:04:36,5,10,12,16.1,40.7,16.6,39.7,0,27
2026-08-19 10:09:36,5,12,14,16.3,41.1,16.8,39.9,0,27
2026-08-19 10:14:36,5,15,20,16.4,41.5,17,40.3,0,26
2026-08-19 10:19:36,8,23,23,16.6,41.5,17.2,40.3,0,25
2026-08-19 10:24:36,5,21,23,16.8,41.6,17.5,40.1,0,25
2026-08-19 10:29:36,9,22,25,16.9,41.5,17.7,39.8,0,27
2026-08-19 10:34:36,15,31,34,17.1,41.4,17.9,39.4,0,27
2026-08-19 10:39:37,9,27,27,17.3,41.1,18.2,39.1,0,26
2026-08-19 10:44:36,9,21,23,17.5,41,18.4,38.8,0,22
2026-08-19 10:49:36,8,25,25,17.6,41.1,18.6,38.8,0,26
2026-08-19 10:54:36,7,21,24,17.8,40.7,18.9,38.3,0,26
2026-08-19 10:59:36,8,25,25,18,40.5,19.1,38,0,25
2026-08-19 11:04:37,12,28,28,18.2,40.3,19.3,37.9,0,25
2026-08-19 11:09:36,17,32,37,18.4,40.1,19.5,37.8,0,25
2026-08-19 11:14:37,8,26,27,18.5,40.2,19.8,37.2,0,27
2026-08-19 11:19:36,7,20,24,18.7,39.6,20,36.9,0,26
2026-08-19 11:24:36,6,24,25,18.9,39.3,20.3,36.5,0,27
2026-08-19 11:29:37,6,20,21,19,39.2,20.5,36,0,26
2026-08-19 11:34:37,8,25,28,19.2,38.8,20.7,35.6,0,26
2026-08-19 11:39:36,7,26,29,19.4,38.3,20.9,34.5,0,27
2026-08-19 11:44:36,5,18,21,19.6,38.1,21.1,34.8,0,27
2026-08-19 11:49:36,5,15,18,19.7,38,21.3,34.6,0,22
2026-08-19 11:54:36,7,23,24,19.8,37.7,,,0,25
2026-08-19 11:59:36,9,26,26,20,37.5,,,0,27
2026-08-19 12:04:37,14,29,33,20.2,37.4,,,0,27
2026-08-19 12:09:36,6,20,21,20.3,36.9,,,0,21
2026-08-19 12:14:36,6,18,19,20.4,36.9,,,0,25
2026-08-19 12:19:37,12,27,28,20.6,36.7,,,0,25
2026-08-19 12:24:37,7,23,23,20.7,36.4,,,0,26
2026-08-19 12:29:37,23,39,47,20.8,36.9,,,0,26
2026-08-19 12:34:37,15,29,30,20.9,36.7,,,0,25
2026-08-19 12:39:37,18,31,35,21,36.3,,,0,28
2026-08-19 12:44:37,11,25,26,21.1,36.4,,,0,27
2026-08-19 12:49:36,16,29,30,21.2,36.3,,,0,25
2026-08-19 12:54:37,19,33,38,21.3,36.2,,,0,27
2026-08-19 12:59:37,17,28,30,21.4,35.7,,,0,26
2026-08-19 13:04:37,18,31,34,21.5,35.9,,,0,22
2026-08-19 13:09:37,22,38,43,21.6,36,,,0,25
2026-08-19 13:14:37,32,49,59,21.7,35.8,,,0,26
2026-08-19 13:19:37,23,35,39,21.7,35.6,,,0,22
2026-08-19 13:24:37,21,33,36,21.8,35.3,,,0,25
2026-08-19 13:29:37,22,35,40,21.8,35.5,,,0,20
2026-08-19 13:34:37,22,37,43,21.9,35.6,,,0,25
2026-08-19 13:39:37,24,39,47,21.9,35.2,,,0,21
2026-08-19 13:44:37,22,35,40,21.9,35.1,,,0,26
2026-08-19 13:49:37,22,35,40,21.9,34.9,,,0,26
2026-08-19 13:54:37,23,37,42,21.9,35,,,0,20
2026-08-19 13:59:37,23,35,41,21.9,35.1,,,0,26
2026-08-19 14:04:37,22,33,39,21.9,35.1,,,0,21
2026-08-19 14:09:37,24,37,45,21.9,34.8,,,0,26
2026-08-19 14:14:37,25,40,47,21.9,35.1,,,0,20
2026-08-19 14:19:37,23,36,46,21.9,35,,,0,26
2026-08-19 14:24:36,23,37,42,21.9,34.9,,,0,28
2026-08-19 14:29:37,23,36,44,21.9,35,,,0,21
2026-08-19 14:34:37,23,35,41,21.9,34.9,,,0,26
2026-08-19 14:39:37,24,36,41,21.8,35,,,0,21
2026-08-19 14:44:37,23,36,42,21.8,34.8,,,0,26
2026-08-19 14:49:37,24,41,48,21.8,35,,,0,25
2026-08-19 14:54:37,24,39,44,21.7,35.2,,,0,22
2026-08-19 14:59:37,26,44,56,21.7,35.1,,,0,26
2026-08-19 15:04:37,25,41,51,21.6,35.3,,,0,18
2026-08-19 15:09:37,23,38,44,21.5,35.3,,,0,25
2026-08-19 15:14:37,22,36,43,21.4,35.8,,,0,26
2026-08-19 15:19:37,23,36,39,21.3,35.5,,,0,25
2026-08-19 15:24:37,22,34,40,21.3,35.8,,,0,27
2026-08-19 15:29:37,22,36,40,21.1,36,,,0,21
2026-08-19 15:34:37,24,36,40,21.1,36.3,22.6,33.9,0,27
2026-08-19 15:39:37,21,35,38,21,36.6,22.5,34.6,0,25
2026-08-19 15:44:37,23,34,40,20.9,37,22.4,35,0,27
2026-08-19 15:49:37,22,36,39,20.9,37.2,22.3,35,0,22
2026-08-19 15:54:37,22,33,36,20.8,37.5,22.2,35.6,0,21
2026-08-19 15:59:37,22,33,36,20.7,37.8,22.1,36,0,28
2026-08-19 16:04:37,20,33,35,20.7,38.1,22,36.3,0,21
2026-08-19 16:09:37,20,32,32,20.6,38.5,21.9,36.7,0,19
2026-08-19 16:14:37,20,31,35,20.5,39.1,21.8,37.5,0,21
2026-08-19 16:19:37,21,34,38,20.4,39.4,21.7,37.9,0,26
2026-08-19 16:24:37,23,33,36,20.4,39.5,21.6,38.2,0,21
2026-08-19 16:29:37,21,31,36,20.3,39.7,21.5,38.6,0,27
2026-08-19 16:34:37,21,32,35,20.2,39.8,21.4,38.6,0,21
2026-08-19 16:39:37,21,30,30,20.1,40.2,,,0,25
2026-08-19 16:44:37,19,34,35,20.1,40.5,,,0,28
2026-08-19 16:49:37,20,32,35,20,40.5,,,0,21
2026-08-19 16:54:37,19,31,37,19.9,40.9,,,0,25
2026-08-19 16:59:37,18,32,35,19.8,41.1,,,0,22
2026-08-19 17:04:37,17,28,28,19.8,41.3,,,0,28
2026-08-19 17:09:37,17,32,33,19.7,41.4,,,0,27
2026-08-19 17:14:37,18,31,32,19.6,41.8,,,0,28
2026-08-19 17:19:38,19,30,32,19.6,42.2,,,0,26
2026-08-19 17:24:37,16,30,32,19.4,42.6,,,0,26
2026-08-19 17:29:37,19,32,35,19.4,43,,,0,21
2026-08-19 17:34:37,18,32,37,19.3,43.2,,,0,25
2026-08-19 17:39:37,17,32,33,19.2,43.7,,,0,20
2026-08-19 17:44:37,20,32,35,19.2,43.9,,,0,27
2026-08-19 17:49:38,19,32,34,19.1,44,,,0,19
2026-08-19 17:54:37,18,33,37,19,44.4,,,0,27
2026-08-19 17:59:37,20,33,36,18.9,44.3,,,0,22
2026-08-19 18:04:37,16,29,30,18.8,44.7,,,0,27
2026-08-19 18:09:38,20,30,33,18.7,44.9,,,0,26
2026-08-19 18:14:37,18,32,32,18.7,45.3,,,0,25
2026-08-19 18:19:38,15,31,32,18.5,45.3,,,0,22
2026-08-19 18:24:37,16,30,31,18.4,45.7,,,0,22
2026-08-19 18:29:37,16,29,32,18.3,45.9,,,0,21
2026-08-19 18:34:38,18,31,32,18.2,46.1,,,0,21
2026-08-19 18:39:38,14,31,32,18.2,46.6,,,1,21
2026-08-19 18:44:38,16,31,32,18.3,46.5,,,1,21
2026-08-19 18:49:38,15,32,33,18.2,46.7,,,1,21
2026-08-19 18:54:38,16,32,32,18.2,46.9,,,1,21
2026-08-19 18:59:38,17,31,32,18.1,47.2,,,1,21
2026-08-19 19:04:38,16,31,33,18,47.3,,,1,25
2026-08-19 19:09:38,22,36,40,18,47.3,,,1,20
2026-08-19 19:14:38,22,35,40,18,47.4,,,1,20
2026-08-19 19:19:38,20,35,37,18,47.5,,,1,20
2026-08-19 19:24:38,19,31,31,18,47.6,,,1,20
2026-08-19 19:29:38,17,30,33,17.9,47.7,,,1,20
2026-08-19 19:34:38,19,32,36,17.9,47.8,18.5,48.4,1,20
2026-08-19 19:39:38,20,33,37,17.9,47.9,18.5,48.6,1,20
2026-08-19 19:44:38,20,34,35,17.8,47.8,18.4,48.4,1,20
2026-08-19 19:49:37,21,36,38,17.8,47.8,18.3,48.4,1,20
2026-08-19 19:54:38,21,33,37,17.7,48,18.3,48.8,1,20
2026-08-19 19:59:37,22,36,40,17.7,48.1,18.2,48.7,1,20
2026-08-19 20:04:38,21,37,39,17.6,48.2,18.1,49.1,1,20
2026-08-19 20:09:38,20,34,37,17.6,47.9,18.1,48.7,1,20
2026-08-19 20:14:38,21,36,39,17.5,48.4,18,49.2,1,20
2026-08-19 20:19:38,21,36,38,17.4,48.3,17.9,49.2,1,20
2026-08-19 20:24:38,21,36,40,17.4,48.6,17.9,49.7,1,20
2026-08-19 20:29:38,20,36,40,17.3,48.8,17.8,50,1,20
2026-08-19 20:34:38,19,34,34,17.3,48.8,17.8,49.9,1,20
2026-08-19 20:39:38,20,36,39,17.3,49.1,17.7,50.2,1,20
2026-08-19 20:44:38,23,36,39,17.2,49.2,17.7,50.3,1,20
2026-08-19 20:49:38,23,38,40,17.2,49.2,17.6,50.2,1,20
2026-08-19 20:54:38,24,37,44,17.1,49,17.6,50.2,1,20
2026-08-19 20:59:38,24,39,43,17.1,49.1,17.6,50.3,1,20
2026-08-19 21:04:38,22,36,42,17.1,49.4,17.5,50.5,1,20
2026-08-19 21:09:38,24,37,42,17.1,49.4,17.5,50.5,1,20
2026-08-19 21:14:38,25,37,44,17,49.3,17.4,50.5,1,20
2026-08-19 21:19:38,22,37,42,17,49.4,17.4,50.8,1,20
2026-08-19 21:24:38,25,40,45,16.9,49.4,17.3,50.5,1,20
2026-08-19 21:29:38,25,39,43,16.9,49.3,17.3,50.7,1,20
2026-08-19 21:34:38,23,38,43,16.9,49.2,17.2,50.6,1,20
2026-08-19 21:39:38,25,40,46,16.8,49.4,17.2,50.7,1,20
2026-08-19 21:44:38,25,40,44,16.8,49.2,17.1,50.7,1,20
2026-08-19 21:49:38,25,40,44,16.7,49.3,17,50.7,1,20
2026-08-19 21:54:38,25,41,48,16.7,49.4,17,50.7,1,20
2026-08-19 21:59:38,24,40,45,16.7,49.3,17,50.7,1,20
2026-08-19 22:04:38,26,41,48,16.6,49.3,16.9,50.6,1,20
2026-08-19 22:09:38,26,45,54,16.6,49.2,16.8,50.6,1,20
2026-08-19 22:14:38,26,44,52,16.5,49.3,16.8,50.8,1,20
2026-08-19 22:19:38,25,42,52,16.5,49.4,16.7,51,1,20
2026-08-19 22:24:38,26,44,52,16.5,49.5,16.7,50.8,1,20
2026-08-19 22:29:38,27,42,48,16.4,49.3,16.6,50.9,1,20
2026-08-19 22:34:38,26,44,52,16.4,49.4,16.6,51,1,20
2026-08-19 22:39:38,25,42,50,16.3,49.5,16.5,50.9,1,20
2026-08-19 22:44:39,27,43,52,16.3,49.5,16.5,51.1,1,20
2026-08-19 22:49:38,25,46,53,16.3,49.5,16.4,51.1,1,20
2026-08-19 22:54:38,25,43,50,16.3,49.5,16.4,50.9,1,20
2026-08-19 22:59:38,26,41,48,16.2,49.4,16.4,50.9,1,20
2026-08-19 23:04:39,25,42,46,16.2,49.4,16.3,50.8,1,20
2026-08-19 23:09:38,25,44,54,16.1,49.5,16.3,51,1,20
2026-08-19 23:14:39,26,44,53,16.1,49.5,16.2,51.1,1,20
2026-08-19 23:19:38,27,43,49,16,49.8,16.2,51.6,1,20
2026-08-19 23:24:38,26,42,49,16,50.2,16.1,51.8,1,20
2026-08-19 23:29:39,26,42,46,16,50.1,16.1,51.8,1,20
2026-08-19 23:34:38,27,42,49,15.9,50.1,16.1,52,1,20
2026-08-19 23:39:38,26,41,47,15.9,50.3,16,52.2,1,20
2026-08-19 23:44:38,25,41,50,15.9,50.3,16,52.2,1,20
2026-08-19 23:49:38,26,42,51,15.9,50.5,16,52.6,1,20
2026-08-19 23:54:39,26,41,48,15.8,50.6,16,52.6,1,20
2026-08-19 23:59:38,26,43,51,15.8,50.7,16,52.6,1,20
2026-08-20 00:04:38,26,43,50,15.8,50.6,15.9,52.5,1,20
2026-08-20 00:09:39,26,41,48,15.8,50.7,15.9,52.7,1,20
2026-08-20 00:14:38,25,43,49,15.8,50.6,15.9,52.4,1,20
2026-08-20 00:19:39,26,42,49,15.8,50.8,15.9,52.7,1,20
2026-08-20 00:24:39,26,43,51,15.8,50.7,15.9,52.6,1,20
2026-08-20 00:29:39,25,40,47,15.8,50.6,15.9,52.5,1,20
2026-08-20 00:34:39,26,42,47,15.7,50.6,15.8,52.5,1,20
2026-08-20 00:39:39,26,45,54,15.7,50.9,15.8,53,1,20
2026-08-20 00:44:39,26,42,50,15.7,50.9,15.7,52.8,1,20
2026-08-20 00:49:39,26,40,46,15.6,50.8,15.7,52.8,1,20
2026-08-20 00:54:39,25,41,50,15.6,50.9,15.6,53.1,1,20
2026-08-20 00:59:39,25,40,46,15.6,50.9,15.6,52.9,1,20
2026-08-20 01:04:39,26,41,47,15.6,50.8,15.6,52.7,1,20
2026-08-20 01:09:39,26,45,53,15.6,50.5,15.6,52.3,1,20
2026-08-20 01:14:39,25,42,46,15.5,50,15.5,51.1,1,20
2026-08-20 01:19:39,25,42,48,15.5,49.7,15.4,51.3,1,20
2026-08-20 01:24:39,27,42,48,15.4,50.1,15.3,51.9,1,20
2026-08-20 01:29:39,27,43,54,15.4,49.8,15.2,51.5,1,20
2026-08-20 01:34:39,25,41,47,15.3,49.3,15.2,50.5,1,20
2026-08-20 01:39:39,26,43,51,15.3,49.2,15.2,50.2,1,20
2026-08-20 01:44:39,23,36,41,15.2,48.6,15.1,49.1,1,20
2026-08-20 01:49:39,24,41,47,15.2,48.6,15.1,49.5,1,20
2026-08-20 01:54:39,24,40,46,15.2,48.8,15.1,49.8,1,20
2026-08-20 01:59:39,24,40,46,15.2,48.9,15,49.9,1,20
2026-08-20 02:04:39,25,42,50,15.1,48.7,15,49.6,1,20
2026-08-20 02:09:39,25,41,45,15.1,48.7,14.9,49.5,1,19
2026-08-20 02:14:39,21,38,41,15.1,48.1,14.9,48.8,1,19
2026-08-20 02:19:39,23,39,43,15,48.2,14.9,48.9,1,19
2026-08-20 02:24:39,24,40,42,15,48,14.9,48.4,1,19
2026-08-20 02:29:39,24,39,42,15,48.1,14.9,48.7,1,19
2026-08-20 02:34:39,23,39,44,15,48,14.8,48.6,1,19
2026-08-20 02:39:39,23,39,44,15,47.9,14.8,48.5,1,19
2026-08-20 02:44:39,26,44,51,15,48.4,14.8,49.3,1,27
2026-08-20 02:49:39,27,44,55,14.9,48.4,14.7,49.5,1,24
2026-08-20 02:54:40,27,44,50,14.9,48.4,14.7,49.7,1,15
2026-08-20 02:59:39,27,44,52,14.9,48.5,14.7,49.9,1,17
2026-08-20 03:04:39,27,46,55,14.9,49,14.6,50.5,1,17
2026-08-20 03:09:39,28,45,57,14.8,49,14.6,50.4,1,17
2026-08-20 03:14:39,27,47,55,14.8,49.2,14.6,50.4,1,17
2026-08-20 03:19:39,27,46,55,14.8,49,14.6,50.5,1,17
2026-08-20 03:24:39,26,43,47,14.8,48.8,14.6,49.8,1,17
2026-08-20 03:29:39,14,30,30,14.8,47.3,14.6,46.8,1,17
2026-08-20 03:34:39,8,22,28,14.8,46,14.6,44.8,1,17
2026-08-20 03:39:39,16,35,38,14.8,46.5,14.6,46.4,1,17
2026-08-20 03:44:39,24,40,44,14.8,47.4,14.6,48,1,17
2026-08-20 03:49:39,27,42,48,14.8,47.8,14.7,48.7,1,17
2026-08-20 03:54:39,24,43,48,14.8,48,14.7,48.8,1,17
2026-08-20 03:59:39,28,43,49,14.9,48.1,14.7,49,1,17
2026-08-20 04:04:39,26,43,52,14.8,48,14.6,48.8,1,17
2026-08-20 04:09:39,26,42,49,14.8,48,14.6,49,1,17
2026-08-20 04:14:39,25,42,52,14.8,48,14.6,49.1,1,17
2026-08-20 04:19:39,26,43,50,14.8,48.3,14.6,49.3,1,17
2026-08-20 04:24:39,26,42,52,14.8,48.2,14.6,49.4,1,17
2026-08-20 04:29:39,27,44,51,14.8,48.4,14.5,49.5,1,17
2026-08-20 04:34:40,27,43,53,14.8,48.5,14.5,49.5,1,20
2026-08-20 04:39:39,27,43,50,14.7,48.5,14.5,50,1,20
2026-08-20 04:44:39,25,44,51,14.7,48.7,14.4,50,1,20
2026-08-20 04:49:39,28,44,51,14.7,48.8,14.4,50.4,1,25
2026-08-20 04:54:39,26,43,50,14.7,48.8,14.4,50.3,1,17
2026-08-20 04:59:40,26,44,52,14.6,48.6,14.3,50.1,1,17
2026-08-20 05:04:39,27,43,50,14.6,48.5,14.3,50.1,1,17
2026-08-20 05:09:40,25,44,55,14.6,48.8,14.2,50.6,1,17
2026-08-20 05:14:39,27,44,51,14.5,48.8,14.1,50.7,1,17
2026-08-20 05:19:39,27,44,52,14.5,48.9,14.1,50.8,1,17
2026-08-20 05:24:39,28,45,55,14.4,49.2,14.1,51.3,1,17
2026-08-20 05:29:40,27,48,57,14.4,49.4,14,51.5,1,17
2026-08-20 05:34:40,27,43,53,14.4,49.1,14,50.8,1,17
2026-08-20 05:39:39,26,43,50,14.4,49,14,50.6,1,17
2026-08-20 05:44:40,27,44,53,14.4,49,14,50.6,1,17
2026-08-20 05:49:39,27,45,56,14.4,48.7,14,50.3,1,17
2026-08-20 05:54:39,27,44,55,14.3,48.5,13.9,50.1,1,17
2026-08-20 05:59:40,29,44,53,14.3,48.8,13.9,50.3,1,17
2026-08-20 06:04:40,27,43,51,14.3,48.5,13.9,50.1,1,16
2026-08-20 06:09:39,27,45,56,14.3,48.6,13.8,50.2,1,16
2026-08-20 06:14:39,27,47,56,14.2,48.7,13.8,50.3,1,16
2026-08-20 06:19:40,26,43,48,14.2,48.3,13.8,49.9,1,16
2026-08-20 06:24:40,28,46,56,14.2,48.5,13.7,50.2,1,16
2026-08-20 06:29:40,27,45,54,14.1,48.5,13.7,49.8,1,16
2026-08-20 06:34:40,27,45,52,14.2,48.1,13.7,49.9,1,16
2026-08-20 06:39:39,27,43,48,14.1,48.2,13.6,49.9,1,16
2026-08-20 06:44:41,25,40,46,14.1,48.2,13.6,49.4,1,16
2026-08-20 06:49:40,23,41,47,14,48,13.5,49.2,1,16
2026-08-20 06:54:40,27,42,52,14,48.4,13.5,50,1,16
2026-08-20 06:59:40,25,41,48,14,48.2,13.5,49.4,1,17
2026-08-20 07:04:40,20,42,46,14,48,13.5,49.6,1,20
2026-08-20 07:09:40,17,33,38,14,47.8,13.4,48.9,1,20
2026-08-20 07:14:40,20,36,39,13.9,47.7,13.4,48.7,1,19
2026-08-20 07:19:40,20,37,38,13.9,47.6,13.4,48.7,1,19
2026-08-20 07:24:40,13,35,41,14,47.6,13.4,48.7,1,22
2026-08-20 07:29:40,11,31,32,13.9,47.4,13.4,48.2,1,19
2026-08-20 07:34:40,11,30,35,13.9,47.4,13.4,48.1,1,19
2026-08-20 07:39:40,8,20,23,13.9,47.2,13.4,47.7,1,19
2026-08-20 07:44:40,8,25,30,13.9,46.8,13.4,47.3,1,19
2026-08-20 07:49:40,8,27,31,13.9,46.6,13.4,47.1,1,20
2026-08-20 07:54:40,10,23,25,13.9,46.8,13.4,47.3,1,23
2026-08-20 07:59:40,6,21,22,13.9,46.6,13.4,47.1,1,22
2026-08-20 08:04:40,7,22,27,13.9,46.9,13.4,47.5,1,19
2026-08-20 08:09:40,8,21,24,13.9,46.9,13.4,47.7,1,22
2026-08-20 08:14:40,8,23,23,13.9,46.6,13.4,47.3,1,22
2026-08-20 08:19:40,8,23,29,14,46.8,13.4,47.5,1,22
2026-08-20 08:24:40,9,22,24,13.9,46.9,13.5,47.7,1,27
2026-08-20 08:29:40,6,17,20,14,46.7,13.5,47.3,1,25
2026-08-20 08:34:40,7,20,23,14,46.6,13.5,47.1,1,25
2026-08-20 08:39:40,6,15,20,14,46.6,13.6,47.2,1,20
2026-08-20 08:44:40,7,23,25,14.1,46.6,13.7,47.5,1,27
2026-08-20 08:49:40,11,33,36,14.1,47.2,13.8,48,1,21
2026-08-20 08:54:40,22,40,45,14.2,48,13.9,49.7,1,25
2026-08-20 08:59:40,27,49,59,14.2,49.1,14,51.5,1,25
2026-08-20 09:04:40,24,43,52,14.4,49.1,14.1,51.1,1,25
2026-08-20 09:09:40,22,39,44,14.4,48.7,14.2,49.9,1,25
2026-08-20 09:14:40,18,36,43,14.5,48.2,14.3,49,1,28
2026-08-20 09:19:40,24,39,45,14.6,48.1,14.5,49,1,27
2026-08-20 09:24:40,23,39,42,14.7,48.5,14.6,49,1,23
2026-08-20 09:29:40,23,40,46,14.8,48.4,14.8,48.8,1,26
2026-08-20 09:34:40,17,36,40,15,47.8,15.1,47.3,1,21
2026-08-20 09:39:40,14,32,36,15.1,47.3,15.3,46.7,1,27
2026-08-20 09:44:40,14,34,38,15.3,47,15.6,46,0,25
2026-08-20 09:49:40,9,26,29,15.5,46.3,15.8,45.1,0,26
2026-08-20 09:54:40,10,29,29,15.6,46.1,15.9,45,0,27
2026-08-20 09:59:40,10,29,31,15.8,45.7,16.1,44.5,0,27
2026-08-20 10:04:41,10,29,32,15.9,45.4,16.3,43.9,0,19
2026-08-20 10:09:41,13,33,37,16,45.1,16.5,43.6,0,26
2026-08-20 10:14:40,17,35,41,16.2,45.2,16.7,43.7,0,25
2026-08-20 10:19:40,19,34,38,16.4,45.4,17,44,0,28
2026-08-20 10:24:40,23,41,48,16.6,45.5,17.2,44.1,0,22
2026-08-20 10:29:41,24,42,49,16.8,45.4,17.5,43.8,0,25
2026-08-20 10:34:41,25,40,47,16.9,45.4,17.7,43.5,0,25
2026-08-20 10:39:40,25,43,50,17.2,45.3,18,43.3,0,26
2026-08-20 10:44:40,24,40,49,17.3,44.9,18.2,43.1,0,27
2026-08-20 10:49:40,21,37,41,17.5,44.4,18.5,42.2,0,18
2026-08-20 10:54:41,20,38,45,17.7,43.8,18.7,41.4,0,18
2026-08-20 10:59:41,22,37,43,17.9,44,18.9,41.4,0,25
2026-08-20 11:04:41,23,39,45,18.1,43.6,19.2,41.2,0,27
2026-08-20 11:09:41,20,34,37,18.3,43.4,19.4,40.7,0,26
2026-08-20 11:14:40,19,31,32,18.4,42.8,19.6,40.1,0,26
2026-08-20 11:19:41,15,32,33,18.6,42.4,19.8,39.5,0,26
2026-08-20 11:24:41,21,33,36,18.8,41.8,20,38.9,0,27
2026-08-20 11:29:41,22,35,39,18.9,41.7,20.2,38.6,0,25
2026-08-20 11:34:41,18,35,37,19.1,41.3,20.5,37.9,0,27
2026-08-20 11:39:40,21,36,39,19.2,41.7,20.7,38.3,0,26
2026-08-20 11:44:41,28,48,58,19.4,42.1,20.9,39.2,0,19
2026-08-20 11:49:41,24,42,51,19.6,41.9,21.1,38.7,0,21
2026-08-20 11:54:40,25,43,51,19.8,41.9,21.4,38.8,0,26
2026-08-20 11:59:41,24,44,53,19.9,41.9,21.6,38.7,0,26
2026-08-20 12:04:41,28,45,56,20.1,41.8,21.8,38.6,0,26
2026-08-20 12:09:41,27,45,55,20.3,41.8,21.9,38.5,0,25
2026-08-20 12:14:41,27,45,55,20.4,41.6,22.1,38.3,0,25
2026-08-20 12:19:41,29,47,59,20.5,41.6,22.2,38.4,0,26
2026-08-20 12:24:41,27,48,58,20.6,41.2,22.2,38.2,0,26
2026-08-20 12:29:41,31,50,61,20.6,41.2,22.3,38.1,0,21
2026-08-20 12:34:41,29,48,57,20.7,41,22.3,38,0,26
2026-08-20 12:39:41,29,49,60,20.7,40.8,22.4,38,0,26
2026-08-20 12:44:41,30,49,60,20.8,40.8,22.4,37.9,0,27
2026-08-20 12:49:41,30,50,62,20.8,40.4,22.4,37.3,0,25
2026-08-20 12:54:41,30,50,63,20.8,40.6,22.5,37.7,0,27
2026-08-20 12:59:41,31,49,61,20.9,40.3,22.5,37.4,0,26
2026-08-20 13:04:41,31,51,64,20.9,40.2,22.6,37,0,27
2026-08-20 13:09:41,30,50,62,20.9,40,22.6,37.2,0,26
2026-08-20 13:14:41,31,51,64,20.9,40,22.7,37,0,29
2026-08-20 13:19:41,32,50,62,21,40,22.8,37.1,0,20
2026-08-20 13:24:41,34,55,69,21.1,39.8,22.8,36.8,0,24
2026-08-20 13:29:41,34,58,70,21.1,40,22.9,36.8,0,27
2026-08-20 13:34:41,34,56,69,21.1,39.7,22.9,36.4,0,26
2026-08-20 13:39:41,35,59,71,21.2,39.2,22.9,36.2,0,26
2026-08-20 13:44:41,34,58,70,21.2,39.3,22.9,36.1,0,27
2026-08-20 13:49:41,34,56,69,21.2,39.4,22.9,35.9,0,27
2026-08-20 13:54:41,34,54,68,21.1,39.3,22.9,36.2,0,21
2026-08-20 13:59:41,34,55,70,21.2,38.8,22.9,36,0,26
2026-08-20 14:04:41,34,56,70,21.2,39.2,22.9,36,0,28
2026-08-20 14:09:41,32,53,65,21.2,38.4,22.9,34.9,0,25
2026-08-20 14:14:41,32,50,63,21.2,38.3,22.8,34.9,0,28
2026-08-20 14:19:41,29,48,58,21.1,37.4,22.8,34.1,0,26
2026-08-20 14:24:41,29,47,59,21.1,37.6,22.7,34.4,0,26
2026-08-20 14:29:41,30,50,59,21.1,37.7,22.7,34.6,0,27
2026-08-20 14:34:41,30,48,60,21,37.9,22.6,35,0,26
2026-08-20 14:39:41,29,48,59,21,38.3,22.6,35.4,0,26
2026-08-20 14:44:41,32,52,64,21,38.7,22.5,36,0,27
2026-08-20 14:49:41,35,58,70,21,38.9,22.5,36.4,0,26
2026-08-20 14:54:41,34,54,67,20.9,39.3,22.5,36.9,0,26
2026-08-20 14:59:41,34,61,72,20.9,39.5,22.4,37.1,0,25
2026-08-20 15:04:41,37,63,76,20.8,39.6,22.3,37.2,0,27
2026-08-20 15:09:41,38,65,76,20.8,39.6,22.3,37.4,0,27
2026-08-20 15:14:41,36,64,75,20.8,40,22.2,37.8,0,28
2026-08-20 15:19:41,36,61,74,20.7,40.3,22.2,38.3,0,26
2026-08-20 15:24:41,38,64,76,20.7,40.2,22.1,38,0,26
2026-08-20 15:29:41,38,68,78,20.6,40.1,22,38,0,21
2026-08-20 15:34:41,42,72,80,20.6,40.5,22,38.6,0,25
2026-08-20 15:39:41,36,62,74,20.6,40.8,22,38.6,0,26
2026-08-20 15:44:41,36,63,74,20.5,41,22,39.1,0,25
2026-08-20 15:49:42,36,67,76,20.5,41.1,21.9,39.2,0,27
2026-08-20 15:54:41,37,65,76,20.5,41.2,21.9,39.6,0,27
2026-08-20 15:59:42,36,61,74,20.5,41.6,21.8,39.9,0,26
2026-08-20 16:04:41,40,70,78,20.4,41.6,21.8,39.7,0,27
2026-08-20 16:09:42,37,69,78,20.4,41.5,21.8,39.8,0,22
2026-08-20 16:14:41,38,64,76,20.4,41.9,21.7,39.9,0,27
2026-08-20 16:19:42,40,70,79,20.4,41.8,21.7,40.2,0,26
2026-08-20 16:24:41,38,70,80,20.3,41.9,21.6,40.2,0,26
2026-08-20 16:29:42,38,70,78,20.3,42,21.6,40.4,0,28
2026-08-20 16:34:42,37,64,75,20.2,42.1,21.5,40.5,0,26
2026-08-20 16:39:44,37,68,77,20.2,42.1,21.5,40.2,0,25
2026-08-20 16:44:41,37,69,79,20.1,41.9,21.4,40.2,0,27
2026-08-20 16:49:42,40,70,80,20.1,42.2,21.4,40.7,0,28
2026-08-20 16:54:41,41,74,81,20.1,42.3,21.3,40.6,0,27
2026-08-20 16:59:42,38,71,78,20,42.3,21.3,40.8,0,27
2026-08-20 17:04:42,37,64,76,20,42.6,21.2,41.3,0,26
2026-08-20 17:09:41,39,67,78,19.9,42.4,21.1,40.9,0,26
2026-08-20 17:14:42,37,66,76,19.9,42.8,21.1,41.2,0,22
2026-08-20 17:19:42,39,67,79,19.9,42.5,21,41.2,0,25
2026-08-20 17:24:41,41,71,79,19.8,42.8,21,41.6,0,20
2026-08-20 17:29:41,37,62,75,19.8,43.1,20.9,41.7,0,21
2026-08-20 17:34:42,39,73,82,19.7,43.2,20.8,42.1,0,26
2026-08-20 17:39:41,36,66,78,19.7,43.3,20.8,42,0,28
2026-08-20 17:44:42,37,66,78,19.6,43.1,20.7,41.8,0,27
2026-08-20 17:49:42,37,64,77,19.6,43.4,20.6,42,0,26
2026-08-20 17:54:42,38,70,80,19.5,43.3,20.6,41.9,0,21
2026-08-20 17:59:42,38,70,80,19.5,43.4,20.5,42.6,0,28
2026-08-20 18:04:42,37,62,77,19.4,43.6,20.5,42.6,0,28
2026-08-20 18:09:42,36,63,76,19.4,43.9,20.4,43.2,0,22
2026-08-20 18:14:42,37,61,75,19.3,43.9,20.3,43.4,0,22
2026-08-20 18:19:41,37,63,76,19.3,44.1,20.2,43.5,0,22
2026-08-20 18:24:42,38,73,82,19.2,44.3,20.1,43.8,0,22
2026-08-20 18:29:42,42,74,83,19.1,44.3,20,44.1,0,19
2026-08-20 18:34:42,38,66,79,19.1,44.5,19.9,44.8,0,22
2026-08-20 18:39:42,36,62,74,18.9,44.5,19.8,44.4,0,20
2026-08-20 18:44:42,37,68,78,18.9,44.5,19.7,44.8,0,20
2026-08-20 18:49:42,37,66,79,18.8,45.1,19.6,45.2,0,20
2026-08-20 18:54:42,39,67,80,18.8,45.4,19.5,45.6,0,20
2026-08-20 18:59:42,37,64,77,18.7,45.5,19.4,45.5,0,20
2026-08-20 19:04:42,38,67,81,18.6,45.4,19.3,45.5,0,20
2026-08-20 19:09:42,37,64,80,18.5,45.7,19.2,46,0,20
2026-08-20 19:14:41,37,67,80,18.4,45.7,19.1,45.8,0,19
2026-08-20 19:19:42,38,69,80,18.4,46.1,19,46.4,0,19
2026-08-20 19:24:42,38,66,78,18.3,45.9,18.9,46.3,0,22
2026-08-20 19:29:42,37,63,78,18.2,45.9,18.8,46,0,20
2026-08-20 19:34:42,37,60,76,18.1,45.8,18.6,45.7,0,20
2026-08-20 19:39:42,34,55,68,18,45.1,18.6,44.8,0,20
2026-08-20 19:44:42,31,54,68,18,44.8,18.5,44.3,0,20
2026-08-20 19:49:42,31,52,62,17.9,44.5,18.4,44.2,0,20
2026-08-20 19:54:42,34,54,68,17.8,44.7,18.3,44.6,0,20
2026-08-20 19:59:42,35,58,71,17.8,45.1,18.2,45.1,0,20
2026-08-20 20:04:42,35,58,70,17.7,45.4,18,45.4,0,20
2026-08-20 20:09:42,37,63,78,17.6,45.9,18,46.4,0,20
2026-08-20 20:14:42,37,63,78,17.5,46.2,17.9,46.7,0,20
2026-08-20 20:19:42,38,65,78,17.5,46.5,17.8,47.2,0,19
2026-08-20 20:24:42,38,69,83,17.4,46.7,17.8,47.6,0,20
2026-08-20 20:29:42,39,64,78,17.4,47,17.7,47.8,0,20
2026-08-20 20:34:42,38,69,82,17.3,47.1,17.7,48.2,0,20
2026-08-20 20:39:42,39,71,82,17.3,47.2,17.6,48.1,0,19
2026-08-20 20:44:42,38,68,82,17.3,47.3,17.6,48.3,0,19
2026-08-20 20:49:42,39,66,81,17.2,47.5,17.5,48.4,0,19
2026-08-20 20:54:42,39,69,83,17.3,47.9,17.8,48.7,1,19
2026-08-20 20:59:42,39,66,80,17.4,47.6,18,47.5,1,19
2026-08-20 21:04:42,39,68,81,17.4,47.4,17.9,48,0,19
2026-08-20 21:09:42,39,67,83,17.5,47.1,18.3,46.7,1,19
2026-08-20 21:14:42,39,71,82,17.5,47.3,18.1,46.9,1,19
2026-08-20 21:19:42,38,68,82,17.5,47.2,18,47.1,1,19
2026-08-20 21:24:42,38,64,79,17.5,47.3,18.2,47,0,19
2026-08-20 21:29:42,37,65,79,17.6,47,18.4,46.2,0,19
2026-08-20 21:34:42,38,64,79,17.7,47.1,18.6,46.4,0,19
2026-08-20 21:39:42,37,65,79,17.9,46.6,19.2,44.9,0,19
2026-08-20 21:44:42,37,62,75,17.9,46.1,18.7,45,0,19
2026-08-20 21:49:42,37,63,77,17.7,46.3,18.1,46.3,0,19
2026-08-20 21:54:42,37,63,78,17.8,46.3,18.7,45.2,1,19
2026-08-20 21:59:42,36,61,75,17.7,46.3,18.4,45.8,1,19
2026-08-20 22:04:42,35,60,76,17.6,46.6,18.1,46.4,1,19
2026-08-20 22:09:42,36,60,76,17.5,46.4,17.9,46.4,1,19
2026-08-20 22:14:42,37,61,77,17.4,46.7,17.8,46.7,1,19
2026-08-20 22:19:42,35,60,75,17.3,46.8,17.8,46.9,1,19
2026-08-20 22:24:42,36,61,76,17.3,47.1,17.7,47.3,1,19
2026-08-20 22:29:42,35,60,73,17.2,47.1,17.6,47,1,22
2026-08-20 22:34:42,34,58,71,17.2,46.7,17.6,46.7,1,19
2026-08-20 22:39:42,34,58,73,17.1,46.8,17.5,46.6,1,19
2026-08-20 22:44:42,27,47,57,17.1,45.9,17.5,45.2,1,19
2026-08-20 22:49:42,28,45,55,17.1,45.9,17.5,45.4,1,19
2026-08-20 22:54:42,25,41,52,17,45.3,17.5,43.6,1,19
2026-08-20 22:59:42,25,41,52,17,45,17.4,43.8,1,19
2026-08-20 23:04:43,17,33,35,17,43.9,17.4,42.2,1,19
2026-08-20 23:09:42,20,38,42,17,43.8,17.4,42.3,1,19
2026-08-20 23:14:43,19,33,34,17,43.7,17.4,42.2,1,19
2026-08-20 23:19:42,13,34,35,17,43.4,17.4,41.8,1,19
2026-08-20 23:24:42,17,37,43,17,43.4,17.4,41.8,1,19
2026-08-20 23:29:42,26,41,51,17,43.8,17.4,43,1,19
2026-08-20 23:34:42,30,52,66,17,44.7,17.4,44.3,1,19
2026-08-20 23:39:43,34,58,72,17,45.5,17.4,45.5,1,19
2026-08-20 23:44:42,35,58,71,16.9,45.9,17.4,45.7,1,19
2026-08-20 23:49:42,35,58,73,17,45.9,17.4,45.8,1,19
2026-08-20 23:54:43,33,57,72,17,46,17.4,45.7,1,19
2026-08-20 23:59:42,34,55,68,17,45.9,17.4,45.7,1,19
2026-08-21 00:04:42,33,58,71,16.9,45.7,17.3,45.4,1,19
2026-08-21 00:09:42,33,55,70,16.9,45.6,17.2,45.6,1,19
2026-08-21 00:14:43,32,53,65,16.8,45.4,17.1,45.2,1,19
2026-08-21 00:19:42,30,49,58,16.8,44.5,17.1,43.6,1,19
2026-08-21 00:24:42,27,46,56,16.8,44.3,17,43.4,1,19
2026-08-21 00:29:42,28,45,53,16.7,43.7,17,42.6,1,19
2026-08-21 00:34:42,25,39,44,16.7,42.8,16.9,41.3,1,18
2026-08-21 00:39:43,24,40,47,16.7,42.7,17,41.2,1,18
2026-08-21 00:44:42,22,35,38,16.7,42.2,17,40.5,1,18
2026-08-21 00:49:42,17,32,36,16.7,41.8,17,39.7,1,18
2026-08-21 00:54:42,24,40,45,16.7,42.3,17,40.9,1,18
2026-08-21 00:59:42,25,44,53,16.7,42.6,17,41.6,1,18
2026-08-21 01:04:43,33,52,62,16.7,43.7,17,43.3,1,18
2026-08-21 01:09:42,30,51,62,16.7,43.8,17,43.6,1,19
2026-08-21 01:14:43,32,54,65,16.7,44,17,43.6,1,19
2026-08-21 01:19:43,32,53,64,16.7,44,17,43.7,1,19
2026-08-21 01:24:46,31,53,64,16.7,43.9,17,43.5,1,19
2026-08-21 01:29:43,32,53,65,16.7,44,17,43.9,1,18
2026-08-21 01:34:43,31,52,65,16.7,44.1,17,43.8,1,18
2026-08-21 01:39:43,32,52,66,16.7,44.1,17,43.7,1,18
2026-08-21 01:44:43,30,49,60,16.7,44,16.9,43.5,1,18
2026-08-21 01:49:43,30,53,66,16.6,44.1,16.9,43.7,1,18
2026-08-21 01:54:43,31,52,65,16.6,44.1,16.8,43.9,1,18
2026-08-21 01:59:43,32,56,71,16.5,44.5,16.8,44.4,1,18
2026-08-21 02:04:43,32,54,66,16.5,44.7,16.7,44.6,1,18
2026-08-21 02:09:43,32,56,70,16.5,44.6,16.7,44.7,1,26
2026-08-21 02:14:42,33,54,68,16.5,44.7,16.6,44.9,1,17
2026-08-21 02:19:43,31,54,67,16.4,44.7,16.6,44.7,1,17
2026-08-21 02:24:43,32,56,70,16.4,44.9,16.6,45,1,17
2026-08-21 02:29:42,34,57,73,16.4,45.1,16.5,45.1,1,25
2026-08-21 02:34:43,34,57,70,16.3,45.1,16.5,45.1,1,25
2026-08-21 02:39:43,33,55,70,16.2,45.1,16.4,45.2,1,25
2026-08-21 02:44:43,35,59,73,16.3,45.3,16.4,45.4,1,27
2026-08-21 02:49:43,35,56,73,16.2,45.4,16.3,45.7,1,27
2026-08-21 02:54:43,31,53,65,16.2,45.2,16.3,44.8,1,24
2026-08-21 02:59:43,28,47,58,16.1,43.9,16.2,43.1,1,27
2026-08-21 03:04:43,28,49,59,16.1,44,16.2,43.5,1,25
2026-08-21 03:09:43,27,47,57,16.1,44.1,16.2,43.6,1,25
2026-08-21 03:14:43,16,31,35,16,42.8,16.1,41.1,1,26
2026-08-21 03:19:43,15,34,36,16,42.2,16.1,40.6,1,26
2026-08-21 03:24:43,13,33,33,16,41.9,16.1,40.5,1,25
2026-08-21 03:29:43,9,28,30,15.9,42,16,40.4,1,26
2026-08-21 03:34:43,9,29,33,15.9,41.6,16,39.9,1,26
2026-08-21 03:39:43,9,28,31,15.9,41.6,16,40.2,1,26
2026-08-21 03:44:43,7,21,22,15.8,41.4,15.9,39.6,1,26
2026-08-21 03:49:43,4,13,13,15.8,41,15.9,39.2,1,24
2026-08-21 03:54:43,1,4,5,15.8,40.4,15.8,38.2,1,24
2026-08-21 03:59:43,2,6,7,15.8,39.8,15.8,37.4,1,25
2026-08-21 04:04:43,2,5,5,15.7,39.6,15.7,37.7,1,25
2026-08-21 04:09:43,0,3,3,15.7,39.8,15.7,38.1,1,25
2026-08-21 04:14:43,0,2,2,15.7,39.3,15.7,37.4,1,25
2026-08-21 04:19:43,0,0,0,15.6,39.3,15.7,37.3,1,25
2026-08-21 04:24:43,0,0,0,15.6,38.5,15.6,36.2,1,15
2026-08-21 04:29:43,0,0,0,15.6,38.3,15.6,35.9,1,24
2026-08-21 04:34:43,3,14,15,15.6,38.7,15.6,36.8,1,16
2026-08-21 04:39:43,8,28,30,15.6,39.8,15.6,38.6,1,16
2026-08-21 04:44:43,13,29,33,15.6,40,15.6,38.8,1,16
2026-08-21 04:49:43,21,38,43,15.6,40.6,15.6,39.8,1,16
2026-08-21 04:54:43,22,39,45,15.6,41.1,15.6,40.5,1,16
2026-08-21 04:59:43,21,38,40,15.6,41.2,15.6,40.6,1,16
2026-08-21 05:04:43,17,33,34,15.6,41.3,15.6,40.2,1,16
2026-08-21 05:09:43,13,33,36,15.6,41.2,15.6,40,1,19
2026-08-21 05:14:43,9,28,28,15.6,40.5,15.6,39.1,1,19
2026-08-21 05:19:43,8,28,28,15.6,40.3,15.6,38.9,1,19
2026-08-21 05:24:43,8,23,26,15.6,40.4,15.6,38.9,1,19
2026-08-21 05:29:43,8,26,26,15.6,40.3,15.6,39,1,19
2026-08-21 05:34:43,8,26,28,15.5,40.4,15.5,39.2,1,16
2026-08-21 05:39:43,5,21,22,15.5,40.1,15.4,38.8,1,19
2026-08-21 05:44:44,4,15,16,15.5,39.9,15.4,38.5,1,19
2026-08-21 05:49:44,1,7,8,15.4,39.3,15.4,37.7,1,25
2026-08-21 05:54:43,1,6,6,15.4,38.8,15.3,37,1,25
2026-08-21 05:59:44,0,4,5,15.4,38.6,15.3,36.7,1,17
2026-08-21 06:04:43,0,3,4,15.4,38.8,15.3,37,1,26
2026-08-21 06:09:43,0,1,2,15.3,38.6,15.3,36.9,1,18
2026-08-21 06:14:44,0,2,2,15.3,38.1,15.3,35.9,1,18
2026-08-21 06:19:43,0,1,2,15.3,38.2,15.3,36.4,1,18
2026-08-21 06:24:44,0,1,1,15.3,37.6,15.3,35.5,1,18
2026-08-21 06:29:44,0,1,1,15.3,37.3,15.3,35,1,18
2026-08-21 06:34:43,0,1,1,15.3,37.1,15.3,34.7,1,18
2026-08-21 06:39:43,0,0,0,15.3,37.2,15.3,35.1,1,18
2026-08-21 06:44:43,0,0,0,15.3,36.9,15.2,34.8,1,18
2026-08-21 06:49:43,0,0,0,15.3,37.1,15.2,34.9,1,18
2026-08-21 06:54:43,0,3,3,15.2,37.2,15.2,35.3,1,18
2026-08-21 06:59:43,0,1,1,15.3,37.3,15.2,35.5,1,18
2026-08-21 07:04:43,0,0,0,15.2,36.9,15.1,34.9,1,17
2026-08-21 07:09:44,0,0,0,15.2,36.5,15.1,34,1,21
2026-08-21 07:14:43,0,1,1,15.2,36.3,15.1,33.9,1,21
2026-08-21 07:19:43,0,0,0,15.2,36.1,15.1,33.6,1,21
2026-08-21 07:24:43,0,3,4,15.2,36.2,15.1,33.8,1,21
2026-08-21 07:29:44,0,1,1,15.2,36.3,15.1,34,1,21
2026-08-21 07:34:43,0,0,1,15.3,36.4,15.2,34.5,1,21
2026-08-21 07:39:44,0,4,6,15.3,36.1,15.2,33.8,1,21
2026-08-21 07:44:43,0,0,0,15.3,36.2,15.2,34.2,1,21
2026-08-21 07:49:44,0,0,0,15.3,35.8,15.2,32.9,1,21
2026-08-21 07:54:43,0,0,0,15.3,35.5,15.3,32.9,1,21
2026-08-21 07:59:44,0,0,0,15.3,36,15.3,34,1,21
2026-08-21 08:04:43,0,1,1,15.3,35.8,15.3,33.7,1,21
2026-08-21 08:09:43,0,2,3,15.3,36.1,15.3,34,1,21
2026-08-21 08:14:43,0,1,1,15.3,36.1,15.3,34,1,21
2026-08-21 08:19:43,0,1,1,15.4,36.2,15.3,34.1,1,21
2026-08-21 08:24:44,0,3,4,15.3,36.3,15.3,34.2,1,19
2026-08-21 08:29:43,0,3,3,15.4,36.4,15.3,34.8,1,27
2026-08-21 08:34:44,1,7,7,15.4,37,15.4,35.6,1,18
2026-08-21 08:39:44,0,6,7,15.4,36.3,15.4,34.3,1,21
2026-08-21 08:44:44,0,4,6,15.4,36.6,15.4,34.8,1,21
2026-08-21 08:49:44,0,1,3,15.5,36.5,15.5,34.6,1,21
2026-08-21 08:54:44,4,13,15,15.5,37.1,15.6,35.4,1,26
2026-08-21 08:59:44,0,3,4,15.6,37.1,15.7,35.2,1,21
2026-08-21 09:04:44,7,17,21,15.6,37.1,15.8,35.4,1,21
2026-08-21 09:09:44,4,9,9,15.7,36.2,15.9,33.8,1,27
2026-08-21 09:14:44,0,3,3,15.8,35.4,16,32,1,26
2026-08-21 09:19:44,1,7,9,15.9,35.6,16.2,33.1,1,27
2026-08-21 09:24:43,0,5,5,16.1,35.7,16.4,33,0,26
2026-08-21 09:29:44,0,1,2,16.2,35.1,16.6,32.1,0,18
2026-08-21 09:34:44,0,0,0,16.3,34.6,16.7,31.4,0,27
2026-08-21 09:39:44,0,4,4,16.4,34.4,16.8,31.3,0,27
2026-08-21 09:44:44,0,0,0,16.5,34.4,17,31.2,0,21
2026-08-21 09:49:44,0,1,1,16.6,34.8,17.2,31.6,0,27
2026-08-21 09:54:44,0,0,1,16.8,34.7,17.4,31.8,0,28
2026-08-21 09:59:44,0,1,2,17,34.7,17.6,31,0,21
2026-08-21 10:04:44,1,7,7,17.1,34.4,17.9,30.9,0,26
2026-08-21 10:09:44,0,5,5,17.3,35.1,18.3,32.2,0,26
2026-08-21 10:14:44,1,7,7,17.6,35.9,18.6,32.8,0,28
2026-08-21 10:19:44,3,5,6,17.8,35.9,18.9,33,0,22
2026-08-21 10:24:44,6,20,22,18.1,35.9,19.3,32.9,0,18
2026-08-21 10:29:44,7,14,17,18.3,36,19.6,32.6,0,27
2026-08-21 10:34:44,7,21,22,18.6,35.7,20,32.2,0,20
2026-08-21 10:39:44,24,44,52,18.8,35.5,20.3,31.8,0,26
2026-08-21 10:44:44,7,22,22,19.1,35.1,20.6,31.1,0,26
2026-08-21 10:49:44,5,13,14,19.3,34.7,20.9,30.5,0,27
2026-08-21 10:54:44,6,18,19,19.6,34.6,21.2,30.4,0,19
2026-08-21 10:59:44,5,14,16,19.8,34,21.5,29.5,0,27
2026-08-21 11:04:44,5,11,11,20,33.9,21.8,29.3,0,20
2026-08-21 11:09:44,6,9,16,20.2,33.5,22.1,28.9,0,20
2026-08-21 11:14:44,4,8,9,20.5,32.9,22.3,28.3,0,21
2026-08-21 11:19:44,4,12,14,20.7,33,22.6,28.4,0,18
2026-08-21 11:24:44,4,13,15,20.9,32.8,22.9,28.3,0,25
2026-08-21 11:29:44,4,11,12,21.1,33,23.1,28.5,0,25
2026-08-21 11:34:44,8,17,19,21.2,32.4,23.3,27.8,0,27
2026-08-21 11:39:44,7,19,19,21.4,32.4,23.5,27.5,0,20
2026-08-21 11:44:44,5,18,20,21.7,32.2,23.8,27.1,0,27
2026-08-21 11:49:44,7,16,18,21.8,31.5,24,26.2,0,26
2026-08-21 11:54:44,6,15,17,22,31.2,24.2,26.2,0,27
2026-08-21 11:59:44,5,12,14,22.2,31,24.4,25.6,0,27
2026-08-21 12:04:44,3,9,9,22.3,30.9,24.6,26.1,0,26
2026-08-21 12:09:44,4,7,7,22.5,30.6,24.8,25.1,0,27
2026-08-21 12:14:44,4,8,8,22.6,30.4,24.9,25.4,0,25
2026-08-21 12:19:44,4,9,9,22.7,29.9,25.1,24.3,0,26
2026-08-21 12:24:44,4,9,9,22.9,30,25.3,24.7,0,20
2026-08-21 12:29:44,2,6,7,23,29.1,25.4,23.9,0,20
2026-08-21 12:34:44,3,7,8,23.1,28.8,25.6,23,0,26
2026-08-21 12:39:44,3,8,9,23.3,28.7,25.8,22.9,0,26
2026-08-21 12:44:44,4,14,16,23.4,28.5,25.9,23,0,21
2026-08-21 12:49:45,5,13,15,23.5,29.2,26,24.1,0,28
2026-08-21 12:54:44,4,16,18,23.6,29.3,26.1,24.2,0,26
2026-08-21 12:59:44,11,28,29,23.7,29.3,26.3,24.8,0,18
2026-08-21 13:04:44,8,24,25,23.8,29.5,26.4,24.3,0,27
2026-08-21 13:09:44,18,35,44,23.9,29.4,26.5,24.4,0,17
2026-08-21 13:14:44,8,26,28,23.9,29.1,26.6,23.7,0,21
2026-08-21 13:19:44,7,19,20,24.1,28,26.7,22.3,0,26
2026-08-21 13:24:45,6,20,23,24.2,28.3,26.8,23.3,0,27
2026-08-21 13:29:45,7,20,22,24.3,28.8,26.8,23.9,0,26
2026-08-21 13:34:44,7,23,23,24.4,28.7,26.9,23.9,0,21
2026-08-21 13:39:45,9,25,27,24.4,29.1,26.9,24.1,0,25
2026-08-21 13:44:45,11,26,26,24.4,29.1,26.9,24.3,0,21
2026-08-21 13:49:45,11,24,26,24.5,29,26.9,24.3,0,28
2026-08-21 13:54:44,11,30,31,24.4,28.9,26.9,24.2,0,26
2026-08-21 13:59:44,15,28,29,24.4,28.9,26.8,24.4,0,26
2026-08-21 14:04:44,21,33,39,24.4,29,26.8,24.5,0,27
2026-08-21 14:09:45,19,32,37,24.4,29.3,26.7,24.6,0,25
2026-08-21 14:14:44,19,34,42,24.3,29.1,26.7,24.1,0,25
2026-08-21 14:19:44,20,34,41,24.3,28.9,26.6,24.1,0,26
2026-08-21 14:24:44,21,36,42,24.3,29.2,26.6,24.7,0,26
2026-08-21 14:29:44,21,36,42,24.2,29.4,26.5,24.7,0,28
2026-08-21 14:34:44,23,39,47,24.1,29.5,26.5,25,0,25
2026-08-21 14:39:45,24,40,47,24.1,29.6,26.4,25.2,0,27
2026-08-21 14:44:45,25,42,51,24,29.6,26.4,25.2,0,27
2026-08-21 14:49:44,25,43,52,24,29.7,26.3,25.3,0,26
2026-08-21 14:54:45,26,46,55,23.9,30,26.2,25.6,0,25
2026-08-21 14:59:45,27,46,56,23.8,30,26.1,26,0,21
2026-08-21 15:04:45,28,46,57,23.7,29.9,26,25.6,0,26
2026-08-21 15:09:45,28,47,56,23.7,29.9,25.9,25.9,0,25
2026-08-21 15:14:45,27,47,59,23.6,29.9,25.8,25.9,0,26
2026-08-21 15:19:45,28,46,56,23.5,29.8,25.7,25.7,0,20
2026-08-21 15:24:45,28,47,60,23.4,30,25.5,25.8,0,20
2026-08-21 15:29:45,28,48,58,23.3,29.8,25.4,25.7,0,20
2026-08-21 15:34:45,28,46,56,23.2,29.9,25.3,25.8,0,25
2026-08-21 15:39:45,28,47,60,23.1,30.1,25.2,25.9,0,21
2026-08-21 15:44:45,28,46,58,23,29.6,25,25.7,0,26
2026-08-21 15:49:45,28,46,56,22.9,30.2,24.9,26.2,0,18
2026-08-21 15:54:45,28,45,55,22.9,30.2,24.9,26.4,0,22
2026-08-21 15:59:45,27,46,56,22.8,30.5,24.8,26.5,0,22
2026-08-21 16:04:45,26,44,53,22.7,30.3,24.6,26.5,0,26
2026-08-21 16:09:45,26,44,53,22.6,30.5,24.5,26.9,0,28
2026-08-21 16:14:45,26,44,53,22.6,30.5,24.5,26.6,0,22
2026-08-21 16:19:45,26,44,53,22.5,30.6,24.4,27.3,0,27
2026-08-21 16:24:45,27,47,57,22.4,30.8,24.3,27.3,0,27
2026-08-21 16:29:45,31,51,62,22.4,30.9,24.2,27.3,0,22
2026-08-21 16:34:45,28,46,57,22.3,30.8,24.1,27.3,0,26
2026-08-21 16:39:45,26,47,58,22.3,30.7,24,26.8,0,27
2026-08-21 16:44:45,26,45,54,22.2,31,24,27.4,0,26
2026-08-21 16:49:45,24,43,51,22.1,31,23.9,27.3,0,20
2026-08-21 16:54:45,25,43,51,22.1,31.2,23.8,27.6,0,28
2026-08-21 16:59:45,25,47,56,22,31,23.8,27.5,0,26
2026-08-21 17:04:45,24,43,51,21.9,31.1,23.7,27.7,0,27
2026-08-21 17:09:45,25,44,53,21.9,31.2,23.6,27.8,0,20
2026-08-21 17:14:45,26,46,55,21.8,31.2,23.5,27.6,0,20
2026-08-21 17:19:45,25,43,51,21.8,31.2,23.4,27.7,0,26
2026-08-21 17:24:45,25,43,51,21.7,31,23.3,27.4,0,21
2026-08-21 17:29:45,25,43,52,21.6,31.1,23.2,27.8,0,21
2026-08-21 17:34:45,24,43,51,21.6,31.3,23.2,27.8,0,21
2026-08-21 17:39:45,25,41,50,21.5,31,23.1,27.3,0,21
2026-08-21 17:44:45,29,46,57,21.4,31.1,23,27.9,0,21
2026-08-21 17:49:45,32,55,68,21.3,31.3,22.9,28.1,0,21
2026-08-21 17:54:45,41,73,81,21.3,31.2,22.9,28,0,21
2026-08-21 17:59:45,40,71,79,21.2,31.2,22.8,27.8,0,21
2026-08-21 18:04:45,34,59,72,21.1,31.4,22.7,28.2,0,21
2026-08-21 18:09:45,29,49,60,21.1,31.3,22.6,28.2,0,21
2026-08-21 18:14:45,27,46,58,21,31.5,22.5,28.5,0,21
2026-08-21 18:19:45,26,45,53,21,31.7,22.4,28.6,0,21
2026-08-21 18:24:45,25,42,49,20.9,31.5,22.3,28.4,0,21
2026-08-21 18:29:45,24,40,47,20.8,31.5,22.2,28.2,0,21
2026-08-21 18:34:45,24,42,51,20.8,32,22.1,29.2,0,21
2026-08-21 18:39:45,23,37,43,20.7,31.6,22,28.6,0,21
2026-08-21 18:44:45,33,54,66,20.6,32.3,22,29.3,0,21
2026-08-21 18:49:45,24,42,50,20.5,31.5,21.9,28.2,0,21
2026-08-21 18:54:45,23,39,47,20.5,31.8,21.8,28.9,0,21
2026-08-21 18:59:45,23,39,46,20.4,32,21.7,29,0,21
2026-08-21 19:04:45,25,43,51,20.4,32.2,21.6,29.4,0,21
2026-08-21 19:09:45,26,44,53,20.3,32.4,21.5,29.4,0,21
2026-08-21 19:14:45,27,48,59,20.2,32.3,21.5,29.5,0,21
2026-08-21 19:19:45,25,45,53,20.2,32.4,,,0,21
2026-08-21 19:24:45,26,46,55,20.1,32.8,,,0,21
2026-08-21 19:29:45,30,47,57,20.1,33,,,0,21
2026-08-21 19:34:45,31,51,62,20,33,21.1,30.5,0,21
2026-08-21 19:39:45,30,50,62,19.9,33.4,21.1,31.2,0,21
2026-08-21 19:44:45,29,50,60,19.9,33.7,21,31.3,0,21
2026-08-21 19:49:45,26,45,54,19.8,33.5,20.9,30.9,0,21
2026-08-21 19:54:45,25,45,56,19.7,33.3,20.8,30.9,0,21
2026-08-21 19:59:45,30,49,61,19.7,33.7,20.7,31.6,0,21
2026-08-21 20:04:45,28,46,57,19.6,33.9,20.7,31.8,0,21
2026-08-21 20:09:45,27,46,55,19.5,33.6,20.6,30.9,0,21
2026-08-21 20:14:45,26,46,57,19.5,33.5,20.5,30.6,0,21
2026-08-21 20:19:45,25,42,53,19.5,33.4,20.5,31,0,21
2026-08-21 20:24:45,24,40,45,19.4,33.6,20.4,31.1,0,21
2026-08-21 20:29:45,23,41,51,19.4,33.4,20.4,30.9,0,21
2026-08-21 20:34:45,25,45,54,19.3,33.3,20.3,30.7,0,21
2026-08-21 20:39:45,30,52,64,19.3,33.7,20.3,31.4,0,21
2026-08-21 20:44:46,29,52,64,19.2,33.9,20.2,31.5,0,21
2026-08-21 20:49:46,26,44,53,19.2,33.8,20.1,31.5,0,21
2026-08-21 20:54:45,24,40,49,19.1,33.7,20,31.5,0,21
2026-08-21 20:59:45,23,38,45,19.1,33.6,19.9,31.5,0,21
2026-08-21 21:04:45,22,37,40,19,33.7,19.9,31.5,0,21
2026-08-21 21:09:46,19,33,37,18.9,33.5,19.8,31.3,0,21
2026-08-21 21:14:45,18,33,37,18.8,33.4,19.7,31.1,0,21
2026-08-21 21:19:45,14,33,34,18.8,32.8,19.6,30.1,0,21
2026-08-21 21:24:46,13,32,33,18.8,33.3,19.6,30.9,0,21
2026-08-21 21:29:45,12,31,32,18.7,33.6,19.6,31.3,0,21
2026-08-21 21:34:46,12,31,32,18.7,33.5,19.5,31.3,0,21
2026-08-21 21:39:46,12,29,30,18.7,33.4,19.4,31.4,0,21
2026-08-21 21:44:46,12,31,31,18.6,33.6,19.4,31.4,0,21
2026-08-21 21:49:46,8,29,29,18.6,33.4,19.3,31.3,0,21
2026-08-21 21:54:46,7,24,24,18.5,33.5,19.3,31.3,0,21
2026-08-21 21:59:46,8,21,22,18.5,33.3,19.2,31.2,0,21
2026-08-21 22:04:46,6,20,20,18.4,33.4,19.1,31.2,0,21
2026-08-21 22:09:46,5,17,19,18.4,33.3,19.1,30.8,0,21
2026-08-21 22:14:46,6,13,15,18.3,33.1,19,30.6,0,21
2026-08-21 22:19:46,3,12,12,18.3,32.9,19,30.3,0,21
2026-08-21 22:24:46,5,13,14,18.3,32.8,18.9,30.2,0,21
2026-08-21 22:29:46,5,19,20,18.2,32.6,18.9,30.2,0,21
2026-08-21 22:34:46,5,15,16,18.2,32.9,18.9,30.4,0,21
2026-08-21 22:39:46,5,18,21,18.2,32.9,18.8,30.6,0,21
2026-08-21 22:44:46,6,15,18,18.2,32.9,18.8,30.5,0,21
2026-08-21 22:49:46,5,16,19,18.1,32.7,18.8,30.1,0,21
2026-08-21 22:54:46,5,10,12,18.1,32.7,18.8,29.6,0,21
2026-08-21 22:59:46,4,12,16,18.1,32.5,18.7,30,0,21
2026-08-21 23:04:46,3,9,12,18.1,32.7,18.7,30.4,0,21
2026-08-21 23:09:46,4,13,15,18.1,32.9,18.7,30.5,0,21
2026-08-21 23:14:46,5,16,19,18.1,32.9,18.7,30.6,0,21
2026-08-21 23:19:46,6,16,18,18.1,32.8,18.7,30.5,0,21
2026-08-21 23:24:46,5,12,13,18,33,18.7,30.5,0,21
2026-08-21 23:29:46,5,14,18,18,33.2,18.6,31,0,21
2026-08-21 23:34:46,5,12,14,18,33.2,18.6,31.1,0,21
2026-08-21 23:39:46,5,17,18,18,33.4,18.6,31,0,21
2026-08-21 23:44:46,4,15,17,17.9,33.1,18.5,30.8,0,18
2026-08-21 23:49:46,4,10,10,17.9,33.4,18.5,31.2,0,18
2026-08-21 23:54:46,4,13,13,17.9,33.2,18.5,31.2,0,18
2026-08-21 23:59:46,3,9,10,17.9,33.4,18.5,31.3,0,21
2026-08-22 00:04:46,2,5,5,17.9,33.2,18.4,30.8,0,18
2026-08-22 00:09:46,2,8,8,17.9,33.1,18.4,30.7,0,19
2026-08-22 00:14:46,1,5,5,17.8,33.1,18.4,30.5,0,19
2026-08-22 00:19:46,3,10,10,17.8,32.7,18.3,30.3,0,19
2026-08-22 00:24:46,0,6,7,17.8,32.7,18.3,30.3,0,19
2026-08-22 00:29:46,1,6,7,17.8,33.1,18.3,30.7,0,19
2026-08-22 00:34:46,1,5,6,17.8,33,18.3,30.6,0,19
2026-08-22 00:39:46,1,5,5,17.8,33,18.3,30.6,0,19
2026-08-22 00:44:46,1,5,5,17.7,32.9,18.2,30.7,0,19
2026-08-22 00:49:46,1,4,4,17.7,33,18.2,30.6,0,19
2026-08-22 00:54:46,2,5,6,17.7,33,18.2,30.9,0,19
2026-08-22 00:59:46,2,6,6,17.7,33,18.2,30.3,0,19
2026-08-22 01:04:46,1,5,6,17.6,33,18.2,30.6,0,19
2026-08-22 01:09:46,1,6,6,17.6,33.3,18.1,31.1,0,19
2026-08-22 01:14:46,2,7,9,17.6,33.3,18.1,31,0,19
2026-08-22 01:19:46,3,6,6,17.6,33.2,18.1,31,0,19
2026-08-22 01:24:46,4,12,14,17.6,33.4,18.1,31.3,0,19
2026-08-22 01:29:46,3,10,12,17.5,33.3,18,31,0,19
2026-08-22 01:34:46,4,9,10,17.5,33.4,18,31.2,0,19
2026-08-22 01:39:46,4,13,17,17.5,32.7,18,30.5,0,19
2026-08-22 01:44:46,5,18,20,17.5,33.6,17.9,31.5,0,19
2026-08-22 01:49:46,6,19,22,17.5,33.4,17.9,31.5,0,19
2026-08-22 01:54:46,5,18,22,17.4,33.6,17.9,31.4,0,19
2026-08-22 01:59:46,5,14,18,17.4,33.8,17.9,31.8,0,19
2026-08-22 02:04:46,5,12,14,17.4,33.6,17.8,31.5,0,19
2026-08-22 02:09:47,4,9,12,17.4,33.5,17.8,31.4,0,19
2026-08-22 02:14:46,2,5,5,17.3,33.4,17.8,31.1,0,19
2026-08-22 02:19:47,1,5,5,17.3,33.2,17.7,31,0,19
2026-08-22 02:24:46,1,5,5,17.3,33.2,17.7,30.9,0,19
2026-08-22 02:29:46,0,5,5,17.3,33.1,17.7,30.8,0,19
2026-08-22 02:34:46,0,4,5,17.2,33.3,17.7,30.9,0,19
2026-08-22 02:39:46,3,9,9,17.2,33.2,17.6,30.9,0,19
2026-08-22 02:44:47,2,9,9,17.2,33.3,17.6,31.2,0,19
2026-08-22 02:49:46,4,9,12,17.2,33.4,17.6,31.4,0,19
2026-08-22 02:54:46,4,20,23,17.2,33.2,17.6,30.9,0,19
2026-08-22 02:59:46,4,14,18,17.2,33.5,17.6,31.4,0,19
2026-08-22 03:04:46,5,14,19,17.2,33.3,17.6,31.1,0,19
2026-08-22 03:09:46,4,20,21,17.1,33.4,17.5,31.6,0,19
2026-08-22 03:14:46,5,19,20,17.2,33.7,17.5,31.9,0,19
2026-08-22 03:19:46,5,15,17,17.1,34,17.5,32,0,19
2026-08-22 03:24:46,5,18,20,17.1,33.9,17.5,32.3,0,19
2026-08-22 03:29:47,6,20,22,17.1,34.2,17.4,32.6,0,19
2026-08-22 03:34:47,5,18,21,17.1,34.1,17.4,32.2,0,26
2026-08-22 03:39:47,4,12,17,17,33.9,17.4,31.7,0,17
2026-08-22 03:44:46,4,15,17,17,33.7,17.3,31.7,0,17
2026-08-22 03:49:47,6,19,19,17,33.9,17.3,31.8,0,17
2026-08-22 03:54:46,2,6,8,17.1,33.6,17.8,30.7,1,17
2026-08-22 03:59:47,2,9,9,17.2,33,17.9,30.3,0,17
2026-08-22 04:04:47,2,6,9,17.2,33.1,17.6,30.8,0,17
2026-08-22 04:09:47,2,6,6,17.1,33.2,17.5,31.1,0,17
2026-08-22 04:14:46,2,8,9,17,33.2,17.3,31,0,17
2026-08-22 04:19:47,1,5,5,17,33.1,17.2,30.9,0,17
2026-08-22 04:24:47,3,6,6,16.9,32.7,17.2,30.6,0,17
2026-08-22 04:29:47,1,6,6,16.9,32.9,17.1,30.9,0,17
2026-08-22 04:34:47,0,0,0,16.8,33,17.1,31,0,17
2026-08-22 04:39:47,0,1,1,16.8,32.7,17,30.3,0,17
2026-08-22 04:44:47,0,0,0,16.8,32.5,17,30.3,0,17
2026-08-22 04:49:47,0,0,0,16.8,32.4,17,30,0,17
2026-08-22 04:54:47,0,0,0,16.7,32.4,17,30,0,17
2026-08-22 04:59:47,0,0,0,16.7,32.6,17,30.4,0,17
2026-08-22 05:04:47,0,0,0,16.7,32.5,16.9,30.3,0,17
2026-08-22 05:09:47,0,0,0,16.7,32.5,16.9,30.3,0,17
2026-08-22 05:14:47,0,0,0,16.7,32.6,16.9,30.1,0,17
2026-08-22 05:19:47,0,1,1,16.7,32.3,16.9,29.9,0,17
2026-08-22 05:24:47,0,3,3,16.7,32.5,16.9,30.2,0,17
2026-08-22 05:29:47,0,3,3,16.7,32.6,17,30.5,0,25
2026-08-22 05:34:47,0,3,3,16.7,32.9,17,30.9,0,25
2026-08-22 05:39:47,0,3,3,16.7,33,17,31.2,0,25
2026-08-22 05:44:47,0,3,4,16.7,33.3,17,31.1,0,26
2026-08-22 05:49:48,0,1,1,16.7,33,17,31.1,0,14
2026-08-22 05:54:47,0,1,1,16.8,33.2,17,31.2,0,15
2026-08-22 05:59:47,0,2,3,16.7,32.8,17,30.9,0,15
2026-08-22 06:04:47,0,1,2,16.7,33,17,30.8,0,25
2026-08-22 06:09:47,0,1,1,16.8,32.9,17.1,30.8,0,25
2026-08-22 06:14:47,0,3,3,16.8,33,17.1,30.9,0,25
2026-08-22 06:19:47,0,1,1,16.8,32.3,17.1,29.7,0,25
2026-08-22 06:24:47,0,1,1,16.8,32.5,17.1,30.4,0,25
2026-08-22 06:29:47,0,0,0,16.8,32.8,17.1,30.5,0,26
2026-08-22 06:34:47,0,1,1,16.8,32.4,17.1,30.1,0,25
2026-08-22 06:39:47,0,0,0,16.8,32.2,17.1,29.7,0,25
2026-08-22 06:44:47,0,0,0,16.8,32.3,17.1,29.8,0,26
2026-08-22 06:49:47,0,0,0,16.8,32.4,17.1,30,0,25
2026-08-22 06:54:47,0,0,0,16.8,32.6,17.1,30.3,0,26
2026-08-22 06:59:47,0,0,0,16.8,32.4,17.1,30.1,0,26
2026-08-22 07:04:47,0,1,1,16.8,32.5,17.1,30.3,0,16
2026-08-22 07:09:47,0,0,0,16.8,32.7,17.2,30.6,0,19
2026-08-22 07:14:47,0,1,1,16.8,32.7,17.2,30.7,0,19
2026-08-22 07:19:47,0,3,3,16.9,33.1,17.2,31.1,0,19
2026-08-22 07:24:47,0,2,3,16.9,32.9,17.2,30.6,0,19
2026-08-22 07:29:47,0,2,2,16.9,33.1,17.2,31.2,0,19
2026-08-22 07:34:47,0,2,3,16.9,33.2,17.2,31.3,0,19
2026-08-22 07:39:47,0,2,3,16.9,33.1,17.2,31.1,0,19
2026-08-22 07:44:47,0,2,2,16.9,33.1,17.2,31.4,0,19
2026-08-22 07:49:47,0,2,2,16.9,33.2,17.3,31.2,0,19
2026-08-22 07:54:47,0,1,2,16.9,33.1,17.3,31.2,0,19
2026-08-22 07:59:47,0,0,0,16.9,33.3,17.3,31.1,0,19
2026-08-22 08:04:47,0,0,0,16.9,33.5,17.3,31.5,0,19
2026-08-22 08:09:48,0,0,0,17,33.6,17.4,31.7,0,22
2026-08-22 08:14:47,0,0,0,17,34,17.4,31.9,0,22
2026-08-22 08:19:48,0,0,0,17,33.7,17.4,32,0,19
2026-08-22 08:24:47,0,0,0,17.1,33.9,17.5,32,0,19
2026-08-22 08:29:47,0,0,0,17.1,33.9,17.5,32,0,19
2026-08-22 08:34:48,0,0,0,17.1,34.1,17.5,31.9,0,22
2026-08-22 08:39:47,0,0,0,17.1,34.2,17.5,32.5,0,20
2026-08-22 08:44:47,0,0,0,17.1,34.5,17.6,32.8,0,19
2026-08-22 08:49:47,0,0,0,17.2,34.8,17.6,33,0,19
2026-08-22 08:54:48,0,0,0,17.2,34.8,17.7,33.2,0,19
2026-08-22 08:59:48,0,0,0,17.2,35.1,17.8,33.6,0,19
2026-08-22 09:04:48,0,1,1,17.3,35.1,17.8,33.4,0,22
2026-08-22 09:09:48,0,0,0,17.3,35.5,17.9,34.2,0,19
2026-08-22 09:14:48,0,0,0,17.4,35.2,18,33.5,0,19
2026-08-22 09:19:48,0,1,1,17.5,35.1,18.1,33.3,0,19
2026-08-22 09:24:48,9,38,47,17.6,35.3,18.3,33.6,0,20
2026-08-22 09:29:48,6,37,52,17.7,35.2,18.4,33.1,0,19
2026-08-22 09:34:48,4,27,31,17.8,35.5,18.6,33.3,0,19
2026-08-22 09:39:48,0,6,12,17.9,35.3,18.9,32.9,0,22
2026-08-22 09:44:48,0,6,8,18.1,35.3,19.1,32.7,0,23
2026-08-22 09:49:48,0,3,4,18.3,35.1,19.4,32.2,0,20
2026-08-22 09:54:48,0,3,5,18.4,34.4,19.7,31,0,22
2026-08-22 09:59:48,0,3,6,18.6,34.3,19.9,31.2,0,19
2026-08-22 10:04:48,1,5,5,18.8,34.5,20.2,31.3,0,19
2026-08-22 10:09:48,0,4,4,19,34.1,20.4,30.7,0,19
2026-08-22 10:14:48,0,2,3,19.1,33.7,20.6,30.5,0,19
2026-08-22 10:19:48,1,2,2,19.3,33.6,20.7,30.1,0,20
2026-08-22 10:24:48,0,5,5,19.4,33.4,20.9,29.8,0,20
2026-08-22 10:29:48,0,4,4,19.6,33.3,21,29.5,0,20
2026-08-22 10:34:48,0,5,6,19.7,33.3,21.2,29.5,0,20
2026-08-22 10:39:48,1,5,6,19.8,33.2,21.3,29.7,0,20
2026-08-22 10:44:48,2,6,6,19.9,33.3,,,0,22
2026-08-22 10:49:48,1,5,5,20,33.3,,,0,22
2026-08-22 10:54:48,2,6,7,20.2,33.5,,,0,22
2026-08-22 10:59:48,1,6,6,20.3,33.7,,,0,19
2026-08-22 11:04:48,2,6,7,20.4,33.2,,,0,22
2026-08-22 11:09:48,2,6,7,20.5,33.4,,,0,22
2026-08-22 11:14:48,4,9,9,20.5,33.4,,,0,19
2026-08-22 11:19:48,4,11,12,20.6,34,,,0,22
2026-08-22 11:24:48,4,9,12,20.7,34.1,,,0,22
2026-08-22 11:29:48,6,15,16,20.7,34,,,0,22
2026-08-22 11:34:48,6,19,23,20.7,34.2,22.4,31.3,0,22
2026-08-22 11:39:48,8,25,26,20.8,34.3,22.5,31.2,0,22
2026-08-22 11:44:48,9,24,25,20.9,34.3,22.6,31.5,0,20
2026-08-22 11:49:48,11,28,30,20.9,34.4,22.7,31,0,22
2026-08-22 11:54:48,15,30,34,21,34,22.8,30.4,0,19
2026-08-22 11:59:48,15,31,35,21.1,33.5,23,30.1,0,22
2026-08-22 12:04:48,18,34,37,21.3,33.9,23.3,30.3,0,22
2026-08-22 12:09:48,21,34,39,21.4,33.3,23.5,29.7,0,22
2026-08-22 12:14:48,20,34,42,21.6,33.6,23.7,29.6,0,22
2026-08-22 12:19:48,20,30,36,21.8,32.9,23.9,28.4,0,20
2026-08-22 12:24:48,8,20,22,21.9,31.6,24.1,26.9,0,20
2026-08-22 12:29:48,13,25,27,22.1,31.5,24.4,27.1,0,20
2026-08-22 12:34:48,14,24,25,22.2,31.4,24.5,26.6,0,20
2026-08-22 12:39:48,7,19,19,22.4,30.8,24.7,25.9,0,20
2026-08-22 12:44:48,11,23,23,22.5,30.6,24.9,25.6,0,20
2026-08-22 12:49:48,7,18,18,22.7,29.9,25.1,24.7,0,20
2026-08-22 12:54:48,8,19,20,22.8,29.8,25.2,24.8,0,20
2026-08-22 12:59:48,8,22,24,22.9,29.9,25.4,25,0,20
2026-08-22 13:04:48,9,18,19,23,30,25.5,25.4,0,20
2026-08-22 13:09:48,8,19,21,23.1,29.7,25.6,24.7,0,20
2026-08-22 13:14:48,8,19,21,23.2,29.9,25.6,25.3,0,20
2026-08-22 13:19:48,8,23,24,23.2,29.9,25.7,25.5,0,20
2026-08-22 13:24:48,9,25,27,23.3,29.9,25.8,25.4,0,20
2026-08-22 13:29:48,10,24,26,23.4,30,25.8,25.5,0,20
2026-08-22 13:34:48,11,26,30,23.4,30,25.9,25.7,0,20
2026-08-22 13:39:48,13,27,28,23.5,30.1,25.9,25.8,0,20
2026-08-22 13:44:48,14,29,30,23.5,29.9,26,25.9,0,20
2026-08-22 13:49:48,15,30,35,23.6,30.2,26.1,26,0,20
2026-08-22 13:54:48,18,32,36,23.6,29.9,26.1,25.6,0,20
2026-08-22 13:59:49,19,32,36,23.7,29.8,26.2,25.3,0,20
2026-08-22 14:04:48,18,32,39,23.7,29.9,26.2,25.3,0,20
2026-08-22 14:09:48,19,34,40,23.8,29.8,26.3,25.2,0,20
2026-08-22 14:14:48,17,34,41,23.8,29.9,26.3,25,0,20
2026-08-22 14:19:48,15,32,36,23.8,29.5,26.3,24.9,0,20
2026-08-22 14:24:49,19,34,39,23.8,29.4,26.3,24.6,0,20
2026-08-22 14:29:48,17,32,38,23.9,29.5,26.4,24.7,0,20
2026-08-22 14:34:48,18,34,38,23.9,29.5,26.4,24.9,0,20
2026-08-22 14:39:48,18,35,41,23.9,29.3,26.4,24.5,0,20
2026-08-22 14:44:48,21,36,44,23.9,29.3,26.4,24.6,0,20
2026-08-22 14:49:49,24,41,50,24,29.3,26.4,24.6,0,20
2026-08-22 14:54:49,25,41,49,24,29.3,26.4,24.8,0,20
2026-08-22 14:59:48,23,40,49,23.9,29,26.3,24.4,0,20
2026-08-22 15:04:48,25,43,51,23.9,29,26.3,24.5,0,20
2026-08-22 15:09:48,23,42,49,23.9,29,26.3,24.3,0,20
2026-08-22 15:14:49,24,42,52,23.8,28.9,26.2,24.3,0,20
2026-08-22 15:19:48,24,41,49,23.8,29.2,26.1,24.8,0,20
2026-08-22 15:24:48,22,40,49,23.8,29.3,26.1,24.8,0,20
2026-08-22 15:29:49,24,42,50,23.7,29.2,26,24.9,0,20
2026-08-22 15:34:49,23,40,49,23.7,29.1,26,25,0,20
2026-08-22 15:39:49,24,42,50,23.6,29.3,25.9,25.2,0,20
2026-08-22 15:44:49,24,43,53,23.6,29.3,25.8,25.2,0,20
2026-08-22 15:49:48,25,43,52,23.5,29.5,25.8,25.6,0,20
2026-08-22 15:54:49,24,40,49,23.4,29.5,25.7,25.5,0,20
2026-08-22 15:59:48,25,44,54,23.4,29.7,25.6,25.7,0,20
2026-08-22 16:04:49,26,44,54,23.3,29.8,25.5,25.9,0,20
2026-08-22 16:09:49,25,44,52,23.3,30,25.5,26,0,20
2026-08-22 16:14:49,26,43,53,23.2,29.9,25.4,26.2,0,20
2026-08-22 16:19:49,26,46,56,23.2,29.6,25.3,25.5,0,20
2026-08-22 16:24:49,25,43,53,23.1,30,25.3,25.9,0,20
2026-08-22 16:29:48,24,42,52,23.1,30.1,25.2,26.4,0,20
2026-08-22 16:34:49,25,41,50,23,30.3,25.1,26.6,0,20
2026-08-22 16:39:49,24,41,50,23,30.4,25.1,26.8,0,20
2026-08-22 16:44:49,23,41,49,22.9,30.4,25,26.6,0,20
2026-08-22 16:49:49,24,40,48,22.9,30.3,25,26.8,0,20
2026-08-22 16:54:49,22,39,46,22.8,30.7,24.9,27.1,0,20
2026-08-22 16:59:48,22,36,41,22.8,30.9,24.8,27.3,0,20
2026-08-22 17:04:49,21,33,41,22.7,30.9,24.7,27.3,0,20
2026-08-22 17:09:49,22,35,41,22.7,30.8,24.7,27.3,0,20
2026-08-22 17:14:49,21,34,40,22.6,30.8,24.6,27.3,0,20
2026-08-22 17:19:49,20,32,34,22.5,30.9,24.5,27.4,0,20
2026-08-22 17:24:49,19,32,35,22.5,31,24.4,27.6,0,20
2026-08-22 17:29:49,18,33,36,22.4,31.2,24.3,27.8,0,20
2026-08-22 17:34:49,16,25,26,22.3,31.4,24.3,27.9,0,20
2026-08-22 17:39:49,14,27,29,22.3,31.3,24.2,28,0,20
2026-08-22 17:44:49,11,25,27,22.2,31.5,24.1,28,0,20
2026-08-22 17:49:49,8,20,23,22.2,31.5,24,27.9,0,20
2026-08-22 17:54:49,7,20,20,22.1,31.4,23.9,27.9,0,20
2026-08-22 17:59:49,7,18,18,22,31.7,23.8,28.2,0,20
2026-08-22 18:04:49,6,20,22,21.9,31.7,23.7,28.4,0,20
2026-08-22 18:09:49,6,19,19,21.9,31.7,23.6,28.5,0,20
2026-08-22 18:14:49,5,13,13,21.8,31.8,23.6,28.7,0,20
2026-08-22 18:19:49,6,14,16,21.8,31.9,23.5,28.5,0,20
2026-08-22 18:24:49,5,11,13,21.7,31.8,23.4,28.4,0,20
2026-08-22 18:29:49,4,9,11,21.6,31.8,23.3,28.6,0,20
2026-08-22 18:34:49,5,11,12,21.5,32,23.2,28.7,0,20
2026-08-22 18:39:49,6,9,9,21.5,32.1,23.1,28.8,0,20
2026-08-22 18:44:49,5,11,11,21.4,32.2,23,29.1,0,20
2026-08-22 18:49:49,5,12,14,21.3,32,23,28.8,0,20
2026-08-22 18:54:49,4,8,9,21.2,32.2,22.9,28.9,0,20
2026-08-22 18:59:49,6,13,14,21.2,32.1,22.8,28.9,0,20
2026-08-22 19:04:49,5,8,9,21.1,32.2,22.7,29.2,0,20
2026-08-22 19:09:49,5,9,9,21.1,32,22.7,29.1,0,20
2026-08-22 19:14:49,4,8,8,21,32.1,22.6,29.1,0,20
2026-08-22 19:19:49,5,12,14,21,32.2,22.5,29.4,0,20
2026-08-22 19:24:49,6,11,11,20.9,32.3,22.5,29.4,0,20
2026-08-22 19:29:49,5,9,9,20.9,32.5,22.4,29.6,0,20
2026-08-22 19:34:49,5,9,11,20.8,32.6,22.4,29.7,0,20
2026-08-22 19:39:49,5,11,11,20.8,32.5,22.3,29.5,0,20
2026-08-22 19:44:49,5,11,12,20.8,32.6,22.3,29.8,0,20
2026-08-22 19:49:49,5,11,11,20.7,32.7,22.2,30,0,20
2026-08-22 19:54:49,5,8,8,20.7,32.7,22.2,29.9,0,20
2026-08-22 19:59:49,5,9,11,20.7,32.9,22.1,29.9,0,20
2026-08-22 20:04:49,5,8,9,20.6,32.9,22.1,30.1,0,20
2026-08-22 20:09:49,5,8,12,20.6,32.7,22,29.8,0,20
2026-08-22 20:14:49,4,8,8,20.6,32.8,22,29.7,0,20
2026-08-22 20:19:49,4,11,11,20.5,32.8,21.9,29.7,0,20
2026-08-22 20:24:49,4,8,9,20.5,32.4,21.9,29.3,0,20
2026-08-22 20:29:49,5,9,9,20.5,31.7,21.9,28.6,0,20
2026-08-22 20:34:50,6,14,18,20.4,32,21.8,29.1,0,20
2026-08-22 20:39:49,6,9,14,20.4,32.3,21.8,29.1,0,20
2026-08-22 20:44:50,6,14,17,20.4,32.4,21.8,29.3,0,20
2026-08-22 20:49:49,7,13,18,20.4,32.7,21.8,29.9,0,20
2026-08-22 20:54:49,6,12,14,20.3,32.5,21.7,29.7,0,20
2026-08-22 20:59:49,6,9,9,20.3,32.8,21.6,29.7,0,20
2026-08-22 21:04:50,6,13,14,20.3,32.8,21.6,29.7,0,20
2026-08-22 21:09:49,6,14,14,20.2,32.5,21.5,29.4,0,20
2026-08-22 21:14:49,5,11,13,20.2,32.7,21.5,30,0,20
2026-08-22 21:19:50,6,12,18,20.2,32.9,21.4,30.1,0,20
2026-08-22 21:24:50,4,9,11,20.1,32.7,,,0,20
2026-08-22 21:29:49,6,13,15,20.1,32.8,,,0,20
2026-08-22 21:34:49,6,16,16,20,32.7,,,0,20
2026-08-22 21:39:49,5,11,11,19.9,32.8,,,0,20
2026-08-22 21:44:49,6,12,15,19.9,33.1,,,0,20
2026-08-22 21:49:50,6,14,14,19.9,33.2,,,0,20
2026-08-22 21:54:49,5,8,9,19.9,33.2,,,0,20
2026-08-22 21:59:50,6,9,11,19.8,33.5,,,0,20
2026-08-22 22:04:50,5,11,12,19.8,33.3,,,0,20
2026-08-22 22:09:51,4,9,11,19.7,33.4,,,0,25
2026-08-22 22:14:50,6,16,16,19.7,33.6,,,0,25
2026-08-22 22:19:50,5,12,12,19.7,33.6,,,0,25
2026-08-22 22:24:49,7,20,20,19.7,33.6,,,0,21
2026-08-22 22:29:49,6,15,15,19.7,33.7,,,0,21
2026-08-22 22:34:50,6,11,12,19.6,33.4,,,0,21
2026-08-22 22:39:50,6,13,15,19.6,33.6,,,0,21
2026-08-22 22:44:49,5,11,12,19.6,33.3,,,0,21
2026-08-22 22:49:49,5,18,19,19.6,33.5,,,0,21
2026-08-22 22:54:49,5,13,13,19.6,33.4,,,0,21
2026-08-22 22:59:50,6,16,19,19.5,33.3,,,0,21
2026-08-22 23:04:50,8,18,20,19.5,33.5,,,0,21
2026-08-22 23:09:50,7,19,20,19.5,33.3,,,0,21
2026-08-22 23:14:50,7,16,17,19.4,33.5,,,0,21
2026-08-22 23:19:50,6,18,19,19.4,33.4,,,0,21
2026-08-22 23:24:50,4,13,17,19.4,33.3,,,0,21
2026-08-22 23:29:50,6,15,17,19.3,33.1,,,0,21
2026-08-22 23:34:50,4,12,13,19.2,33,20.3,30.2,0,21
2026-08-22 23:39:50,4,8,9,19.2,33.2,20.3,30.4,0,21
2026-08-22 23:44:50,5,11,14,19.2,33.1,20.2,30.3,0,21
2026-08-22 23:49:50,3,8,11,19.2,33,20.2,30.6,0,18
2026-08-22 23:54:50,3,9,9,19.1,32.9,20.1,30.3,0,18
2026-08-22 23:59:50,5,9,12,19.1,33,20.1,30.5,0,19
2026-08-23 00:04:50,5,13,15,19.1,33.1,20,30.8,0,19
2026-08-23 00:09:50,4,8,9,19,33.2,20,30.8,0,19
2026-08-23 00:14:50,4,8,9,19,33.4,19.9,31.3,0,19
2026-08-23 00:19:50,4,9,9,19,33.2,19.9,30.8,0,19
2026-08-23 00:24:50,4,12,14,18.9,33.1,19.8,30.5,0,22
2026-08-23 00:29:50,4,8,8,18.8,33.1,19.8,30.5,0,19
2026-08-23 00:34:50,4,9,12,18.8,33,19.7,30.7,0,19
2026-08-23 00:39:50,4,10,12,18.7,33.2,19.6,31,0,19
2026-08-23 00:44:50,4,12,13,18.7,33.3,19.6,31.1,0,19
2026-08-23 00:49:50,3,9,13,18.7,33.5,19.5,31.3,0,19
2026-08-23 00:54:50,7,19,20,18.6,33.2,19.5,30.5,0,19
2026-08-23 00:59:50,6,16,16,18.6,33.2,19.4,31,0,19
2026-08-23 01:04:50,5,15,19,18.5,33.4,19.4,30.9,0,19
2026-08-23 01:09:50,6,15,19,18.5,33.2,19.3,30.9,0,19
2026-08-23 01:14:50,4,17,19,18.5,33.2,19.3,30.8,0,18
2026-08-23 01:19:50,5,15,15,18.4,33.1,19.2,30.8,0,21
2026-08-23 01:24:50,5,13,15,18.4,33.4,19.2,31,0,18
2026-08-23 01:29:50,4,8,9,18.4,33.4,19.1,31.1,0,19
2026-08-23 01:34:50,5,8,12,18.3,33.4,19.1,31.2,0,19
2026-08-23 01:39:50,2,8,8,18.3,33.4,19.1,31.3,0,19
2026-08-23 01:44:50,4,9,12,18.3,33.4,19,31.1,0,19
2026-08-23 01:49:50,4,9,12,18.3,33.3,19,31.1,0,19
2026-08-23 01:54:50,5,8,10,18.2,33.6,19,31.5,0,19
2026-08-23 01:59:50,3,10,12,18.2,33.4,18.9,31.1,0,19
2026-08-23 02:04:50,3,9,12,18.2,33.6,18.9,31.4,0,19
2026-08-23 02:09:50,4,8,8,18.2,33.8,18.9,31.7,0,26
2026-08-23 02:14:50,3,8,8,18.1,34.1,18.8,32.4,0,21
2026-08-23 02:19:50,4,9,9,18.1,34.1,18.8,32.5,0,26
2026-08-23 02:24:50,3,8,10,18.1,34.2,18.8,32.3,0,19
2026-08-23 02:29:50,4,9,14,18,33.9,18.7,32.2,0,19
2026-08-23 02:34:50,4,8,8,18,34,18.7,32.1,0,19
2026-08-23 02:39:50,3,8,10,18,34.2,18.6,32.4,0,19
2026-08-23 02:44:50,3,7,7,17.9,34.1,18.6,32.1,0,19
2026-08-23 02:49:50,2,7,8,17.9,34.3,18.5,32.4,0,19
2026-08-23 02:54:50,3,7,7,17.9,34.2,18.5,32.4,0,19
2026-08-23 02:59:50,2,6,6,17.8,34.3,18.4,32.4,0,19
2026-08-23 03:04:50,3,6,7,17.8,34.1,18.3,32.2,0,19
2026-08-23 03:09:50,1,7,9,17.7,34.3,18.2,32.4,0,19
2026-08-23 03:14:50,3,6,7,17.6,34.2,18.1,32.3,0,19
2026-08-23 03:19:50,3,7,9,17.6,34.1,18.1,32.4,0,19
2026-08-23 03:24:50,3,9,9,17.5,34.2,18,32.3,0,19
2026-08-23 03:29:50,4,12,12,17.5,34.2,18,32.4,0,19
2026-08-23 03:34:51,5,6,6,17.4,34.4,17.9,32.7,0,19
2026-08-23 03:39:50,4,8,9,17.4,34.1,17.9,32.2,0,19
2026-08-23 03:44:50,6,12,12,17.4,34.2,17.8,32.2,0,19
2026-08-23 03:49:50,5,12,12,17.3,34.3,17.8,32.2,0,19
2026-08-23 03:54:50,6,16,16,17.3,34,17.8,31.7,0,19
2026-08-23 03:59:50,4,13,14,17.3,34.1,17.8,32.5,0,19
2026-08-23 04:04:50,4,7,9,17.3,34.5,17.7,32.7,0,19
2026-08-23 04:09:50,3,6,6,17.3,34.4,17.7,32.5,0,19
2026-08-23 04:14:50,4,9,9,17.2,34.7,17.7,33,0,19
2026-08-23 04:19:50,3,10,10,17.2,34.6,17.6,33,0,19
2026-08-23 04:24:50,3,5,6,17.2,34.4,17.6,32.6,0,19
2026-08-23 04:29:50,2,5,5,17.1,34.4,17.5,32.5,0,19
2026-08-23 04:34:50,2,5,5,17.1,34.4,17.5,32,0,25
2026-08-23 04:39:50,2,5,5,17.1,34.1,17.5,32.2,0,16
2026-08-23 04:44:50,0,1,2,17.1,33.4,17.4,31.1,0,16
2026-08-23 04:49:50,0,0,1,17,33.2,17.4,30.7,0,16
2026-08-23 04:54:50,0,1,1,17,33.3,17.4,30.9,0,16
2026-08-23 04:59:51,0,0,0,17.1,32.9,17.4,30.5,0,16
2026-08-23 05:04:51,0,2,2,17,33.1,17.4,30.9,0,16
2026-08-23 05:09:51,0,3,3,17,33.3,17.4,31.2,0,16
2026-08-23 05:14:51,0,4,4,17,33.5,17.4,31.2,0,16
2026-08-23 05:19:51,1,2,2,17,33.3,17.3,31,0,16
2026-08-23 05:24:51,0,2,2,16.9,33.3,17.3,31.1,0,14
2026-08-23 05:29:50,0,2,3,16.9,33.2,17.3,31.1,0,25
2026-08-23 05:34:51,0,4,4,16.9,33.3,17.3,31.1,0,15
2026-08-23 05:39:51,0,4,4,16.9,33.2,17.3,31.2,0,15
2026-08-23 05:44:51,0,3,3,16.9,33.1,17.2,31,0,28
2026-08-23 05:49:50,0,3,3,16.9,33.5,17.2,31.8,0,17
2026-08-23 05:54:51,0,4,5,16.8,33.6,17.2,31.9,0,26
2026-08-23 05:59:50,0,4,4,16.8,33.8,17.2,32.2,0,26
2026-08-23 06:04:51,0,3,5,16.9,34.3,17.6,32.3,1,25
2026-08-23 06:09:51,0,4,4,17.1,34.1,17.9,31.6,1,25
2026-08-23 06:14:51,0,4,4,17.2,34.2,17.8,31.9,1,14
2026-08-23 06:19:51,1,3,5,17.1,34.4,17.7,32.1,1,26
2026-08-23 06:24:51,0,3,5,17.1,34.1,17.7,31.6,1,25
2026-08-23 06:29:51,1,3,3,17.1,33.6,17.7,31.2,1,14
2026-08-23 06:34:51,1,3,3,17.2,33.8,17.8,31.4,1,14
2026-08-23 06:39:51,0,4,4,17.2,34,17.8,31.6,1,14
2026-08-23 06:44:51,0,3,3,17.2,33.9,17.8,31.8,1,25
2026-08-23 06:49:51,0,4,4,17.2,34,17.8,31.6,1,24
2026-08-23 06:54:51,0,3,5,17.2,34.1,17.8,32,1,24
2026-08-23 06:59:51,0,3,3,17.2,34.1,17.8,31.9,1,25
2026-08-23 07:04:51,0,3,4,17.2,33.9,17.7,31.6,1,25
2026-08-23 07:09:51,0,3,3,17.2,34,17.7,31.9,1,20
2026-08-23 07:14:51,0,3,4,17.2,33.9,17.7,31.6,1,25
2026-08-23 07:19:51,1,6,6,17.2,33.8,17.7,31.4,0,19
2026-08-23 07:24:51,1,4,5,17.2,33.5,17.6,31.2,0,19
2026-08-23 07:29:51,2,4,5,17.2,34,17.7,32,0,19
2026-08-23 07:34:51,2,6,6,17.3,34,17.9,31.7,0,19
2026-08-23 07:39:51,1,4,4,17.2,33.7,17.6,31.5,0,19
2026-08-23 07:44:51,1,6,6,17.1,33.6,17.4,31.6,0,18
2026-08-23 07:49:51,2,6,6,17,33.8,17.3,32,0,18
2026-08-23 07:54:51,3,7,7,16.9,34.3,17.2,32.8,0,19
2026-08-23 07:59:51,1,5,5,16.8,34.3,17.1,32.7,0,19
2026-08-23 08:04:51,1,8,10,16.8,34.5,17.1,33.2,0,19
2026-08-23 08:09:51,2,5,5,16.8,34.7,17.1,33.1,0,19
2026-08-23 08:14:51,1,8,9,16.8,35,17.1,33.7,0,19
2026-08-23 08:19:51,2,6,6,16.7,35.1,17,34,0,19
2026-08-23 08:24:51,1,5,5,16.8,35.3,17,34,0,18
2026-08-23 08:29:51,1,5,6,16.7,35.5,17.1,34.1,0,19
2026-08-23 08:34:51,1,5,5,16.7,35.1,17.1,33.8,0,21
2026-08-23 08:39:51,1,5,6,16.8,35,17.1,33.4,0,18
2026-08-23 08:44:51,3,8,9,16.8,35,17.1,33.3,0,18
2026-08-23 08:49:51,2,5,6,16.8,34.9,17.2,33.2,0,18
2026-08-23 08:54:51,1,3,3,16.9,34.8,17.2,33.1,0,18
2026-08-23 08:59:51,1,3,4,16.9,34.7,17.3,33.2,0,18
2026-08-23 09:04:51,0,4,4,16.9,35.1,17.3,33.8,0,18
2026-08-23 09:09:51,0,3,4,17,35.3,17.4,33.6,0,18
2026-08-23 09:14:51,0,1,2,17,34.2,17.5,31.6,0,18
2026-08-23 09:19:51,0,2,2,17.1,34.1,17.6,31.5,0,18
2026-08-23 09:24:51,0,2,2,17.2,34,17.8,31.3,0,21
2026-08-23 09:29:51,1,5,5,17.2,34.2,18,31.9,0,18
2026-08-23 09:34:51,2,5,5,17.4,34.3,18.2,31.9,0,21
2026-08-23 09:39:51,2,4,5,17.5,34.3,18.4,31.7,0,21
2026-08-23 09:44:51,3,6,8,17.7,34.3,18.7,31.6,0,21
2026-08-23 09:49:51,1,7,7,17.9,34.3,18.9,31.4,0,21
2026-08-23 09:54:51,2,6,6,18.1,34.1,19.2,31.1,0,21
2026-08-23 09:59:52,2,6,6,18.3,34,19.5,30.9,0,21
2026-08-23 10:04:51,3,6,6,18.5,33.7,19.7,30.6,0,21
2026-08-23 10:09:51,3,6,6,18.7,33.8,20,30.3,0,21
2026-08-23 10:14:51,2,7,9,18.9,33.7,20.3,30.4,0,21
2026-08-23 10:19:51,2,7,9,19.1,33.5,20.6,29.9,0,21
2026-08-23 10:24:51,2,8,8,19.3,33.6,21,29.7,0,21
2026-08-23 10:29:51,2,7,8,19.5,33.1,21.2,29.2,0,21
2026-08-23 10:34:52,3,5,5,19.8,33.1,,,0,21
2026-08-23 10:39:51,2,6,6,20,32.7,,,0,21
2026-08-23 10:44:51,4,12,12,20.2,32.5,,,0,21
2026-08-23 10:49:51,3,8,8,20.4,32.2,,,0,21
2026-08-23 10:54:51,4,8,9,20.5,32,,,0,21
2026-08-23 10:59:51,4,9,9,20.8,31.9,,,0,21
2026-08-23 11:04:51,4,9,9,20.9,31.7,,,0,21
2026-08-23 11:09:51,4,9,11,21.1,31.2,,,0,21
2026-08-23 11:14:51,4,7,7,21.3,31.1,,,0,21
2026-08-23 11:19:51,4,7,7,21.4,31.3,,,0,21
2026-08-23 11:24:52,4,8,8,21.7,31,,,0,21
2026-08-23 11:29:51,4,9,11,21.8,31,,,0,21
2026-08-23 11:34:52,3,8,9,21.9,31,24.2,26.2,0,21
2026-08-23 11:39:51,5,7,7,22.1,30.6,24.4,25.9,0,21
2026-08-23 11:44:52,4,7,7,22.3,30.5,24.6,25.6,0,21
2026-08-23 11:49:52,4,9,9,22.4,30.3,24.8,25.5,0,21
2026-08-23 11:54:52,4,11,11,22.6,30.3,25,25.4,0,21
2026-08-23 11:59:51,5,8,12,22.7,30,25.1,25.3,0,21
2026-08-23 12:04:52,8,20,20,22.8,30,25.3,25.3,0,21
2026-08-23 12:09:52,4,18,18,22.9,30.1,25.4,25.7,0,21
2026-08-23 12:14:51,7,19,19,23,29.7,25.6,24.6,0,21
2026-08-23 12:19:51,7,18,19,23.2,29.4,25.7,24.7,0,21
2026-08-23 12:24:51,8,23,24,23.3,29.3,25.9,24.4,0,21
2026-08-23 12:29:52,8,23,24,23.4,29.3,26,24.6,0,21
2026-08-23 12:34:51,7,22,24,23.5,29.5,26.1,24.6,0,21
2026-08-23 12:39:51,9,26,27,23.6,29.2,26.2,24.5,0,21
2026-08-23 12:44:51,12,25,26,23.7,29.3,26.2,24.7,0,21
2026-08-23 12:49:52,12,27,29,23.7,29.5,26.3,24.6,0,21
2026-08-23 12:54:52,15,27,28,23.8,29.4,26.3,24.7,0,21
2026-08-23 12:59:52,18,29,33,23.8,29.4,26.4,24.8,0,21
2026-08-23 13:04:52,17,29,33,23.9,29.4,26.4,24.9,0,21
2026-08-23 13:09:51,19,33,39,23.9,29.5,26.4,24.9,0,21
2026-08-23 13:14:52,19,35,39,23.9,29.7,26.5,25.1,0,21
2026-08-23 13:19:52,21,33,37,24,29.6,26.4,25.2,0,21
2026-08-23 13:24:52,22,37,46,24,29.6,26.4,25.1,0,21
2026-08-23 13:29:52,23,39,46,24,29.7,26.4,25.1,0,19
2026-08-23 13:34:52,24,39,47,24,29.7,26.4,25.3,0,19
2026-08-23 13:39:52,27,46,55,23.9,30,26.4,25.5,0,19
2026-08-23 13:44:52,28,46,56,24,30,26.5,25.6,0,19
2026-08-23 13:49:52,27,46,56,24,30,26.5,25.7,0,19
2026-08-23 13:54:52,30,50,63,24,30.1,26.5,25.8,0,18
2026-08-23 13:59:52,29,48,60,24,30.3,26.5,26.1,0,19
2026-08-23 14:04:52,33,57,68,24,30.9,26.5,27.4,0,19
2026-08-23 14:09:52,33,53,66,24,31.8,26.5,28.3,0,19
2026-08-23 14:14:52,29,49,60,24,32.1,26.5,28.6,0,19
2026-08-23 14:19:52,31,51,62,24,32.6,26.4,29.2,0,19
2026-08-23 14:24:52,31,47,59,24,32.9,26.4,29.3,0,19
2026-08-23 14:29:52,30,48,59,23.9,33.1,26.4,29.6,0,19
2026-08-23 14:34:52,31,48,61,23.9,33.4,26.3,30.2,0,19
2026-08-23 14:39:52,30,49,61,23.9,33.6,26.3,30.4,0,19
2026-08-23 14:44:52,31,49,60,23.9,33.8,26.3,30.6,0,19
2026-08-23 14:49:52,30,48,60,23.8,33.9,26.2,30.7,0,19
2026-08-23 14:54:52,31,49,60,23.8,34.1,26.1,30.7,0,19
2026-08-23 14:59:52,31,49,60,23.7,34.2,26,31,0,19
2026-08-23 15:04:52,30,49,60,23.6,34.1,25.9,31.3,0,19
2026-08-23 15:09:52,29,47,57,23.5,34.2,25.8,31.3,0,18
2026-08-23 15:14:52,29,46,57,23.4,34.5,25.6,31.7,0,19
2026-08-23 15:19:52,29,46,57,23.3,34.8,25.5,32,0,19
2026-08-23 15:24:52,28,45,56,23.2,35.1,25.4,32.4,0,19
2026-08-23 15:29:52,28,46,55,23.1,35.5,25.2,33.1,0,21
2026-08-23 15:34:52,30,47,57,23,35.6,25.1,33.1,0,21
2026-08-23 15:39:52,29,46,55,22.9,35.8,25,33.4,0,21
2026-08-23 15:44:52,29,46,56,22.8,35.9,24.9,33.5,0,21
2026-08-23 15:49:52,29,45,55,22.8,36,24.8,33.7,0,21
2026-08-23 15:54:52,30,47,58,22.7,36.4,24.7,34.2,0,21
2026-08-23 15:59:52,30,47,57,22.6,36.5,24.6,34.4,0,21
2026-08-23 16:04:52,29,46,56,22.5,36.8,24.5,34.5,0,19
2026-08-23 16:09:52,28,46,56,22.4,37,24.3,34.9,0,19
2026-08-23 16:14:52,29,45,55,22.3,37.4,24.2,35.2,0,19
2026-08-23 16:19:52,29,47,58,22.2,37.7,24.1,35.9,0,19
2026-08-23 16:24:52,29,46,57,22.2,37.9,24,36.1,0,19
2026-08-23 16:29:52,29,49,59,22.1,38.4,23.9,36.6,0,19
2026-08-23 16:34:52,29,48,57,22,38.5,23.7,36.8,0,19
2026-08-23 16:39:52,29,47,58,21.9,38.7,23.6,37.1,0,19
2026-08-23 16:44:52,29,48,58,21.8,39.1,23.5,37.7,0,19
2026-08-23 16:49:52,31,49,59,21.7,39.4,23.3,37.9,0,19
2026-08-23 16:54:52,29,48,59,21.6,39.8,23.2,38.4,0,19
2026-08-23 16:59:52,29,48,58,21.5,40,23.1,38.7,0,19
2026-08-23 17:04:52,32,49,58,21.3,40,23,38.8,0,19
2026-08-23 17:09:52,30,48,60,21.2,40,22.9,38.9,0,19
2026-08-23 17:14:52,30,48,60,21.2,40.3,22.7,39.2,0,19
2026-08-23 17:19:52,30,48,60,21.1,40.7,22.6,39.7,0,19
2026-08-23 17:24:52,31,47,58,21,40.8,22.5,40.1,0,19
2026-08-23 17:29:53,29,49,61,20.9,41.1,22.4,40.3,0,19
2026-08-23 17:34:53,30,48,58,20.8,41.4,22.3,40.7,0,19
2026-08-23 17:39:52,29,48,57,20.7,41.7,22.2,40.9,0,19
2026-08-23 17:44:52,29,48,58,20.7,41.8,22.1,41,0,19
2026-08-23 17:49:52,29,47,56,20.6,41.9,22,41.1,0,19
2026-08-23 17:54:53,29,49,57,20.5,42.3,21.9,41.5,0,19
2026-08-23 17:59:52,29,46,56,20.4,42.4,21.8,41.6,0,19
2026-08-23 18:04:53,28,44,54,20.3,42.5,21.6,41.8,0,19
2026-08-23 18:09:52,30,47,57,20.2,42.7,21.5,42.1,0,19
2026-08-23 18:14:52,28,45,55,20.1,42.7,21.4,42.2,0,19
2026-08-23 18:19:52,29,48,59,20,43.1,21.3,42.6,0,19
2026-08-23 18:24:53,30,47,54,19.9,43.2,21.1,42.9,0,19
2026-08-23 18:29:55,29,49,58,19.9,43.5,21,43.1,0,19
2026-08-23 18:34:52,27,47,57,19.7,43.3,20.9,43.2,0,19
2026-08-23 18:39:52,29,47,56,19.7,43.5,20.8,43.3,0,19
2026-08-23 18:44:53,30,48,59,19.6,43.9,20.6,43.9,0,19
2026-08-23 18:49:53,30,47,59,19.5,44.3,20.6,44.4,0,19
2026-08-23 18:54:52,30,49,59,19.4,44.4,20.5,44.5,0,19
2026-08-23 18:59:52,29,48,59,19.4,44.5,20.4,44.7,0,19
2026-08-23 19:04:53,30,48,59,19.3,44.8,20.3,44.9,0,19
2026-08-23 19:09:53,30,48,58,19.3,44.8,20.3,45,0,19
2026-08-23 19:14:53,30,48,61,19.2,44.9,20.2,45,0,19
2026-08-23 19:19:53,31,51,61,19.2,45,20.2,45.1,0,19
2026-08-23 19:24:53,30,50,61,19.2,45.2,20.2,45.6,0,19
2026-08-23 19:29:53,31,52,62,19.1,45.3,20.1,45.7,0,19
2026-08-23 19:34:53,30,49,60,19.1,45.5,20.1,45.8,0,19
2026-08-23 19:39:53,30,48,59,19,45.3,20,45.6,0,19
2026-08-23 19:44:52,30,50,61,19,45.5,20,45.8,0,19
2026-08-23 19:49:53,30,49,60,19,45.4,19.9,45.9,0,19
2026-08-23 19:54:53,30,50,62,18.9,45.5,19.8,46,0,19
2026-08-23 19:59:53,30,51,62,18.8,45.6,19.7,46.2,0,19
2026-08-23 20:04:52,32,52,63,18.8,45.8,19.6,46.4,0,22
2026-08-23 20:09:53,32,53,66,18.7,46.1,19.6,46.7,0,19
2026-08-23 20:14:53,32,53,66,18.7,46.1,19.5,46.7,0,19
2026-08-23 20:19:53,32,51,63,18.6,46.4,19.5,47.1,0,19
2026-08-23 20:24:53,33,52,67,18.6,46.2,19.5,46.7,0,19
2026-08-23 20:29:53,33,53,64,18.6,46.5,19.5,47.1,0,19
2026-08-23 20:34:53,31,52,63,18.6,46.6,19.5,47.1,0,19
2026-08-23 20:39:53,32,52,64,18.6,46.5,19.5,47.2,0,19
2026-08-23 20:44:53,30,48,58,18.6,46.6,19.5,47.2,0,19
2026-08-23 20:49:53,29,49,58,18.6,46.7,19.4,47.2,0,19
2026-08-23 20:54:53,29,49,62,18.5,46.8,19.3,47.5,0,22
2026-08-23 20:59:53,29,48,60,18.5,46.9,19.3,47.6,0,19
2026-08-23 21:04:53,30,47,57,18.4,47,19.2,47.7,0,19
2026-08-23 21:09:53,31,49,62,18.4,47.2,19.1,48,0,19
2026-08-23 21:14:53,29,49,60,18.3,47.2,19,48.1,0,19
2026-08-23 21:19:53,30,48,57,18.2,47.3,18.9,48.3,0,19
2026-08-23 21:24:53,30,50,61,18.2,47.5,18.9,48.5,0,19
2026-08-23 21:29:53,31,48,58,18.1,47.6,18.8,48.6,0,19
2026-08-23 21:34:53,31,51,61,18,47.7,18.7,48.7,0,19
2026-08-23 21:39:53,29,50,61,17.9,47.9,18.6,49,0,19
2026-08-23 21:44:53,34,55,70,17.9,48,18.5,49,0,19
2026-08-23 21:49:53,31,52,64,17.9,48,18.5,49.6,1,19
2026-08-23 21:54:53,30,49,60,18.1,48.1,19.2,48.1,1,19
2026-08-23 21:59:53,29,50,60,18.1,48,19,48.2,1,19
2026-08-23 22:04:53,30,48,57,18.1,48,19,48.4,1,19
2026-08-23 22:09:53,29,47,59,18.1,47.8,19,48,1,19
2026-08-23 22:14:53,31,49,60,18.1,47.8,19,48.1,1,19
2026-08-23 22:19:53,31,51,63,18.1,47.9,19,48.1,1,19
2026-08-23 22:24:53,31,51,62,18.2,48,19,48.2,1,19
2026-08-23 22:29:53,31,50,61,18.2,47.8,19,48,1,19
2026-08-23 22:34:53,31,51,62,18.2,47.8,19,48,1,19
2026-08-23 22:39:53,32,53,65,18.2,47.8,19.1,48.1,1,19
2026-08-23 22:44:53,31,52,64,18.2,47.7,19.1,47.9,1,19
2026-08-23 22:49:53,32,53,64,18.3,47.5,19.1,47.5,1,19
2026-08-23 22:54:53,31,52,66,18.2,47.3,19.1,47.3,1,19
2026-08-23 22:59:53,33,54,66,18.3,47.4,19.2,47.2,1,19
2026-08-23 23:04:53,32,52,63,18.3,47.3,19.2,47.2,1,19
2026-08-23 23:09:53,32,53,67,18.3,47.2,19.2,46.8,1,19
2026-08-23 23:14:53,32,54,66,18.3,47,19.2,46.9,1,19
2026-08-23 23:19:53,32,51,62,18.3,47.1,19.3,46.7,1,19
2026-08-23 23:24:53,32,53,67,18.4,46.6,19.3,46.3,0,19
2026-08-23 23:29:53,32,51,61,18.4,46.3,19.2,45.8,0,19
2026-08-23 23:34:53,31,51,62,18.3,46,19,45.4,0,19
2026-08-23 23:39:53,30,47,56,18.2,45.7,18.9,45.3,0,19
2026-08-23 23:44:53,28,46,55,18.2,45.7,18.8,45.1,0,19
2026-08-23 23:49:53,29,49,57,18,45.6,18.8,44.8,0,19
2026-08-23 23:54:54,26,43,50,18.1,45.1,18.7,44.6,0,19
2026-08-23 23:59:54,24,40,47,18,44.9,18.6,44,0,18
2026-08-24 00:04:56,26,42,51,18,44.6,18.6,44.2,0,21
2026-08-24 00:09:53,26,45,53,17.9,45.1,18.5,44.8,0,18
2026-08-24 00:14:53,27,44,53,17.8,45.3,18.4,45.1,0,19
2026-08-24 00:19:53,26,43,52,17.7,45.3,18.4,44.8,0,19
2026-08-24 00:24:53,26,41,47,17.7,45.1,18.3,44.4,0,19
2026-08-24 00:29:53,25,43,48,17.7,44.8,18.2,44.3,0,19
2026-08-24 00:34:53,26,41,48,17.7,45.1,18.2,44.8,0,19
2026-08-24 00:39:53,26,44,54,17.6,45.5,18.1,45.5,0,19
2026-08-24 00:44:53,26,42,47,17.5,45.6,18.1,45.5,0,18
2026-08-24 00:49:54,27,44,51,17.5,45.5,18,45.3,0,21
2026-08-24 00:54:53,26,40,47,17.5,45.5,17.9,45.3,0,18
2026-08-24 00:59:53,26,41,49,17.4,45.5,17.9,45.2,0,18
2026-08-24 01:04:54,26,42,51,17.4,45.3,17.8,45.2,0,18
2026-08-24 01:09:53,25,43,50,17.3,45.2,17.8,45.1,0,18
2026-08-24 01:14:54,25,40,45,17.3,45.4,17.7,45.2,0,18
2026-08-24 01:19:53,24,39,46,17.2,45.4,17.6,45.2,0,18
2026-08-24 01:24:53,25,38,41,17.2,45.3,17.6,45.1,0,18
2026-08-24 01:29:54,25,40,48,17.1,45.3,17.5,45,0,18
2026-08-24 01:34:53,23,38,43,17.1,45,17.5,44.5,0,18
2026-08-24 01:39:54,21,36,40,17.1,44.5,17.5,44.1,0,19
2026-08-24 01:44:54,20,34,35,17.1,44.4,17.4,44,0,19
2026-08-24 01:49:54,22,34,41,17,44.7,17.4,44,0,19
2026-08-24 01:54:54,23,42,48,17.2,44.8,18,43.6,0,18
2026-08-24 01:59:54,27,44,55,17.4,44.8,18.3,43.4,0,18
2026-08-24 02:04:54,26,47,56,17.3,44.9,18,44.1,0,21
2026-08-24 02:09:54,27,47,56,17.2,45.2,17.7,44.8,0,25
2026-08-24 02:14:54,27,44,54,17.4,45.3,18.3,44.1,1,25
2026-08-24 02:19:54,27,43,54,17.4,44.7,18.3,43.3,1,25
2026-08-24 02:24:54,26,43,52,17.4,44.5,18.1,43.5,1,25
2026-08-24 02:29:54,27,42,51,17.3,44.5,17.9,43.8,1,25
2026-08-24 02:34:54,27,47,55,17.3,44.9,17.9,44.2,1,27
2026-08-24 02:39:54,30,49,61,17.3,45.5,17.8,45.4,1,27
2026-08-24 02:44:54,30,52,62,17.3,45.9,17.8,45.8,1,15
2026-08-24 02:49:54,27,48,56,17.3,45.7,17.8,45.1,1,25
2026-08-24 02:54:54,29,47,57,17.2,45.6,17.7,45.4,1,15
2026-08-24 02:59:54,30,50,60,17.2,45.8,17.7,45.7,1,25
2026-08-24 03:04:54,29,45,56,17.2,45.6,17.7,45.1,1,26
2026-08-24 03:09:54,27,45,54,17.2,45.1,17.6,44.7,1,16
2026-08-24 03:14:54,30,49,61,17.1,46,17.6,46.2,1,26
2026-08-24 03:19:54,31,50,63,17.1,46.4,17.5,46.8,1,25
2026-08-24 03:24:54,29,48,57,17.1,46.3,17.5,46.5,1,25
2026-08-24 03:29:54,27,47,57,17,46.1,17.4,46.1,1,24
2026-08-24 03:34:54,28,49,58,17,46.1,17.4,46.1,1,25
2026-08-24 03:39:54,28,48,57,16.9,46.1,17.3,46,1,25
2026-08-24 03:44:54,28,48,57,16.9,45.9,17.3,46.3,1,25
2026-08-24 03:49:54,30,50,58,16.9,46.1,17.2,46.4,1,26
2026-08-24 03:54:54,29,47,58,16.8,46.2,17.2,46.5,1,27
2026-08-24 03:59:54,30,50,61,16.8,46.2,17.1,46.7,1,27
2026-08-24 04:04:54,30,51,64,16.7,46.2,17,46.6,1,26
2026-08-24 04:09:54,29,50,62,16.7,46.4,17,46.9,1,26
2026-08-24 04:14:54,31,53,65,16.7,46.4,16.9,47.2,1,26
2026-08-24 04:19:54,30,51,61,16.6,46.3,16.8,46.7,1,26
2026-08-24 04:24:54,30,49,59,16.5,46.4,16.8,47,1,18
2026-08-24 04:29:54,28,48,57,16.5,46.3,16.7,46.6,1,26
2026-08-24 04:34:54,28,47,55,16.5,46.5,16.7,47,1,26
2026-08-24 04:39:54,30,50,61,16.4,47.4,16.6,48.8,1,26
2026-08-24 04:44:54,30,50,64,16.4,47.7,16.6,49.2,1,26
2026-08-24 04:49:54,33,52,63,16.3,48,16.5,49.4,1,26
2026-08-24 04:54:54,33,53,65,16.3,48.6,16.5,50.5,1,25
2026-08-24 04:59:54,32,55,70,16.2,49,16.5,50.9,1,25
2026-08-24 05:04:54,32,54,68,16.3,49.3,16.5,51.4,1,25
2026-08-24 05:09:54,33,55,68,16.2,49.7,16.4,51.8,1,25
2026-08-24 05:14:54,33,54,67,16.2,49.9,16.4,52.3,1,26
2026-08-24 05:19:54,30,53,65,16.2,50.2,16.4,52.7,1,26
2026-08-24 05:24:54,31,54,67,16.1,50.5,16.3,53,1,25
2026-08-24 05:29:54,33,55,67,16,50.7,16.3,53.3,1,25
2026-08-24 05:34:54,31,53,67,16,51,16.2,53.6,1,25
2026-08-24 05:39:54,33,57,71,16,50.8,16.1,53.3,1,25
2026-08-24 05:44:54,33,56,72,15.9,51,16.1,53.9,1,25
2026-08-24 05:49:54,33,55,69,15.9,51.2,16,53.8,1,25
2026-08-24 05:54:54,33,55,69,15.8,51.3,15.9,54.1,1,25
2026-08-24 05:59:54,34,57,69,15.8,51.5,15.9,54.3,1,26
2026-08-24 06:04:54,32,55,68,15.8,51.4,15.8,54.2,1,14
2026-08-24 06:09:54,33,55,68,15.7,51.3,15.8,53.9,1,25
2026-08-24 06:14:54,32,55,66,15.7,51.4,15.7,54,1,25
2026-08-24 06:19:54,33,56,71,15.6,51.6,15.7,54.1,1,25
2026-08-24 06:24:54,32,55,66,15.6,51.5,15.6,54.1,1,25
2026-08-24 06:29:55,32,55,66,15.6,51.5,15.6,54.2,1,25
2026-08-24 06:34:54,33,57,72,15.5,51.8,15.6,54.5,1,25
2026-08-24 06:39:54,31,54,66,15.5,51.9,15.6,54.7,1,24
2026-08-24 06:44:54,31,54,66,15.5,51.9,15.6,54.5,1,25
2026-08-24 06:49:54,32,55,67,15.5,51.8,15.5,54.4,1,17
2026-08-24 06:54:54,31,54,67,15.5,51.9,15.5,54.2,1,14
2026-08-24 06:59:54,31,53,65,15.5,51.9,15.5,54.2,1,27
2026-08-24 07:04:54,31,53,65,15.4,51.6,15.4,53.9,1,18
2026-08-24 07:09:55,31,53,65,15.4,51.6,15.3,54.1,1,21
2026-08-24 07:14:54,31,54,66,15.3,51.6,15.2,54.3,1,21
2026-08-24 07:19:54,31,54,68,15.3,52,15.1,54.8,1,21
2026-08-24 07:24:55,31,55,68,15.2,52.1,15.1,55,1,21
2026-08-24 07:29:54,31,57,69,15.2,52.2,15.1,55.1,1,21
2026-08-24 07:34:54,33,53,67,15.2,52.6,15.1,55.1,1,21
2026-08-24 07:39:55,32,54,67,15.2,52.3,15.1,54.8,1,21
2026-08-24 07:44:55,33,56,71,15.2,52.4,15.1,55,1,21
2026-08-24 07:49:55,32,54,66,15.2,52.6,15.1,55.1,1,21
2026-08-24 07:54:55,33,56,68,15.2,52.6,15.1,55.2,1,21
2026-08-24 07:59:55,31,55,70,15.1,52.9,15.1,55.3,1,21
2026-08-24 08:04:55,34,58,73,15.1,53.3,15.1,55.8,1,21
2026-08-24 08:09:54,31,55,69,15.1,53.2,15.1,55.5,1,21
2026-08-24 08:14:55,34,58,71,15.1,53,15.1,55.4,1,21
2026-08-24 08:19:55,34,55,68,15.1,53.2,15.1,55.4,1,21
2026-08-24 08:24:55,32,55,69,15.1,53.3,15.1,55.6,1,25
2026-08-24 08:29:55,34,54,68,15.2,53.1,15.2,55.1,1,20
2026-08-24 08:34:55,31,53,66,15.2,53,15.2,55,1,25
2026-08-24 08:39:55,34,56,68,15.2,52.9,15.2,55.1,1,20
2026-08-24 08:44:55,34,57,72,15.2,53,15.1,55.4,1,26
2026-08-24 08:49:55,34,54,68,15.2,53,15.1,55.1,1,19
2026-08-24 08:54:55,32,54,66,15.2,52.7,15.1,54.7,1,25
2026-08-24 08:59:55,34,55,67,15.2,53,15.1,54.9,1,20
2026-08-24 09:04:55,32,54,66,15.2,52.8,15.2,54.7,1,27
2026-08-24 09:09:55,32,55,67,15.2,52.6,15.3,54.3,1,20
2026-08-24 09:14:55,31,53,67,15.3,52.4,15.3,54.1,1,26
2026-08-24 09:19:55,33,55,70,15.3,52.6,15.4,54.2,1,19
2026-08-24 09:24:55,33,55,67,15.3,52.4,15.4,54.1,1,27
2026-08-24 09:29:55,33,55,68,15.4,52.3,15.5,54,1,21
2026-08-24 09:34:55,33,54,66,15.4,52.3,15.6,54,1,26
2026-08-24 09:39:55,33,55,67,15.5,52.4,15.6,54,1,20
2026-08-24 09:44:55,34,56,68,15.5,52,15.7,53.3,1,28
2026-08-24 09:49:55,36,60,75,15.7,51.9,15.8,53.4,1,20
2026-08-24 09:54:55,34,57,71,15.7,51.8,15.9,53.1,1,20
2026-08-24 09:59:55,33,57,73,15.8,52,16,53.6,1,20
2026-08-24 10:04:55,34,59,74,15.9,52.2,16.1,53.6,1,20
2026-08-24 10:09:55,34,57,72,15.9,52.2,16.3,53.5,1,27
2026-08-24 10:14:55,35,61,74,16,52.2,16.4,53.5,1,22
2026-08-24 10:19:55,35,60,76,16.1,52.1,16.5,53.3,1,20
2026-08-24 10:24:55,37,62,77,16.3,51.9,16.6,53.1,1,25
2026-08-24 10:29:55,36,61,78,16.3,51.6,16.7,52.8,1,25
2026-08-24 10:34:55,35,62,79,16.4,51.5,16.8,52.7,1,21
2026-08-24 10:39:55,36,59,75,16.5,51.6,16.8,52.9,1,25
2026-08-24 10:44:55,36,60,77,16.5,51.5,16.8,52.9,1,19
2026-08-24 10:49:55,36,64,79,16.5,51.5,16.9,53,1,26
2026-08-24 10:54:55,36,63,78,16.5,51.7,16.9,53.1,1,19
2026-08-24 10:59:55,36,63,79,16.6,51.7,17,53,1,28
2026-08-24 11:04:55,38,65,79,16.6,51.7,17,53,1,20
2026-08-24 11:09:55,39,72,84,16.7,51.5,17.1,52.9,1,26
2026-08-24 11:14:55,39,68,83,16.7,51.5,17.2,53,1,21
2026-08-24 11:19:55,39,63,79,16.8,51.6,17.3,52.9,1,25
2026-08-24 11:24:55,38,68,80,16.9,51.7,17.4,52.7,1,20
2026-08-24 11:29:55,37,63,79,16.9,51.5,17.4,52.5,1,26
2026-08-24 11:34:55,38,69,83,17,51.7,17.5,52.6,1,21
2026-08-24 11:39:55,39,67,81,17,51.7,17.6,52.4,1,26
2026-08-24 11:44:55,39,73,84,17.1,51.8,17.7,52.4,1,21
2026-08-24 11:49:55,37,68,81,17.2,51.5,17.8,52.3,1,26
2026-08-24 11:54:55,38,67,79,17.3,51.7,17.9,52.1,1,27
2026-08-24 11:59:56,38,67,80,17.4,51.4,18,52,1,22
2026-08-24 12:04:55,37,70,81,17.4,51.4,18.1,51.8,1,25
2026-08-24 12:09:55,39,67,83,17.5,51.1,18.2,51.7,1,21
2026-08-24 12:14:55,43,82,88,17.6,51.1,18.3,51.6,1,27
2026-08-24 12:19:55,39,71,84,17.7,50.9,18.4,51.5,1,20
2026-08-24 12:24:55,43,82,89,17.7,50.9,18.5,51.3,1,27
2026-08-24 12:29:55,38,68,82,17.8,50.9,18.5,51.3,1,22
2026-08-24 12:34:55,38,66,79,17.8,50.9,18.6,51.1,1,27
2026-08-24 12:39:55,38,73,83,17.9,50.6,18.7,50.8,1,21
2026-08-24 12:44:55,37,69,80,17.9,50.3,18.7,50.5,1,27
2026-08-24 12:49:56,39,73,85,18,50.2,18.8,50.5,1,21
2026-08-24 12:54:55,38,72,85,18,50.4,18.8,50.7,1,26
2026-08-24 12:59:55,38,73,84,18,50.3,18.8,50.5,1,20
2026-08-24 13:04:55,38,70,83,18,50.4,18.9,50.6,1,20
2026-08-24 13:09:56,39,74,85,18.1,50.3,18.9,50.4,1,26
2026-08-24 13:14:55,38,76,85,18.1,50.2,18.9,50.4,1,20
2026-08-24 13:19:55,38,73,82,18.2,50.1,19,50.3,1,27
2026-08-24 13:24:55,39,76,85,18.2,50,19,50.1,1,19
2026-08-24 13:29:55,40,78,86,18.2,49.8,19,50,1,27
2026-08-24 13:34:55,43,81,88,18.2,49.7,19,49.9,1,21
2026-08-24 13:39:55,45,82,87,18.2,49.8,18.9,50,1,21
2026-08-24 13:44:56,38,71,83,18.1,49.7,18.9,49.8,1,27
2026-08-24 13:49:55,39,77,85,18.1,49.8,18.9,50.1,1,20
2026-08-24 13:54:55,42,76,86,18.1,49.9,18.8,50.2,1,26
2026-08-24 13:59:56,40,79,87,18.1,50,18.8,50.3,1,26
2026-08-24 14:04:56,42,81,89,18.1,49.8,18.8,50.2,1,21
2026-08-24 14:09:55,43,83,88,18.1,50,18.8,50.4,1,25
2026-08-24 14:14:56,40,77,85,18,49.8,18.8,50.3,1,22
2026-08-24 14:19:56,47,90,94,18.1,50,18.8,50.3,1,26
2026-08-24 14:24:56,47,90,96,18,50,18.8,50.2,1,21
2026-08-24 14:29:56,44,85,88,18,49.8,18.8,50.2,1,25
2026-08-24 14:34:56,45,84,89,18,49.9,18.8,50.2,1,26
2026-08-24 14:39:56,47,90,97,18,49.9,18.8,50.3,1,21
2026-08-24 14:44:56,44,84,91,18,50.1,18.8,50.3,1,25
2026-08-24 14:49:56,45,84,89,18,50.1,18.8,50.4,1,21
2026-08-24 14:54:56,43,80,87,18,50.1,18.8,50.6,1,26
2026-08-24 14:59:56,41,78,87,18,50.1,18.8,50.6,1,21
2026-08-24 15:04:56,45,83,89,18,50.2,18.7,50.8,1,27
2026-08-24 15:09:56,45,88,92,18,50.3,18.7,50.9,1,26
2026-08-24 15:15:13,54,105,113,18,50.4,18.7,50.9,1,26
2026-08-24 15:19:56,43,80,90,18,50.4,18.7,51.1,1,21
2026-08-24 15:24:58,41,79,89,18,50.5,18.7,51.1,1,28
2026-08-24 15:29:56,54,103,114,18,50.6,18.8,51.1,1,21
2026-08-24 15:34:59,45,88,91,18,50.3,18.8,50.8,1,26
2026-08-24 15:39:56,43,83,89,18,50.4,18.8,50.9,1,22
2026-08-24 15:44:59,40,85,90,18,50.4,18.8,50.9,1,26
2026-08-24 15:49:56,43,82,88,18,50.3,18.7,50.9,1,22
2026-08-24 15:54:59,39,76,87,18,50.3,18.7,50.8,1,25
2026-08-24 15:59:56,41,80,88,18,50.3,18.6,51.1,1,21
2026-08-24 16:04:59,40,79,87,17.9,50.3,18.6,51,1,28
2026-08-24 16:09:56,40,83,89,17.9,50.4,18.5,51.3,1,22
2026-08-24 16:14:56,40,79,88,17.9,50.6,18.5,51.4,1,27
2026-08-24 16:19:56,40,78,88,17.8,50.7,18.4,51.6,1,22
2026-08-24 16:24:56,40,81,89,17.8,50.6,18.4,51.5,1,26
2026-08-24 16:29:56,39,79,87,17.7,50.8,18.4,51.6,1,22
2026-08-24 16:34:56,40,80,89,17.7,50.7,18.4,51.7,1,29
2026-08-24 16:39:59,40,75,86,17.7,50.8,18.3,51.8,1,21
2026-08-24 16:44:56,40,79,90,17.7,50.8,18.3,51.7,1,26
2026-08-24 16:49:56,41,77,87,17.7,50.7,18.2,51.8,1,26
2026-08-24 16:54:56,36,69,84,17.6,50.9,18.1,51.8,1,22
2026-08-24 16:59:56,39,73,84,17.5,50.8,18,51.9,1,26
2026-08-24 17:04:56,37,69,83,17.5,50.9,18,52.1,1,22
2026-08-24 17:09:56,37,69,82,17.4,51,17.9,52.3,1,27
2026-08-24 17:14:56,37,68,82,17.3,51.2,17.9,52.4,1,27
2026-08-24 17:19:56,38,71,84,17.3,51.2,17.8,52.6,1,19
2026-08-24 17:24:56,36,67,80,17.3,51.3,17.7,52.7,1,26
2026-08-24 17:29:56,38,70,83,17.2,51.4,17.6,52.9,1,22
2026-08-24 17:34:56,39,69,84,17.2,51.6,17.5,53,1,28
2026-08-24 17:39:56,39,75,86,17.1,51.8,17.4,53.5,1,21
2026-08-24 17:44:56,38,70,84,17,51.8,17.3,53.3,1,26
2026-08-24 17:49:56,38,74,85,16.9,52,17.3,53.7,1,28
2026-08-24 17:54:56,38,75,89,16.9,51.8,17.2,54,1,21
2026-08-24 17:59:56,38,75,87,16.8,51.8,17.1,54,1,27
2026-08-24 18:04:56,38,66,81,16.8,52,17.1,53.8,1,22
2026-08-24 18:09:56,39,70,85,16.8,52.2,17,54.3,1,27
2026-08-24 18:14:56,39,71,86,16.7,52.5,17,54.6,1,20
2026-08-24 18:19:56,39,80,91,16.7,52.7,16.9,54.7,1,26
2026-08-24 18:24:56,37,70,84,16.6,52.5,16.9,54.2,1,20
2026-08-24 18:29:56,38,72,85,16.6,52.8,16.9,54.5,1,26
2026-08-24 18:34:56,38,72,85,16.6,53,16.9,55,1,22
2026-08-24 18:39:56,38,67,83,16.6,53.1,16.8,54.9,1,22
2026-08-24 18:44:56,38,70,84,16.5,53,16.8,55,1,28
2026-08-24 18:49:56,37,70,85,16.5,52.8,16.8,54.6,1,21
2026-08-24 18:54:57,36,66,81,16.5,53.2,16.8,55,1,25
2026-08-24 18:59:56,36,68,82,16.5,53.3,16.7,55.2,1,21
2026-08-24 19:04:57,39,72,85,16.5,53.3,16.7,55.3,1,21
2026-08-24 19:10:02,35,61,75,16.4,52.3,16.6,53.9,1,26
2026-08-24 19:14:56,34,61,77,16.4,51.9,16.6,53.6,1,27
2026-08-24 19:19:56,35,61,77,16.4,52.1,16.6,53.4,1,20
2026-08-24 19:24:56,34,63,81,16.4,51.7,16.6,53.2,1,20
2026-08-24 19:29:57,35,61,78,16.4,51.9,16.7,53.6,1,20
2026-08-24 19:34:56,35,62,80,16.4,52,16.7,53.5,1,20
2026-08-24 19:39:56,35,61,77,16.5,51.9,16.7,53.2,1,20
2026-08-24 19:44:56,36,62,79,16.5,52.2,16.8,53.7,1,20
2026-08-24 19:49:56,35,62,79,16.5,51.7,16.8,53.1,1,20
2026-08-24 19:54:56,36,64,79,16.5,51.3,16.8,52.6,1,20
2026-08-24 19:59:57,32,58,73,16.5,51.3,16.8,52.2,1,20
2026-08-24 20:04:56,34,59,76,16.5,51.1,16.8,52.3,1,20
2026-08-24 20:09:56,32,56,70,16.6,50.9,16.9,51.7,1,20
2026-08-24 20:14:56,36,62,78,16.6,50.1,16.9,50.4,1,20
2026-08-24 20:19:57,33,54,68,16.6,49.9,17,49.9,1,20
2026-08-24 20:24:57,30,56,69,16.7,49.7,17,50.7,1,20
2026-08-24 20:29:57,31,54,67,16.7,49,17.1,48.8,1,20
2026-08-24 20:34:57,33,56,70,16.7,49.4,17.1,49.9,1,20
2026-08-24 20:39:57,30,53,66,16.8,49.3,17.1,49.5,1,20
2026-08-24 20:44:56,30,52,63,16.8,49.1,17.2,49.2,1,20
2026-08-24 20:49:57,25,45,52,16.8,48.1,17.2,45.2,1,20
2026-08-24 20:54:57,1,5,5,16.8,44.3,17.2,40.9,0,20
2026-08-24 20:59:57,1,4,4,16.9,43.9,17.2,41.2,0,20
2026-08-24 21:04:57,1,4,4,16.8,41.9,17.1,37.4,0,20
2026-08-24 21:09:57,0,1,2,16.8,41,17.2,37.7,0,20
2026-08-24 21:14:57,10,26,30,16.9,43,17.3,41.1,0,20
2026-08-24 21:19:57,8,26,26,17,43.5,17.4,41.7,0,20
2026-08-24 21:24:57,10,26,29,17,43.6,17.4,41.5,0,20
2026-08-24 21:29:57,0,2,2,17,42.2,17.5,39,0,20
2026-08-24 21:34:57,0,0,0,17.1,39.9,17.5,34.7,0,20
2026-08-24 21:39:57,0,0,0,17.1,39.2,17.7,35.2,0,20
2026-08-24 21:44:56,0,0,0,17.2,38.9,17.9,34.6,0,20
2026-08-24 21:49:57,0,0,0,17.4,38,18.1,32.5,0,20
2026-08-24 21:54:57,0,0,0,17.5,37.7,18.3,31.8,0,20
2026-08-24 21:59:57,0,0,0,17.7,37.3,18.5,32.8,0,20
2026-08-24 22:09:57,0,0,0,18,36.6,18.9,32.3,0,20
2026-08-24 22:14:57,0,0,0,18.1,36.6,19,32.6,0,20
2026-08-24 22:19:57,0,0,0,18.2,36.9,19.1,33.3,0,20
2026-08-24 22:24:57,0,0,0,18.3,35.9,19.2,30.9,0,20
2026-08-24 22:29:57,0,0,0,18.4,34.7,19.3,29.2,0,20
2026-08-24 22:34:57,0,0,0,18.5,33.9,19.5,27.9,0,20
2026-08-24 22:39:57,0,0,0,18.6,34.4,19.6,30.1,0,20
2026-08-24 22:44:57,0,0,0,18.7,34,19.8,29.4,0,20
2026-08-24 22:49:57,0,0,0,18.8,33.7,19.8,28.6,0,20
2026-08-24 22:54:57,0,0,0,18.8,33.3,20,29,0,20
2026-08-24 22:59:57,0,0,0,18.9,32.7,20,27.2,0,20
2026-08-24 23:04:57,0,0,0,19,33.1,20.2,28.5,0,20
2026-08-24 23:09:57,0,0,0,19.1,33.5,20.2,29.3,0,20
2026-08-24 23:14:57,0,0,0,19.1,32.7,20.3,28,0,20
2026-08-24 23:19:57,0,0,0,19.2,33.1,20.3,28.8,0,20
2026-08-24 23:24:57,0,0,0,19.3,32.9,20.3,28.3,0,20
2026-08-24 23:29:57,0,0,0,19.2,33.1,20.4,29.3,0,20
2026-08-24 23:34:57,0,0,0,19.3,32.7,20.4,28.2,0,20
2026-08-24 23:39:57,0,0,0,19.3,32.8,20.4,27.9,0,20
2026-08-24 23:44:57,0,0,0,19.2,32.3,20.4,28,0,20
2026-08-24 23:49:57,2,8,12,19.3,33.8,20.5,30.6,0,20
2026-08-24 23:54:57,0,0,0,19.4,32.7,20.5,28.3,0,20
2026-08-24 23:59:57,0,0,0,19.4,32.6,20.5,28.3,0,20
2026-08-25 00:04:57,0,0,0,19.4,32.5,20.5,28.4,0,20
2026-08-25 00:09:57,0,0,0,19.4,32.2,20.5,27.7,0,20
2026-08-25 00:14:57,0,0,0,19.3,31.8,20.5,27.1,0,20
2026-08-25 00:19:57,0,0,0,19.4,32.1,20.5,28,0,20
2026-08-25 00:24:57,0,0,0,19.4,32.9,20.5,29.5,0,20
2026-08-25 00:29:57,0,0,0,19.4,32.7,20.5,28.4,0,20
2026-08-25 00:34:57,0,0,0,19.4,32.6,20.5,28.8,0,20
2026-08-25 00:39:57,0,0,0,19.4,33.1,20.5,29.8,0,18
2026-08-25 00:44:57,0,5,5,19.4,33.4,20.5,30.6,0,18
2026-08-25 00:49:57,25,44,54,19.4,36.7,20.4,35.8,0,18
2026-08-25 00:54:57,25,45,51,19.3,37.5,20.3,36.7,0,18
2026-08-25 00:59:57,26,46,54,19.3,38.3,20.1,37.6,0,18
2026-08-25 01:04:57,25,46,55,19.1,38.5,19.9,38,0,18
2026-08-25 01:09:57,26,46,59,19,38.6,19.7,38.6,0,18
2026-08-25 01:14:57,26,45,54,18.8,39.2,19.5,38.9,0,18
2026-08-25 01:19:58,25,43,51,18.7,39.6,19.4,39.4,0,18
2026-08-25 01:24:57,25,43,53,18.6,39.8,19.2,39.8,0,18
2026-08-25 01:29:57,27,45,55,18.5,40.7,19,40.8,0,18
2026-08-25 01:34:57,25,43,52,18.3,40.8,18.9,40.7,0,18
2026-08-25 01:39:57,29,52,63,18.2,41.8,18.7,42.4,0,18
2026-08-25 01:44:57,29,52,63,18.1,42.2,18.5,42.8,0,18
2026-08-25 01:49:57,29,50,62,18,42.7,18.4,44.2,0,18
2026-08-25 01:54:57,29,51,61,17.8,43.1,18.2,44,0,18
2026-08-25 01:59:57,29,52,66,17.7,43.4,18,44.5,0,18
2026-08-25 02:04:58,30,50,61,17.5,43.5,17.8,44.6,0,18
2026-08-25 02:09:57,28,52,63,17.4,44.1,17.7,45,0,25
2026-08-25 02:14:57,25,45,54,17.3,43.4,17.6,43.7,0,16
2026-08-25 02:19:58,23,41,52,17.2,43.2,17.5,43.3,0,17
2026-08-25 02:24:58,23,41,52,17.2,42.9,17.5,42.9,0,17
2026-08-25 02:29:58,17,38,44,17.1,42.4,17.4,42.1,0,17
2026-08-25 02:34:57,8,23,26,17.1,41.6,17.4,40.2,0,16
2026-08-25 02:39:57,0,0,0,17.1,39.2,17.4,35.4,0,17
2026-08-25 02:44:57,0,0,0,17.1,37.3,17.5,33.8,0,17
2026-08-25 02:49:57,0,0,0,17.2,37.3,17.7,33.8,0,17
2026-08-25 02:54:58,0,0,0,17.3,36.6,18,33.3,0,17
2026-08-25 02:59:57,0,0,0,17.5,36.7,18.2,33.7,0,17
2026-08-25 03:04:57,4,10,12,17.7,38,18.4,36,0,17
2026-08-25 03:09:58,4,10,13,17.8,38.3,18.6,36.2,0,17
2026-08-25 03:14:58,3,7,7,17.9,37.8,18.6,35.4,0,17
2026-08-25 03:19:57,2,6,6,18,37.9,18.7,35.7,0,17
2026-08-25 03:24:57,0,3,3,18,37.3,18.7,34.7,0,17
2026-08-25 03:29:57,0,5,5,18.1,37.5,18.8,35.1,0,17
2026-08-25 03:34:58,0,0,0,18.1,36.3,18.8,32.6,0,17
2026-08-25 03:39:57,0,0,0,18.1,35.5,18.9,32.8,0,17
2026-08-25 03:44:57,0,0,0,18.2,35.2,18.9,31.7,0,17
2026-08-25 03:49:57,0,0,0,18.2,35.4,19,32.4,0,17
2026-08-25 03:54:58,0,0,0,18.3,35.1,19.1,32.2,0,17
2026-08-25 03:59:58,0,0,0,18.3,35.2,19.2,32,0,17
2026-08-25 04:04:58,0,0,0,18.4,34.8,19.3,31.4,0,17
2026-08-25 04:09:58,0,0,0,18.5,35,19.3,31.8,0,17
2026-08-25 04:14:58,0,0,0,18.5,34.9,19.4,31.9,0,16
2026-08-25 04:19:58,0,0,0,18.6,35.1,19.4,32.3,0,16
2026-08-25 04:24:58,0,0,0,18.6,36.1,19.5,34.2,0,17
2026-08-25 04:29:58,0,0,0,18.6,36.4,19.5,34.3,0,17
2026-08-25 04:34:57,0,0,0,18.7,36.3,19.5,34.1,0,15
2026-08-25 04:39:58,0,0,0,18.7,36.4,19.5,34.3,0,26
2026-08-25 04:44:58,0,0,0,18.7,36.3,19.5,34.1,0,25
2026-08-25 04:49:58,0,0,0,18.6,36.3,19.4,34.1,0,14
2026-08-25 04:54:58,0,0,0,18.6,35.8,19.4,33.5,0,26
2026-08-25 04:59:58,0,0,0,18.6,35.3,19.4,32.7,0,25
2026-08-25 05:04:58,0,0,0,18.6,35.4,19.4,32.8,0,15
2026-08-25 05:09:58,0,0,0,18.6,35.6,19.4,33.2,0,15
2026-08-25 05:14:58,0,0,0,18.6,35.6,19.4,33,0,25
2026-08-25 05:19:58,0,0,0,18.6,35.1,19.4,32.4,0,25
2026-08-25 05:24:58,0,0,0,18.6,34.7,19.4,31.7,0,15
2026-08-25 05:29:58,0,0,0,18.6,34.6,19.4,31.9,0,25
2026-08-25 05:34:58,0,0,0,18.6,34.7,19.4,32,0,15
2026-08-25 05:39:58,0,0,0,18.6,34.9,19.4,32,0,25
2026-08-25 05:44:58,0,0,0,18.6,34.6,19.4,31.9,0,25
2026-08-25 05:49:58,0,0,0,18.6,35,19.4,32.5,0,26
2026-08-25 05:54:58,0,0,0,18.6,34.3,19.5,31.5,0,15
2026-08-25 05:59:58,0,0,0,18.6,34,19.5,31.1,0,25
2026-08-25 06:04:58,0,0,0,18.7,34.1,19.5,31.2,0,25
2026-08-25 06:09:58,0,0,0,18.7,34.2,19.6,31.2,0,25
2026-08-25 06:14:58,0,0,0,18.7,34.2,19.6,31.3,0,16
2026-08-25 06:19:58,0,0,0,18.8,34.3,19.7,31.5,0,25
2026-08-25 06:24:58,0,0,0,18.8,34.1,19.7,31.1,0,25
2026-08-25 06:29:58,0,0,0,18.8,34,19.8,31.2,0,25
2026-08-25 06:34:58,0,0,0,18.9,34,19.8,31.1,0,16
2026-08-25 06:39:58,0,0,0,18.9,33.9,19.8,31,0,25
2026-08-25 06:44:58,0,0,0,18.9,33.8,19.8,30.9,0,25
2026-08-25 06:49:58,0,0,0,18.9,34.1,19.9,31.2,0,15
2026-08-25 06:54:58,0,0,0,18.9,33.9,19.9,30.9,0,16
2026-08-25 06:59:58,0,0,0,18.9,33.8,19.9,31,0,28
2026-08-25 07:04:58,0,0,0,18.9,33.9,19.9,30.9,0,18
2026-08-25 07:09:58,0,0,0,18.9,33.6,19.9,30.6,0,21
2026-08-25 07:14:58,0,0,0,18.9,33.5,19.9,30,0,21
2026-08-25 07:19:58,0,0,0,18.9,33.6,19.9,30.6,0,21
2026-08-25 07:24:58,0,0,0,18.9,33.4,20,30.5,0,21
2026-08-25 07:29:58,0,0,0,19,33.3,20,30.5,0,21
2026-08-25 07:34:58,0,0,0,19,33.1,20.1,30.1,0,21
2026-08-25 07:39:58,0,0,0,19.1,33.1,20.1,29.8,0,21
2026-08-25 07:44:58,0,0,0,19.1,33,20.2,29.8,0,21
2026-08-25 07:49:58,0,0,0,19.1,33.2,20.2,29.6,0,21
2026-08-25 07:54:58,0,0,0,19.1,33.3,20.2,30.4,0,21
2026-08-25 07:59:58,0,0,0,19.1,33.9,20.1,31.2,0,21
2026-08-25 08:04:58,0,0,0,19.1,34,20.1,31.5,0,21
2026-08-25 08:09:58,0,0,0,19,33.8,20,31.1,0,21
2026-08-25 08:14:58,0,0,0,19,34.2,20,31.8,0,21
2026-08-25 08:19:58,0,0,0,19,34.4,19.9,32.1,0,25
2026-08-25 08:24:58,0,0,0,19,34.4,19.9,32,0,22
2026-08-25 08:29:58,0,0,0,18.9,34.2,19.8,31.8,0,26
2026-08-25 08:34:59,0,0,0,18.9,34.6,19.8,32.3,0,22
2026-08-25 08:39:58,0,0,0,18.9,34.7,19.7,32.4,0,28
2026-08-25 08:44:58,0,0,0,18.8,34.8,19.7,32.8,0,20
2026-08-25 08:49:58,0,0,0,18.8,34.9,19.6,32.8,0,26
2026-08-25 08:54:58,0,0,0,18.7,35,19.5,33,0,27
2026-08-25 08:59:58,0,0,0,18.7,35.5,19.5,33.6,0,19
2026-08-25 09:04:59,0,0,0,18.7,35.6,19.5,33.9,0,25
2026-08-25 09:09:59,0,0,0,18.7,35.3,19.5,33.1,0,20
2026-08-25 09:14:59,0,0,0,18.6,35.1,19.5,32.8,0,27
2026-08-25 09:19:59,0,0,0,18.7,35.4,19.5,33.2,0,25
2026-08-25 09:24:58,0,0,0,18.6,35.2,19.5,33.4,0,21
2026-08-25 09:29:58,0,0,0,18.6,35.6,19.5,33.4,0,26
2026-08-25 09:34:59,0,0,0,18.7,35.5,19.5,33.6,0,19
2026-08-25 09:39:59,0,0,0,18.6,35.6,19.5,33.6,0,25
2026-08-25 09:44:58,0,0,0,18.7,35.4,19.5,33.5,0,21
2026-08-25 09:49:59,0,0,0,18.7,36,19.5,34.2,0,27
2026-08-25 09:54:59,0,0,0,18.6,36,19.5,34,0,21
2026-08-25 09:59:59,0,0,0,18.7,36,19.5,33.8,0,27
2026-08-25 10:04:58,0,0,0,18.7,35.8,19.5,33.8,0,20
2026-08-25 10:09:59,0,0,0,18.7,35.9,19.6,34.2,0,26
2026-08-25 10:14:58,0,0,0,18.7,36.6,19.6,35,0,23
2026-08-25 10:19:59,0,0,0,18.7,36.1,19.6,34.3,0,26
2026-08-25 10:24:59,0,0,0,18.7,36.1,19.6,34.4,0,26
2026-08-25 10:29:59,0,0,0,18.8,36.1,19.6,33.9,0,27
2026-08-25 10:34:59,0,0,0,18.8,36,19.7,33.9,0,22
2026-08-25 10:39:59,1,4,5,18.8,36.2,19.7,34.2,0,27
2026-08-25 10:44:59,0,0,0,18.8,36,19.7,34,0,20
2026-08-25 10:49:59,0,0,0,18.8,35.8,19.8,33.4,0,27
2026-08-25 10:54:59,0,0,0,18.9,36,19.8,34,0,21
2026-08-25 10:59:59,0,0,0,18.9,35.7,19.9,33.4,0,26
2026-08-25 11:04:59,0,0,0,18.9,35.8,19.9,33.3,0,20
2026-08-25 11:09:59,0,0,0,18.9,35.8,19.9,33.5,0,27
2026-08-25 11:14:59,0,0,0,19,35.8,20,33.1,0,22
2026-08-25 11:19:59,0,0,0,19,35.7,20.1,33.4,0,24
2026-08-25 11:24:59,0,0,0,19.1,35.6,20.1,33.3,0,26
2026-08-25 11:29:59,0,0,0,19.1,35.7,20.2,33.2,0,22
2026-08-25 11:34:59,0,0,0,19.2,35.8,20.2,33.3,0,25
2026-08-25 11:39:59,0,0,0,19.2,35.6,20.3,32.7,0,19
2026-08-25 11:44:59,0,0,0,19.3,35.3,20.4,32.7,0,26
2026-08-25 11:49:59,0,0,0,19.3,35.7,20.4,33.1,0,20
2026-08-25 11:54:59,0,13,16,19.4,35.6,20.5,33,0,27
2026-08-25 11:59:59,0,0,0,19.4,35.3,20.5,32,0,21
2026-08-25 12:04:59,0,0,0,19.4,35,20.6,31.9,0,27
2026-08-25 12:09:59,0,0,0,19.5,35.2,20.7,32.6,0,20
2026-08-25 12:14:59,0,0,0,19.5,34.7,20.7,31.8,0,20
2026-08-25 12:19:59,0,0,0,19.6,34.6,20.8,31.3,0,25
2026-08-25 12:24:59,0,0,0,19.6,34.6,20.8,31.6,0,21
2026-08-25 12:29:59,0,0,0,19.7,34.5,20.9,31.2,0,28
2026-08-25 12:34:59,0,0,0,19.7,34.7,21,31.8,0,26
2026-08-25 12:39:59,0,0,0,19.8,34.5,21,31.4,0,21
2026-08-25 12:44:59,0,0,0,19.8,34.6,21.1,31.8,0,26
2026-08-25 12:49:59,0,1,1,19.9,34.5,21.1,31.3,0,22
2026-08-25 12:54:59,0,0,0,19.9,34.1,21.2,30.9,0,25
2026-08-25 12:59:59,0,0,0,19.9,34.1,21.2,31,0,21
2026-08-25 13:04:59,0,0,0,19.9,34.2,21.2,31,0,27
2026-08-25 13:09:59,0,1,1,20,33.8,21.3,30.9,0,19
2026-08-25 13:14:59,0,0,0,20,34,21.3,31.1,0,27
2026-08-25 13:19:59,0,0,0,20,34,21.3,31.6,0,29
2026-08-25 13:24:59,0,9,14,20.1,34,21.4,30.8,0,29
2026-08-25 13:29:59,0,0,0,20.1,34.1,21.4,31.4,0,25
2026-08-25 13:34:59,0,0,0,20.1,34.3,,,0,21
2026-08-25 13:39:59,0,0,0,20.2,33.9,,,0,27
2026-08-25 13:44:59,0,2,4,20.1,33.8,,,0,29
2026-08-25 13:49:59,0,0,0,20.2,34.3,,,0,27
2026-08-25 13:54:59,0,0,0,20.2,34.1,,,0,26
2026-08-25 13:59:59,0,0,0,20.2,34.2,,,0,20
2026-08-25 14:04:59,0,0,0,20.2,35,,,0,27
2026-08-25 14:09:59,0,0,0,20.2,35.4,,,0,26
2026-08-25 14:15:00,0,0,0,20.1,35.7,,,0,26
2026-08-25 14:20:00,0,0,0,20.1,35.2,,,0,19
2026-08-25 14:24:59,0,0,0,20.1,35.1,,,0,27
2026-08-25 14:29:59,0,0,0,20,34.9,,,0,21
2026-08-25 14:34:59,0,0,0,20,34.4,,,0,26
2026-08-25 14:40:00,0,0,0,19.9,34.2,,,0,27
2026-08-25 14:44:59,0,0,0,19.9,34.1,,,0,20
2026-08-25 14:49:59,0,0,0,19.9,34.3,,,0,26
2026-08-25 14:55:00,0,0,0,19.8,34,,,0,26
2026-08-25 14:59:59,0,1,1,19.8,35.1,,,0,26
2026-08-25 15:04:59,0,1,2,19.9,36.6,,,0,20
2026-08-25 15:09:59,0,2,2,19.8,37.3,,,0,20
2026-08-25 15:14:59,0,2,2,19.8,37.8,,,0,28
2026-08-25 15:19:59,0,6,7,19.7,38.4,,,0,25
2026-08-25 15:24:59,2,6,6,19.7,38.6,,,0,26
2026-08-25 15:30:00,1,2,3,19.6,39.2,,,0,27
2026-08-25 15:34:59,1,6,6,19.5,39.4,20.5,38.8,0,26
2026-08-25 15:39:59,0,4,5,19.4,39.4,20.4,38.7,0,22
2026-08-25 15:44:59,0,4,5,19.3,39.8,20.2,39.1,0,25
2026-08-25 15:49:59,0,1,1,19.2,39.3,20,38.2,0,26
2026-08-25 15:55:00,0,0,0,19,36.9,19.9,34.9,0,26
2026-08-25 16:00:00,0,0,0,19,37.4,19.8,35.5,0,25
2026-08-25 16:04:59,0,0,0,18.9,36.5,19.8,34.4,0,26
2026-08-25 16:10:00,0,0,0,18.9,37.3,19.8,35.8,0,26
2026-08-25 16:14:59,0,1,1,18.9,37.6,19.8,36.1,0,26
2026-08-25 16:20:00,1,5,6,18.9,37.3,19.8,36,0,27
2026-08-25 16:25:00,0,0,0,18.9,37.5,19.8,35.7,0,26
2026-08-25 16:30:00,0,0,0,18.9,37.3,19.9,35.5,0,25
2026-08-25 16:35:00,0,0,0,18.9,37.1,19.9,35.4,0,26
2026-08-25 16:40:00,0,1,2,19,38,19.9,37.2,0,27
2026-08-25 16:45:00,0,4,4,18.9,39.3,19.9,39.2,0,27
2026-08-25 16:50:00,4,14,15,19,40.2,19.9,39.9,0,26
2026-08-25 16:55:00,3,7,7,18.9,40.9,19.8,40.7,0,25
2026-08-25 16:59:59,1,4,4,18.9,41,19.8,40.9,0,29
2026-08-25 17:05:00,1,5,5,18.9,41.1,19.7,40.9,0,25
2026-08-25 17:09:59,0,1,1,18.8,41.1,19.6,40.5,0,27
2026-08-25 17:15:00,0,1,1,18.8,40.6,19.5,40.1,0,26
2026-08-25 17:20:00,0,0,0,18.7,40.3,19.5,39.5,0,28
2026-08-25 17:25:00,0,1,1,18.7,40.2,19.4,39.4,0,26
2026-08-25 17:30:00,0,0,0,18.6,40.6,19.3,40.1,0,21
2026-08-25 17:35:00,0,0,0,18.6,41.5,19.3,41.5,0,26
2026-08-25 17:40:00,17,31,32,18.5,41.5,19.3,41.3,0,26
2026-08-25 17:45:00,6,21,21,18.5,41.6,19.2,41.3,0,21
2026-08-25 17:50:00,0,0,1,18.5,42,19.2,41.8,0,26
2026-08-25 17:55:00,0,0,0,18.5,41.5,19.1,41.1,0,26
2026-08-25 18:00:00,0,0,0,18.4,41.2,19.1,40.2,0,20
2026-08-25 18:05:00,0,0,0,18.4,40.5,19.1,39.4,0,27
2026-08-25 18:10:00,0,0,0,18.4,40.4,19,39.6,0,21
2026-08-25 18:15:00,0,0,0,18.3,41.1,19,40.1,0,18
2026-08-25 18:20:00,0,0,0,18.3,41.7,19,41.7,0,26
2026-08-25 18:25:00,0,0,0,18.3,42.7,18.9,42.9,0,20
2026-08-25 18:30:00,0,0,0,18.2,42.2,18.9,42,0,20
2026-08-25 18:35:00,0,0,0,18.2,43.2,18.8,43.7,0,20
2026-08-25 18:40:00,0,0,0,18.2,43.2,18.8,43.3,0,20
2026-08-25 18:45:00,0,0,0,18.1,42.9,18.7,42.8,0,20
2026-08-25 18:50:00,0,0,0,18.1,42.6,18.7,42.1,0,20
2026-08-25 18:55:00,0,0,0,18,42.4,18.6,41.6,0,20
2026-08-25 19:00:00,0,0,0,18,42,18.6,41.5,0,20
2026-08-25 19:05:00,0,0,0,18,41.8,18.5,41.1,0,20
2026-08-25 19:10:00,0,0,0,17.9,41.4,18.5,40.6,0,25
2026-08-25 19:15:00,0,0,0,17.9,41,18.4,39.6,0,19
2026-08-25 19:20:00,0,0,0,17.8,40,18.4,38.4,0,19
2026-08-25 19:25:00,0,0,0,17.8,39.6,18.3,38.1,0,19
2026-08-25 19:30:00,0,0,0,17.8,39.5,18.2,38.1,0,19
2026-08-25 19:35:00,0,0,0,17.7,39,18.2,37.1,0,19
2026-08-25 19:40:00,0,0,0,17.7,37.9,18.2,34.6,0,19
2026-08-25 19:45:00,0,0,0,17.7,38.5,18.2,36.9,0,19
2026-08-25 19:50:00,0,0,0,17.7,39.2,18.2,38.2,0,19
2026-08-25 19:55:00,0,0,0,17.7,39.2,18.3,38,0,19
2026-08-25 20:00:00,0,0,0,17.7,39.7,18.3,38.6,0,19
2026-08-25 20:05:00,0,0,0,17.7,40.2,18.3,39.5,0,19
2026-08-25 20:10:00,0,3,3,17.7,42.5,18.3,43.2,0,19
2026-08-25 20:15:00,3,6,6,17.8,43.9,18.3,45.2,0,19
2026-08-25 20:20:00,5,9,9,17.7,44.3,18.2,45.7,0,19
2026-08-25 20:25:01,4,6,6,17.7,44.9,18.2,46.2,0,19
2026-08-25 20:30:00,5,9,9,17.6,45.2,18.1,46.4,0,19
2026-08-25 20:35:00,5,9,13,17.6,45.2,18.1,46.2,0,19
2026-08-25 20:40:00,5,10,10,17.5,45.6,18,46.9,0,19
2026-08-25 20:45:00,6,15,15,17.5,46,17.9,47.4,0,19
2026-08-25 20:50:01,4,9,9,17.5,45.7,17.9,46.7,0,19
2026-08-25 20:55:00,5,9,10,17.5,46.5,18.2,47.5,1,19
2026-08-25 21:00:00,5,9,9,17.6,46,18.3,46,1,19
2026-08-25 21:05:00,2,8,8,17.6,45.1,18.2,45,0,19
2026-08-25 21:10:00,0,0,0,17.5,42,18.1,39.2,0,19
2026-08-25 21:15:00,0,0,0,17.5,41.6,18,40,0,19
2026-08-25 21:20:00,3,7,7,17.5,44,17.9,44.7,0,19
2026-08-25 21:25:00,6,12,12,17.4,45.5,17.9,46.6,0,19
2026-08-25 21:30:01,6,12,13,17.4,45.9,17.7,47.2,0,19
2026-08-25 21:35:01,5,16,17,17.5,46,18.2,46.8,1,19
2026-08-25 21:40:00,6,18,18,17.5,46.1,18.1,46.7,1,19
2026-08-25 21:45:01,6,13,14,17.4,46.1,18,46.6,1,19
2026-08-25 21:50:00,8,22,23,17.4,46.4,17.9,47,1,19
2026-08-25 21:55:01,5,13,16,17.3,46.5,17.8,47.2,1,19
2026-08-25 22:00:01,5,12,18,17.3,46.5,17.7,47.3,1,19
2026-08-25 22:05:01,6,16,17,17.2,46.6,17.6,47.8,1,19
2026-08-25 22:10:00,5,15,19,17.2,47,17.6,48.3,1,19
2026-08-25 22:15:01,5,13,14,17.1,47.3,17.5,48.5,1,19
2026-08-25 22:20:02,5,13,15,17,47.4,17.4,48.6,1,19
2026-08-25 22:25:01,4,12,13,17,47.6,17.3,48.9,1,19
2026-08-25 22:30:01,4,15,16,16.9,47.8,17.3,49.3,1,22
2026-08-25 22:35:01,6,15,19,16.9,48,17.2,49.4,1,19
2026-08-25 22:40:01,7,18,21,16.8,47.8,17.2,49,1,19
2026-08-25 22:45:01,5,14,15,16.8,47.5,17.1,48.7,1,19
2026-08-25 22:50:01,4,10,10,16.8,47.3,17.1,48.2,1,19
2026-08-25 22:55:01,4,10,10,16.7,47.3,17,48.1,1,19
2026-08-25 23:00:01,3,9,9,16.7,47.4,17,48.3,1,19
2026-08-25 23:05:01,3,8,8,16.7,46.8,17,47.5,1,18
2026-08-25 23:10:01,1,4,4,16.7,46.3,17,46.1,1,19
2026-08-25 23:15:01,2,5,5,16.7,46.2,17.1,46.3,1,19
2026-08-25 23:20:01,0,2,3,16.8,45.7,17.1,45.3,1,19
2026-08-25 23:25:01,0,1,1,16.8,44.3,17.2,43.3,1,19
2026-08-25 23:30:01,0,1,1,16.8,44.4,17.2,43.9,1,19
2026-08-25 23:35:01,0,1,1,16.9,44.4,17.3,43.7,1,19
2026-08-25 23:40:01,0,1,2,16.9,44.3,17.4,44,1,19
2026-08-25 23:45:01,0,2,2,16.9,44.9,17.4,44.2,1,19
2026-08-25 23:50:01,1,4,5,17,44.9,17.5,44.2,1,19
2026-08-25 23:55:01,0,1,1,17,43.9,17.5,42.9,0,19
2026-08-26 00:00:01,0,2,2,17,43.8,17.4,43.1,0,19
2026-08-26 00:05:01,0,5,7,17,44.8,17.5,44.4,1,19
2026-08-26 00:10:01,0,2,3,17.1,44.6,17.8,43.9,1,19
2026-08-26 00:15:01,1,5,6,17.1,44.8,17.6,44.4,0,19
2026-08-26 00:20:01,1,4,4,17.1,44.8,17.7,44.5,1,19
2026-08-26 00:25:01,0,5,5,17.1,45,17.7,44.6,1,19
2026-08-26 00:30:01,5,10,13,17.1,45.9,17.6,46.4,1,19
2026-08-26 00:35:01,6,13,17,17.1,46.6,17.6,47.2,1,19
2026-08-26 00:40:01,5,19,20,17.1,46.8,17.6,47.4,1,19
2026-08-26 00:45:01,4,14,17,17.1,47,17.5,47.6,1,19
2026-08-26 00:50:01,4,15,17,17,47.1,17.5,47.8,1,19
2026-08-26 00:55:01,5,15,16,17,47.1,17.4,47.9,1,19
2026-08-26 01:00:01,5,17,18,17,47.4,17.4,48.2,1,19
2026-08-26 01:05:01,6,17,18,16.9,47.7,17.3,48.9,1,19
2026-08-26 01:10:01,8,19,19,16.8,47.8,17.2,49.4,1,19
2026-08-26 01:15:01,8,23,25,16.8,48.1,17.1,49.7,1,19
2026-08-26 01:20:01,8,22,22,16.7,48.4,17,50,1,19
2026-08-26 01:25:01,8,22,23,16.6,48.4,16.8,50.3,1,19
2026-08-26 01:30:01,7,21,22,16.6,48.7,16.7,50.5,1,19
2026-08-26 01:35:01,8,19,23,16.5,48.9,16.6,50.8,1,19
2026-08-26 01:40:01,8,21,21,16.4,49,16.5,51.1,1,19
2026-08-26 01:45:01,8,20,20,16.3,49.2,16.4,51.5,1,19
2026-08-26 01:50:01,8,18,18,16.2,49.5,16.3,51.7,1,19
2026-08-26 01:55:01,5,19,21,16.2,49.5,16.3,51.8,1,19
2026-08-26 02:00:01,5,16,16,16.1,49.7,16.2,51.7,1,19
2026-08-26 02:05:01,8,16,16,16,49.6,16.1,51.9,1,19
2026-08-26 02:10:01,5,20,21,16,49.7,16.1,51.9,1,18
2026-08-26 02:15:01,7,17,17,16,50,16.1,52.2,1,19
2026-08-26 02:20:01,5,18,18,15.9,50,16.1,52,1,19
2026-08-26 02:25:01,8,22,26,15.9,50.1,16.1,52.4,1,25
2026-08-26 02:30:01,7,21,22,16,50.4,16.1,52.6,1,25
2026-08-26 02:35:01,8,20,21,16,50.6,16.1,52.7,1,25
2026-08-26 02:40:01,5,15,17,16,50.1,16.1,51.8,1,25
2026-08-26 02:45:01,4,10,10,15.9,49.8,16.1,51.3,1,25
2026-08-26 02:50:01,5,14,15,16,49.7,16.1,51.2,1,16
2026-08-26 02:55:01,9,24,26,16,50.3,16.1,52.4,1,16
2026-08-26 03:00:01,7,17,20,16,50.3,16.1,52.6,1,16
2026-08-26 03:05:01,5,18,20,16,50.2,16.1,51.8,1,16
2026-08-26 03:10:01,8,20,24,15.9,50.3,16.1,52.3,1,16
2026-08-26 03:15:01,7,21,22,15.9,50.7,16.1,52.7,1,16
2026-08-26 03:20:01,9,26,26,15.9,51,16.1,53.2,1,16
2026-08-26 03:25:01,13,28,29,15.9,50.7,16,53,1,16
2026-08-26 03:30:01,13,30,31,15.9,50.8,16,53,1,16
2026-08-26 03:35:01,10,29,33,15.9,51,16,53.3,1,16
2026-08-26 03:40:01,10,28,30,15.8,51.2,15.9,53.6,1,16
2026-08-26 03:45:02,9,28,31,15.8,51.4,15.9,53.8,1,16
2026-08-26 03:50:01,13,32,32,15.8,51.4,15.9,54.1,1,16
2026-08-26 03:55:01,5,17,17,15.7,51.4,15.8,53.8,1,16
2026-08-26 04:00:02,6,15,15,15.7,51.4,15.7,53.9,1,16
2026-08-26 04:05:02,4,13,15,15.7,51.4,15.7,53.9,1,16
2026-08-26 04:10:02,7,13,15,15.6,51.6,15.6,54.1,1,16
2026-08-26 04:15:01,6,10,10,15.6,51.7,15.6,54.4,1,16
2026-08-26 04:20:01,3,15,15,15.6,51.7,15.5,54.2,1,16
2026-08-26 04:25:01,4,9,10,15.5,51.5,15.5,54.1,1,26
2026-08-26 04:30:02,1,5,7,15.4,51.6,15.4,53.9,1,26
2026-08-26 04:35:01,1,4,4,15.4,51.5,15.4,53.7,1,26
2026-08-26 04:40:02,2,8,10,15.4,51.6,15.4,54.1,1,26
2026-08-26 04:45:02,2,7,7,15.4,51.7,15.4,54.3,1,26
2026-08-26 04:50:02,2,7,8,15.3,51.9,15.3,54.4,1,26
2026-08-26 04:55:01,2,8,8,15.3,51.9,15.3,54.4,1,26
2026-08-26 05:00:02,3,6,9,15.3,52.1,15.3,54.6,1,26
2026-08-26 05:05:02,1,7,8,15.3,52.1,15.2,54.7,1,26
2026-08-26 05:10:02,2,6,6,15.2,52.2,15.2,54.8,1,25
2026-08-26 05:15:02,1,6,6,15.2,52.2,15.2,54.6,1,25
2026-08-26 05:20:02,0,4,4,15.2,52.2,15.2,54.7,1,25
2026-08-26 05:25:02,1,6,7,15.2,52.6,15.1,54.9,1,25
2026-08-26 05:30:02,0,4,4,15.2,52.7,15.1,55,1,26
2026-08-26 05:35:02,0,3,4,15.1,52.7,15.1,55.2,1,17
2026-08-26 05:40:02,0,4,4,15.1,53.1,15.1,55.2,1,17
2026-08-26 05:45:02,0,4,6,15.1,52.9,15.1,55.4,1,17
2026-08-26 05:50:02,1,2,2,15.1,53,15.1,55.4,1,17
2026-08-26 05:55:02,0,4,4,15.1,53.2,15.1,55.5,1,17
2026-08-26 06:00:02,0,4,4,15.1,53.4,15,55.9,1,17
2026-08-26 06:05:02,0,4,4,15.1,53.5,15,55.8,1,17
2026-08-26 06:10:02,1,4,4,15.1,53.6,15,56.1,1,17
2026-08-26 06:15:02,2,6,6,15.1,53.7,15,56.3,1,17
2026-08-26 06:20:02,0,3,4,15,53.6,14.9,56.2,1,17
2026-08-26 06:25:02,2,2,3,15,53.7,14.9,56.2,1,17
2026-08-26 06:30:02,1,6,6,15,53.6,14.9,56.2,1,17
2026-08-26 06:35:02,0,7,7,15,53.8,14.9,56.4,1,17
2026-08-26 06:40:02,1,1,2,15,53.9,14.8,56.5,1,17
2026-08-26 06:45:02,1,4,6,15,54.1,14.8,56.6,1,17
2026-08-26 06:50:02,1,6,6,15,54.1,14.8,56.7,1,17
2026-08-26 06:55:02,2,6,6,14.9,54.2,14.8,56.7,1,17
2026-08-26 07:00:02,1,4,4,15,54.1,14.9,56.6,1,17
2026-08-26 07:05:02,1,6,7,15,54.1,14.9,56.7,1,21
2026-08-26 07:10:02,1,6,6,15,54.2,14.9,56.5,1,18
2026-08-26 07:15:02,1,4,6,15,54,14.9,56.4,1,21
2026-08-26 07:20:26,2,7,7,15,54.1,14.9,56.5,1,18
2026-08-26 07:25:02,1,7,8,15,54.1,14.9,56.5,1,21
2026-08-26 07:30:02,1,6,6,15,54.1,14.9,56.5,1,18
2026-08-26 07:35:02,1,7,9,15,54.2,14.9,56.5,1,19
2026-08-26 07:40:02,2,6,6,15,54.2,14.9,56.6,1,19
2026-08-26 07:45:02,3,7,8,15,54.2,15,56.6,1,19
2026-08-26 07:50:02,1,6,6,15,54.2,15,56.6,1,19
2026-08-26 07:55:02,2,7,7,15.1,54.3,15,56.6,1,19
2026-08-26 08:00:02,2,7,7,15.1,54.2,15,56.6,1,19
2026-08-26 08:05:02,2,6,6,15.1,54.2,15,56.5,1,18
2026-08-26 08:10:02,1,4,4,15.1,54.3,15,56.6,1,21
2026-08-26 08:15:02,0,4,4,15.1,54.2,15,56.4,1,21
2026-08-26 08:20:02,0,7,8,15.1,54.2,15,56.5,1,27
2026-08-26 08:25:02,3,9,9,15.1,54.3,15.1,56.6,1,21
2026-08-26 08:30:02,1,7,9,15.1,54.3,15.1,56.4,1,26
2026-08-26 08:35:02,0,3,3,15.1,54.2,15.1,56.3,1,21
2026-08-26 08:40:02,1,6,6,15.2,54.2,15.1,56.3,1,25
2026-08-26 08:45:02,1,4,6,15.2,54.3,15.1,56.5,1,20
2026-08-26 08:50:02,1,6,7,15.1,54.2,15.1,56.6,1,25
2026-08-26 08:55:02,1,6,6,15.1,54.2,15.1,56.5,1,21
2026-08-26 09:00:03,0,4,4,15.1,54.1,15.1,56.2,1,25
2026-08-26 09:05:02,1,9,9,15.1,54.2,15.1,56.5,1,20
2026-08-26 09:10:02,1,6,7,15.1,54.3,15.1,56.5,1,25
2026-08-26 09:15:02,1,4,6,15.2,54.2,15.1,56.4,1,19
2026-08-26 09:20:03,1,6,6,15.1,54.3,15.1,56.6,1,26
2026-08-26 09:25:02,1,7,7,15.1,54.3,15.1,56.6,1,19
2026-08-26 09:30:03,18,36,36,15.2,54.5,15.1,56.8,1,26
2026-08-26 09:35:02,6,20,23,15.2,54.5,15.1,56.8,1,20
2026-08-26 09:40:03,2,8,8,15.2,54.5,15.1,56.8,1,27
2026-08-26 09:45:02,2,7,7,15.2,54.5,15.1,56.7,1,18
2026-08-26 09:50:03,2,8,8,15.2,54.4,15.1,56.5,1,21
2026-08-26 09:55:02,3,9,9,15.2,54.4,15.1,56.7,1,24
2026-08-26 10:00:03,3,9,11,15.2,54.4,15.1,56.6,1,19
2026-08-26 10:05:03,4,8,10,15.2,54.5,15.1,56.7,1,25
2026-08-26 10:10:02,4,9,10,15.2,54.4,15.1,56.5,1,21
2026-08-26 10:15:03,4,9,9,15.2,54.3,15.2,56.4,1,19
2026-08-26 10:20:03,3,8,8,15.2,54.4,15.2,56.4,1,21
2026-08-26 10:25:02,3,7,8,15.2,54.1,15.2,56.2,1,24
2026-08-26 10:30:03,4,8,9,15.2,54.1,15.2,56.1,1,20
2026-08-26 10:35:03,3,7,9,15.2,54.1,15.2,55.8,1,26
2026-08-26 10:40:03,6,14,15,15.2,53.9,15.3,55.9,1,18
2026-08-26 10:45:03,3,9,9,15.3,53.8,15.3,55.7,1,25
2026-08-26 10:50:03,6,10,10,15.3,54.1,15.3,56,1,21
2026-08-26 10:55:03,4,13,13,15.3,53.9,15.3,55.9,1,26
2026-08-26 11:00:03,3,9,13,15.3,54,15.2,56,1,20
2026-08-26 11:05:03,6,13,13,15.3,54,15.2,56,1,26
2026-08-26 11:10:03,4,14,14,15.3,53.9,15.2,56,1,26
2026-08-26 11:13:01,9,11,11,15.1,54.4,15.2,55.9,1,27
2026-08-26 11:18:01,4,13,14,15.3,54.1,15.2,56,1,28
2026-08-26 11:23:01,3,9,10,15.3,54,15.2,55.8,1,27
2026-08-26 11:28:01,2,11,11,15.3,53.7,15.2,55.6,1,27
2026-08-26 11:33:01,4,7,8,15.3,53.6,15.3,55.5,1,22
2026-08-26 11:38:01,2,7,7,15.3,53.4,15.3,55.2,1,26
2026-08-26 11:43:01,2,8,8,15.4,53.5,15.4,54.9,1,28
2026-08-26 11:48:01,6,21,24,15.4,53.3,15.4,55,1,27
2026-08-26 11:53:01,3,16,16,15.4,53.6,15.4,55.4,1,28
2026-08-26 11:58:01,4,13,16,15.5,53.7,15.5,55.3,1,25
2026-08-26 12:03:01,4,14,14,15.5,53.6,15.5,55.5,1,26
2026-08-26 12:08:40,6,26,29,15.5,53.8,15.6,55.6,1,22
2026-08-26 12:13:01,7,19,19,15.6,53.6,15.6,55.4,1,21
2026-08-26 12:18:01,7,19,23,15.5,53.9,15.6,56,1,28
2026-08-26 12:23:09,6,15,15,15.6,53.8,15.6,55.6,1,20
2026-08-26 12:28:01,4,19,24,15.5,54,15.5,56.3,1,28
2026-08-26 12:33:01,6,19,20,15.5,54,15.5,56.2,1,21
2026-08-26 12:38:01,4,14,15,15.5,53.9,15.5,56,1,27
2026-08-26 12:43:01,6,21,23,15.5,54.4,15.5,56.8,1,22
2026-08-26 12:48:01,6,19,19,15.5,54.5,15.5,57,1,27
2026-08-26 12:53:01,8,26,27,15.5,54.7,15.6,57.1,1,27
2026-08-26 12:58:01,8,24,24,15.6,54.8,15.7,57,1,21
2026-08-26 13:03:01,8,24,27,15.6,55,15.7,57.2,1,26
2026-08-26 13:08:35,9,28,28,15.7,55.1,15.8,57.5,1,28
2026-08-26 13:13:01,9,27,28,15.7,54.7,15.8,56.7,1,26
2026-08-26 13:18:01,8,21,21,15.7,54.7,15.9,56.5,1,21
2026-08-26 13:23:01,21,48,60,15.7,54.7,15.9,56.6,1,26
2026-08-26 13:28:01,9,28,30,15.8,54.4,15.9,56.2,1,26
2026-08-26 13:33:01,9,26,26,15.8,54.2,15.9,55.9,1,24
2026-08-26 13:38:01,14,33,34,15.8,54.2,15.9,56.2,1,22
2026-08-26 13:43:01,8,26,26,15.8,54.4,15.8,56.4,1,26
2026-08-26 13:48:02,8,24,24,15.7,54.4,15.8,56.5,1,26
2026-08-26 13:53:01,9,29,29,15.7,54.2,15.8,56.2,1,26
2026-08-26 13:58:02,5,22,23,15.7,54.1,15.7,55.9,1,21
2026-08-26 14:03:01,8,24,27,15.7,53.8,15.7,55.6,1,25
2026-08-26 14:08:33,10,28,29,15.7,53.9,15.6,56.1,1,27
2026-08-26 14:13:01,3,16,20,15.6,53.2,15.6,54.7,1,26
2026-08-26 14:18:02,4,8,8,15.6,52.6,15.6,53.6,1,26
2026-08-26 14:23:01,0,0,1,15.7,50.8,15.6,51.1,1,26
2026-08-26 14:28:01,0,1,1,15.6,49.2,15.6,48.4,1,25
2026-08-26 14:33:01,0,0,0,15.6,46.4,15.6,44.6,1,27
2026-08-26 14:38:01,0,0,0,15.6,46.6,15.6,45,1,21
2026-08-26 14:43:02,0,0,0,15.5,46.5,15.5,45.7,1,25
2026-08-26 14:48:01,0,0,0,15.5,46.2,15.4,45.3,1,26
2026-08-26 14:53:01,0,0,0,15.4,46.2,15.3,45.4,1,21
2026-08-26 14:58:02,0,0,0,15.4,46,15.3,45.7,1,24
2026-08-26 15:03:01,0,0,0,15.3,45.1,15.2,44.6,1,21
2026-08-26 15:08:42,0,0,0,15.3,44.9,15.1,44.1,1,25
2026-08-26 15:13:01,0,0,0,15.3,44.3,15.1,43.5,1,26
2026-08-26 15:18:01,0,0,0,15.2,44.1,15.1,43.5,1,21
2026-08-26 15:23:02,0,0,0,15.2,44.2,15.1,43.3,1,22
2026-08-26 15:28:02,0,0,0,15.2,44.6,15,44.1,1,25
2026-08-26 15:33:02,0,0,0,15.2,44.4,15,43.9,1,25
2026-08-26 15:38:02,0,0,0,15.2,44.1,15,43.4,1,22
2026-08-26 15:43:01,0,0,0,15.2,43.6,15,42.6,1,25
2026-08-26 15:48:02,0,0,0,15.2,43.5,15,42.7,1,22
2026-08-26 15:53:02,0,0,0,15.2,43.2,15.1,42.5,1,18
2026-08-26 15:58:02,0,0,0,15.2,43.2,15.1,42.3,1,24
2026-08-26 16:03:02,0,0,0,15.2,43.8,15.2,43.5,1,20
2026-08-26 16:08:37,20,35,36,15.3,47.3,15.3,49.9,1,25
2026-08-26 16:13:02,25,42,48,15.4,49.7,15.4,53,1,25
2026-08-26 16:18:02,32,53,66,15.4,50.9,15.4,54.4,1,21
2026-08-26 16:23:02,26,40,44,15.5,51.5,15.5,54.9,1,27
2026-08-26 16:28:01,25,39,44,15.5,51.6,15.5,54.8,1,22
2026-08-26 16:33:02,22,35,40,15.6,52,15.6,54.9,1,25
2026-08-26 16:38:01,22,39,44,15.6,51.7,15.6,54.9,1,20
2026-08-26 16:43:02,25,38,44,15.6,52.1,15.6,55.4,1,24
2026-08-26 16:48:02,21,38,43,15.6,52.7,15.6,55.6,1,22
2026-08-26 16:53:02,23,36,40,15.6,52.9,15.6,55.8,1,26
2026-08-26 16:58:02,22,39,42,15.6,53.2,15.6,56.1,1,22
2026-08-26 17:03:02,33,51,61,15.6,53.2,15.6,55.9,1,26
2026-08-26 17:08:23,22,38,42,15.6,53.3,15.6,55.9,1,19
2026-08-26 17:13:02,21,35,37,15.6,53.5,15.7,55.9,1,26
2026-08-26 17:18:02,20,39,41,15.6,53.6,15.6,56.1,1,21
2026-08-26 17:23:02,23,39,46,15.6,53.6,15.6,56.3,1,26
2026-08-26 17:28:02,14,32,32,15.6,53.5,15.6,55.5,1,21
2026-08-26 17:33:02,22,35,40,15.6,53.3,15.6,55.8,1,27
2026-08-26 17:38:02,18,38,42,15.6,53.2,15.6,55.8,1,19
2026-08-26 17:43:02,19,35,36,15.6,53.1,15.5,55.7,1,19
2026-08-26 17:48:02,15,32,34,15.5,53.5,15.4,55.9,1,26
2026-08-26 17:53:02,31,49,60,15.5,53.8,15.4,56.6,1,21
2026-08-26 17:58:02,26,43,51,15.5,53.6,15.4,56.5,1,21
2026-08-26 18:03:02,24,36,43,15.5,53.9,15.4,56.5,1,26
2026-08-26 18:08:19,20,35,36,15.4,54,15.3,56.8,1,20
2026-08-26 18:13:02,20,35,40,15.4,54,15.3,56.8,1,21
2026-08-26 18:18:02,19,38,41,15.4,54.2,15.2,57.1,1,25
2026-08-26 18:23:02,19,34,36,15.3,54.3,15.2,57,1,22
2026-08-26 18:28:02,10,31,33,15.3,54.1,15.2,56.8,1,22
2026-08-26 18:33:02,13,31,31,15.3,53.8,15.2,55.8,1,19
2026-08-26 18:38:02,5,15,15,15.3,52.3,15.2,53.5,1,22
2026-08-26 18:43:02,8,27,27,15.3,52.6,15.2,54.6,1,22
2026-08-26 18:48:02,13,32,32,15.3,53.5,15.3,55.7,1,19
2026-08-26 18:53:02,19,36,37,15.3,54.2,15.3,56.9,1,22
2026-08-26 18:58:02,20,35,39,15.3,54.5,15.3,57.5,1,19
2026-08-26 19:03:03,20,36,42,15.3,54.8,15.2,57.8,1,19
2026-08-26 19:08:33,24,39,43,15.3,55,15.2,57.9,1,20
2026-08-26 19:13:02,24,38,41,15.3,55.1,15.2,58,1,20
2026-08-26 19:18:03,20,36,41,15.3,55.1,15.2,58,1,20
2026-08-26 19:23:02,19,34,34,15.3,55,15.2,57.7,1,20
2026-08-26 19:28:03,19,34,36,15.3,54.9,15.2,57.9,1,20
2026-08-26 19:33:03,23,38,43,15.3,55,15.2,57.5,1,20
2026-08-26 19:38:02,23,36,41,15.3,54.9,15.2,57.6,1,20
2026-08-26 19:43:02,16,34,36,15.3,54.9,15.2,57.7,1,20
2026-08-26 19:48:03,18,31,32,15.3,55.2,15.1,58.2,1,20
2026-08-26 19:53:02,13,33,37,15.2,55.3,15.1,58.3,1,20
2026-08-26 19:58:02,18,34,36,15.2,55.3,15.1,58.3,1,20
2026-08-26 20:03:03,15,32,32,15.2,55.3,15.1,58.2,1,20
2026-08-26 20:08:31,16,32,33,15.2,55.3,15,58.2,1,20
2026-08-26 20:13:03,15,31,32,15.2,55.3,15,58.1,1,20
2026-08-26 20:18:03,14,32,36,15.2,55.2,15,58.1,1,20
2026-08-26 20:23:02,13,31,32,15.1,55.3,14.9,58.3,1,20
2026-08-26 20:28:03,18,36,37,15.1,55.6,14.9,58.6,1,20
2026-08-26 20:33:03,14,31,32,15.1,55.8,14.9,58.8,1,20
2026-08-26 20:38:03,13,30,31,15.1,55.8,14.9,59,1,20
2026-08-26 20:43:03,16,31,33,15,55.8,14.8,59,1,20
2026-08-26 20:48:03,11,31,31,15,55.8,14.8,58.7,1,20
2026-08-26 20:53:02,13,30,33,15,55.9,14.7,59,1,20
2026-08-26 20:58:03,13,31,31,14.9,56,14.7,59.2,1,20
2026-08-26 21:03:03,13,29,30,14.9,55.7,14.7,58.9,1,20
2026-08-26 21:08:46,8,26,29,14.9,55.2,14.7,57.8,1,20
2026-08-26 21:13:03,13,30,31,14.9,55.7,14.7,58.5,1,20
2026-08-26 21:18:03,13,31,34,14.9,55.9,14.7,58.9,1,20
2026-08-26 21:23:03,14,30,32,14.9,55.8,14.7,58.7,1,20
2026-08-26 21:28:03,10,30,31,14.9,55.7,14.7,58.5,1,20
2026-08-26 21:33:03,9,28,29,14.9,55.4,14.7,57.8,1,20
2026-08-26 21:38:02,8,24,24,14.9,55.2,14.7,57.6,1,20
2026-08-26 21:43:03,9,27,29,14.9,55.5,14.7,58.1,1,20
2026-08-26 21:48:03,9,29,30,14.9,55.7,14.7,58.4,1,20
2026-08-26 21:53:03,13,27,28,14.9,55.7,14.7,58.4,1,20
2026-08-26 21:58:03,10,29,30,14.9,55.9,14.6,58.8,1,20
2026-08-26 22:03:03,9,26,26,14.9,55.9,14.6,58.4,1,20
2026-08-26 22:08:22,11,30,31,14.9,55.7,14.6,58.5,1,20
2026-08-26 22:13:03,11,28,30,14.8,55.8,14.6,58.7,1,20
2026-08-26 22:18:03,9,27,30,14.8,55.7,14.6,58.6,1,20
2026-08-26 22:23:03,9,29,29,14.8,55.8,14.6,58.7,1,20
2026-08-26 22:28:03,7,22,23,14.8,55.6,14.6,58.3,1,20
2026-08-26 22:33:03,0,2,3,14.8,54.3,14.5,55.2,1,20
2026-08-26 22:38:03,7,19,19,14.8,54.5,14.5,56.9,1,20
2026-08-26 22:43:03,13,30,33,14.8,55.3,14.5,58,1,20
2026-08-26 22:48:03,8,24,27,14.8,55.4,14.5,58.2,1,20
2026-08-26 22:53:03,7,23,26,14.8,55.4,14.5,58.1,1,20
2026-08-26 22:58:03,10,27,30,14.8,55.6,14.5,58.6,1,20
2026-08-26 23:03:03,9,24,24,14.7,55.8,14.5,58.6,1,20
2026-08-26 23:08:36,9,28,31,14.7,56.1,14.5,58.8,1,20
2026-08-26 23:13:03,7,22,23,14.8,55.8,14.5,58.4,1,20
2026-08-26 23:18:03,8,24,27,14.8,55.7,14.5,58.5,1,20
2026-08-26 23:23:03,6,15,18,14.7,55.6,14.5,58,1,20
2026-08-26 23:28:03,6,23,24,14.8,55.6,14.5,58.2,1,20
2026-08-26 23:33:03,7,22,24,14.8,55.6,14.5,58.2,1,20
2026-08-26 23:38:03,8,27,27,14.7,55.9,14.5,58.5,1,20
2026-08-26 23:43:03,8,22,27,14.8,55.9,14.5,58.8,1,20
2026-08-26 23:48:03,6,19,23,14.7,56,14.5,58.6,1,20
2026-08-26 23:53:03,4,13,14,14.7,55.8,14.5,58.5,1,20
2026-08-26 23:58:03,6,14,14,14.7,55.9,14.5,58.3,1,20
2026-08-27 00:03:04,6,18,20,14.8,55.5,14.5,58,1,20
2026-08-27 00:08:32,9,27,28,14.8,55.9,14.5,58.6,1,20
2026-08-27 00:13:03,8,27,28,14.8,56.1,14.5,58.8,1,20
2026-08-27 00:18:03,9,27,28,14.8,56.1,14.5,58.9,1,20
2026-08-27 00:23:03,9,29,29,14.8,56.4,14.5,59.3,1,20
2026-08-27 00:28:03,11,29,30,14.8,56.4,14.5,59.4,1,20
2026-08-27 00:33:03,9,29,32,14.8,56.5,14.5,59.3,1,20
2026-08-27 00:38:03,7,24,27,14.8,56.1,14.5,58.9,1,20
2026-08-27 00:43:03,11,29,32,14.7,56.4,14.5,59.3,1,20
2026-08-27 00:48:03,11,29,30,14.8,56.2,14.5,59,1,20
2026-08-27 00:53:03,11,28,28,14.7,56.5,14.5,59.1,1,20
2026-08-27 00:58:03,11,30,30,14.8,56.5,14.5,59.4,1,20
2026-08-27 01:03:03,13,33,33,14.7,56.5,14.4,59.7,1,20
2026-08-27 01:08:35,13,33,36,14.7,57,14.4,59.9,1,20
2026-08-27 01:13:03,18,34,38,14.7,56.8,14.4,59.9,1,20
2026-08-27 01:18:03,14,32,35,14.7,56.9,14.4,59.9,1,20
2026-08-27 01:23:03,13,35,35,14.7,56.9,14.4,59.9,1,20
2026-08-27 01:28:03,17,35,35,14.7,56.9,14.4,59.8,1,20
2026-08-27 01:33:04,11,30,32,14.7,56.9,14.4,59.7,1,20
2026-08-27 01:38:04,11,29,30,14.7,56.8,14.4,59.8,1,20
2026-08-27 01:43:04,13,32,34,14.7,56.7,14.4,59.8,1,20
2026-08-27 01:48:03,16,32,33,14.7,56.9,14.4,59.7,1,20
2026-08-27 01:53:03,16,33,34,14.7,56.8,14.4,60,1,20
2026-08-27 01:58:03,13,32,32,14.7,56.9,14.4,59.9,1,20
2026-08-27 02:03:04,13,32,34,14.7,57.2,14.4,60.2,1,20
2026-08-27 02:08:35,15,35,35,14.7,57.1,14.4,60.3,1,25
2026-08-27 02:13:04,13,33,35,14.7,57.3,14.4,60.2,1,26
2026-08-27 02:18:03,9,30,33,14.7,57.3,14.3,60.3,1,24
2026-08-27 02:23:04,10,29,31,14.6,57.1,14.3,60.3,1,15
2026-08-27 02:28:04,11,30,33,14.6,57.1,14.3,60.1,1,24
2026-08-27 02:33:03,13,28,29,14.6,56.9,14.3,60.1,1,24
2026-08-27 02:38:03,15,31,34,14.6,56.8,14.3,59.9,1,24
2026-08-27 02:43:03,11,29,29,14.6,56.8,14.3,60,1,18
2026-08-27 02:48:04,11,29,32,14.6,57,14.3,60,1,26
2026-08-27 02:53:04,11,29,30,14.6,56.8,14.3,60,1,26
2026-08-27 02:58:03,11,28,31,14.5,56.9,14.3,60,1,24
2026-08-27 03:03:04,11,29,31,14.6,56.7,14.3,59.8,1,16
2026-08-27 03:08:33,11,29,33,14.6,56.7,14.2,59.7,1,16
2026-08-27 03:13:04,11,27,28,14.5,56.7,14.2,59.7,1,16
2026-08-27 03:18:04,13,32,35,14.6,56.6,14.2,59.7,1,16
2026-08-27 03:23:04,11,29,29,14.5,56.5,14.2,59.6,1,16
2026-08-27 03:28:04,9,28,31,14.6,56.5,14.2,59.4,1,16
2026-08-27 03:33:04,8,28,28,14.5,56.4,14.2,59.3,1,16
2026-08-27 03:38:04,9,27,28,14.5,56.4,14.2,59.1,1,16
2026-08-27 03:43:03,7,23,24,14.5,56,14.2,58.7,1,16
2026-08-27 03:48:04,9,24,28,14.5,56,14.2,58.8,1,16
2026-08-27 03:53:03,7,26,28,14.5,56,14.1,58.5,1,16
2026-08-27 03:58:04,9,29,29,14.5,55.9,14.1,58.5,1,16
2026-08-27 04:03:03,8,24,29,14.4,55.8,14.1,58.6,1,16
2026-08-27 04:08:21,8,28,29,14.4,55.8,14.1,58.6,1,16
2026-08-27 04:13:04,11,27,29,14.4,56,14.1,58.6,1,16
2026-08-27 04:18:04,7,24,27,14.4,55.9,14,58.7,1,25
2026-08-27 04:23:04,8,27,28,14.4,55.8,14,58.5,1,25
2026-08-27 04:28:04,8,23,27,14.3,55.8,13.9,58.6,1,25
2026-08-27 04:33:04,7,23,27,14.4,55.8,13.9,58.5,1,24
2026-08-27 04:38:04,6,18,18,14.3,55.2,13.9,57.9,1,26
2026-08-27 04:43:04,6,19,23,14.3,55.1,13.9,57.7,1,26
2026-08-27 04:48:04,6,22,23,14.3,55.2,13.8,57.9,1,26
2026-08-27 04:53:04,7,19,24,14.2,55,13.7,57.9,1,26
2026-08-27 04:58:04,4,13,17,14.2,55,13.6,57.7,1,26
2026-08-27 05:03:04,5,18,23,14.2,55,13.6,57.9,1,23
2026-08-27 05:08:41,5,13,17,14.1,54.9,13.6,57.8,1,23
2026-08-27 05:13:04,5,15,18,14.1,55.1,13.6,57.9,1,26
