fecha,pm1_ugm3,pm25_ugm3,pm10_ugm3,temperatura_c,humedad_pct,temperatura_interna_c,humedad_interna_pct,relay,senal
2026-08-01 00:03:13,0,0,0,23.6,28.3,28.9,22,0,29
2026-08-01 00:08:13,0,0,0,23.6,28.4,28.9,22,1,29
2026-08-01 00:13:13,0,0,0,23.6,28.2,28.8,22,0,29
2026-08-01 00:18:13,0,0,0,23.6,28.5,28.9,22,0,29
2026-08-01 00:23:13,0,0,0,23.5,28.5,28.8,22,0,29
2026-08-01 00:28:13,0,0,0,23.6,28.3,28.9,21.9,0,29
2026-08-01 00:33:13,0,0,0,23.5,28,28.6,22,0,29
2026-08-01 00:38:13,0,0,0,23.4,28,28.6,21.9,0,29
2026-08-01 00:43:14,0,0,0,23.4,27.8,28.6,21.9,0,29
2026-08-01 00:48:14,0,0,0,23.4,27.9,28.7,21.8,0,29
2026-08-01 00:53:13,0,0,0,23.4,27.5,28.8,21.7,0,29
2026-08-01 00:58:13,0,0,0,23.5,27.3,28.7,21.6,0,29
2026-08-01 01:03:13,0,0,0,23.4,27.4,28.7,21.6,0,29
2026-08-01 01:08:14,0,0,0,23.4,27.3,28.6,21.6,0,29
2026-08-01 01:13:14,0,0,0,23.4,27.7,28.6,21.6,0,29
2026-08-01 01:18:13,0,0,0,23.4,27.8,28.6,21.6,1,29
2026-08-01 01:23:14,0,0,0,23.4,27.7,28.6,21.7,0,29
2026-08-01 01:28:14,0,0,0,23.4,27.7,28.6,21.6,0,29
2026-08-01 01:33:13,0,0,0,23.4,28,28.7,21.6,0,29
2026-08-01 01:38:14,0,0,0,23.4,27.8,28.6,21.7,0,29
2026-08-01 01:43:14,0,0,0,23.4,28.1,28.7,21.6,1,29
2026-08-01 01:48:14,0,0,0,23.4,28.1,28.7,21.5,0,29
2026-08-01 01:53:14,0,0,0,23.4,27.7,28.5,21.6,0,29
2026-08-01 01:58:14,0,0,0,23.4,27.6,28.6,21.6,0,29
2026-08-01 02:03:13,0,0,0,23.4,27.4,28.7,21.5,0,29
2026-08-01 02:08:14,0,0,0,23.4,27.5,28.6,21.5,0,29
2026-08-01 02:13:13,0,0,0,23.4,27.7,28.5,21.6,0,29
2026-08-01 02:18:14,0,0,0,23.4,28,28.4,21.7,0,29
2026-08-01 02:23:14,0,0,0,23.4,27.9,28.5,21.6,1,29
2026-08-01 02:28:14,0,0,0,23.3,27.4,28.3,21.6,0,29
2026-08-01 02:33:13,0,0,0,23.3,27.2,28.4,21.5,0,29
2026-08-01 02:38:14,0,0,0,23.3,27.4,28.4,21.5,0,29
2026-08-01 02:43:14,0,0,0,23.3,27.1,28.5,21.3,0,29
2026-08-01 02:48:14,0,0,0,23.3,26.9,28.6,21.2,0,29
2026-08-01 02:53:14,0,0,0,23.3,26.4,28.4,21.2,0,29
2026-08-01 02:58:14,0,0,0,23.3,26.3,28.5,21.1,0,29
2026-08-01 03:03:14,0,0,0,23.3,26.7,28.5,21,1,29
2026-08-01 03:08:14,0,0,0,23.3,26.9,28.5,21.1,0,29
2026-08-01 03:13:14,0,0,0,23.3,25.9,28.4,21,0,29
2026-08-01 03:18:14,0,0,0,23.3,26.1,28.5,20.9,0,29
2026-08-01 03:23:14,0,0,0,23.3,24.8,28.4,20.8,0,29
2026-08-01 03:28:14,0,0,0,23.3,24.7,28.4,20.6,0,29
2026-08-01 03:33:14,0,0,0,23.3,23.9,28.5,20.3,0,29
2026-08-01 03:38:14,0,0,0,23.3,23.3,28.5,19.9,0,29
2026-08-01 03:43:14,0,0,0,23.3,22.8,28.5,19.4,0,29
2026-08-01 03:48:14,0,0,0,23.3,22.7,28.5,18.6,0,29
2026-08-01 03:53:14,0,0,0,23.4,22.8,28.5,18.9,0,29
2026-08-01 03:58:14,0,0,0,23.5,22.3,28.7,18.7,0,29
2026-08-01 04:03:14,0,0,0,23.5,23.5,28.8,18.8,0,29
2026-08-01 04:08:14,0,0,0,23.6,24.4,28.8,19.1,0,29
2026-08-01 04:13:14,0,0,0,23.6,24.5,28.8,19.2,0,29
2026-08-01 04:18:14,0,0,0,23.7,25.1,28.8,19.3,1,29
2026-08-01 04:23:14,0,0,0,23.7,25,28.9,19.3,0,29
2026-08-01 04:28:14,0,0,0,23.7,25.2,28.9,19.4,0,29
2026-08-01 04:33:14,0,0,0,23.7,25.3,28.9,19.5,0,29
2026-08-01 04:38:14,0,0,0,23.7,25.6,28.9,19.5,0,29
2026-08-01 04:43:14,0,0,0,23.7,25.7,29,19.5,0,29
2026-08-01 04:48:14,0,0,0,23.6,25.7,28.8,19.6,0,29
2026-08-01 04:53:14,0,0,0,23.6,25.5,28.9,19.6,0,29
2026-08-01 04:58:14,0,0,0,23.6,25.9,28.9,19.6,0,29
2026-08-01 05:03:14,0,0,0,23.6,25.6,28.9,19.6,0,29
2026-08-01 05:08:14,0,0,0,23.5,25.7,28.7,19.7,0,29
2026-08-01 05:13:14,0,0,0,23.5,25.7,28.6,19.7,0,29
2026-08-01 05:18:14,0,0,0,23.5,25.8,28.7,19.7,0,29
2026-08-01 05:23:14,0,0,0,23.4,25.6,28.6,19.7,0,29
2026-08-01 05:28:14,0,0,0,23.4,26.1,28.5,19.7,0,29
2026-08-01 05:33:15,0,0,0,23.3,26.1,28.4,19.8,0,29
2026-08-01 05:38:14,0,0,0,23.3,25.8,28.4,19.8,0,29
2026-08-01 05:43:14,0,0,0,23.2,25.8,28.4,19.8,0,29
2026-08-01 05:48:15,0,0,0,23.2,25.5,28.3,19.8,0,29
2026-08-01 05:53:14,0,0,0,23.2,26.3,28.4,19.8,0,29
2026-08-01 05:58:14,0,0,0,23.2,25.8,28.4,19.7,0,29
2026-08-01 06:03:14,0,0,0,23.2,25.6,28.4,19.7,0,29
2026-08-01 06:08:15,0,0,0,23.2,25.9,28.3,19.8,0,29
2026-08-01 06:13:14,0,0,0,23.1,25.7,28.4,19.7,1,29
2026-08-01 06:18:15,0,0,0,23.1,25.8,28.3,19.7,0,29
2026-08-01 06:23:14,0,0,0,23.1,25.5,28.3,19.7,0,29
2026-08-01 06:28:14,0,0,0,23.1,25.7,28.4,19.7,1,29
2026-08-01 06:33:56,0,0,0,23.2,26,28.4,19.7,0,29
2026-08-01 06:38:14,0,0,0,23.1,25.8,28.2,19.9,0,29
2026-08-01 06:43:14,0,0,0,23.1,26,28.2,19.8,0,29
2026-08-01 06:48:14,0,0,0,23.1,26,28.2,19.8,0,29
2026-08-01 06:53:15,0,0,0,23.1,25.8,28.2,19.8,1,29
2026-08-01 06:58:14,0,0,0,23.1,25.8,28.3,19.7,0,29
2026-08-01 07:03:14,0,0,0,23.1,25.7,28.2,19.8,0,29
2026-08-01 07:08:14,0,0,0,23.1,25,28.2,19.6,0,29
2026-08-01 07:13:14,0,0,0,23,25.3,28.2,19.6,0,29
2026-08-01 07:18:14,0,0,0,23.1,24.2,28.3,19.4,0,29
2026-08-01 07:23:14,0,0,0,23.1,23.9,28.2,19.3,0,29
2026-08-01 07:28:14,0,0,0,23,24,28.2,19.2,0,29
2026-08-01 07:33:15,0,0,0,23.1,24,28.2,19.1,0,29
2026-08-01 07:38:14,0,0,0,23.1,24.2,28.2,19,0,31
2026-08-01 07:43:15,0,0,0,23.1,24.4,28.2,19,0,29
2026-08-01 07:48:14,0,0,0,23.1,24.5,28.3,19,0,29
2026-08-01 07:53:15,0,0,0,23.1,24.6,28.3,19,0,31
2026-08-01 07:58:15,0,0,0,23.1,24.8,28.3,19,0,28
2026-08-01 08:03:15,0,0,0,23.1,24.9,28.3,19,0,28
2026-08-01 08:08:15,0,0,0,23.1,24.9,28.3,19,0,28
2026-08-01 08:13:14,0,0,0,23.1,25.3,28.3,19.2,0,28
2026-08-01 08:18:14,0,0,0,23.1,25.7,28.3,19.3,0,28
2026-08-01 08:23:15,0,0,0,23.2,25.8,28.4,19.3,0,28
2026-08-01 08:28:15,0,0,0,23.3,25.3,28.5,19.2,0,31
2026-08-01 08:33:15,0,0,0,23.3,25.3,28.5,19.3,0,28
2026-08-01 08:38:15,0,0,0,23.3,25,28.6,19.2,0,28
2026-08-01 08:43:15,0,0,0,23.4,24.7,28.7,19.2,0,29
2026-08-01 08:48:15,0,0,0,23.5,25.4,28.7,19.3,0,31
2026-08-01 08:53:14,0,0,0,23.5,25.1,28.8,19.3,0,31
2026-08-01 08:58:15,0,0,0,23.6,25.3,28.8,19.3,0,28
2026-08-01 09:03:15,0,0,0,23.7,24.6,29,19.2,0,28
2026-08-01 09:08:15,0,0,0,23.7,24.1,29,19.2,0,28
2026-08-01 09:13:15,0,0,0,23.8,23.6,29.1,19,0,28
2026-08-01 09:18:14,0,0,0,23.9,25.1,29.2,19.1,1,28
2026-08-01 09:23:15,0,0,0,23.9,25.4,29.2,19.2,0,31
2026-08-01 09:28:14,0,0,0,24,25.5,29.2,19.3,0,29
2026-08-01 09:33:15,0,0,0,24,25.2,29.3,19.3,0,29
2026-08-01 09:38:15,0,0,0,24,25,29.4,19.2,0,29
2026-08-01 09:43:15,0,0,0,24.1,25.2,29.5,19.2,0,29
2026-08-01 09:48:15,0,0,1,24.2,25.5,29.5,19.3,0,29
2026-08-01 09:53:15,0,0,0,24.2,25.6,29.6,19.3,0,29
2026-08-01 09:58:15,0,0,0,24.3,25.8,29.7,19.3,0,29
2026-08-01 10:03:15,0,0,0,24.3,25,29.6,19.3,0,29
2026-08-01 10:08:15,0,0,0,24.3,25.7,29.6,19.4,0,29
2026-08-01 10:13:15,0,0,0,24.4,25.5,29.8,19.4,0,29
2026-08-01 10:18:15,0,0,0,24.4,25,29.8,19.3,0,29
2026-08-01 10:23:15,0,0,0,24.5,25.3,29.8,19.3,0,29
2026-08-01 10:28:15,0,0,0,24.5,25.1,29.8,19.3,0,28
2026-08-01 10:33:15,0,3,6,24.6,24.6,29.9,19.1,0,31
2026-08-01 10:38:15,0,0,0,24.6,24.4,29.9,19.1,0,31
2026-08-01 10:43:15,0,0,2,24.7,24.1,30,19,0,29
2026-08-01 10:48:15,0,0,0,24.7,23.5,29.9,18.9,0,29
2026-08-01 10:53:15,0,0,0,24.7,23.4,30,18.7,0,31
2026-08-01 10:58:15,0,0,0,24.7,23.8,30,18.7,0,31
2026-08-01 11:03:15,0,0,0,24.7,23.8,30,18.7,0,31
2026-08-01 11:08:15,0,0,0,24.7,23.8,29.9,18.7,0,31
2026-08-01 11:13:15,0,0,0,24.7,24.3,30,18.7,0,31
2026-08-01 11:18:15,0,0,0,24.7,24.7,29.9,18.8,0,31
2026-08-01 11:23:15,0,0,0,24.7,24.5,30,18.8,0,31
2026-08-01 11:28:15,0,0,0,24.7,24.6,30,18.9,0,28
2026-08-01 11:33:15,0,2,4,24.8,24.5,30.1,18.8,0,29
2026-08-01 11:38:15,0,0,1,24.8,25.1,30.2,18.9,0,31
2026-08-01 11:43:15,0,3,4,24.9,25.2,30.3,18.9,0,31
2026-08-01 11:48:15,0,1,1,24.9,24.8,30.2,19,0,28
2026-08-01 11:53:16,0,0,0,24.9,25.7,30.3,19.1,1,28
2026-08-01 11:58:15,0,0,0,25,24.6,30.3,19,0,31
2026-08-01 12:03:15,0,0,0,25,25.1,30.4,19,0,31
2026-08-01 12:08:15,0,0,0,25,25.2,30.4,19,0,31
2026-08-01 12:13:15,0,0,0,25.1,25.1,30.5,19,0,31
2026-08-01 12:18:15,0,0,0,25.1,25,30.4,19.1,0,31
2026-08-01 12:23:15,0,0,0,25.1,24.2,30.4,19,0,31
2026-08-01 12:28:16,0,0,0,25.1,24.3,30.4,18.9,0,31
2026-08-01 12:33:15,0,0,0,25.1,24.6,30.5,18.9,0,31
2026-08-01 12:38:15,0,0,0,25.1,24.8,30.5,18.8,0,31
2026-08-01 12:43:15,0,0,0,25.2,25.1,30.5,18.9,0,31
2026-08-01 12:48:16,0,0,0,25.1,24.6,30.5,18.8,0,29
2026-08-01 12:53:15,0,0,0,25.1,24.2,30.4,18.9,0,31
2026-08-01 12:58:15,0,0,1,25.2,24.4,30.5,18.7,0,31
2026-08-01 13:03:15,0,0,0,25.2,24.6,30.5,18.8,0,31
2026-08-01 13:08:15,0,0,0,25.1,24.4,30.4,18.8,0,31
2026-08-01 13:13:16,0,0,0,25.1,24.6,30.5,18.7,0,31
2026-08-01 13:18:15,0,0,0,25.1,25.2,30.5,18.8,0,31
2026-08-01 13:23:16,0,1,1,25.1,24.5,30.4,18.7,0,31
2026-08-01 13:28:15,0,0,0,25.1,23.4,30.4,18.2,0,31
2026-08-01 13:33:15,0,0,0,25.1,23.5,30.4,18.5,0,31
2026-08-01 13:38:15,0,0,0,25,21.2,30.9,15,0,31
2026-08-01 13:43:15,0,0,0,25.1,21.1,30.5,17,0,29
2026-08-01 13:48:15,0,0,0,25.1,21.7,30.7,17.2,0,31
2026-08-01 13:53:16,0,0,0,25.2,21.8,30.8,17.3,0,31
2026-08-01 13:58:15,0,0,0,25.3,21.5,30.9,16.4,0,31
2026-08-01 14:03:15,0,0,0,25.4,22.8,30.8,17.2,0,28
2026-08-01 14:08:15,0,0,1,25.5,23.6,31,17.4,0,29
2026-08-01 14:13:15,0,0,0,25.5,23.7,31,17.1,0,31
2026-08-01 14:18:15,0,0,0,25.4,21.9,31.2,15.7,0,31
2026-08-01 14:23:16,0,0,0,25.4,21.8,31.5,15.3,0,31
2026-08-01 14:28:16,0,0,0,24.6,21.9,28.1,18.1,0,28
2026-08-01 14:33:15,0,0,0,22.6,23.2,23.4,21.9,0,29
2026-08-01 14:38:15,0,0,0,20.8,24.4,20.7,25.6,0,31
2026-08-01 14:43:15,0,0,0,19.5,25.8,19.3,27.2,0,31
2026-08-01 14:48:16,0,0,0,18.7,26.4,18.5,27.7,0,31
2026-08-01 14:53:15,0,0,0,18,27,18,27.3,0,28
2026-08-01 14:58:15,0,0,0,17.7,27.5,17.7,28.7,0,31
2026-08-01 15:03:16,0,0,0,17.4,27.5,17.6,27.1,0,29
2026-08-01 15:08:15,0,0,0,17.3,28,17.6,28.8,0,31
2026-08-01 15:13:15,0,0,0,17.1,28.2,17.5,29.1,0,31
2026-08-01 15:18:15,0,3,4,17.2,30.5,17.5,29.9,0,31
2026-08-01 15:23:16,0,0,0,19.1,29.9,24.9,22.8,0,31
2026-08-01 15:28:15,0,0,0,21.2,26,26.8,20.1,0,31
2026-08-01 15:33:16,0,2,3,21.8,27.3,27.2,20.5,0,31
2026-08-01 15:38:15,0,3,4,23.5,25.5,30.2,17.8,0,31
2026-08-01 15:43:16,0,1,2,24.7,24.6,31.2,17.2,0,31
2026-08-01 15:48:16,0,1,1,25.3,23.7,31.5,16.9,0,31
2026-08-01 15:53:16,1,3,4,25.7,23.9,31.6,16.9,0,31
2026-08-01 15:58:16,1,3,3,25.9,23.8,31.6,17,0,31
2026-08-01 16:04:02,0,0,0,26,23.6,31.6,17.1,0,31
2026-08-01 16:08:16,0,1,2,26.1,23.4,31.7,17.1,0,31
2026-08-01 16:13:15,0,0,0,26.1,23.1,31.6,17.1,0,31
2026-08-01 16:18:16,0,0,0,26.1,22.4,31.6,17,0,31
2026-08-01 16:23:15,0,0,0,26.1,22.3,31.6,16.9,0,31
2026-08-01 16:28:16,0,0,0,26.1,22.7,31.5,17,0,31
2026-08-01 16:33:15,0,0,0,26.1,22.3,31.5,16.9,0,31
2026-08-01 16:38:16,0,0,0,26.1,22,31.6,16.8,0,31
2026-08-01 16:43:16,0,1,1,26.1,22.2,31.5,16.8,0,31
2026-08-01 16:48:16,0,0,1,26.1,22.2,31.6,16.6,0,31
2026-08-01 16:53:16,0,0,0,26,22.5,31.5,16.8,0,31
2026-08-01 16:58:15,0,1,1,26,22.3,31.4,16.8,0,31
2026-08-01 17:03:16,0,0,0,25.9,21.7,31.3,16.8,0,31
2026-08-01 17:08:16,0,0,0,25.8,21.2,31.2,16.5,0,31
2026-08-01 17:13:16,0,0,0,25.8,20.8,31.3,16.3,0,29
2026-08-01 17:18:16,0,1,2,25.8,21.4,31.1,16.3,0,31
2026-08-01 17:23:16,0,0,0,25.8,21.2,31.1,16.3,0,28
2026-08-01 17:28:16,0,0,0,25.7,20.6,31.2,15.4,0,29
2026-08-01 17:33:16,0,0,0,25.6,20.5,31,15.5,0,28
2026-08-01 17:38:16,0,0,0,25.5,20.8,31.8,14,0,31
2026-08-01 17:43:16,0,0,0,25.3,20.1,30.4,14.8,0,29
2026-08-01 17:48:16,0,0,0,23.4,21.5,25,19,0,29
2026-08-01 17:53:16,0,0,0,21.5,22.8,21.6,22.8,0,31
2026-08-01 17:58:16,0,0,0,20.1,24.5,19.8,24.9,0,28
2026-08-01 18:03:16,0,0,0,19.7,25.5,21.6,23.3,0,31
2026-08-01 18:08:16,0,0,0,19.9,25.2,22,21.9,0,31
2026-08-01 18:13:16,0,0,0,19.5,25.6,21.5,22.6,0,28
2026-08-01 18:18:16,0,0,0,19.3,25.6,20.9,22.9,0,31
2026-08-01 18:23:16,0,0,0,18.7,25,19.3,24.6,0,28
2026-08-01 18:28:16,0,0,0,18.2,25.6,18.4,25.5,0,28
2026-08-01 18:33:16,0,0,0,17.7,27.1,17.8,26.4,0,29
2026-08-01 18:38:16,0,0,0,17.4,27.2,17.5,26.7,0,29
2026-08-01 18:43:16,0,0,0,17.2,27.1,17.3,27,0,29
2026-08-01 18:48:16,0,0,0,17.1,27.4,17.2,27,0,29
2026-08-01 18:53:16,0,0,0,16.9,27.6,17.1,27.2,0,29
2026-08-01 18:58:16,0,0,0,18.4,28.1,23,22.5,0,29
2026-08-01 19:03:16,0,0,0,21.3,25.2,28.8,17.1,0,29
2026-08-01 19:08:16,0,0,0,21.7,23.4,25.8,18.9,0,29
2026-08-01 19:13:16,0,0,0,20.7,23.9,22.1,22.2,0,29
2026-08-01 19:18:16,0,0,0,19.7,24.4,20,24.2,0,29
2026-08-01 19:23:16,0,0,0,18.9,25.1,18.9,25.4,0,29
2026-08-01 19:28:16,0,0,0,18.3,25.6,18.3,25.7,0,29
2026-08-01 19:33:16,0,0,0,17.9,26.6,17.9,26.1,0,29
2026-08-01 19:38:16,0,0,0,17.5,26.6,17.7,26.8,0,29
2026-08-01 19:43:16,0,0,0,17.3,27.3,17.5,27.2,0,29
2026-08-01 19:48:16,0,0,0,17.2,27.3,17.4,27.4,0,31
2026-08-01 19:53:16,0,0,0,17.1,26.8,17.3,27.2,0,31
2026-08-01 19:58:16,0,0,0,17,27,17.3,27.5,0,28
2026-08-01 20:03:16,0,0,0,17,27.3,17.3,27.5,0,31
2026-08-01 20:08:16,0,0,0,17,28.3,17.3,27.8,0,31
2026-08-01 20:13:16,0,3,3,19.8,28.5,26.5,19.6,0,28
2026-08-01 20:18:18,0,4,4,22.3,26.7,29.8,16.9,0,31
2026-08-01 20:23:16,0,2,3,23.7,25.4,30.7,16.4,0,31
2026-08-01 20:28:16,0,3,3,24.8,24.3,31.2,16.1,0,28
2026-08-01 20:33:16,0,1,1,25.3,23.6,31.4,16.1,0,31
2026-08-01 20:38:16,0,0,0,25.7,23.5,31.6,16,0,28
2026-08-01 20:43:16,0,0,0,25.9,22.8,31.6,16,0,31
2026-08-01 20:48:16,0,0,0,26,22.6,31.7,16,0,31
2026-08-01 20:53:17,0,0,0,26.1,22.5,31.6,16,0,31
2026-08-01 20:58:16,0,0,0,26.2,22.4,31.8,16,0,28
2026-08-01 21:03:16,0,0,0,26.2,22,31.7,16,0,28
2026-08-01 21:08:16,0,0,0,26.2,21.5,31.6,16,0,28
2026-08-01 21:13:17,0,0,0,26.2,21.5,31.7,15.9,0,31
2026-08-01 21:18:16,0,0,0,26.3,21.7,31.8,15.9,0,28
2026-08-01 21:23:17,0,0,0,26.2,21.9,31.7,15.9,0,28
2026-08-01 21:28:17,0,0,0,26.2,22.5,31.7,16,0,28
2026-08-01 21:33:16,0,0,0,26.3,22.3,31.8,16,0,28
2026-08-01 21:38:17,0,0,0,26.3,22.5,31.8,16.1,0,28
2026-08-01 21:43:16,0,0,0,26.3,22.9,31.7,16.1,0,28
2026-08-01 21:48:17,0,0,0,26.3,22.4,31.6,16.2,0,28
2026-08-01 21:53:17,0,0,0,26.2,22.6,31.6,16.3,0,28
2026-08-01 21:58:16,0,0,0,26.2,21.1,31.6,16.1,0,28
2026-08-01 22:03:17,0,0,0,26.1,21.3,31.5,16,0,28
2026-08-01 22:08:17,0,0,0,26.1,20.2,31.8,15.1,0,28
2026-08-01 22:13:17,0,0,0,26,20.7,31.5,15.3,0,31
2026-08-01 22:18:16,0,0,0,26.1,20.2,31.5,15,0,28
2026-08-01 22:23:17,0,0,0,26,19.6,31.8,13.5,0,28
2026-08-01 22:28:17,0,0,0,25.9,19.4,32.1,12.8,0,28
2026-08-01 22:33:17,0,0,0,25.8,19.4,31.9,12.9,0,28
2026-08-01 22:38:17,0,0,0,25.9,19.4,31.6,13.6,0,28
2026-08-01 22:43:17,0,0,0,25.9,19.5,31.6,13.4,0,31
2026-08-01 22:48:17,0,0,0,25.7,19.6,31.1,13.4,0,28
2026-08-01 22:53:17,0,0,0,25.7,19.9,31.6,13.3,0,28
2026-08-01 22:58:17,0,0,0,25.7,20.1,31.7,13.3,0,28
2026-08-01 23:03:17,0,0,0,25.7,20,31.8,13.1,0,31
2026-08-01 23:08:17,0,0,0,25.7,20.2,31.9,13.1,0,28
2026-08-01 23:13:17,0,0,0,25.7,20.5,31.5,13.7,0,28
2026-08-01 23:18:19,0,0,0,25.4,20.8,32.1,13.4,0,29
2026-08-01 23:23:17,0,0,0,25.2,21.1,32,13.8,0,29
2026-08-01 23:28:17,0,0,0,25.1,21.2,31.6,13.9,0,29
2026-08-01 23:33:17,0,0,0,25,21.6,31.2,14.4,0,31
2026-08-01 23:38:17,0,0,0,25,21.3,31.3,14.4,0,31
2026-08-01 23:43:17,0,0,0,25,21.4,31,14.4,0,29
2026-08-01 23:48:17,0,0,0,25,21.8,30.8,14.9,1,29
2026-08-01 23:53:17,0,0,0,25.1,21.8,30.7,15,0,29
2026-08-01 23:58:17,0,0,0,25.1,21.6,31.2,14.7,0,28
2026-08-02 00:03:17,0,0,0,25.1,21.4,30.8,14.8,0,28
2026-08-02 00:08:17,0,0,0,25.1,21,30.7,14.6,0,28
2026-08-02 00:13:17,0,0,0,25.1,21.1,30.7,14.5,0,28
2026-08-02 00:18:18,0,0,0,25.2,20.8,32.2,13.2,0,29
2026-08-02 00:23:17,0,0,0,25.3,21,30.9,14.4,0,28
2026-08-02 00:28:17,0,0,0,25.3,20.5,30.8,14.5,0,28
2026-08-02 00:33:17,0,0,0,25.3,20.6,31.3,13.7,0,29
2026-08-02 00:38:17,0,0,0,25.4,20.8,30.9,14.4,0,29
2026-08-02 00:43:17,0,0,0,25.5,20.2,31,14.4,0,29
2026-08-02 00:48:17,0,0,0,25.6,20.4,31,14.5,0,29
2026-08-02 00:53:17,0,0,0,25.7,20.4,31.1,14.5,1,29
2026-08-02 00:58:17,0,0,0,25.7,20.1,31.1,14.5,0,29
2026-08-02 01:03:17,0,0,0,25.8,22,31.3,14.8,0,29
2026-08-02 01:08:17,0,0,0,25.9,23.5,31.5,15.2,0,29
2026-08-02 01:13:17,0,0,0,25.9,23.9,31.4,15.5,0,29
2026-08-02 01:18:17,0,0,0,25.9,24.2,31.3,15.8,1,29
2026-08-02 01:23:17,0,0,0,25.9,24,31.5,16.1,1,29
2026-08-02 01:28:17,0,0,0,25.9,23.9,31.3,16,0,29
2026-08-02 01:33:17,0,0,0,25.9,23.8,31.3,16.1,0,29
2026-08-02 01:38:18,0,0,0,25.9,24,31.3,16.2,0,29
2026-08-02 01:43:18,0,0,0,25.8,23.7,31.1,16.4,0,29
2026-08-02 01:48:17,0,0,0,25.8,23.8,31,16.4,0,29
2026-08-02 01:53:18,0,0,0,25.7,23.8,31.1,16.4,0,29
2026-08-02 01:58:18,0,0,0,25.7,23,30.9,16.5,0,29
2026-08-02 02:03:17,0,0,0,25.6,23.7,31,16.5,0,29
2026-08-02 02:08:17,0,0,0,25.6,24,31,16.6,0,29
2026-08-02 02:13:18,0,0,0,25.6,23.8,31.1,16.6,0,29
2026-08-02 02:18:17,0,0,0,25.6,24.2,31.1,16.6,0,29
2026-08-02 02:23:18,0,0,0,25.6,24.2,31,16.7,0,29
2026-08-02 02:28:17,0,0,1,25.6,24.4,30.9,16.9,0,29
2026-08-02 02:33:17,0,0,0,25.6,24.6,31,16.9,0,29
2026-08-02 02:38:18,0,0,0,25.5,25.3,30.9,17.2,0,29
2026-08-02 02:43:18,0,0,0,25.5,25.6,30.9,17.3,0,29
2026-08-02 02:48:17,0,0,0,25.5,25.2,30.8,17.4,0,29
2026-08-02 02:53:17,0,0,0,25.4,24.7,30.8,17.4,0,29
2026-08-02 02:58:18,0,0,0,25.4,24.3,30.6,17.4,0,29
2026-08-02 03:03:17,0,0,0,25.3,24.5,30.6,17.4,0,29
2026-08-02 03:08:18,0,0,0,25.2,24.2,30.6,17.6,0,29
2026-08-02 03:13:18,0,0,0,25.1,23.8,30.8,16.8,0,29
2026-08-02 03:18:18,0,0,0,25,23.6,30.2,17.1,0,29
2026-08-02 03:23:24,0,0,0,24.9,23.3,30.3,16.6,0,29
2026-08-02 03:28:51,0,0,0,24.8,22.9,30,16.6,1,29
2026-08-02 03:33:18,0,0,0,24.8,22.7,30.1,16.4,0,29
2026-08-02 03:38:17,0,0,0,24.8,22.4,30.3,16,0,29
2026-08-02 03:43:18,0,0,0,24.8,22.5,30.1,16.3,0,29
2026-08-02 03:48:18,0,0,0,24.9,22.5,30.4,16.1,0,29
2026-08-02 03:53:18,0,0,0,24.9,22.4,30.3,16,0,29
2026-08-02 03:58:18,0,0,0,24.9,22.7,30.2,16.3,0,29
2026-08-02 04:03:18,0,0,0,25,23,30.2,16.4,0,29
2026-08-02 04:08:18,0,0,0,25,24,30.4,16.4,0,29
2026-08-02 04:13:18,0,0,0,25.1,24.4,30.4,16.7,0,29
2026-08-02 04:18:18,0,0,0,25.1,23.7,30.5,16.7,0,29
2026-08-02 04:23:18,0,0,0,25.1,22.9,31,16.1,0,29
2026-08-02 04:28:18,0,0,0,25.1,23.5,30.5,16.6,0,29
2026-08-02 04:33:18,0,0,0,25.1,23.3,30.4,16.7,1,29
2026-08-02 04:38:18,0,0,0,25.1,23.4,30.4,16.7,0,29
2026-08-02 04:43:18,0,0,0,25.1,23.3,30.5,16.7,0,29
2026-08-02 04:48:18,0,0,0,25.1,23.3,30.5,16.6,0,29
2026-08-02 04:53:18,0,0,0,25.1,23.9,30.5,16.9,0,29
2026-08-02 04:58:18,0,0,0,25.2,24.2,30.6,16.8,0,29
2026-08-02 05:03:18,0,0,0,25.2,24.7,30.6,17,0,29
2026-08-02 05:08:18,0,0,0,25.2,24.8,30.5,17.2,0,29
2026-08-02 05:13:18,0,0,0,25.2,24.8,30.7,17.2,1,29
2026-08-02 05:18:18,0,0,0,25.3,24.7,30.7,17.3,0,29
2026-08-02 05:23:18,0,0,0,25.3,24.3,30.8,17.2,0,29
2026-08-02 05:28:18,0,0,0,25.3,24.1,30.7,17.2,0,29
2026-08-02 05:33:18,0,0,0,25.1,24.2,30.5,17.3,0,29
2026-08-02 05:38:18,0,0,0,25.2,24.5,30.5,17.4,0,29
2026-08-02 05:43:18,0,0,0,25.2,25,30.5,17.5,0,29
2026-08-02 05:48:18,0,0,0,25.2,25.2,30.5,17.6,0,29
2026-08-02 05:53:18,0,0,0,25.2,25.1,30.6,17.6,0,29
2026-08-02 05:58:19,0,0,0,25.2,25.3,30.6,17.7,0,29
2026-08-02 06:03:18,0,0,0,25.1,25.4,30.5,17.9,0,29
2026-08-02 06:08:19,0,0,0,25.1,25.7,30.4,18,0,29
2026-08-02 06:13:18,0,0,0,25,26.2,30.4,18.2,0,29
2026-08-02 06:18:19,0,0,0,25,26.6,30.3,18.3,0,29
2026-08-02 06:23:18,0,0,1,24.9,26.8,30.2,18.5,0,29
2026-08-02 06:28:18,0,0,0,24.8,27.3,30,18.7,0,29
2026-08-02 06:33:18,0,0,0,24.7,27.6,30.1,18.8,0,29
2026-08-02 06:38:18,0,0,0,24.7,27.8,30,19,0,29
2026-08-02 06:43:18,0,0,0,24.6,27.8,30.1,19.1,0,29
2026-08-02 06:48:18,0,0,0,24.5,28,29.8,19.4,0,29
2026-08-02 06:53:19,0,0,0,24.5,28.1,29.8,19.4,0,29
2026-08-02 06:58:18,0,1,1,24.4,28.6,29.8,19.6,0,29
2026-08-02 07:03:18,0,0,0,24.4,28.4,29.7,19.7,0,29
2026-08-02 07:08:19,0,1,1,24.3,28.8,29.7,20.2,0,29
2026-08-02 07:13:18,0,1,1,24.2,28.5,29.5,20,0,29
2026-08-02 07:18:18,0,2,2,24.1,28.7,29.3,20.2,0,29
2026-08-02 07:23:18,0,2,2,24,29,29.2,20.3,0,29
2026-08-02 07:28:19,1,2,2,24,29,29.3,20.2,0,29
2026-08-02 07:33:19,0,0,1,24,28.8,29.2,20.3,0,29
2026-08-02 07:38:18,0,0,0,24,28.5,29.2,20.4,0,29
2026-08-02 07:43:18,0,0,0,24,28.6,29.3,20.3,0,29
2026-08-02 07:48:18,0,0,0,23.9,28.5,29.3,20.3,1,29
2026-08-02 07:53:19,0,0,0,23.9,28.6,29.1,20.5,0,29
2026-08-02 07:58:18,0,0,0,23.9,28.7,29.1,20.5,1,29
2026-08-02 08:03:19,0,0,0,23.9,28.8,29.2,20.4,0,29
2026-08-02 08:08:18,0,0,0,23.9,28.9,29.2,20.6,0,29
2026-08-02 08:13:18,0,0,0,23.9,29,29.2,20.7,0,29
2026-08-02 08:18:19,0,0,0,23.9,28.9,29.2,20.7,0,29
2026-08-02 08:23:18,0,0,0,24,28.8,29.4,20.6,0,29
2026-08-02 08:28:19,0,0,0,23.9,29,29.2,20.7,0,29
2026-08-02 08:33:18,0,0,0,24,29.1,29.3,20.8,0,29
2026-08-02 08:38:19,0,0,0,24,28.9,29.3,20.9,0,29
2026-08-02 08:43:18,0,0,0,24,28.6,29.4,20.8,0,29
2026-08-02 08:48:18,0,0,0,24,28.9,29.3,20.9,0,29
2026-08-02 08:53:19,0,0,0,24,28.7,29.4,20.9,0,29
2026-08-02 08:58:18,0,0,0,24.1,28.8,29.4,20.9,0,29
2026-08-02 09:03:18,0,0,0,24.1,28.8,29.5,20.9,0,29
2026-08-02 09:08:19,0,1,1,24.1,28.8,29.5,20.9,0,29
2026-08-02 09:13:19,0,1,1,24.2,28.9,29.5,20.9,0,29
2026-08-02 09:18:19,0,0,0,24.2,28.9,29.5,21,0,29
2026-08-02 09:23:19,0,0,0,24.2,29,29.6,21,0,29
2026-08-02 09:28:18,0,0,0,24.2,28.9,29.6,21,0,29
2026-08-02 09:33:19,0,1,1,24.2,28.5,29.6,21,0,29
2026-08-02 09:38:18,0,0,0,24.2,28.5,29.6,21,0,29
2026-08-02 09:43:19,0,0,1,24.3,28.5,29.6,21,0,29
2026-08-02 09:48:19,0,0,0,24.2,28.5,29.6,21,1,29
2026-08-02 09:53:19,0,0,0,24.3,28.9,29.8,20.9,0,29
2026-08-02 09:58:18,0,0,1,24.3,28.8,29.7,21,0,29
2026-08-02 10:03:19,0,0,0,24.3,28.9,29.8,21,0,29
2026-08-02 10:08:19,0,2,2,24.3,29.7,29.8,21.3,0,29
2026-08-02 10:13:19,0,2,2,24.3,30,29.6,21.6,0,29
2026-08-02 10:18:19,0,1,1,24.3,30.1,29.7,21.5,0,29
2026-08-02 10:23:19,0,1,1,24.3,30.3,29.6,21.7,0,29
2026-08-02 10:28:19,0,0,0,24.2,30.5,29.5,21.8,0,29
2026-08-02 10:33:18,0,1,2,24.2,30.6,29.6,21.9,0,29
2026-08-02 10:38:19,0,0,1,24.2,30.4,29.5,22,0,29
2026-08-02 10:43:19,0,0,0,24.2,30.5,29.5,22.1,0,29
2026-08-02 10:48:19,0,2,3,24.2,30.7,29.6,22.2,0,29
2026-08-02 10:53:19,0,1,1,24.2,30.4,29.6,22.2,0,29
2026-08-02 10:58:19,0,0,0,24.3,30.4,29.7,22.2,0,29
2026-08-02 11:03:19,0,1,1,24.3,30.2,29.8,22.2,0,29
2026-08-02 11:08:19,0,2,2,24.3,30.3,29.6,22.2,1,31
2026-08-02 11:13:19,1,3,3,24.3,30.4,29.6,22.3,0,28
2026-08-02 11:18:19,0,2,2,24.3,30.4,29.7,22.3,0,31
2026-08-02 11:23:19,0,2,2,24.3,30.6,29.7,22.3,0,28
2026-08-02 11:28:19,0,1,1,24.3,30,29.6,22.3,0,31
2026-08-02 11:33:19,0,0,0,24.3,29.8,29.7,22.2,0,28
2026-08-02 11:38:19,0,2,2,24.4,29.5,29.9,22.1,0,28
2026-08-02 11:43:19,0,1,1,24.4,29.1,29.8,22,0,28
2026-08-02 11:48:19,0,0,0,24.4,29.1,29.7,22,0,28
2026-08-02 11:53:19,0,1,1,24.4,29.2,29.8,22,0,31
2026-08-02 11:58:19,0,0,0,24.4,29.1,29.7,22,0,28
2026-08-02 12:03:19,0,0,0,24.4,28.8,29.6,22.1,0,31
2026-08-02 12:08:19,0,0,0,24.4,29.2,29.7,22,0,28
2026-08-02 12:13:19,0,3,3,24.5,29.2,29.8,21.9,0,31
2026-08-02 12:18:19,0,1,1,24.5,29.2,29.9,22,0,28
2026-08-02 12:23:19,0,2,2,24.6,29.3,29.9,21.9,0,29
2026-08-02 12:28:19,0,1,1,24.6,29.5,29.9,22,0,29
2026-08-02 12:33:19,0,0,1,24.6,29.4,30,22,0,28
2026-08-02 12:38:19,0,0,0,24.7,28.8,30,21.9,0,31
2026-08-02 12:43:19,0,1,1,24.7,28.7,30,21.9,0,29
2026-08-02 12:48:19,0,1,1,24.7,28.8,30.1,21.8,0,29
2026-08-02 12:53:19,0,1,1,24.8,28.4,30.1,21.8,0,29
2026-08-02 12:58:19,0,0,0,24.8,28.7,30,21.8,0,28
2026-08-02 13:03:19,0,5,5,24.8,29.7,30.2,21.8,0,31
2026-08-02 13:08:19,2,7,7,24.8,30.4,30.2,22.1,0,28
2026-08-02 13:13:19,5,6,6,24.7,30.4,30.2,22.3,0,31
2026-08-02 13:18:19,3,5,5,24.7,30.7,30,22.5,0,31
2026-08-02 13:23:19,3,5,5,24.7,30.8,30.1,22.5,0,28
2026-08-02 13:28:19,4,7,7,24.7,31,30.1,22.6,0,31
2026-08-02 13:33:19,3,7,7,24.7,30.8,30,22.7,0,31
2026-08-02 13:38:19,4,8,9,24.6,31.1,29.9,23.5,0,31
2026-08-02 13:43:19,3,6,6,24.6,31.1,29.9,22.9,0,28
2026-08-02 13:48:19,3,6,7,24.6,31.2,29.9,23,0,31
2026-08-02 13:53:19,3,5,6,24.5,31.1,29.7,23.1,0,31
2026-08-02 13:58:19,3,6,6,24.5,30.9,29.8,23.1,0,31
2026-08-02 14:03:19,3,8,8,24.5,31,29.8,23,0,31
2026-08-02 14:08:19,5,8,8,24.5,31,29.7,23.2,0,31
2026-08-02 14:13:19,4,7,7,24.4,30.8,29.7,23.2,0,28
2026-08-02 14:18:20,6,9,12,24.5,30.9,29.8,23.1,1,31
2026-08-02 14:23:19,4,8,8,24.4,30.9,29.8,23.2,0,28
2026-08-02 14:28:19,3,7,7,24.5,31.1,29.8,23.2,0,28
2026-08-02 14:33:19,2,5,5,24.5,30.6,29.9,23.1,0,28
2026-08-02 14:38:19,6,12,12,24.6,30.6,30,23.1,0,31
2026-08-02 14:43:20,4,8,10,24.6,30.4,30,23.1,0,31
2026-08-02 14:48:19,4,8,8,24.7,30.1,30,23,0,31
2026-08-02 14:53:19,2,5,5,24.7,29.9,30,22.9,0,31
2026-08-02 14:58:19,2,4,4,24.8,29.6,30.2,22.7,0,29
2026-08-02 15:03:20,2,5,6,24.8,29.4,30,22.8,0,29
2026-08-02 15:08:19,3,7,7,24.8,29.4,30,22.7,0,29
2026-08-02 15:13:19,4,7,8,24.8,30.1,30,22.8,0,29
2026-08-02 15:18:19,4,7,8,24.8,29.8,30.1,22.8,0,29
2026-08-02 15:23:20,2,5,6,24.8,29.3,30.1,22.7,0,29
2026-08-02 15:28:19,5,7,7,24.9,30,30.3,22.7,0,29
2026-08-02 15:33:19,4,7,7,24.9,30.4,30.2,22.9,0,29
2026-08-02 15:38:19,4,7,8,24.9,30.4,30.3,22.9,0,29
2026-08-02 15:43:19,3,12,15,25,30.3,30.3,22.8,0,31
2026-08-02 15:48:20,5,14,17,25,30.4,30.4,22.9,0,29
2026-08-02 15:53:20,4,7,8,25,30,30.4,22.9,0,29
2026-08-02 15:58:20,3,6,7,25,29.7,30.3,22.9,0,29
2026-08-02 16:04:03,4,8,8,25.1,29.9,30.4,22.8,0,29
2026-08-02 16:08:20,2,5,5,25.1,30,30.5,22.7,0,29
2026-08-02 16:13:20,3,6,6,25.1,29.5,30.5,22.7,0,29
2026-08-02 16:18:20,1,5,5,25.1,29.3,30.4,22.8,0,29
2026-08-02 16:23:20,1,6,6,25.1,29.5,30.4,22.8,0,29
2026-08-02 16:28:19,5,9,9,25.2,30,30.5,22.7,0,29
2026-08-02 16:33:19,8,14,16,25.1,30.2,30.5,22.9,0,29
2026-08-02 16:38:19,10,22,24,25.1,30.8,30.4,23.1,0,29
2026-08-02 16:43:19,13,23,23,25.1,31.1,30.5,23.2,0,29
2026-08-02 16:48:19,15,22,23,25,31.2,30.4,23.2,0,29
2026-08-02 16:53:19,13,23,25,25,31.3,30.4,23.3,0,29
2026-08-02 16:58:20,16,26,26,24.9,31.5,30.3,23.4,0,29
2026-08-02 17:03:19,17,24,24,24.9,31.3,30.2,23.5,0,29
2026-08-02 17:08:20,17,25,28,24.8,31.6,30.1,23.6,0,29
2026-08-02 17:13:20,19,28,28,24.8,31.4,30,23.7,0,29
2026-08-02 17:18:20,16,24,24,24.8,31.6,30,23.7,0,29
2026-08-02 17:23:20,18,28,29,24.7,31.7,30.1,23.7,0,29
2026-08-02 17:28:20,16,24,25,24.7,31.7,30.1,23.7,0,29
2026-08-02 17:33:20,16,25,25,24.7,31.8,30,23.8,0,29
2026-08-02 17:38:20,16,26,26,24.7,31.6,29.9,23.9,0,29
2026-08-02 17:43:19,14,24,25,24.7,31.6,29.9,23.9,0,29
2026-08-02 17:48:20,12,21,22,24.7,31.5,30,23.8,0,29
2026-08-02 17:53:20,11,21,22,24.6,31.6,29.9,23.9,0,29
2026-08-02 17:58:20,10,19,23,24.5,31.5,29.8,24,0,29
2026-08-02 18:03:20,8,20,22,24.6,31.5,29.9,23.9,0,29
2026-08-02 18:08:20,9,19,20,24.6,31.4,29.9,23.9,0,29
2026-08-02 18:13:20,8,19,20,24.6,31.1,29.9,23.8,0,29
2026-08-02 18:18:20,6,17,19,24.6,31.1,30,23.8,0,29
2026-08-02 18:23:19,8,17,18,24.6,31.1,30,23.8,0,29
2026-08-02 18:28:20,12,20,22,24.6,31.2,30,23.8,0,29
2026-08-02 18:33:20,9,20,20,24.7,31.2,30,23.7,0,29
2026-08-02 18:38:20,6,17,18,24.7,31,30.1,23.7,0,29
2026-08-02 18:43:20,12,26,29,24.7,31.1,30,23.7,0,29
2026-08-02 18:48:20,25,43,55,24.7,30.7,30,23.7,0,29
2026-08-02 18:53:20,21,36,42,24.7,30.2,30,23.7,0,29
2026-08-02 18:58:20,6,15,15,24.7,30.4,30,23.6,1,29
2026-08-02 19:03:20,3,7,8,24.7,30.2,30,23.5,0,29
2026-08-02 19:08:20,1,3,3,24.7,29.5,30.1,23.4,1,29
2026-08-02 19:13:20,0,0,0,24.7,28.6,30,23.3,0,29
2026-08-02 19:18:20,0,0,0,24.8,29,30.1,23,0,29
2026-08-02 19:23:20,0,0,1,24.8,29,30.1,23,0,29
2026-08-02 19:28:20,0,2,2,24.8,29.2,30.2,22.9,0,29
2026-08-02 19:33:20,0,0,1,24.9,28.9,30.3,22.8,0,29
2026-08-02 19:38:20,0,1,1,24.9,29,30.3,22.8,0,29
2026-08-02 19:43:20,0,2,2,24.9,29,30.3,22.8,0,29
2026-08-02 19:48:20,0,6,6,25,29,30.4,22.7,0,29
2026-08-02 19:53:20,5,6,7,24.9,29.1,30.2,22.8,0,29
2026-08-02 19:58:20,1,4,4,24.9,29.4,30.2,22.9,0,29
2026-08-02 20:03:20,0,3,3,25,28.9,30.2,22.8,0,29
2026-08-02 20:08:20,0,0,1,25,28.8,30.3,22.7,0,29
2026-08-02 20:13:20,0,3,4,25,29,30.4,22.6,0,29
2026-08-02 20:18:20,0,2,2,25,29,30.3,22.7,1,29
2026-08-02 20:23:20,0,2,3,25,29.1,30.3,22.7,0,29
2026-08-02 20:28:20,0,1,1,25,28.8,30.4,22.5,0,29
2026-08-02 20:33:20,5,7,8,25,29.4,30.5,22.5,0,29
2026-08-02 20:38:20,8,17,17,25,30,30.4,22.7,0,29
2026-08-02 20:43:20,9,19,20,25,29.9,30.3,22.8,0,28
2026-08-02 20:48:20,8,18,20,24.9,30.1,30.3,22.9,0,28
2026-08-02 20:53:20,6,12,14,24.9,30.1,30.2,22.9,0,28
2026-08-02 20:58:20,4,8,8,24.9,29.6,30.2,22.9,0,29
2026-08-02 21:03:20,5,7,8,24.9,29.6,30.2,22.8,0,29
2026-08-02 21:08:20,6,12,13,24.8,29.8,30.1,22.9,0,28
2026-08-02 21:13:20,4,7,7,24.8,29.6,30.1,22.9,0,28
2026-08-02 21:18:20,2,6,7,24.8,29.5,30.1,22.9,0,28
2026-08-02 21:23:20,1,3,4,24.8,29.5,30.1,22.8,0,29
2026-08-02 21:28:20,1,3,3,24.8,29.3,30.1,22.8,0,28
2026-08-02 21:33:20,0,3,3,24.9,29.5,30.2,22.8,0,29
2026-08-02 21:38:20,2,6,7,24.9,29.3,30.2,22.8,0,31
2026-08-02 21:43:20,2,5,5,24.8,29.5,30.1,22.9,0,28
2026-08-02 21:48:20,2,5,5,24.8,29.6,30.1,22.8,0,28
2026-08-02 21:53:20,3,7,9,24.8,29.5,30.1,22.9,0,31
2026-08-02 21:58:20,3,4,4,24.8,29.3,30.1,22.7,0,31
2026-08-02 22:03:20,2,4,4,24.8,29.3,30.1,22.7,1,28
2026-08-02 22:08:20,0,0,0,24.8,28.8,30.1,22.6,0,28
2026-08-02 22:13:20,0,2,3,24.8,29.2,30.1,22.6,0,29
2026-08-02 22:18:20,0,1,1,24.9,29.3,30.2,22.7,0,29
2026-08-02 22:23:20,0,0,0,24.9,29.1,30.2,22.6,0,29
2026-08-02 22:28:20,0,0,0,24.9,29.1,30.2,22.6,0,29
2026-08-02 22:33:21,0,0,1,25,29,30.3,22.6,0,29
2026-08-02 22:38:20,0,0,0,25,28.8,30.2,22.7,0,29
2026-08-02 22:43:20,0,0,0,25,29,30.3,22.6,0,29
2026-08-02 22:48:20,0,0,0,25,28.7,30.4,22.5,0,29
2026-08-02 22:53:20,0,0,0,25,28.8,30.4,22.4,0,29
2026-08-02 22:58:20,0,0,0,25.1,28.9,30.4,22.5,0,29
2026-08-02 23:03:21,0,0,0,25,28.7,30.3,22.6,0,29
2026-08-02 23:08:20,0,0,0,25.1,28.9,30.4,22.5,0,29
2026-08-02 23:13:21,0,0,0,25.1,28.7,30.5,22.4,0,29
2026-08-02 23:18:21,0,0,0,25.1,28.8,30.4,22.5,0,29
2026-08-02 23:23:20,0,0,0,25.1,28.7,30.4,22.4,0,29
2026-08-02 23:28:20,0,0,0,25.2,27.8,30.5,22.3,0,29
2026-08-02 23:33:21,0,0,0,25.2,28.1,30.5,22.2,0,29
2026-08-02 23:38:21,0,0,0,25.2,28.1,30.6,22.2,0,31
2026-08-02 23:43:21,0,0,0,25.3,27.5,30.6,22.1,0,28
2026-08-02 23:48:21,0,0,0,25.3,27.9,30.6,22.1,0,31
2026-08-02 23:53:20,0,0,0,25.3,28.2,30.7,22.1,0,28
2026-08-02 23:58:21,0,0,0,25.3,28.2,30.7,22.1,0,28
2026-08-03 00:03:20,0,0,0,25.4,28,30.7,22,0,28
2026-08-03 00:08:20,0,0,0,25.4,27.8,30.8,22,1,28
2026-08-03 00:13:20,0,0,0,25.4,27.6,30.8,22,0,31
2026-08-03 00:18:21,0,0,0,25.4,27.7,30.8,21.9,0,28
2026-08-03 00:23:21,0,0,0,25.4,27.9,30.9,21.9,0,28
2026-08-03 00:28:21,0,0,0,25.5,28.1,30.9,21.9,0,28
2026-08-03 00:33:21,0,0,0,25.4,27.6,30.8,21.8,0,28
2026-08-03 00:38:21,0,0,0,25.5,27.7,30.9,21.7,1,28
2026-08-03 00:43:20,0,0,0,25.4,27.9,30.8,21.7,1,28
2026-08-03 00:48:21,0,0,0,25.4,27.6,30.8,21.7,0,28
2026-08-03 00:53:20,0,0,0,25.4,27.8,30.8,21.7,0,29
2026-08-03 00:58:21,0,0,0,25.4,28,30.8,21.7,0,28
2026-08-03 01:03:21,0,0,0,25.4,27.4,30.7,21.7,0,31
2026-08-03 01:08:21,0,0,0,25.4,27.3,30.8,21.5,0,28
2026-08-03 01:13:21,0,0,0,25.4,27.2,30.8,21.5,0,29
2026-08-03 01:18:21,0,0,0,25.4,27.1,30.8,21.4,0,29
2026-08-03 01:23:20,0,0,0,25.4,27.1,30.8,21.3,0,29
2026-08-03 01:28:21,0,0,0,25.4,27.1,30.8,21.4,0,28
2026-08-03 01:33:20,0,0,0,25.4,27.2,30.8,21.3,0,28
2026-08-03 01:38:21,0,0,0,25.4,26.9,30.7,21.3,0,28
2026-08-03 01:43:21,0,0,0,25.4,27,30.8,21.2,0,28
2026-08-03 01:48:21,0,0,0,25.4,26.9,30.7,21.3,0,28
2026-08-03 01:53:21,0,0,0,25.4,27.2,30.7,21.2,1,28
2026-08-03 01:58:21,0,0,0,25.4,27.2,30.7,21.2,0,28
2026-08-03 02:03:21,0,0,0,25.3,27.2,30.8,21.1,0,28
2026-08-03 02:08:21,0,0,0,25.3,27.3,30.7,21.2,0,28
2026-08-03 02:13:21,0,0,0,25.3,27.1,30.8,21,0,28
2026-08-03 02:18:21,0,0,0,25.3,27.1,30.7,21,0,28
2026-08-03 02:23:21,0,0,0,25.3,26.8,30.6,21.1,0,28
2026-08-03 02:28:21,0,0,0,25.2,27.2,30.5,21.2,0,28
2026-08-03 02:33:21,0,0,0,25.2,27.3,30.5,21.2,0,28
2026-08-03 02:38:21,0,0,0,25.3,27.4,30.6,21.1,0,28
2026-08-03 02:43:21,0,0,0,25.3,27.7,30.6,21.1,0,28
2026-08-03 02:48:21,0,0,0,25.2,27.2,30.5,21.2,0,28
2026-08-03 02:53:21,0,0,0,25.3,27.2,30.6,21.1,0,28
2026-08-03 02:58:21,0,0,0,25.3,26.9,30.6,21,0,28
2026-08-03 03:03:21,0,0,0,25.3,26.8,30.6,21,0,28
2026-08-03 03:08:21,0,0,0,25.3,26.9,30.7,20.9,0,28
2026-08-03 03:13:21,0,0,0,25.3,27.1,30.7,20.9,0,28
2026-08-03 03:18:21,0,0,0,25.3,27.2,30.7,20.9,0,28
2026-08-03 03:23:21,0,0,0,25.3,27.1,30.6,21,0,28
2026-08-03 03:28:21,0,0,0,25.2,27.8,30.5,21.2,0,28
2026-08-03 03:33:21,0,0,0,25.2,26.8,30.5,21.1,0,28
2026-08-03 03:38:21,0,0,0,25.2,27.2,30.5,21.1,0,28
2026-08-03 03:43:21,0,0,0,25.2,27.2,30.6,21,0,28
2026-08-03 03:48:21,0,0,0,25.3,26.5,30.6,20.9,1,28
2026-08-03 03:53:21,0,0,0,25.3,27,30.7,20.8,0,28
2026-08-03 03:58:21,0,0,0,25.3,27.2,30.7,20.9,0,28
2026-08-03 04:03:21,0,0,0,25.2,27.4,30.6,20.9,0,28
2026-08-03 04:08:21,0,0,0,25.2,27.6,30.6,21.1,0,28
2026-08-03 04:13:21,0,0,0,25.2,27.4,30.6,21.1,0,28
2026-08-03 04:18:21,0,0,0,25.3,27.8,30.6,21.1,0,28
2026-08-03 04:23:21,0,0,0,25.3,27.6,30.7,21.1,0,28
2026-08-03 04:28:21,0,0,0,25.3,27.5,30.8,21,0,28
2026-08-03 04:33:21,0,0,0,25.4,27.7,30.7,21.1,0,28
2026-08-03 04:38:21,0,0,0,25.3,27.8,30.7,21.2,0,28
2026-08-03 04:43:21,0,0,0,25.4,27.9,30.8,21.2,0,28
2026-08-03 04:48:21,0,0,0,25.3,27.9,30.7,21.3,0,28
2026-08-03 04:53:21,0,0,0,25.4,28.2,30.8,21.2,0,28
2026-08-03 04:58:21,0,0,0,25.3,28.2,30.8,21.3,0,28
2026-08-03 05:03:21,0,0,0,25.3,28.3,30.7,21.4,0,28
2026-08-03 05:08:21,0,0,0,25.3,27.9,30.6,21.4,0,31
2026-08-03 05:13:21,0,0,0,25.3,27.9,30.7,21.4,0,28
2026-08-03 05:18:21,0,0,0,25.3,28.4,30.7,21.4,0,28
2026-08-03 05:23:21,0,0,0,25.3,28.3,30.7,21.4,0,28
2026-08-03 05:28:21,0,0,0,25.4,28.1,30.8,21.3,0,28
2026-08-03 05:33:21,0,0,0,25.3,28,30.7,21.5,0,28
2026-08-03 05:38:21,0,0,0,25.4,28.6,30.8,21.5,0,28
2026-08-03 05:43:21,0,0,0,25.4,28.1,30.7,21.5,0,28
2026-08-03 05:48:21,0,0,0,25.3,28.3,30.7,21.6,0,28
2026-08-03 05:53:22,0,0,0,25.3,28.3,30.7,21.6,0,28
2026-08-03 05:58:21,0,0,0,25.3,28.3,30.7,21.6,0,28
2026-08-03 06:03:21,0,0,0,25.3,28.3,30.7,21.6,0,28
2026-08-03 06:08:21,0,0,0,25.4,28.1,30.8,21.5,0,28
2026-08-03 06:13:21,0,0,0,25.3,28.1,30.7,21.6,0,28
2026-08-03 06:18:21,0,0,0,25.3,28,30.7,21.6,0,28
2026-08-03 06:23:22,0,0,0,25.3,27.9,30.6,21.6,0,28
2026-08-03 06:28:21,0,0,0,25.3,28.3,30.7,21.6,0,28
2026-08-03 06:33:22,0,0,0,25.3,28.3,30.8,21.6,0,28
2026-08-03 06:38:21,0,0,0,25.4,27.8,30.8,21.5,0,28
2026-08-03 06:43:21,0,0,0,25.4,28,30.8,21.5,0,28
2026-08-03 06:48:21,0,0,0,25.4,28.2,30.8,21.5,0,31
2026-08-03 06:53:21,0,0,0,25.4,28.1,30.8,21.5,0,28
2026-08-03 06:58:22,0,0,0,25.4,28.2,30.8,21.6,0,28
2026-08-03 07:03:21,0,0,0,25.4,28.5,30.8,21.6,0,28
2026-08-03 07:08:21,0,0,0,25.4,28.4,30.7,21.7,0,28
2026-08-03 07:13:21,0,0,0,25.4,28.4,30.8,21.6,0,31
2026-08-03 07:18:22,0,0,0,25.4,28.5,30.8,21.6,1,31
2026-08-03 07:23:21,0,0,0,25.4,28.2,30.8,21.6,0,31
2026-08-03 07:28:21,0,0,0,25.4,28,30.7,21.6,0,28
2026-08-03 07:33:21,0,0,0,25.4,28.3,30.8,21.6,1,31
2026-08-03 07:38:22,0,0,0,25.4,28.1,30.7,21.6,0,31
2026-08-03 07:43:22,0,0,0,25.3,28.1,30.6,21.7,0,29
2026-08-03 07:48:22,0,0,0,25.3,28.3,30.7,21.7,0,31
2026-08-03 07:53:21,0,0,0,25.3,28.5,30.8,21.6,1,31
2026-08-03 07:58:21,0,0,0,25.3,28.5,30.8,21.7,0,31
2026-08-03 08:03:21,0,0,0,25.3,28.6,30.7,21.8,0,31
2026-08-03 08:08:21,0,0,0,25.3,28.4,30.6,21.8,0,31
2026-08-03 08:13:21,0,0,0,25.3,28.1,30.7,21.7,0,31
2026-08-03 08:18:21,0,3,5,25.4,28.4,30.8,21.6,0,31
2026-08-03 08:23:21,0,0,1,25.4,28.2,30.7,21.7,0,31
2026-08-03 08:28:22,0,0,0,25.4,28.6,30.7,21.7,0,31
2026-08-03 08:33:22,0,0,0,25.4,28,30.8,21.7,0,31
2026-08-03 08:38:22,0,0,0,25.4,28.1,30.7,21.7,0,31
2026-08-03 08:43:22,0,0,1,25.4,28.3,30.9,21.6,0,31
2026-08-03 08:48:21,0,0,0,25.4,28.4,30.8,21.7,0,31
2026-08-03 08:53:22,0,0,0,25.4,28.7,30.8,21.8,0,31
2026-08-03 08:58:21,0,0,1,25.4,28.8,30.9,21.8,0,31
2026-08-03 09:03:22,0,0,0,25.5,28.8,30.9,21.8,0,31
2026-08-03 09:08:22,5,15,18,25.5,28.8,31,21.8,0,31
2026-08-03 09:13:22,0,0,0,25.5,28.3,31,21.8,0,31
2026-08-03 09:18:22,0,0,0,25.5,28.7,30.9,21.9,0,31
2026-08-03 09:23:22,0,0,0,25.5,28.6,30.9,21.9,0,31
2026-08-03 09:28:22,0,0,0,25.5,28.8,31,21.9,0,31
2026-08-03 09:33:22,0,0,1,25.6,29.1,31,22,0,31
2026-08-03 09:38:22,0,3,5,25.6,28.9,31,22,0,31
2026-08-03 09:43:22,0,3,4,25.6,28.9,31,22.1,1,31
2026-08-03 09:48:21,0,3,3,25.7,29.1,31.2,22,0,31
2026-08-03 09:53:22,0,5,8,25.7,29,31.3,22,0,31
2026-08-03 09:58:22,5,14,16,25.7,29.1,31.2,22.1,0,31
2026-08-03 10:03:22,3,7,11,25.8,29,31.3,22.1,0,31
2026-08-03 10:08:22,5,13,18,25.8,29.1,31.3,22.1,0,31
2026-08-03 10:13:22,35,56,70,25.9,28.9,31.5,22,0,31
2026-08-03 10:18:22,27,43,53,25.9,29.4,31.4,22.2,0,31
2026-08-03 10:23:22,17,31,38,25.9,29.5,31.3,22.3,0,31
2026-08-03 10:28:22,18,29,33,26,29.3,31.4,22.3,0,31
2026-08-03 10:33:22,8,21,26,25.9,29.4,31.4,22.4,0,31
2026-08-03 10:38:22,7,23,27,26.1,29.4,31.6,22.2,0,31
2026-08-03 10:43:22,16,32,37,26.1,29.3,31.6,22.4,0,31
2026-08-03 10:48:22,13,27,29,26.1,29.5,31.6,22.4,0,31
2026-08-03 10:53:22,0,1,2,26.1,30,31.6,22.5,0,29
2026-08-03 10:58:22,0,1,1,26.2,30,31.7,22.5,0,31
2026-08-03 11:03:22,1,5,8,26.2,29.8,31.8,22.5,0,31
2026-08-03 11:08:22,1,7,8,26.3,30,31.8,22.6,0,31
2026-08-03 11:13:22,1,4,4,26.2,29.3,31.4,22.9,0,31
2026-08-03 11:18:22,3,10,11,24.6,30.3,26.5,28.3,0,31
2026-08-03 11:23:22,4,12,19,22.5,32.7,22.8,33.7,0,31
2026-08-03 11:28:22,3,7,10,20.9,34.7,20.7,37.3,0,31
2026-08-03 11:33:22,0,3,3,19.7,37,19.6,39.5,0,31
2026-08-03 11:38:22,8,22,23,18.9,38.7,18.8,40.8,0,31
2026-08-03 11:43:22,3,7,7,18.9,41.5,20.6,39.3,0,31
2026-08-03 11:48:22,0,1,1,21.6,37.7,28.3,27,0,31
2026-08-03 11:53:22,1,5,5,23.5,34.6,30.5,24.3,0,31
2026-08-03 11:58:22,2,4,5,24.6,33.1,31.1,23.6,0,31
2026-08-03 12:03:22,2,6,6,25.2,31.7,31,23.7,0,31
2026-08-03 12:08:22,2,6,6,25,31.2,29.2,25.6,0,31
2026-08-03 12:13:22,4,8,8,23.1,32.9,24.5,31.7,0,31
2026-08-03 12:18:22,5,8,9,21.5,35.1,21.7,36.2,0,31
2026-08-03 12:23:22,6,18,21,20.2,37.2,20.2,39,0,31
2026-08-03 12:28:22,5,8,8,19.3,39.1,19.3,40.7,0,31
2026-08-03 12:33:25,3,8,8,18.6,40.3,18.7,41.8,0,31
2026-08-03 12:38:22,4,6,7,18.2,41.4,18.4,42.5,0,31
2026-08-03 12:43:22,3,6,7,17.9,42.6,18.1,43.1,0,31
2026-08-03 12:48:22,3,6,6,17.7,42.9,18,43.4,0,31
2026-08-03 12:53:22,4,9,13,17.5,43.4,17.9,43.7,0,31
2026-08-03 12:58:22,5,11,12,17.4,43.9,17.8,43.9,0,31
2026-08-03 13:03:22,4,6,7,17.3,44.3,17.8,44.1,0,31
2026-08-03 13:08:22,2,4,4,17.3,44.6,17.9,44.2,0,31
2026-08-03 13:13:22,3,6,6,17.4,44.7,18.1,44.2,0,29
2026-08-03 13:18:22,2,4,5,17.5,44.5,18.2,44.3,0,31
2026-08-03 13:23:22,6,17,18,17.5,44.2,18.3,44.3,0,31
2026-08-03 13:28:22,5,7,8,17.6,44.3,18.4,44.3,0,31
2026-08-03 13:33:22,8,18,18,17.7,44.5,18.4,44.3,0,31
2026-08-03 13:38:22,5,8,9,17.7,44.4,18.5,44.3,0,31
2026-08-03 13:43:22,1,4,4,17.8,43.4,18.5,44.1,0,31
2026-08-03 13:48:22,1,3,4,17.8,43.8,18.5,44.1,0,31
2026-08-03 13:53:22,2,5,5,17.9,43.8,18.5,44.2,0,31
2026-08-03 13:58:22,1,3,3,17.9,43.2,18.6,44.1,0,31
2026-08-03 14:03:23,3,4,4,17.9,43.3,18.6,44,0,31
2026-08-03 14:08:22,3,6,6,17.9,43.4,18.6,44.1,0,31
2026-08-03 14:13:22,5,9,9,17.9,43.4,18.6,44.1,0,31
2026-08-03 14:18:22,6,11,13,17.9,43.3,18.5,44,0,31
2026-08-03 14:23:23,7,12,14,17.9,43.3,18.5,44.1,0,31
2026-08-03 14:28:22,6,12,16,17.8,43.4,18.4,44.1,0,31
2026-08-03 14:33:22,14,20,20,17.8,43.4,18.4,44.1,0,31
2026-08-03 14:38:22,19,30,30,17.8,43,18.4,44,0,31
2026-08-03 14:43:22,21,32,33,17.8,43.6,18.4,44.2,0,31
2026-08-03 14:48:22,21,32,33,17.7,43.4,18.3,44.2,0,31
2026-08-03 14:53:23,22,32,34,17.7,43.1,18.3,44.2,0,31
2026-08-03 14:58:22,24,35,42,17.7,43.6,18.3,44.3,0,31
2026-08-03 15:03:22,26,39,47,17.7,43.8,18.2,44.4,0,31
2026-08-03 15:08:22,24,37,46,17.6,44,18.2,44.5,0,31
2026-08-03 15:13:22,23,34,38,17.6,43.8,18.2,44.6,0,31
2026-08-03 15:18:22,18,27,27,17.6,43.2,18.1,44.5,0,31
2026-08-03 15:23:22,21,30,31,17.6,42.8,18.1,44.4,0,31
2026-08-03 15:28:22,21,30,34,17.5,43.3,18.1,44.4,0,31
2026-08-03 15:33:22,24,35,40,17.5,43.4,18,44.5,0,31
2026-08-03 15:38:23,20,28,30,17.5,42.8,18,44.4,0,31
2026-08-03 15:43:22,22,32,33,17.5,43.2,17.9,44.4,0,31
2026-08-03 15:48:23,22,33,37,17.4,43.1,17.9,44.5,0,31
2026-08-03 15:53:23,20,30,33,17.4,43,17.9,44.4,0,31
2026-08-03 15:58:23,19,28,30,17.4,42.8,17.8,44.4,0,31
2026-08-03 16:04:11,16,24,26,17.4,42.8,17.8,44.3,0,31
2026-08-03 16:08:22,16,23,24,17.4,42.8,17.8,44.3,0,31
2026-08-03 16:13:23,6,17,17,17.3,42.5,17.7,44.2,0,31
2026-08-03 16:18:22,5,8,8,17.3,42.5,17.7,44.3,0,31
2026-08-03 16:23:23,4,7,8,17.3,42.8,17.7,44.3,0,31
2026-08-03 16:28:23,4,9,11,17.3,43.1,17.6,44.3,0,31
2026-08-03 16:33:23,3,7,7,17.2,43.1,17.6,44.4,0,31
2026-08-03 16:38:22,3,6,6,17.3,43,17.7,44.4,0,31
2026-08-03 16:43:23,4,6,8,17.2,42.8,17.7,44.4,0,31
2026-08-03 16:48:23,3,6,6,17.3,43,17.7,44.4,0,31
2026-08-03 16:53:23,3,6,6,17.2,42.3,17.7,44.2,0,31
2026-08-03 16:58:22,9,19,20,17.2,42.8,17.7,44.2,0,31
2026-08-03 17:03:23,5,13,17,17.3,42.6,17.6,44.2,0,31
2026-08-03 17:08:23,4,6,7,17.2,42.3,17.6,44.2,0,31
2026-08-03 17:13:23,1,3,3,17.2,42.2,17.6,44.1,0,31
2026-08-03 17:18:23,1,3,4,17.3,42.1,17.6,44,0,31
2026-08-03 17:23:23,0,2,3,17.2,42,17.6,44,0,31
2026-08-03 17:28:23,0,2,3,17.2,41.8,17.6,43.9,0,31
2026-08-03 17:33:23,0,2,2,17.2,42.3,17.6,44.2,0,31
2026-08-03 17:38:23,0,0,1,20.1,39.4,26.8,29.6,0,31
2026-08-03 17:43:23,0,0,0,20.8,36.1,24.5,31.7,0,29
2026-08-03 17:48:23,0,3,3,20.3,36.6,22.2,35.3,0,31
2026-08-03 17:53:23,0,0,0,21.6,36.5,27.1,29.2,0,31
2026-08-03 17:58:23,0,1,1,22.9,34,28.4,27.3,0,29
2026-08-03 18:03:23,0,1,2,22.6,33,25.7,30,0,31
2026-08-03 18:08:23,0,1,1,21.3,34,22.4,34.9,0,31
2026-08-03 18:13:23,0,1,1,20.2,35.8,20.5,38.1,0,31
2026-08-03 18:18:22,0,1,1,19.4,38.9,19.6,40.7,0,31
2026-08-03 18:23:23,0,4,4,21.9,36.8,28.3,27.6,0,31
2026-08-03 18:28:23,1,3,4,23.7,33.9,30.6,24.8,1,31
2026-08-03 18:33:23,0,0,1,24.9,32.3,31.4,23.9,0,29
2026-08-03 18:38:23,0,1,3,25.6,31,31.9,23.4,0,31
2026-08-03 18:43:23,0,2,2,25.2,30.7,29.2,25.9,0,31
2026-08-03 18:48:23,0,0,0,23.3,31.7,24.5,31.9,0,31
2026-08-03 18:53:23,0,1,1,23.7,32.2,28.5,27.4,0,29
2026-08-03 18:58:23,0,1,2,24.9,30.9,31.1,24.1,0,29
2026-08-03 19:03:23,0,2,2,25.5,30,31.6,23.4,0,29
2026-08-03 19:08:23,0,0,0,26,30,31.9,23.1,0,29
2026-08-03 19:13:23,0,1,1,26.2,29.3,32.1,22.9,0,29
2026-08-03 19:18:23,0,0,0,26.3,29.1,32,22.9,0,29
2026-08-03 19:23:23,0,1,1,26.4,28.3,32.1,22.7,0,29
2026-08-03 19:33:23,0,0,0,26.5,28.2,32.1,22.5,0,29
2026-08-03 19:38:23,0,0,0,26.5,28.3,32.1,22.5,0,29
2026-08-03 19:43:23,0,1,2,26.5,28.5,32,22.6,0,29
2026-08-03 19:48:23,0,3,4,26.5,28.9,32.1,22.5,0,29
2026-08-03 19:53:23,0,4,4,26.5,28.7,32.2,22.4,0,29
2026-08-03 19:58:23,0,0,1,26.6,28.7,32.3,22.3,0,31
2026-08-03 20:03:23,0,2,2,26.6,28.8,32.2,22.4,0,31
2026-08-03 20:08:23,0,0,1,26.5,28.8,32,22.5,0,31
2026-08-03 20:13:23,0,1,1,26.5,28.4,32,22.4,0,29
2026-08-03 20:18:23,0,1,2,26.5,28.3,32,22.4,1,29
2026-08-03 20:23:23,0,1,1,26.5,28.4,32,22.4,0,31
2026-08-03 20:28:23,0,2,3,26.5,28.3,32,22.3,0,31
2026-08-03 20:33:23,0,3,3,26.5,28.4,32.1,22.2,0,28
2026-08-03 20:38:23,0,2,2,26.5,28.3,32,22.3,0,31
2026-08-03 20:43:24,0,1,1,26.4,28.2,31.9,22.3,0,31
2026-08-03 20:48:23,0,2,2,26.4,28.5,31.8,22.3,0,28
2026-08-03 20:53:23,0,1,1,26.4,28.5,31.9,22.3,0,31
2026-08-03 20:58:23,0,0,0,26.4,28.7,32,22.2,0,31
2026-08-03 21:03:23,0,1,1,26.4,28.6,32,22.2,0,31
2026-08-03 21:08:23,0,0,0,26.4,28.6,31.9,22.3,0,28
2026-08-03 22:23:25,0,0,0,26.3,28.7,31.8,22.2,0,28
2026-08-03 22:28:24,0,2,3,26.3,28.9,31.8,22.1,0,29
2026-08-03 22:33:24,0,0,0,26.3,28.9,31.8,22.2,0,29
2026-08-03 22:38:24,0,0,0,26.3,28.8,31.7,22.2,1,29
2026-08-03 22:43:24,0,1,2,26.3,28.6,31.8,22.1,0,29
2026-08-03 22:48:24,0,1,1,26.2,28.8,31.7,22.2,0,29
2026-08-03 22:53:28,0,0,0,26.3,28.7,31.8,22.1,0,29
2026-08-03 22:58:24,0,0,0,26.3,28.6,31.8,22.1,0,29
2026-08-03 23:03:24,0,0,0,26.2,28.6,31.7,22.1,0,29
2026-08-03 23:08:24,0,1,1,26.2,28.7,31.8,22.1,0,29
2026-08-03 23:13:25,0,1,1,26.2,28.7,31.7,22.1,0,29
2026-08-03 23:18:24,0,0,1,26.2,28.7,31.7,22.2,0,29
2026-08-03 23:23:24,0,0,0,26.2,28.6,31.7,22.1,0,29
2026-08-03 23:28:25,0,0,0,26.2,28.7,31.7,22.1,0,29
2026-08-03 23:33:24,0,0,0,26.2,28.5,31.7,22.1,0,29
2026-08-03 23:38:25,0,1,1,26.2,28.6,31.6,22.1,0,29
2026-08-03 23:43:24,0,0,0,26.2,28.8,31.6,22.1,0,29
2026-08-03 23:48:25,0,0,0,26.1,28.8,31.6,22.2,0,29
2026-08-03 23:53:24,0,0,0,26.1,28.5,31.6,22.1,0,29
2026-08-03 23:58:24,0,0,0,26.1,28.6,31.6,22.1,0,29
2026-08-04 00:03:24,0,0,1,26.2,28.7,31.8,22,0,29
2026-08-04 00:08:25,0,1,1,26.2,28.9,31.7,22.1,0,29
2026-08-04 00:13:24,0,2,2,26.2,29,31.8,22,0,29
2026-08-04 00:18:25,1,3,3,26.2,29,31.7,22.2,0,29
2026-08-04 00:23:24,0,4,4,26.2,29,31.7,22.2,0,29
2026-08-04 00:28:24,0,2,3,26.2,28.9,31.8,22.1,0,29
2026-08-04 00:33:24,1,3,4,26.2,28.8,31.6,22.2,0,29
2026-08-04 00:38:24,0,2,2,26.3,28.9,31.7,22.2,0,29
2026-08-04 00:43:25,0,3,3,26.2,28.9,31.6,22.3,0,29
2026-08-04 00:48:24,0,2,2,26.2,29.1,31.7,22.2,0,29
2026-08-04 00:53:25,1,4,4,26.2,28.9,31.8,22.2,0,29
2026-08-04 00:58:24,2,4,4,26.3,29,31.8,22.1,0,29
2026-08-04 01:03:25,0,3,3,26.3,28.8,31.8,22.2,0,29
2026-08-04 01:08:24,1,4,5,26.3,29.1,31.8,22.2,1,29
2026-08-04 01:13:27,0,3,3,26.3,28.7,31.8,22.3,0,29
2026-08-04 01:18:24,0,4,5,26.3,29.2,31.8,22.3,0,31
2026-08-04 01:23:25,0,4,4,26.3,29.2,31.8,22.3,0,29
2026-08-04 01:28:24,1,5,5,26.2,29.1,31.7,22.3,0,29
2026-08-04 01:33:25,1,4,4,26.2,29.1,31.7,22.3,0,29
2026-08-04 01:38:25,0,2,3,26.2,29,31.6,22.3,0,29
2026-08-04 01:43:24,1,2,3,26.2,29.2,31.7,22.3,0,29
2026-08-04 01:48:25,1,4,4,26.1,29.3,31.6,22.4,0,29
2026-08-04 01:53:25,1,5,5,26.1,29.6,31.6,22.4,0,29
2026-08-04 01:58:24,2,5,6,26.1,29.4,31.5,22.5,0,29
2026-08-04 02:03:25,2,6,6,26.1,29.5,31.4,22.6,0,29
2026-08-04 02:08:25,2,6,6,26,29.6,31.4,22.7,0,29
2026-08-04 02:13:24,3,4,4,26,29.7,31.4,22.6,0,29
2026-08-04 02:18:25,1,5,5,26,29.3,31.4,22.6,0,29
2026-08-04 02:23:25,1,5,5,26,29.3,31.4,22.5,1,29
2026-08-04 02:28:25,1,2,2,26,29.4,31.4,22.6,0,29
2026-08-04 02:33:24,0,0,0,26,28.9,31.4,22.5,0,29
2026-08-04 02:38:24,0,0,0,26,28.7,31.3,22.5,0,29
2026-08-04 02:43:25,0,1,1,26,29.2,31.5,22.4,0,29
2026-08-04 02:48:24,0,0,0,26,29.1,31.5,22.4,0,29
2026-08-04 02:53:25,0,0,0,26,29.2,31.6,22.3,0,29
2026-08-04 02:58:24,0,1,1,26,29.3,31.4,22.5,0,29
2026-08-04 03:03:25,0,0,0,26,29.2,31.5,22.5,0,29
2026-08-04 03:08:25,0,1,1,26,29.2,31.5,22.4,0,29
2026-08-04 03:13:25,0,0,0,26,29.1,31.5,22.4,0,29
2026-08-04 03:18:25,0,0,0,26,29.1,31.4,22.5,0,29
2026-08-04 03:23:25,0,0,0,26,28.8,31.4,22.5,0,29
2026-08-04 03:28:25,0,0,1,26,29.2,31.5,22.4,0,29
2026-08-04 03:33:25,0,0,0,26,29.1,31.5,22.4,0,29
2026-08-04 03:38:25,0,2,2,26,29.2,31.6,22.3,0,29
2026-08-04 03:43:25,0,1,1,26,29.2,31.5,22.4,0,29
2026-08-04 03:48:25,0,3,3,25.9,29.2,31.3,22.6,0,29
2026-08-04 03:53:25,0,2,4,25.9,29.5,31.4,22.5,0,29
2026-08-04 03:58:25,0,2,2,26,29.2,31.5,22.5,0,29
2026-08-04 04:03:25,0,2,2,25.9,29.2,31.4,22.5,0,29
2026-08-04 04:08:24,0,1,1,26,29.2,31.5,22.4,0,29
2026-08-04 04:13:25,0,1,1,25.9,29.1,31.3,22.5,0,29
2026-08-04 04:18:25,0,1,1,25.9,29.1,31.3,22.5,0,29
2026-08-04 04:23:25,0,2,3,25.9,29.2,31.3,22.5,0,29
2026-08-04 04:28:25,1,4,4,25.8,29.2,31.3,22.6,0,29
2026-08-04 04:33:25,1,4,5,25.8,29.4,31.4,22.5,0,29
2026-08-04 04:38:25,2,4,4,25.8,29.4,31.2,22.7,0,29
2026-08-04 04:43:25,0,2,3,25.7,29.4,31.1,22.7,1,29
2026-08-04 04:48:25,2,3,3,25.8,29.6,31.2,22.6,0,29
2026-08-04 04:53:25,1,4,4,25.8,29.5,31.2,22.6,0,29
2026-08-04 04:58:25,0,4,4,25.8,29.2,31.3,22.6,0,29
2026-08-04 05:03:25,0,3,3,25.8,29.2,31.2,22.6,0,29
2026-08-04 05:08:25,0,1,2,25.8,29.4,31.2,22.6,0,29
2026-08-04 05:13:25,0,2,2,25.8,29.2,31.2,22.6,0,29
2026-08-04 05:18:25,0,2,2,25.8,28.8,31.2,22.5,0,29
2026-08-04 05:23:25,0,1,1,25.8,29,31.2,22.6,0,29
2026-08-04 05:28:25,0,1,3,25.8,29.1,31.3,22.5,0,29
2026-08-04 05:33:25,0,2,2,25.8,29.3,31.2,22.6,1,29
2026-08-04 05:38:25,0,2,2,25.8,29.2,31.2,22.6,0,29
2026-08-04 05:43:25,1,3,4,25.8,29.2,31.2,22.6,0,29
2026-08-04 05:48:25,0,1,2,25.8,29.5,31.2,22.6,0,29
2026-08-04 05:53:25,0,1,2,25.7,29.5,31.2,22.7,1,29
2026-08-04 05:58:25,0,1,1,25.8,29.2,31.3,22.5,0,29
2026-08-04 06:03:25,0,2,2,25.8,29.3,31.4,22.5,0,29
2026-08-04 06:08:25,0,1,1,25.8,29.3,31.2,22.6,0,29
2026-08-04 06:13:26,0,0,2,25.7,29.2,31.2,22.6,0,29
2026-08-04 06:18:25,0,0,0,25.8,29.1,31.3,22.5,0,29
2026-08-04 06:23:25,0,0,0,25.7,29.4,31.2,22.6,0,29
2026-08-04 06:28:25,0,2,2,25.7,29.1,31.3,22.5,0,29
2026-08-04 06:33:25,0,1,1,25.7,29,31.2,22.5,0,29
2026-08-04 06:38:25,0,1,1,25.8,29,31.2,22.5,0,29
2026-08-04 06:43:26,0,1,1,25.8,29,31.3,22.5,0,29
2026-08-04 06:48:25,0,0,0,25.9,29.2,31.3,22.4,0,29
2026-08-04 06:53:26,0,2,2,25.8,28.9,31.3,22.5,0,29
2026-08-04 06:58:25,0,1,2,25.8,29,31.2,22.5,0,29
2026-08-04 07:03:26,0,1,1,25.8,29,31.3,22.4,0,29
2026-08-04 07:08:25,0,2,2,25.8,29.1,31.2,22.5,0,29
2026-08-04 07:13:26,0,4,4,25.8,29.2,31.2,22.6,0,29
2026-08-04 07:18:25,0,1,2,25.8,28.9,31.2,22.6,0,29
2026-08-04 07:23:26,0,1,1,25.8,29.4,31.2,22.6,0,29
2026-08-04 07:28:25,0,3,3,25.8,29.3,31.3,22.6,0,29
2026-08-04 07:33:26,0,2,3,25.8,29.1,31.1,22.7,0,29
2026-08-04 07:38:25,0,2,2,25.8,29.2,31.4,22.5,0,31
2026-08-04 07:43:26,0,1,1,25.8,29.3,31.3,22.5,0,31
2026-08-04 07:48:25,0,2,3,25.9,29.3,31.4,22.5,0,29
2026-08-04 07:53:26,0,2,2,25.9,29.1,31.3,22.5,0,29
2026-08-04 07:58:25,0,3,3,25.9,29.2,31.4,22.5,0,29
2026-08-04 08:03:26,0,1,1,25.9,29.2,31.3,22.6,0,29
2026-08-04 08:08:25,6,15,16,25.9,29.2,31.3,22.6,0,29
2026-08-04 08:13:29,18,30,33,25.9,29.6,31.3,22.7,1,31
2026-08-04 08:18:25,4,11,12,25.8,29.7,31.3,22.8,0,31
2026-08-04 08:23:26,4,11,11,25.8,30,31.3,22.8,0,31
2026-08-04 08:28:25,13,26,27,25.9,30.1,31.4,22.7,0,31
2026-08-04 08:33:26,6,17,18,25.8,30.1,31.4,22.9,0,31
2026-08-04 08:38:26,5,8,9,25.8,30,31.4,22.9,0,31
2026-08-04 08:43:26,4,7,7,25.8,30,31.2,23,0,29
2026-08-04 08:48:25,2,7,7,25.7,29.8,31.1,23.1,0,31
2026-08-04 08:53:26,2,6,7,25.7,29.8,31.1,23,0,31
2026-08-04 08:58:26,2,6,7,25.7,29.8,31.1,23,0,29
2026-08-04 09:03:26,4,8,8,25.6,30,31,23.1,0,31
2026-08-04 09:08:25,4,8,8,25.5,29.9,30.9,23.2,0,31
2026-08-04 09:13:32,2,5,5,25.5,29.8,30.8,23.2,0,29
2026-08-04 09:18:29,3,7,7,25.5,29.9,30.9,23.1,0,29
2026-08-04 09:23:26,3,8,8,25.5,29.9,30.9,23.1,0,31
2026-08-04 09:28:29,3,6,7,25.5,29.9,31,23.1,0,31
2026-08-04 09:33:26,4,7,7,25.6,30.1,31,23.1,1,31
2026-08-04 09:38:29,3,6,6,25.6,30,31.1,23.1,0,31
2026-08-04 09:43:26,3,7,7,25.7,30.1,31.2,23.1,0,31
2026-08-04 09:48:26,3,6,6,25.7,30,31.3,23,0,31
2026-08-04 09:53:26,5,11,12,25.8,29.9,31.4,23,0,31
2026-08-04 15:01:37,24,39,52,15.8,49.8,20.5,44,0,31
2026-08-04 15:06:38,31,46,55,18.1,47.4,20.7,44.2,0,31
2026-08-04 15:11:38,32,47,57,18.7,45.8,20.6,44.3,0,31
2026-08-04 15:16:37,33,51,62,18.9,45,20.3,44.5,0,31
2026-08-04 15:21:38,33,49,61,19,44.8,20.1,44.8,0,31
2026-08-04 15:26:38,34,52,65,19,44.7,19.9,45.1,0,31
2026-08-04 15:31:38,38,58,70,18.9,44.8,19.6,45.4,0,31
2026-08-04 15:36:38,38,58,69,18.7,45.1,19.5,45.7,0,31
2026-08-04 15:41:37,35,51,65,18.6,45.2,19.3,46,0,31
2026-08-04 15:46:38,34,51,65,18.5,45.3,19.1,46.2,0,31
2026-08-04 15:51:37,35,52,66,18.4,45.6,19,46.5,0,31
2026-08-04 15:56:38,31,47,56,19.5,47,22.3,41.7,0,31
2026-08-04 16:01:38,30,45,55,22,41.9,25.3,35.9,0,31
2026-08-04 16:06:38,30,46,57,23.9,38,27.3,32.5,0,31
2026-08-04 16:11:38,30,45,55,25.2,35.6,28,31.7,0,31
2026-08-04 16:16:38,27,41,50,25.6,34.7,27.7,32.2,0,31
2026-08-04 16:21:37,30,45,53,25.9,33.4,27.5,32.1,0,31
2026-08-04 16:26:38,28,43,51,26.1,33.5,27.9,31.9,0,31
2026-08-04 16:31:38,28,41,49,26.5,32.9,28.5,31.2,0,31
2026-08-04 16:36:38,28,41,50,26.7,32.4,28.7,30.9,1,31
2026-08-04 16:41:38,29,42,49,27,32,28.9,30.7,0,31
2026-08-04 16:46:38,27,39,48,27.1,31.8,29,30.5,0,31
2026-08-04 16:51:38,28,41,49,27.2,31.4,28.9,30.5,0,31
2026-08-04 16:56:38,27,40,46,27.1,31.9,28.7,31,0,31
2026-08-04 17:01:38,27,39,47,27.2,31.7,28.9,30.6,0,31
2026-08-04 17:06:38,24,36,45,27.3,31.3,29,30.4,0,31
2026-08-04 17:11:37,27,40,47,27.2,31.3,28.9,30.4,0,31
2026-08-04 17:16:38,24,37,45,27.2,31.2,28.9,30.4,0,31
2026-08-04 17:21:37,25,35,42,27.2,31.1,28.9,30.4,0,31
2026-08-04 17:26:38,24,36,41,27.1,31.1,28.8,30.4,0,31
2026-08-04 17:31:38,25,38,44,27.1,31.2,28.7,30.4,0,31
2026-08-04 17:36:38,26,40,47,27.2,31.2,28.8,30.3,0,31
2026-08-04 17:41:38,28,42,50,27.2,31,28.7,30.3,0,31
2026-08-04 17:46:38,26,38,46,27.1,31.1,28.7,30.3,0,31
2026-08-04 17:51:38,26,39,47,27.1,31.3,28.6,30.3,0,31
2026-08-04 17:56:38,27,39,47,27.1,31,28.6,30.3,0,31
2026-08-04 18:01:38,28,42,50,27.1,31.1,28.5,30.4,0,31
2026-08-04 18:06:38,28,42,50,27.1,31.2,28.6,30.3,0,31
2026-08-04 18:11:38,28,43,50,27.1,31,28.6,30.3,0,31
2026-08-04 18:16:38,28,41,49,27.1,31.2,28.5,30.3,0,31
2026-08-04 18:21:38,28,41,50,27,31.2,28.5,30.3,0,31
2026-08-04 18:26:38,27,41,49,27,31.2,28.5,30.2,0,31
2026-08-04 18:31:38,27,42,50,27,31.1,28.5,30.3,0,31
2026-08-04 18:36:38,24,38,45,27,31.3,28.4,30.3,0,31
2026-08-04 18:41:38,26,37,42,26.9,31.1,28.4,30.3,0,31
2026-08-04 18:46:38,23,35,41,26.9,31.3,28.3,30.2,0,31
2026-08-04 18:51:38,23,35,39,26.8,31.2,28.3,30.3,0,31
2026-08-04 18:56:38,23,33,39,26.8,31.4,28.2,30.3,0,31
2026-08-04 19:01:38,25,38,46,26.8,31.3,28.2,30.3,0,31
2026-08-04 19:06:38,24,38,47,26.7,31.5,28.1,30.4,0,31
2026-08-04 19:11:38,26,39,45,26.7,31.4,28.1,30.4,1,31
2026-08-04 19:16:38,27,40,49,26.7,31.5,28.1,30.4,0,31
2026-08-04 19:21:38,27,40,46,26.7,31.4,28.1,30.4,0,31
2026-08-04 19:26:38,28,42,50,26.6,31.4,27.9,30.6,0,31
2026-08-04 19:31:38,30,44,53,26.6,31.4,28,30.5,0,31
2026-08-04 19:36:38,28,42,50,26.6,31.6,28,30.4,0,31
2026-08-04 19:41:38,28,43,51,26.5,31.5,27.8,30.6,0,31
2026-08-04 19:46:38,27,41,49,26.6,31.5,27.9,30.5,0,31
2026-08-04 19:51:38,27,41,48,26.6,31.4,27.9,30.5,0,31
2026-08-04 19:56:38,28,42,50,26.6,31.5,27.9,30.4,0,29
2026-08-04 20:01:38,28,41,49,26.5,31.4,27.8,30.5,1,30
2026-08-04 20:06:38,28,41,47,26.5,31.5,27.8,30.6,0,31
2026-08-04 20:11:38,26,39,48,26.5,31.4,27.8,30.6,0,31
2026-08-04 20:16:38,27,41,49,26.4,31.7,27.7,30.6,0,30
2026-08-04 20:21:38,26,41,48,26.5,31.5,27.8,30.5,0,30
2026-08-04 20:26:38,27,40,48,26.4,31.6,27.7,30.6,0,31
2026-08-04 20:31:38,26,40,47,26.4,31.8,27.7,30.6,0,31
2026-08-04 20:36:38,28,43,50,26.4,31.7,27.7,30.6,0,31
2026-08-04 20:41:38,25,38,47,26.4,31.7,27.6,30.7,0,31
2026-08-04 20:46:38,26,39,47,26.3,31.8,27.6,30.7,0,31
2026-08-04 20:51:38,26,41,48,26.3,31.9,27.6,30.7,0,29
2026-08-04 20:56:38,28,41,50,26.3,31.9,27.6,30.7,0,31
2026-08-04 21:01:38,25,36,44,26.2,31.8,27.5,30.8,0,31
2026-08-04 21:06:38,24,35,42,26.3,31.9,27.6,30.7,0,31
2026-08-04 21:11:38,25,39,46,26.3,31.7,27.5,30.7,0,30
2026-08-04 21:16:38,25,39,46,26.2,31.8,27.5,30.8,1,29
2026-08-04 21:21:38,25,36,44,26.2,31.7,27.5,30.8,0,29
2026-08-04 21:26:38,25,39,46,26.2,31.7,27.5,30.7,0,29
2026-08-04 21:31:38,24,39,46,26.2,31.7,27.4,30.8,0,31
2026-08-04 21:36:39,23,36,44,26.1,31.6,27.3,31,0,29
2026-08-04 21:41:38,23,35,40,26.1,31.6,27.2,30.9,0,29
2026-08-04 21:46:38,24,38,45,26.1,31.6,27.3,30.9,0,29
2026-08-04 21:51:38,25,38,44,26.1,31.5,27.3,30.8,0,31
2026-08-04 21:56:39,24,35,44,26.1,31.7,27.3,30.9,0,31
2026-08-04 22:01:38,26,41,48,26.1,31.8,27.3,30.8,0,29
2026-08-04 22:06:39,26,38,46,26.1,31.6,27.3,30.8,0,31
2026-08-04 22:11:38,26,38,47,26.1,31.7,27.3,30.8,0,31
2026-08-04 22:16:38,22,34,38,26.1,31.4,27.3,30.9,0,29
2026-08-04 22:21:38,23,34,40,26.1,31.2,27.3,30.8,0,29
2026-08-04 22:26:39,24,35,40,26.1,31.1,27.3,30.7,0,29
2026-08-04 22:31:38,23,34,40,26,31.3,27.2,30.8,0,31
2026-08-04 22:36:39,23,35,40,26,31.4,27.2,30.8,0,29
2026-08-04 22:41:38,23,35,40,26,31.2,27.2,30.7,0,29
2026-08-04 22:46:38,21,28,30,26,31.4,27.2,30.6,0,29
2026-08-04 22:51:38,20,29,32,26,31.1,27.2,30.7,0,30
2026-08-04 22:56:38,18,26,27,26,31,27.2,30.6,0,31
2026-08-04 23:01:39,13,21,21,26,30.7,27.2,30.6,0,29
2026-08-04 23:06:38,11,23,23,26.1,30.7,27.3,30.4,0,29
2026-08-04 23:11:38,8,21,22,26,30.7,27.2,30.4,0,29
2026-08-04 23:16:38,7,19,21,26,30.5,27.2,30.3,0,29
2026-08-04 23:21:38,8,20,20,26,30.5,27.2,30.3,0,31
2026-08-04 23:26:38,5,14,15,26,30.4,27.2,30.2,0,29
2026-08-04 23:31:39,5,15,16,26,30.3,27.2,30.1,0,29
2026-08-04 23:36:39,6,12,15,26.1,30.4,27.3,30,1,29
2026-08-04 23:41:38,4,10,11,26,30.3,27.2,30,0,31
2026-08-04 23:46:38,5,11,11,26,30.2,27.2,30,0,29
2026-08-04 23:51:39,5,13,15,26,30.4,27.2,30,0,29
2026-08-04 23:56:38,5,14,16,26,30.5,27.2,30,0,29
2026-08-05 00:01:39,9,18,19,26,30.4,27.1,30,0,31
2026-08-05 00:06:39,5,12,13,26,30.3,27.1,30,0,29
2026-08-05 00:11:39,8,19,22,26,30.4,27.2,29.9,0,29
2026-08-05 00:16:38,7,17,19,26,30.2,27.2,29.9,0,29
2026-08-05 00:21:39,7,12,13,26,30.1,27.2,29.8,0,31
2026-08-05 00:26:38,5,16,16,26,29.9,27.2,29.8,0,29
2026-08-05 00:31:39,5,9,9,26,29.8,27.2,29.8,0,29
2026-08-05 00:36:39,5,7,7,26,30,27.2,29.7,0,29
2026-08-05 00:41:39,5,15,18,26,30.1,27.1,29.8,0,29
2026-08-05 00:46:39,8,18,20,25.9,30.2,27.1,29.8,0,29
2026-08-05 00:51:39,6,10,12,25.9,30,27.1,29.7,0,29
2026-08-05 00:56:39,6,16,17,25.9,30,27.1,29.6,0,29
2026-08-05 01:01:39,6,13,15,25.9,29.9,27.1,29.6,0,29
2026-08-05 01:06:39,6,12,13,25.9,30,27,29.6,0,29
2026-08-05 01:11:39,5,11,12,25.9,29.9,27,29.6,0,29
2026-08-05 01:16:39,6,13,17,25.9,30,27,29.6,0,29
2026-08-05 01:21:39,7,13,15,25.9,29.7,27,29.6,1,29
2026-08-05 01:26:39,8,17,19,25.8,29.6,26.9,29.6,0,29
2026-08-05 01:31:38,6,13,14,25.8,29.7,26.9,29.6,0,29
2026-08-05 01:36:39,7,17,18,25.9,29.9,27,29.5,0,29
2026-08-05 01:41:39,9,19,20,25.9,29.8,27,29.5,1,29
2026-08-05 01:46:39,11,23,24,25.9,29.7,27.1,29.4,0,29
2026-08-05 01:51:38,7,20,20,25.9,29.8,27,29.4,0,29
2026-08-05 01:56:39,6,19,19,25.9,29.9,27.1,29.4,0,29
2026-08-05 02:01:39,21,30,34,26,30.5,27.1,29.4,0,29
2026-08-05 02:06:39,20,30,34,25.9,30.7,27,29.6,0,29
2026-08-05 02:11:38,22,32,33,25.9,30.8,27,29.7,0,29
2026-08-05 02:16:39,20,31,33,25.8,30.5,26.9,29.8,0,29
2026-08-05 02:21:39,15,26,29,25.8,30.3,26.9,29.8,0,29
2026-08-05 02:26:39,11,21,23,25.8,30.2,26.9,29.7,0,29
2026-08-05 02:31:39,10,21,23,25.8,29.9,26.9,29.7,0,29
2026-08-05 02:36:39,12,22,24,25.8,30,27,29.6,0,29
2026-08-05 02:41:39,14,23,24,25.7,30.3,26.9,29.7,0,29
2026-08-05 02:46:39,20,30,34,25.7,30.6,26.8,29.8,0,29
2026-08-05 02:51:39,17,26,28,25.7,30.6,26.8,29.8,0,29
2026-08-05 02:56:39,16,22,24,25.7,30.3,26.8,29.8,0,29
2026-08-05 03:01:39,15,25,27,25.7,30.3,26.7,29.9,0,29
2026-08-05 03:06:39,11,23,23,25.7,30.3,26.8,29.8,0,29
2026-08-05 03:11:39,19,32,34,25.7,30.7,26.8,29.9,0,31
2026-08-05 03:16:39,19,26,28,25.7,30.9,26.8,29.9,0,29
2026-08-05 03:21:39,20,29,29,25.7,30.9,26.8,30,0,29
2026-08-05 03:26:39,21,29,32,25.7,30.8,26.8,30,0,29
2026-08-05 03:31:39,15,26,26,25.7,30.6,26.8,29.9,1,29
2026-08-05 03:36:39,14,25,27,25.7,30.3,26.8,29.9,0,29
2026-08-05 03:41:39,14,25,25,25.8,30.5,26.8,29.8,0,29
2026-08-05 03:46:39,11,23,23,25.7,30.1,26.8,29.9,0,29
2026-08-05 03:51:39,8,17,18,25.7,29.7,26.7,29.8,0,29
2026-08-05 03:56:39,6,13,14,25.7,29.8,26.8,29.7,1,29
2026-08-05 04:01:39,5,12,13,25.7,29.6,26.8,29.6,0,29
2026-08-05 04:06:39,4,6,6,25.8,29.2,26.9,29.5,0,29
2026-08-05 04:11:39,4,7,7,25.8,29.2,26.9,29.4,0,29
2026-08-05 04:16:39,2,5,5,25.8,28.9,26.9,29.4,1,29
2026-08-05 04:21:39,2,2,3,25.9,28.8,27,29.2,0,29
2026-08-05 04:26:39,0,1,1,25.9,28.7,27.1,29.1,0,29
2026-08-05 04:31:39,0,0,1,25.9,28.7,27,29.1,0,29
2026-08-05 04:36:39,0,0,0,26,28.5,27.1,28.9,0,29
2026-08-05 04:41:39,0,0,0,26,28.3,27.1,28.8,0,29
2026-08-05 04:46:39,0,0,0,26,28.1,27,28.8,0,29
2026-08-05 04:51:39,0,0,0,26,27.9,27.1,28.6,0,29
2026-08-05 04:56:39,0,0,0,26,27.7,27.1,28.6,0,29
2026-08-05 05:01:39,0,0,0,26.1,27.7,27.2,28.4,0,29
2026-08-05 05:06:39,0,0,0,26,28.1,27.2,28.4,1,29
2026-08-05 05:11:39,0,0,0,26,28.2,27.1,28.4,0,29
2026-08-05 05:16:39,0,2,2,26,28,27.1,28.4,0,31
2026-08-05 05:21:39,0,1,1,26.1,28.1,27.3,28.2,0,29
2026-08-05 05:26:39,0,0,1,26.1,28,27.2,28.2,0,29
2026-08-05 05:31:39,0,0,0,26.1,28.2,27.2,28.2,0,29
2026-08-05 05:36:39,0,0,0,26.1,28.1,27.2,28.2,0,29
2026-08-05 05:41:39,0,0,0,26.1,28.3,27.2,28.1,1,30
2026-08-05 05:46:39,0,1,1,26.1,28.5,27.2,28.1,1,30
2026-08-05 05:51:39,0,0,0,26.1,28.4,27.3,28.1,0,30
2026-08-05 05:56:39,0,0,0,26.1,27.4,27.2,28,0,30
2026-08-05 06:01:39,0,0,0,26.1,27.7,27.2,27.9,0,30
2026-08-05 06:06:39,0,0,0,26.1,27.4,27.3,27.8,0,30
2026-08-05 06:11:39,0,0,0,26.1,26.8,27.2,27.8,0,30
2026-08-05 06:16:40,0,0,0,26.1,26.7,27.2,27.6,0,30
2026-08-05 06:21:40,0,0,0,26.1,27.1,27.3,27.5,0,30
2026-08-05 06:26:39,0,0,0,26.1,27,27.3,27.4,0,30
2026-08-05 06:31:40,0,0,0,26.1,26.9,27.4,27.3,0,30
2026-08-05 06:36:39,0,0,0,26.2,27,27.4,27.3,0,30
2026-08-05 06:41:39,0,0,0,26.2,27.2,27.4,27.3,0,30
2026-08-05 06:46:39,0,0,0,26.2,27,27.4,27.2,0,30
2026-08-05 06:51:39,0,0,0,26.2,27.1,27.3,27.3,0,30
2026-08-05 06:56:39,0,0,0,26.2,26.9,27.4,27.1,0,30
2026-08-05 07:01:39,0,0,0,26.2,26.7,27.4,27,0,30
2026-08-05 07:06:39,0,0,0,26.2,26.6,27.4,27,0,30
2026-08-05 07:11:40,0,0,0,26.2,26.9,27.5,26.9,0,30
2026-08-05 07:16:39,0,0,0,26.2,26.4,27.4,26.9,0,30
2026-08-05 07:21:39,0,0,0,26.3,26.7,27.4,26.8,0,30
2026-08-05 07:26:39,0,0,0,26.2,27,27.4,26.8,0,30
2026-08-05 07:31:39,0,0,0,26.2,26.6,27.4,26.8,0,30
2026-08-05 07:36:40,0,0,0,26.2,26.5,27.4,26.7,0,29
2026-08-05 07:41:40,0,0,0,26.2,26.9,27.4,26.7,0,31
2026-08-05 07:46:39,0,0,0,26.2,26.6,27.4,26.7,0,31
2026-08-05 07:51:39,0,0,0,26.3,26.4,27.5,26.6,0,31
2026-08-05 07:56:40,0,0,0,26.2,26.2,27.4,26.6,0,31
2026-08-05 08:01:39,0,2,2,26.2,26.9,27.5,26.5,0,31
2026-08-05 08:06:40,13,22,24,26.2,28.1,27.5,26.6,0,31
2026-08-05 08:11:39,20,31,36,26.2,28.9,27.4,26.9,0,31
2026-08-05 08:16:39,21,32,36,26.2,29,27.3,27.2,0,31
2026-08-05 08:21:40,19,29,34,26.2,28.8,27.3,27.3,0,31
2026-08-05 08:26:40,7,21,21,26.2,28.1,27.3,27.2,0,31
2026-08-05 08:31:39,1,4,6,26.1,26.9,27.3,27,0,31
2026-08-05 08:36:40,0,2,2,26.1,26.5,27.3,26.9,0,31
2026-08-05 08:41:40,0,1,2,26.1,26.8,27.4,26.8,0,31
2026-08-05 08:46:39,4,11,11,26.2,26.9,27.4,26.7,0,31
2026-08-05 08:51:40,11,27,27,26.2,27.4,27.5,26.7,0,31
2026-08-05 08:56:40,14,27,29,26.2,27.6,27.5,26.7,0,31
2026-08-05 09:01:40,15,26,31,26.3,27.9,27.5,26.8,0,31
2026-08-05 09:06:40,18,28,30,26.3,27.9,27.5,26.9,0,31
2026-08-05 09:11:40,8,20,22,26.2,27.8,27.4,27,1,31
2026-08-05 09:16:40,10,22,24,26.2,27.8,27.5,26.9,0,31
2026-08-05 09:21:40,7,19,20,26.2,27.5,27.5,26.8,0,31
2026-08-05 09:26:40,9,23,24,26.3,27.5,27.5,26.8,0,31
2026-08-05 09:31:40,7,17,19,26.3,27.6,27.6,26.8,0,31
2026-08-05 09:36:40,6,15,17,26.3,27.5,27.5,26.8,0,31
2026-08-05 09:41:40,5,11,13,25.8,27.6,26.1,28.3,0,31
2026-08-05 09:46:40,4,9,9,23.7,29.1,22.8,32.9,0,31
2026-08-05 09:51:39,6,12,13,21.9,31.4,20.7,36.2,0,31
2026-08-05 09:56:40,15,28,31,20.4,33.3,19.5,38.2,0,31
2026-08-05 10:01:40,23,38,46,19.4,35,18.8,39.4,0,31
2026-08-05 10:06:40,18,32,36,18.7,36.3,18.4,40.1,0,31
2026-08-05 10:11:40,23,38,48,18.2,37.7,18,40.6,0,31
2026-08-05 10:16:40,6,24,27,17.9,38.2,17.8,40.9,0,31
2026-08-05 10:21:40,5,9,13,17.6,38.7,17.6,41.1,0,31
2026-08-05 10:26:40,12,23,25,17.4,39.3,17.5,41.3,0,31
2026-08-05 10:31:40,12,26,27,17.3,40.1,17.5,41.6,0,31
2026-08-05 10:36:40,18,32,36,17.2,40.8,17.4,41.8,0,31
2026-08-05 10:41:40,16,30,34,17.2,41,17.4,41.9,0,31
2026-08-05 10:46:40,12,28,31,17.2,41.7,17.4,42.1,0,31
2026-08-05 10:51:40,7,22,23,17.1,41.1,17.4,42.2,0,31
2026-08-05 10:56:40,4,14,18,17.1,40.4,17.4,42.3,0,31
2026-08-05 11:01:40,2,5,7,17.1,39.2,17.4,42.2,0,31
2026-08-05 11:06:40,1,4,5,17.1,39.5,17.4,41.9,0,31
2026-08-05 11:11:40,1,4,4,17.1,39.6,17.4,41.8,0,31
2026-08-05 11:16:40,2,6,6,17.1,40.8,17.5,42,0,31
2026-08-05 11:21:40,2,6,6,17.2,40.8,17.6,42,0,31
2026-08-05 11:26:40,3,6,7,17.3,40.9,17.8,42,0,31
2026-08-05 11:31:40,2,8,13,17.3,41.4,17.9,42,0,31
2026-08-05 11:36:40,3,12,12,17.5,40.8,18,42,0,31
2026-08-05 11:41:40,6,19,19,17.6,41.1,18.1,42,0,31
2026-08-05 11:46:40,4,8,9,17.6,40.5,18.2,41.9,0,31
2026-08-05 11:51:40,2,8,8,17.7,40.1,18.3,41.8,0,31
2026-08-05 11:56:40,1,5,6,17.8,39.9,18.4,41.7,0,31
2026-08-05 12:01:40,5,11,15,17.9,39.7,18.5,41.6,0,31
2026-08-05 12:06:40,7,20,22,17.9,40.1,18.5,41.6,0,31
2026-08-05 12:11:40,10,23,25,18,41,18.6,41.7,0,31
2026-08-05 12:16:40,11,24,24,18,41.2,18.7,41.7,0,31
2026-08-05 12:21:40,9,23,25,18.1,41,18.9,41.7,0,31
2026-08-05 12:26:40,15,28,29,18.2,41.1,19,41.7,0,31
2026-08-05 12:31:40,17,29,31,18.3,41.2,19,41.8,0,31
2026-08-05 12:36:40,23,40,47,18.4,41.9,19,41.9,0,31
2026-08-05 12:41:40,29,46,59,18.4,43.2,19.1,42.2,0,31
2026-08-05 12:46:40,33,52,67,18.5,43.6,19.3,42.2,0,31
2026-08-05 12:51:40,39,66,76,18.6,44.1,19.5,42.4,0,31
2026-08-05 12:56:40,48,80,88,18.7,44.4,19.6,42.7,0,31
2026-08-05 13:01:40,48,79,87,18.8,44.3,19.6,43,0,31
2026-08-05 13:06:40,47,83,89,18.8,44.6,19.6,43.3,0,31
2026-08-05 13:11:40,43,75,83,18.8,44.6,19.6,43.6,0,31
2026-08-05 13:16:40,43,75,80,18.8,44.4,19.5,43.8,0,31
2026-08-05 13:21:40,52,90,96,18.7,43.9,19.4,44,0,31
2026-08-05 13:26:40,36,60,72,18.6,42.1,19.4,43.7,0,31
2026-08-05 13:31:40,36,68,77,18.7,42,19.5,43.4,0,31
2026-08-05 13:36:40,36,65,75,18.7,41.4,19.6,43.2,0,31
2026-08-05 13:41:40,33,56,69,18.7,40.1,19.6,42.9,0,31
2026-08-05 13:46:40,33,54,68,18.7,38.3,19.6,42.5,0,31
2026-08-05 13:51:41,37,66,77,18.7,36.4,19.5,41.8,0,31
2026-08-05 13:56:40,25,41,51,18.8,35.5,19.5,41.2,0,31
2026-08-05 14:01:41,25,40,50,18.7,34.9,19.6,40.7,0,31
2026-08-05 14:06:40,28,43,53,18.8,34.8,19.7,40.2,0,31
2026-08-05 14:11:40,28,44,56,18.8,34.4,19.6,39.7,0,31
2026-08-05 14:16:41,29,45,55,18.8,34.6,19.7,39.1,0,31
2026-08-05 14:21:41,29,44,55,18.8,34.5,19.6,39.1,0,31
2026-08-05 14:26:40,28,45,55,18.8,34.7,19.6,38.7,0,31
2026-08-05 14:31:40,27,45,55,18.8,34.4,19.5,38.5,0,31
2026-08-05 14:36:40,30,47,58,18.7,34.4,19.5,38.3,0,31
2026-08-05 14:41:41,28,46,57,18.7,33.8,19.4,38.1,0,31
2026-08-05 14:46:41,27,43,52,18.7,33.6,19.4,38,0,31
2026-08-05 14:51:40,29,46,56,18.6,33.6,19.4,37.9,0,31
2026-08-05 14:56:40,31,50,62,18.6,33.4,19.3,37.7,0,31
2026-08-05 15:01:40,28,44,53,18.6,33.5,19.2,37.3,0,31
2026-08-05 15:06:40,26,41,50,18.6,33.6,19.2,37.1,0,31
2026-08-05 15:11:41,27,42,52,18.5,32.9,19.1,36.8,0,31
2026-08-05 15:16:41,28,45,55,18.4,33.1,19,37,0,31
2026-08-05 15:21:41,26,43,52,18.4,33.8,18.9,37.2,0,31
2026-08-05 15:26:41,26,42,50,18.3,33.8,18.9,37.1,0,31
2026-08-05 15:31:41,26,41,49,18.3,33.2,18.9,37,0,31
2026-08-05 15:36:41,28,44,55,18.2,33.4,18.9,37,0,31
2026-08-05 15:41:41,26,41,51,18.2,33.4,18.8,37,0,31
2026-08-05 15:46:41,27,43,51,18.2,33.4,18.8,36.9,0,31
2026-08-05 15:51:41,27,42,50,18.2,33.5,18.8,36.9,0,31
2026-08-05 15:56:40,25,40,48,18.2,33.8,18.7,36.6,0,31
2026-08-05 16:01:41,26,40,49,18.2,33.7,18.7,36.8,0,31
2026-08-05 16:06:40,26,41,50,18.1,33.8,18.7,36.7,0,31
2026-08-05 16:11:41,28,44,52,18.1,33.8,18.6,36.7,0,31
2026-08-05 16:16:41,28,44,55,18.1,34,18.6,36.9,0,31
2026-08-05 16:21:41,26,42,50,18.1,35.1,18.6,37,0,31
2026-08-05 16:26:41,27,42,53,18,35.2,18.5,37.1,0,31
2026-08-05 16:31:41,27,43,53,18,35.3,18.5,37.2,0,31
2026-08-05 16:36:41,26,43,53,18,35,18.5,37.2,0,31
2026-08-05 16:41:41,26,42,53,18,35.5,18.5,37.3,0,31
2026-08-05 16:46:41,29,48,60,18,35.6,18.4,37.4,0,31
2026-08-05 16:51:41,29,47,60,17.9,35.9,18.4,37.5,0,31
2026-08-05 16:56:41,28,45,57,17.9,35.5,18.3,37.5,0,31
2026-08-05 17:01:41,25,41,50,17.9,35.1,18.3,37.4,0,31
2026-08-05 17:06:41,23,39,49,17.8,34.9,18.2,37.4,0,31
2026-08-05 17:11:41,22,35,45,17.7,34.5,18.1,37.1,0,31
2026-08-05 17:16:41,18,28,28,17.7,34.3,18.1,37,0,31
2026-08-05 17:21:41,13,25,27,17.6,34.3,18,37,0,31
2026-08-05 17:26:41,12,24,26,17.5,34.4,17.9,37,0,31
2026-08-05 17:31:41,11,25,27,17.5,34.4,17.8,37.1,0,31
2026-08-05 17:36:41,20,30,36,17.4,34.7,17.7,37,0,31
2026-08-05 17:41:41,28,44,54,17.3,34.8,17.6,37.1,0,31
2026-08-05 17:46:41,23,36,45,17.3,35.5,17.6,37.2,0,31
2026-08-05 17:51:41,9,22,25,18,37.1,19.9,35.4,0,31
2026-08-05 17:56:41,7,21,21,21.2,32.3,25,27.9,0,31
2026-08-05 18:01:41,8,20,20,23.2,29.6,26.4,26,0,31
2026-08-05 18:06:41,7,18,19,24.4,27.7,27.1,25.4,0,29
2026-08-05 18:11:41,9,22,24,24.4,27.1,25.5,26.8,0,31
2026-08-05 18:16:41,7,21,21,24.8,27.4,26.4,26.2,0,31
2026-08-05 18:21:41,7,21,21,24.5,26.9,25.2,27.2,0,31
2026-08-05 18:26:41,8,22,23,22.8,27.8,22.3,30.8,0,31
2026-08-05 18:31:41,7,21,21,21.2,29.2,20.5,33.2,0,31
2026-08-05 18:36:41,6,18,23,20.7,31.6,21.3,33.2,0,31
2026-08-05 18:41:41,6,16,18,22.9,29.3,25.7,26.8,0,31
2026-08-05 18:46:41,8,18,19,24.3,27.4,26.9,25.2,0,31
2026-08-05 18:51:41,5,16,18,25.3,26.6,27.4,24.7,0,31
2026-08-05 18:56:41,7,14,15,25.7,26,27.4,24.6,0,31
2026-08-05 19:01:41,6,16,16,25.8,25.3,27.5,24.5,0,31
2026-08-05 19:06:41,6,11,15,26.1,25.3,27.6,24.3,0,31
2026-08-05 19:11:41,4,11,12,26.2,25,27.6,24.3,0,31
2026-08-05 19:16:41,7,11,12,26.3,24.7,27.6,24.2,0,31
2026-08-05 19:21:41,6,11,11,26.3,24.8,27.6,24.2,0,31
2026-08-05 19:26:41,5,11,14,26.3,24.6,27.6,24.1,0,31
2026-08-05 19:31:41,7,14,16,26.4,24.7,27.6,24,0,31
2026-08-05 19:36:41,5,15,15,26.4,24.3,27.6,23.9,0,31
2026-08-05 19:41:41,5,13,15,26.4,24.5,27.6,23.9,0,31
2026-08-05 19:46:41,5,13,16,26.4,24.6,27.7,23.8,0,31
2026-08-05 19:51:41,6,16,18,26.4,24.8,27.7,23.8,0,31
2026-08-05 19:56:41,5,13,14,26.4,24.5,27.7,23.7,0,31
2026-08-05 20:01:41,4,9,11,26.4,24.7,27.7,23.7,0,31
2026-08-05 20:06:41,5,12,16,26.4,24.7,27.7,23.7,0,31
2026-08-05 20:11:41,6,13,16,26.4,25.1,27.7,23.7,0,30
2026-08-05 20:16:41,5,14,15,26.3,24.8,27.7,23.7,0,31
2026-08-05 20:21:41,7,12,14,26.4,24.7,27.7,23.6,0,31
2026-08-05 20:26:42,5,9,11,26.4,24.5,27.6,23.6,0,31
2026-08-05 20:31:41,5,9,14,26.3,24.3,27.6,23.5,0,31
2026-08-05 20:36:41,5,10,11,26.3,24.6,27.5,23.5,0,29
2026-08-05 20:41:41,4,11,11,26.3,24.5,27.5,23.5,0,31
2026-08-05 20:46:41,5,12,14,26.3,24.5,27.5,23.4,0,29
2026-08-05 20:51:41,4,8,9,26.2,24.5,27.4,23.5,1,29
2026-08-05 20:56:41,5,13,14,26.2,24.4,27.4,23.5,0,29
2026-08-05 21:01:42,6,12,13,26.2,24.6,27.4,23.4,0,29
2026-08-05 21:06:41,7,12,15,26.1,24.8,27.3,23.5,0,29
2026-08-05 21:11:42,6,15,17,26.1,24.6,27.3,23.4,0,31
2026-08-05 21:16:41,5,11,13,26.1,24.7,27.3,23.5,0,31
2026-08-05 21:21:41,7,14,16,26.1,24.8,27.3,23.5,0,29
2026-08-05 21:26:41,6,15,16,26.2,25.2,27.4,23.4,0,31
2026-08-05 21:31:42,8,18,19,26.2,25.1,27.4,23.5,0,31
2026-08-05 21:36:42,7,19,19,26.2,25.6,27.4,23.6,0,29
2026-08-05 21:41:42,7,17,19,26.2,25.3,27.5,23.6,0,29
2026-08-05 21:46:41,2,8,8,26.2,25.2,27.4,23.7,0,31
2026-08-05 21:51:42,5,11,13,26.1,25.3,27.3,23.8,0,29
2026-08-05 21:56:42,5,12,13,26.2,25.3,27.4,23.8,0,29
2026-08-05 22:01:42,5,11,13,26.2,25.2,27.4,23.7,1,31
2026-08-05 22:06:42,5,8,11,26.2,25.4,27.4,23.8,0,31
2026-08-05 22:11:41,5,11,11,26.3,25.5,27.5,23.7,0,29
2026-08-05 22:16:41,3,7,8,26.3,25.2,27.5,23.7,0,31
2026-08-05 22:21:42,1,3,3,26.3,25,27.5,23.8,0,30
2026-08-05 22:26:42,3,8,8,26.2,24.8,27.5,23.7,0,30
2026-08-05 22:31:42,1,5,5,26.3,24.7,27.6,23.5,0,30
2026-08-05 22:36:42,1,4,4,26.3,24.4,27.5,23.6,0,30
2026-08-05 22:41:42,0,3,3,26.2,24.6,27.5,23.5,0,30
2026-08-05 22:46:42,0,2,2,26.2,24.4,27.4,23.4,0,30
2026-08-05 22:51:42,0,1,2,26.2,24.2,27.5,23.3,0,29
2026-08-05 22:56:42,0,0,0,26.2,24.2,27.5,23.3,0,29
2026-08-05 23:01:42,0,0,0,26.3,24.1,27.5,23.2,0,31
2026-08-05 23:06:42,0,2,2,26.2,24,27.5,23.1,0,29
2026-08-05 23:11:42,0,0,0,26.3,24.1,27.5,23.1,0,29
2026-08-05 23:16:42,0,0,1,26.3,23.9,27.5,23,0,29
2026-08-05 23:21:42,0,0,1,26.3,24,27.5,22.9,1,29
2026-08-05 23:26:42,0,0,0,26.3,24.1,27.6,22.9,0,29
2026-08-05 23:31:42,0,1,1,26.3,24.2,27.5,22.9,0,29
2026-08-05 23:36:42,0,0,1,26.4,24.1,27.5,22.9,0,29
2026-08-05 23:41:42,0,0,0,26.3,23.9,27.5,22.9,0,29
2026-08-05 23:46:42,0,0,0,26.3,23.9,27.5,22.8,0,29
2026-08-05 23:51:42,0,0,0,26.3,24,27.5,22.9,0,29
2026-08-05 23:56:42,0,0,0,26.2,24,27.5,22.9,0,29
2026-08-06 00:01:42,0,0,0,26.3,24,27.5,22.8,0,31
2026-08-06 00:06:42,0,0,0,26.3,23.8,27.5,22.8,0,29
2026-08-06 00:11:42,0,0,0,26.3,23.9,27.5,22.7,0,29
2026-08-06 00:16:42,0,0,0,26.3,24.1,27.5,22.8,0,29
2026-08-06 00:21:42,0,0,0,26.3,24.2,27.5,22.7,0,29
2026-08-06 00:26:42,0,0,0,26.3,24.4,27.5,22.8,0,29
2026-08-06 00:31:42,6,13,15,26.3,25.4,27.4,22.9,0,29
2026-08-06 00:36:42,7,16,16,26.3,26,27.5,23.2,0,31
2026-08-06 00:41:42,4,7,8,26.3,25.7,27.4,23.3,0,29
2026-08-06 00:46:42,3,6,6,26.2,26,27.4,23.4,0,29
2026-08-06 00:51:42,2,4,4,26.2,26.1,27.3,23.6,1,29
2026-08-06 00:56:42,2,4,4,26.1,26.2,27.2,23.7,0,30
2026-08-06 01:01:42,2,6,6,26.1,26.2,27.2,23.8,0,30
2026-08-06 01:11:42,5,9,9,25.9,28,26.9,24.6,0,30
2026-08-06 01:16:42,2,7,7,25.8,28.1,26.9,24.9,0,30
2026-08-06 01:21:43,0,3,4,25.6,28.8,26.6,26.1,0,30
2026-08-06 01:26:42,0,0,1,25.6,29,26.5,26,0,30
2026-08-06 01:31:43,0,0,0,25.4,29.1,26.3,26,0,30
2026-08-06 01:36:43,0,0,0,25.4,29.5,26.3,26.1,0,30
2026-08-06 01:41:42,0,0,0,25.3,29.4,26.1,27.5,0,30
2026-08-06 01:46:42,0,0,0,25.2,29.4,26,26.6,0,30
2026-08-06 01:51:43,0,0,0,25.1,29.7,25.9,26.7,0,30
2026-08-06 02:01:42,0,0,0,24.9,30.1,25.7,27,0,30
2026-08-06 02:16:43,0,0,0,24.7,30.5,25.5,27.6,0,30
2026-08-06 02:21:42,0,0,0,24.6,30.8,25.4,27.9,0,30
2026-08-06 02:26:43,0,0,0,24.7,31.1,25.4,27.8,0,30
2026-08-06 02:31:42,0,0,0,24.6,30.9,25.4,28,0,30
2026-08-06 02:36:43,0,0,0,24.5,31.1,25.3,28.1,0,30
2026-08-06 02:41:43,0,0,0,24.5,31,25.3,28.3,0,30
2026-08-06 02:46:42,0,0,0,24.4,30.9,25.3,28.2,0,30
2026-08-06 02:51:43,0,0,0,24.3,30.6,25.2,28.4,0,30
2026-08-06 02:56:43,0,0,0,24.3,30.3,25.1,28.4,0,30
2026-08-06 03:01:42,0,0,0,24.3,30.3,25.2,28.3,0,30
2026-08-06 03:06:42,0,0,0,24.3,30.4,25.1,28.3,0,30
2026-08-06 03:11:42,0,0,0,24.2,30.5,25,28.4,0,30
2026-08-06 03:16:43,0,0,0,24.2,30.6,25,28.4,0,30
2026-08-06 03:21:43,0,0,0,24.1,29.9,24.9,28.5,1,30
2026-08-06 03:26:42,0,0,0,24.1,29.8,24.9,28.3,0,30
2026-08-06 03:31:43,0,0,0,24.1,29.6,24.8,28.3,0,30
2026-08-06 03:36:42,0,0,0,24,29.6,24.8,28.2,0,30
2026-08-06 03:41:43,0,0,0,24,29.4,24.7,28.1,0,30
2026-08-06 03:46:43,0,0,0,23.9,29.5,24.6,28.2,0,30
2026-08-06 03:51:42,0,0,0,23.8,29.9,24.5,28.3,0,30
2026-08-06 03:56:43,0,0,0,23.8,30.1,24.5,28.4,0,30
2026-08-06 04:01:42,0,0,0,23.8,30.2,24.5,28.3,0,30
2026-08-06 04:06:43,0,0,0,23.7,29.8,24.4,28.5,0,30
2026-08-06 04:11:43,0,0,0,23.7,29.8,24.5,28.4,0,30
2026-08-06 04:16:43,0,0,0,23.7,29.8,24.4,28.4,0,30
2026-08-06 04:21:43,0,0,0,23.7,29.8,24.4,28.4,0,30
2026-08-06 04:26:43,0,0,0,23.7,30.2,24.4,28.5,0,30
2026-08-06 04:31:43,0,0,0,23.6,29.6,24.3,28.6,0,30
2026-08-06 04:36:42,0,0,0,23.6,29.5,24.3,28.5,0,30
2026-08-06 04:41:43,0,0,0,23.6,29.5,24.3,28.4,1,30
2026-08-06 04:46:43,0,0,0,23.7,29.5,24.3,28.4,0,30
2026-08-06 04:51:42,0,0,0,23.6,29.3,24.2,28.5,1,30
2026-08-06 04:56:43,0,0,0,23.3,29.2,23.6,29,0,30
2026-08-06 05:01:43,0,0,0,23.1,29.4,23.5,28.9,0,30
2026-08-06 05:06:43,0,0,0,23,29.4,23.5,28.8,0,30
2026-08-06 05:11:43,0,0,0,23,29.3,23.4,28.8,0,30
2026-08-06 05:16:42,0,0,0,23.1,29.8,23.5,28.7,0,30
2026-08-06 05:21:43,0,0,0,23.1,29.5,23.6,28.5,0,30
2026-08-06 05:26:43,0,0,0,23.2,29.5,23.6,28.6,0,30
2026-08-06 05:31:43,0,0,0,23.1,29.5,23.6,28.6,0,30
2026-08-06 05:36:43,0,0,0,23.1,29.2,23.6,28.7,0,30
2026-08-06 05:41:43,0,0,0,23.2,29.7,23.7,28.6,0,30
2026-08-06 05:46:43,0,0,0,23.2,29.5,23.8,28.5,0,30
2026-08-06 05:51:43,0,0,0,23.2,29.4,23.6,28.6,0,30
2026-08-06 05:56:43,0,0,0,23.2,29.6,23.7,28.7,0,30
2026-08-06 06:01:43,0,0,0,23.3,29.5,23.7,28.6,0,30
2026-08-06 06:06:43,0,0,0,23.2,29.7,23.7,28.6,0,30
2026-08-06 06:11:43,0,0,0,23.2,29.8,23.7,28.7,0,30
2026-08-06 06:16:43,0,0,0,23.2,29.7,23.7,28.7,0,30
2026-08-06 06:21:43,0,0,0,23.2,29.8,23.7,28.7,0,30
2026-08-06 06:26:43,0,0,0,23.2,30,23.7,28.7,0,30
2026-08-06 06:31:43,0,0,0,23.1,29.8,23.6,28.8,0,30
2026-08-06 06:36:43,0,0,0,23.1,30,23.6,28.8,0,30
2026-08-06 06:41:43,0,0,0,23.1,29.8,23.5,28.9,0,30
2026-08-06 06:46:43,0,0,0,23,29.7,23.4,28.8,0,30
2026-08-06 06:51:43,0,0,0,23,29.5,23.5,28.7,0,30
2026-08-06 06:56:43,0,0,0,23,29.3,23.3,28.8,0,30
2026-08-06 07:01:43,0,0,0,22.9,29.4,23.4,28.7,0,30
2026-08-06 07:06:43,0,0,0,22.9,29.8,23.4,28.7,0,30
2026-08-06 07:11:43,0,0,0,23,29.8,23.4,28.7,0,30
2026-08-06 07:16:43,0,0,0,22.8,29.8,23.2,28.9,0,30
2026-08-06 07:21:43,0,0,0,22.8,29.6,23.2,28.9,0,30
2026-08-06 07:26:43,0,0,0,22.8,29.6,23.2,28.9,0,30
2026-08-06 07:31:43,0,0,0,22.8,29.3,23.1,28.9,0,30
2026-08-06 07:36:43,0,0,0,22.9,29.6,23.3,28.8,0,30
2026-08-06 07:41:43,0,0,0,22.9,29.8,23.2,28.8,0,30
2026-08-06 07:46:43,0,0,0,22.9,29.6,23.3,28.7,0,30
2026-08-06 07:51:43,0,0,0,22.8,29.3,23.2,28.8,0,30
2026-08-06 07:56:44,0,0,0,22.8,29.3,23.1,28.9,0,30
2026-08-06 08:01:43,0,0,0,22.8,29.5,23.2,28.8,0,31
2026-08-06 08:06:43,0,0,0,22.8,29.5,23.3,28.7,0,31
2026-08-06 08:11:44,0,0,0,22.8,29.6,23.2,28.8,0,31
2026-08-06 08:16:43,0,0,0,22.8,29.8,23.2,28.8,0,31
2026-08-06 08:21:44,0,0,0,22.8,29.7,23.1,28.9,0,31
2026-08-06 08:26:43,0,0,0,22.8,29.6,23.1,28.9,0,31
2026-08-06 08:31:44,0,0,0,22.8,29.9,23.1,29,1,31
2026-08-06 08:36:43,0,0,0,22.8,29.8,23.1,29.1,0,31
2026-08-06 08:41:44,0,0,0,22.8,29.7,23.1,29,0,31
2026-08-06 08:46:43,0,0,0,22.8,29.5,23.1,29,0,31
2026-08-06 08:51:44,0,0,0,22.8,29.7,23.2,29,0,31
2026-08-06 08:56:44,0,0,0,22.8,29.8,23.2,29,0,31
2026-08-06 09:01:44,0,0,0,22.9,29.9,23.2,29,0,31
2026-08-06 09:06:44,0,0,0,22.8,29.6,23.3,29.1,0,31
2026-08-06 09:11:43,0,0,0,22.9,29.6,23.4,29,0,31
2026-08-06 09:16:44,0,0,0,22.9,29.6,23.4,29,0,31
2026-08-06 09:21:43,0,0,0,23,29.6,23.6,28.9,0,31
2026-08-06 09:26:44,0,0,0,23,29.8,23.7,29,0,31
2026-08-06 09:31:43,0,0,1,23.2,30,24,28.9,0,31
2026-08-06 09:36:44,0,0,0,23.3,30.2,24.2,28.9,0,31
2026-08-06 09:41:43,0,0,0,23.5,30,24.5,28.9,0,31
2026-08-06 09:46:44,0,0,0,23.7,29.7,24.7,28.9,0,31
2026-08-06 09:51:44,0,0,0,23.8,29.4,24.9,28.9,0,31
2026-08-06 09:56:44,0,0,0,24,29.7,25.2,28.8,0,31
2026-08-06 10:01:44,0,0,0,23.9,29.3,24.7,29.4,0,31
2026-08-06 10:06:43,0,0,0,22.2,30.3,21.4,34,0,31
2026-08-06 10:11:43,0,0,0,20.4,32.1,19.3,37.9,0,31
2026-08-06 10:16:44,0,0,0,19.1,35,18.3,39.7,0,31
2026-08-06 10:21:44,0,0,0,18.2,36.6,18,40.8,0,31
2026-08-06 10:26:44,0,0,0,17.9,38.6,18.2,41.1,0,31
2026-08-06 10:31:44,0,0,0,17.8,39.1,18.7,41.1,0,31
2026-08-06 10:36:44,0,0,0,18.1,39.1,19.4,40.6,0,31
2026-08-06 10:41:44,0,0,0,18.5,37.7,20,39.7,0,31
2026-08-06 10:46:44,0,0,0,19,37.4,20.6,39,0,31
2026-08-06 10:51:44,0,0,0,19.5,37,21.2,38.4,0,31
2026-08-06 10:56:44,2,8,11,20,36.2,21.7,37.6,0,31
2026-08-06 11:01:44,0,0,0,20.4,36.3,22.1,37.1,0,31
2026-08-06 11:06:44,0,0,0,20.8,36.3,22.5,36.8,0,31
2026-08-06 11:11:44,0,0,1,21,35.9,22.8,36.5,0,31
2026-08-06 11:16:44,5,11,11,21.3,36.1,23,36.4,0,31
2026-08-06 11:21:43,1,3,3,21.5,36,23.3,36.1,0,31
2026-08-06 11:26:44,2,5,5,21.7,35.9,23.5,36,0,31
2026-08-06 11:31:44,3,6,6,21.9,35.6,23.7,35.8,0,31
2026-08-06 11:36:44,2,6,6,22,35.5,23.9,35.7,0,31
2026-08-06 11:41:44,3,4,5,22.2,34.8,24.1,35.2,0,31
2026-08-06 11:46:44,3,4,4,22.3,34.5,24.3,34.9,0,31
2026-08-06 11:51:44,2,5,5,22.5,34.5,24.5,34.4,0,31
2026-08-06 11:56:44,2,5,5,22.6,34.6,24.7,34.4,0,31
2026-08-06 12:01:44,1,3,3,22.8,34.3,25,34.2,0,31
2026-08-06 12:06:44,1,5,6,23,33.7,25.2,33.5,0,31
2026-08-06 12:11:44,1,4,4,23.1,33,25.4,33.1,0,31
2026-08-06 12:16:44,4,6,7,23.3,33.4,25.6,32.8,0,31
2026-08-06 12:21:44,4,6,6,23.4,33.3,25.9,32.6,0,31
2026-08-06 12:26:44,2,6,6,23.5,33.1,26.1,32.4,0,31
2026-08-06 12:31:44,4,8,11,23.8,32.7,26.4,32,0,31
2026-08-06 12:36:44,4,9,11,24,33.1,26.7,31.9,0,31
2026-08-06 12:41:44,2,6,6,24.2,32.6,27.1,31.5,0,31
2026-08-06 12:46:44,3,5,5,24.6,32.3,27.7,31,0,31
2026-08-06 12:51:44,2,7,7,25,31.9,28.3,30.3,0,31
2026-08-06 12:56:44,2,4,4,25.4,31.3,29.1,29,0,31
2026-08-06 13:01:44,3,7,7,25.9,30.6,30.1,28.2,0,31
2026-08-06 13:06:44,4,7,7,26.5,29.9,31,27,0,31
2026-08-06 13:11:44,3,7,7,27,29.5,31.9,26.3,0,31
2026-08-06 13:16:44,14,25,27,27.7,29.1,32.8,25.4,0,31
2026-08-06 13:21:44,3,7,7,28.3,28.5,33.7,24.6,0,31
2026-08-06 13:26:45,4,8,9,28.9,27.8,34.5,23.9,0,31
2026-08-06 13:31:44,4,8,8,29.8,27.2,35.3,23.4,0,31
2026-08-06 13:36:44,4,8,8,30.4,26.6,35.9,23.2,0,31
2026-08-06 13:41:44,4,8,8,31,26.2,36.5,22.5,0,31
2026-08-06 13:46:44,9,20,20,31.5,25.5,37.1,22.5,0,31
2026-08-06 13:51:44,8,16,18,32,25,37.8,20.6,0,31
2026-08-06 13:56:45,6,14,15,32.7,24.5,38.5,21.2,0,31
2026-08-06 14:01:44,7,18,18,33.4,24,39.2,18.8,0,31
2026-08-06 14:06:45,9,19,19,33.9,23.4,39.8,19.4,0,31
2026-08-06 14:11:44,7,16,16,34.4,23,40.3,19.4,0,31
2026-08-06 14:16:45,8,16,17,34.7,22.8,40.6,17.9,0,31
2026-08-06 14:21:44,8,21,21,35,22.3,40.2,19.8,0,31
2026-08-06 14:26:45,9,22,22,34.8,22.2,38.6,19.7,0,31
2026-08-06 14:31:44,10,18,18,34.1,22.6,36.8,21.5,0,31
2026-08-06 14:36:45,11,24,26,32.9,23.2,34.9,22.7,0,31
2026-08-06 14:41:44,18,24,24,31.5,23.9,33.1,23.4,0,31
2026-08-06 14:46:45,17,27,27,30.1,24.9,31.4,24.2,0,31
2026-08-06 14:51:45,17,24,25,28.5,25.8,29.9,25,0,31
2026-08-06 14:56:45,20,29,32,27.3,27.3,28.6,25.9,0,31
2026-08-06 15:01:45,21,29,31,26.2,28.5,27.6,26.8,0,31
2026-08-06 15:06:45,21,31,34,25.3,29,26.7,27.6,0,31
2026-08-06 15:11:45,21,32,33,24.5,30.2,25.8,28.2,0,31
2026-08-06 15:16:45,21,31,32,23.7,30.7,25.1,28.9,0,31
2026-08-06 15:21:44,21,33,36,23.1,31.9,24.5,29.5,0,31
2026-08-06 15:26:45,22,32,37,22.7,32.7,24.1,30.2,0,31
2026-08-06 15:31:45,20,32,35,22.3,32.8,23.7,30.7,0,31
2026-08-06 15:36:45,21,32,33,22,33.4,23.3,31.2,0,31
2026-08-06 15:41:45,20,32,36,21.6,34.2,22.9,31.7,0,31
2026-08-06 15:46:45,22,30,33,21.3,34.7,22.5,32.2,0,31
2026-08-06 15:51:45,19,29,30,21,35,22.3,32.6,0,31
2026-08-06 15:56:45,19,28,30,20.7,35.7,22,33.1,0,31
2026-08-06 16:01:45,20,29,33,20.5,36.1,21.7,33.5,0,31
2026-08-06 16:06:45,19,28,30,20.2,36,,,0,31
2026-08-06 16:11:45,19,30,31,20,36.3,,,0,31
2026-08-06 16:16:45,19,28,29,19.8,37.1,,,0,31
2026-08-06 16:21:45,18,28,29,19.6,37.2,,,0,31
2026-08-06 16:26:45,19,30,34,19.5,38.1,,,0,31
2026-08-06 16:31:45,19,28,30,19.4,37.9,,,0,31
2026-08-06 16:36:45,14,25,26,19.3,38.5,,,0,31
2026-08-06 16:41:45,16,26,26,19.2,38.9,,,0,31
2026-08-06 16:46:45,18,29,31,19.1,38.9,,,0,31
2026-08-06 16:51:45,19,27,29,19.1,38.9,,,0,31
2026-08-06 16:56:45,14,25,25,19,39.4,,,0,31
2026-08-06 17:01:45,10,23,25,18.9,39.9,,,0,31
2026-08-06 17:06:45,16,27,29,18.8,39.5,,,0,31
2026-08-06 17:11:45,11,25,25,18.7,39.8,,,0,31
2026-08-06 17:16:45,13,25,27,18.6,40.5,,,0,31
2026-08-06 17:21:45,13,24,26,18.5,40.8,,,0,31
2026-08-06 17:26:45,11,22,24,18.4,40.9,,,0,31
2026-08-06 17:31:45,10,24,26,18.3,41,,,0,31
2026-08-06 17:36:45,11,25,25,18.2,41.6,,,0,31
2026-08-06 17:41:46,11,22,26,18.1,41.6,,,0,31
2026-08-06 17:46:45,15,26,28,18.1,41.7,,,0,31
2026-08-06 17:51:45,16,28,28,18,41.8,,,0,31
2026-08-06 17:56:45,14,24,24,17.9,42,,,0,31
2026-08-06 18:01:45,13,26,27,17.8,42.1,,,0,31
2026-08-06 18:06:45,12,20,23,18.3,44.5,,,0,31
2026-08-06 18:11:45,6,18,18,20.7,39.8,,,0,31
2026-08-06 18:16:45,5,14,18,21.3,36.4,,,0,31
2026-08-06 18:21:45,6,11,11,22.5,35.9,,,0,31
2026-08-06 18:26:45,5,9,14,24.1,33.7,,,0,31
2026-08-06 18:31:45,4,9,11,24.4,32,,,0,31
2026-08-06 18:36:45,5,11,12,22.9,32.8,,,0,31
2026-08-06 18:41:45,3,11,11,22.2,35.3,,,0,31
2026-08-06 18:46:45,4,10,11,23.8,33.3,,,0,31
2026-08-06 18:51:45,4,8,9,25,31.6,,,0,31
2026-08-06 18:56:45,3,7,7,25.6,30.6,,,0,31
2026-08-06 19:01:45,2,6,7,25.9,29.9,27.8,27.2,0,31
2026-08-06 19:06:45,0,7,11,26.1,29.6,27.9,27.1,0,31
2026-08-06 19:11:45,2,5,5,26.2,29,27.8,27,0,31
2026-08-06 19:16:45,1,5,5,26.3,28.6,27.9,26.9,0,31
2026-08-06 19:21:45,0,5,5,26.3,28.4,27.9,26.7,0,31
2026-08-06 19:26:45,2,5,5,26.3,28.3,27.8,26.7,0,31
2026-08-06 19:31:45,0,4,5,26.3,28.1,27.8,26.6,0,31
2026-08-06 19:36:45,1,3,3,26.3,28.1,27.8,26.5,0,31
2026-08-06 19:41:45,1,6,7,26.3,27.9,27.7,26.4,0,31
2026-08-06 19:46:46,1,4,5,26.3,27.9,27.7,26.3,0,31
2026-08-06 19:51:45,0,5,6,26.3,27.8,27.7,26.2,0,31
2026-08-06 19:56:46,1,5,5,26.2,28.1,27.6,26.4,0,31
2026-08-06 20:01:45,1,6,6,26.2,28.1,27.5,26.4,0,31
2026-08-06 20:06:45,2,7,7,26.1,28.2,27.5,26.3,0,31
2026-08-06 20:11:45,1,6,7,26.2,28.4,27.5,26.3,0,31
2026-08-06 20:16:45,2,6,6,26.2,28,27.5,26.3,0,31
2026-08-06 20:21:46,2,6,6,26.1,27.9,27.4,26.3,0,31
2026-08-06 20:26:46,3,7,10,26.1,28.1,27.4,26.3,0,31
2026-08-06 20:31:45,6,15,18,26,28.6,27.3,26.4,0,31
2026-08-06 20:36:45,5,13,14,26,28.7,27.3,26.5,0,31
2026-08-06 20:41:46,7,13,13,25.9,28.8,27.2,26.6,0,29
2026-08-06 20:46:45,5,14,17,25.9,28.9,27.1,26.7,0,31
2026-08-06 20:51:46,5,9,11,25.8,28.8,27,26.8,1,29
2026-08-06 20:56:46,2,7,8,25.7,28.5,26.9,26.9,0,31
2026-08-06 21:01:46,2,6,7,25.6,28.3,26.8,26.9,0,31
2026-08-06 21:06:46,3,7,8,25.7,28.3,26.8,26.8,0,29
2026-08-06 21:11:46,2,8,8,25.7,28.1,26.9,26.7,0,29
2026-08-06 21:16:45,4,8,8,25.8,28.2,26.9,26.6,0,31
2026-08-06 21:21:46,2,7,10,25.8,28.3,26.9,26.6,0,30
2026-08-06 21:26:46,3,8,9,25.7,28.3,26.8,26.7,0,29
2026-08-06 21:31:46,4,6,10,25.7,28.2,26.8,26.7,0,31
2026-08-06 21:36:46,4,8,10,25.7,28.4,26.9,26.7,0,30
2026-08-06 21:41:46,4,10,10,25.7,28.5,26.8,26.8,0,30
2026-08-06 21:46:46,4,10,10,25.6,28.3,26.8,26.7,0,29
2026-08-06 21:51:46,3,8,12,25.6,28.4,26.7,26.8,0,29
2026-08-06 21:56:46,4,7,8,25.5,28.3,26.7,26.8,0,29
2026-08-06 22:01:46,6,12,15,25.5,28.4,26.6,26.8,0,29
2026-08-06 22:06:46,5,13,16,25.5,28.6,26.7,26.8,0,29
2026-08-06 22:11:46,6,13,14,25.5,28.9,26.7,26.8,0,31
2026-08-06 22:16:46,5,15,16,25.5,28.7,26.7,26.8,0,29
2026-08-06 22:21:46,5,13,15,25.5,28.9,26.6,26.9,0,29
2026-08-06 22:26:46,6,15,16,25.5,28.6,26.6,27,0,29
2026-08-06 22:31:46,6,15,18,25.5,28.8,26.7,27,0,31
2026-08-06 22:36:46,7,20,20,25.5,28.8,26.6,27,0,29
2026-08-06 22:41:46,3,7,8,25.5,28.8,26.6,27.1,0,29
2026-08-06 22:46:46,4,5,6,25.4,28.9,26.5,27.1,0,29
2026-08-06 22:51:46,5,9,12,25.4,28.8,26.5,27.2,0,29
2026-08-06 22:56:46,3,8,8,25.4,28.7,26.5,27.1,0,29
2026-08-06 23:01:46,4,9,11,25.4,29,26.4,27.2,0,29
2026-08-06 23:06:46,5,9,9,25.4,29,26.5,27.2,0,31
2026-08-06 23:11:46,3,9,12,25.4,29,26.5,27.2,0,29
2026-08-06 23:16:46,3,10,10,25.4,29,26.4,27.3,0,29
2026-08-06 23:21:46,5,10,13,25.4,29.2,26.4,27.3,0,29
2026-08-06 23:26:46,6,11,11,25.3,29.2,26.4,27.4,0,29
2026-08-06 23:31:46,4,9,11,25.3,29.3,26.4,27.4,0,29
2026-08-06 23:36:46,4,12,12,25.3,29.4,26.3,27.5,0,31
2026-08-06 23:41:46,4,9,9,25.3,29.1,26.4,27.4,0,29
2026-08-06 23:46:46,2,6,6,25.3,29.1,26.4,27.4,0,29
2026-08-06 23:51:46,4,8,8,25.3,29,26.4,27.4,0,30
2026-08-06 23:56:46,4,13,13,25.3,28.9,26.4,27.4,0,29
2026-08-07 00:01:46,4,8,8,25.3,29,26.3,27.4,0,29
2026-08-07 00:06:46,5,13,15,25.3,29.2,26.3,27.5,0,29
2026-08-07 00:11:46,5,12,14,25.3,29.4,26.4,27.4,0,29
2026-08-07 00:16:46,6,12,16,25.2,29.2,26.3,27.5,0,29
2026-08-07 00:21:46,4,12,13,25.3,29.1,26.3,27.6,0,29
2026-08-07 00:26:46,6,15,18,25.2,29.4,26.2,27.7,0,29
2026-08-07 00:31:46,5,14,17,25.2,29.2,26.2,27.7,0,29
2026-08-07 00:36:46,6,14,15,25.2,29.3,26.2,27.6,0,29
2026-08-07 00:41:46,5,12,14,25.2,29.3,26.2,27.7,0,29
2026-08-07 00:46:46,4,12,15,25.1,29.3,26.2,27.7,0,29
2026-08-07 00:51:46,7,20,20,25.1,29.5,26.1,27.8,0,29
2026-08-07 00:56:46,5,16,17,25.1,29.4,26.1,27.8,0,29
2026-08-07 01:01:46,4,12,15,25.1,29.6,26.1,27.9,0,29
2026-08-07 01:06:46,5,12,15,25.1,29.7,26.1,28,0,29
2026-08-07 01:11:46,6,11,14,25,29.3,26,28,0,29
2026-08-07 01:16:47,4,19,22,25,29.6,26,28,0,29
2026-08-07 01:21:46,4,14,15,25.1,29.4,26.1,28,0,29
2026-08-07 01:26:46,4,8,12,25.1,29.3,26.1,28,0,29
2026-08-07 01:31:46,5,12,13,25.1,29.4,26.1,27.9,0,29
2026-08-07 01:36:46,7,20,22,25.1,29.4,26.2,27.9,0,29
2026-08-07 01:41:46,9,22,22,25.2,29.3,26.3,27.8,0,29
2026-08-07 01:46:47,7,20,25,25.2,29.4,26.2,27.8,0,29
2026-08-07 01:51:46,5,16,17,25.2,29.5,26.3,27.9,0,29
2026-08-07 01:56:47,7,18,20,25.2,29.5,26.2,28,0,29
2026-08-07 02:01:46,7,19,20,25.2,29.7,26.2,27.9,0,29
2026-08-07 02:06:47,8,20,20,25.2,29.5,26.2,28,0,29
2026-08-07 02:11:46,6,17,19,25.1,29.6,26.1,28.1,0,29
2026-08-07 02:16:47,7,22,22,25.2,29.7,26.2,28,0,29
2026-08-07 02:21:47,5,16,17,25.1,29.6,26.1,28.1,0,29
2026-08-07 02:26:47,7,14,18,25.1,29.8,26,28.2,0,29
2026-08-07 02:31:47,6,16,16,25.1,29.7,26,28.3,0,29
2026-08-07 02:36:47,5,13,16,25,29.8,25.9,28.3,1,29
2026-08-07 02:41:46,7,20,22,25,29.9,26,28.3,0,29
2026-08-07 02:46:46,8,22,23,25,30,26,28.3,0,31
2026-08-07 02:51:47,6,18,19,25,30,25.9,28.4,0,29
2026-08-07 02:56:46,7,19,20,24.9,30.1,25.9,28.4,0,29
2026-08-07 03:01:47,5,17,18,25,30,26,28.3,0,29
2026-08-07 03:06:47,7,19,19,24.9,30,25.9,28.5,0,29
2026-08-07 03:11:46,7,22,22,24.9,30.1,25.9,28.5,1,29
2026-08-07 03:16:47,7,19,22,24.9,30.1,25.7,28.6,0,29
2026-08-07 03:21:46,7,20,20,24.8,30.3,25.7,28.7,0,29
2026-08-07 03:26:46,7,22,22,24.8,30.3,25.7,28.7,0,31
2026-08-07 03:31:46,9,19,22,24.8,30.2,25.6,28.8,0,29
2026-08-07 03:36:47,8,24,25,24.7,30.4,25.5,28.8,0,29
2026-08-07 03:41:47,9,22,23,24.6,30.5,25.5,28.9,0,29
2026-08-07 03:46:46,7,18,22,24.6,30.5,25.5,28.9,0,29
2026-08-07 03:51:47,7,19,21,24.7,30.4,25.5,28.9,0,29
2026-08-07 03:56:47,7,19,21,24.6,30.4,25.5,28.9,0,29
2026-08-07 04:01:47,8,19,20,24.7,30.4,25.5,28.9,0,29
2026-08-07 04:06:47,8,23,24,24.6,30.5,25.4,29,0,29
2026-08-07 04:11:47,8,20,24,24.6,30.7,25.3,29.1,0,29
2026-08-07 04:16:47,7,21,21,24.6,30.5,25.3,29.1,0,29
2026-08-07 04:21:47,8,22,23,24.5,30.6,25.3,29.2,0,29
2026-08-07 04:26:46,10,25,26,24.5,30.5,25.3,29.3,0,29
2026-08-07 04:31:47,7,22,22,24.5,30.6,25.3,29.3,0,29
2026-08-07 04:36:47,8,20,20,24.6,30.6,25.4,29.2,0,29
2026-08-07 04:41:47,10,21,23,24.6,30.5,25.3,29.3,0,29
2026-08-07 04:46:47,8,21,22,24.5,30.7,25.3,29.3,0,29
2026-08-07 04:51:47,7,20,23,24.5,30.6,25.3,29.3,0,29
2026-08-07 04:56:47,6,21,21,24.4,30.5,25.3,29.3,0,30
2026-08-07 05:01:47,6,21,22,24.4,30.8,25.3,29.4,0,30
2026-08-07 05:06:47,7,20,22,24.4,30.6,25.3,29.4,0,30
2026-08-07 05:11:47,7,22,22,24.4,30.7,25.3,29.4,0,30
2026-08-07 05:16:47,6,18,22,24.4,30.9,25.3,29.4,0,30
2026-08-07 05:21:47,7,19,23,24.4,30.7,25.3,29.5,0,30
2026-08-07 05:26:47,5,18,19,24.4,30.8,25.3,29.5,0,30
2026-08-07 05:31:47,9,22,23,24.4,30.6,25.3,29.5,0,30
2026-08-07 05:36:47,8,21,23,24.4,30.7,25.3,29.4,0,30
2026-08-07 05:41:47,9,22,23,24.4,30.8,25.3,29.5,0,30
2026-08-07 05:46:47,8,22,24,24.3,30.9,25.1,29.7,0,30
2026-08-07 05:51:47,8,22,24,24.3,31,25.1,29.6,1,30
2026-08-07 05:56:47,11,25,26,24.2,31,25.1,29.7,0,30
2026-08-07 06:01:47,9,24,24,24.2,31.2,25,29.9,0,30
2026-08-07 06:06:47,10,21,24,24.1,31,24.8,30,1,30
2026-08-07 06:11:47,11,24,24,24.1,31.2,24.9,29.9,0,30
2026-08-07 06:16:47,8,22,22,24.1,31.2,25,29.9,0,30
2026-08-07 06:21:47,11,22,23,24.1,31.2,25,29.9,0,30
2026-08-07 06:26:47,8,22,22,24.1,31.2,25,29.9,0,30
2026-08-07 06:31:47,11,22,25,24.1,31,24.9,30,0,30
2026-08-07 06:36:47,11,24,24,24.1,31.2,24.9,30,0,30
2026-08-07 06:41:47,7,19,22,24.1,31,25,29.9,0,30
2026-08-07 06:46:47,10,25,25,24.1,30.9,25,29.9,0,30
2026-08-07 06:51:47,9,24,25,24.1,30.9,25,29.9,1,30
2026-08-07 06:56:47,9,24,26,24.1,30.7,25,29.8,0,31
2026-08-07 07:01:47,10,25,25,24.1,30.7,24.9,29.9,0,29
2026-08-07 07:06:47,7,24,24,24,30.7,24.9,29.9,0,29
2026-08-07 07:11:47,9,25,25,24,30.6,24.8,29.9,0,29
2026-08-07 07:16:47,11,23,25,24,30.6,24.9,29.8,0,31
2026-08-07 07:21:47,10,24,25,24,30.7,24.7,29.9,0,31
2026-08-07 07:26:47,8,21,23,24,30.6,24.7,29.9,0,31
2026-08-07 07:31:47,9,23,26,24,30.6,24.8,29.8,0,29
2026-08-07 07:36:47,11,25,25,24,30.6,24.8,29.8,0,31
2026-08-07 07:41:47,9,24,27,23.9,30.5,24.8,29.8,0,31
2026-08-07 07:46:47,11,24,27,23.9,30.5,24.7,29.8,0,30
2026-08-07 07:51:47,11,25,26,23.9,30.5,24.7,29.8,0,30
2026-08-07 07:56:47,10,26,26,23.9,30.5,24.7,29.8,0,31
2026-08-07 08:01:47,11,25,25,23.9,30.6,24.8,29.7,0,31
2026-08-07 08:06:48,9,27,27,23.9,30.6,24.8,29.7,0,31
2026-08-07 08:11:48,12,27,29,23.9,30.7,24.7,29.9,0,31
2026-08-07 08:16:47,12,26,29,23.9,30.9,24.6,30,0,31
2026-08-07 08:21:48,13,25,26,23.9,31.2,24.7,30,0,31
2026-08-07 08:26:47,15,29,29,23.9,31.2,24.7,30.1,0,31
2026-08-07 08:31:47,12,27,27,24,31.3,24.8,30.1,0,31
2026-08-07 08:36:48,11,27,28,24,31.1,24.8,30.1,0,31
2026-08-07 08:41:48,11,26,26,24.1,30.8,24.9,30,0,31
2026-08-07 08:46:47,12,25,26,24.1,30.9,24.9,30,0,31
2026-08-07 08:51:47,16,28,29,24.1,31.1,25,30,0,31
2026-08-07 08:56:47,12,27,28,24.2,31.2,25,30.1,0,31
2026-08-07 09:01:48,13,28,30,24.2,31.2,25,30.1,0,31
2026-08-07 09:06:48,14,27,28,24.1,31.2,25,30.2,0,31
2026-08-07 09:11:47,18,28,29,24.2,31.3,25,30.3,0,31
2026-08-07 09:16:48,17,29,31,24.2,31.1,25.1,30.2,0,31
2026-08-07 09:21:48,18,28,30,24.3,30.9,25.1,30.2,0,31
2026-08-07 09:26:47,22,33,37,24.3,31.1,25.1,30.2,0,31
2026-08-07 09:31:47,22,33,37,24.3,31,25.1,30.3,0,31
2026-08-07 09:36:48,21,33,36,24.3,31,25.2,30.2,0,31
2026-08-07 09:41:47,21,33,40,24.3,30.9,25.1,30.3,0,31
2026-08-07 09:46:49,21,33,38,24.3,30.8,25.1,30.3,0,31
2026-08-07 09:51:48,23,37,44,24.3,30.9,25.2,30.2,0,31
2026-08-07 09:56:48,25,39,47,24.3,30.9,25.2,30.3,1,31
2026-08-07 10:03:44,26,39,47,22.4,33.6,24.5,33.5,0,13
2026-08-07 10:08:45,25,39,48,23.4,32.3,25.1,32.1,0,13
2026-08-07 10:13:45,23,40,47,23.8,31.8,25.2,31.6,0,26
2026-08-07 10:18:44,26,42,50,24,31.6,25.2,31.3,0,31
2026-08-07 10:23:44,27,41,49,24.1,31.4,25.3,31.1,0,31
2026-08-07 10:28:44,25,39,47,24.2,31.2,25.3,30.9,0,31
2026-08-07 10:33:44,28,44,55,24.2,31,25.2,30.8,0,31
2026-08-07 10:38:44,27,42,50,24.2,31,25.1,30.9,0,31
2026-08-07 10:43:44,28,44,53,24.1,31.1,25,30.9,0,31
2026-08-07 10:48:44,27,43,52,24.1,31.1,25.1,30.8,0,29
2026-08-07 10:53:44,27,44,54,24.1,31.3,25,30.8,0,31
2026-08-07 10:58:44,27,43,54,24.1,31.2,25,30.8,0,31
2026-08-07 11:03:44,29,46,56,24,31.3,25,30.9,0,31
2026-08-07 11:08:44,28,45,54,24,31.2,25,30.8,0,31
2026-08-07 11:13:44,28,45,54,24,31.4,25,30.9,0,31
2026-08-07 11:18:44,32,52,63,24.1,31.5,25.1,30.8,0,31
2026-08-07 11:23:44,31,48,61,24.1,31.4,25.1,30.8,0,31
2026-08-07 11:28:44,29,45,55,24.2,31.4,25.3,30.7,0,31
2026-08-07 11:33:44,30,47,57,24.3,31.2,25.3,30.7,0,31
2026-08-07 11:38:45,30,47,57,24.2,31.5,25.3,30.8,0,31
2026-08-07 11:43:44,29,48,57,24.2,31.4,25.3,30.8,0,31
2026-08-07 11:48:44,28,46,57,24.3,31.3,25.3,30.8,0,31
2026-08-07 11:53:44,29,47,59,24.3,31.3,25.3,30.8,0,31
2026-08-07 11:58:45,29,46,56,24.4,31.3,25.3,30.7,0,31
2026-08-07 12:03:44,27,45,56,24.5,31.3,25.3,30.8,0,31
2026-08-07 12:08:44,29,46,57,24.5,31.5,25.5,30.7,0,31
2026-08-07 12:13:44,28,43,53,24.6,31.2,25.8,30.7,0,31
2026-08-07 12:18:45,23,36,44,24.8,31,26,30.6,0,31
2026-08-07 12:23:45,28,45,54,25,31,26.1,30.5,0,31
2026-08-07 12:28:44,25,39,47,25.1,30.9,26.3,30.5,0,31
2026-08-07 12:33:45,25,41,48,25.2,30.5,26.5,30.4,0,31
2026-08-07 12:38:45,24,39,47,25.3,30.4,26.7,30.2,1,31
2026-08-07 12:43:44,24,39,45,25.5,30.1,26.8,30.1,0,31
2026-08-07 12:48:44,25,39,49,25.6,29.9,26.9,30,0,31
2026-08-07 12:53:45,26,41,49,25.6,29.9,26.9,30,0,31
2026-08-07 12:58:45,26,40,49,25.7,30.1,27.1,29.9,0,31
2026-08-07 13:03:45,24,40,48,25.8,29.9,27.2,29.8,0,31
2026-08-07 13:08:45,29,45,55,24.7,30.7,24.6,33,0,31
2026-08-07 13:13:45,30,48,59,22.7,32.6,21.9,37.6,0,31
2026-08-07 13:18:45,33,51,62,21.1,35,20.3,40.4,0,31
2026-08-07 13:23:44,33,52,64,19.9,37,19.3,42.2,1,31
2026-08-07 13:28:45,30,47,58,22,36,24.7,33.4,0,31
2026-08-07 13:33:45,31,48,60,23.3,33.1,25.8,31.3,0,31
2026-08-07 13:38:45,34,52,65,22.4,33.8,22.9,35.5,0,31
2026-08-07 13:43:45,36,57,68,21.1,35.2,21,39,0,31
2026-08-07 13:48:45,34,55,68,20.2,37,20.3,40.6,0,31
2026-08-07 13:53:45,34,55,67,19.5,38.2,19.7,41.9,0,31
2026-08-07 13:58:45,33,52,66,19.1,39.2,19.4,42.6,0,31
2026-08-07 14:03:45,32,50,62,18.7,40.3,18.9,43.3,0,31
2026-08-07 14:08:45,31,50,62,18.3,41.3,18.6,43.6,0,31
2026-08-07 14:13:45,31,48,60,18,41.7,18.3,44,0,31
2026-08-07 14:18:45,27,44,54,19.9,41.4,23,36.4,0,31
2026-08-07 14:23:45,28,44,53,22.4,36.8,25.8,31.8,0,31
2026-08-07 14:28:45,27,41,50,23.7,34.2,26.5,30.6,0,31
2026-08-07 14:33:45,28,43,54,24.5,32.7,26.8,30.3,0,31
2026-08-07 14:38:45,27,41,49,25.1,31.8,26.9,30.1,0,31
2026-08-07 14:43:45,25,42,50,25.3,31.3,27.1,29.9,0,31
2026-08-07 14:48:45,24,39,47,25.5,31.1,27.1,29.8,0,30
2026-08-07 14:53:45,24,37,46,25.6,30.8,27,29.9,0,31
2026-08-07 14:58:45,25,40,49,25.6,30.8,27,29.8,0,31
2026-08-07 15:03:45,24,36,43,25.6,30.6,27,29.8,0,31
2026-08-07 15:08:45,23,37,44,25.6,30.4,26.9,29.9,0,31
2026-08-07 15:13:45,22,36,43,25.6,30.5,26.9,29.8,0,31
2026-08-07 15:18:45,24,39,47,25.5,30.7,26.8,29.9,0,31
2026-08-07 15:23:45,24,39,47,25.5,30.7,26.7,29.9,0,31
2026-08-07 15:28:45,21,34,41,25.5,30.5,26.7,29.8,0,31
2026-08-07 15:33:45,21,34,39,25.4,30.5,26.5,29.9,0,31
2026-08-07 15:38:45,22,34,40,25.3,30.6,26.5,29.8,0,31
2026-08-07 15:43:45,19,28,32,25.2,30.5,26.3,29.8,0,31
2026-08-07 15:48:45,17,29,33,25.2,30.5,26.3,29.8,0,31
2026-08-07 15:53:45,21,32,36,25.1,30.2,26.2,29.7,0,31
2026-08-07 15:58:45,19,30,35,25,30.2,26.1,29.7,0,31
2026-08-07 16:03:45,15,29,30,25,30.3,26,29.7,0,31
2026-08-07 16:08:45,20,32,33,24.9,30.3,25.9,29.7,0,31
2026-08-07 16:13:45,14,26,29,24.8,30.6,25.7,29.8,0,31
2026-08-07 16:18:45,11,25,25,24.7,30.4,25.6,29.8,0,31
2026-08-07 16:23:45,22,35,41,24.6,30.4,25.5,29.9,0,31
2026-08-07 16:28:45,16,24,27,24.5,30.4,25.5,29.8,0,31
2026-08-07 16:33:45,8,22,24,24.4,30.2,25.4,29.8,0,31
2026-08-07 16:38:45,9,24,25,24.3,30.2,25.3,29.8,0,31
2026-08-07 16:43:45,9,22,23,24.3,30.1,25.2,29.8,0,31
2026-08-07 16:48:45,7,17,18,24.2,29.9,25.1,29.7,0,31
2026-08-07 16:53:46,8,19,21,24.1,29.9,25,29.7,0,31
2026-08-07 16:58:45,6,17,18,24,29.7,24.9,29.7,0,31
2026-08-07 17:03:45,5,18,18,24,29.7,24.9,29.6,0,31
2026-08-07 17:08:45,5,14,15,23.9,29.7,24.9,29.4,0,31
2026-08-07 17:13:45,5,14,15,23.9,29.5,24.8,29.4,1,31
2026-08-07 17:18:45,6,12,14,23.8,29.4,24.7,29.4,0,31
2026-08-07 17:23:45,4,8,10,23.8,29.2,24.7,29.2,0,31
2026-08-07 17:28:45,6,11,12,23.7,29.2,24.6,29.3,0,31
2026-08-07 17:33:45,5,11,11,23.7,29.1,24.5,29.2,0,31
2026-08-07 17:38:45,5,8,8,23.7,28.8,24.5,29.1,0,31
2026-08-07 17:43:45,6,10,11,23.6,29,24.5,29,0,31
2026-08-07 17:48:45,6,12,12,23.6,28.9,24.5,28.9,0,31
2026-08-07 17:53:46,4,8,9,23.6,28.5,24.5,28.9,0,31
2026-08-07 17:58:45,5,8,8,23.6,28.4,24.5,28.7,1,31
2026-08-07 18:03:46,3,8,9,23.6,28.2,24.5,28.6,0,31
2026-08-07 18:08:45,5,9,9,23.6,28.2,24.4,28.5,1,29
2026-08-07 18:13:45,4,6,6,23.5,28.3,24.4,28.5,0,31
2026-08-07 18:18:46,4,6,11,23.6,28.2,24.4,28.4,0,29
2026-08-07 18:23:45,4,6,6,23.5,28.1,24.3,28.3,0,31
2026-08-07 18:28:45,3,7,7,23.5,27.9,24.3,28.2,0,30
2026-08-07 18:33:46,3,7,7,23.5,28.1,24.3,28.1,0,30
2026-08-07 18:38:45,4,7,7,23.5,28,24.3,28,0,30
2026-08-07 18:43:46,4,10,10,23.4,28.1,24.2,28.1,0,30
2026-08-07 18:48:46,5,8,8,23.4,28,24.2,28,0,30
2026-08-07 18:53:45,4,7,7,23.4,27.8,24.1,28,0,30
2026-08-07 18:58:45,4,7,7,23.4,27.7,24.2,27.9,0,30
2026-08-07 19:03:45,1,5,5,23.4,27.6,24.1,27.8,0,30
2026-08-07 19:08:45,3,6,6,23.4,27.6,24.1,27.8,0,30
2026-08-07 19:13:45,3,5,7,23.4,27.5,24.2,27.6,0,30
2026-08-07 19:18:45,3,5,5,23.4,27.4,24.1,27.6,0,30
2026-08-07 19:23:46,1,5,5,23.4,27.2,24,27.6,0,30
2026-08-07 19:28:45,1,3,3,23.3,27.1,24,27.4,0,30
2026-08-07 19:33:46,1,3,3,23.3,26.8,24,27.3,0,30
2026-08-07 19:38:46,1,4,5,23.2,27.1,23.9,27.3,0,30
2026-08-07 19:43:46,1,3,3,23.2,27,24,27.2,0,30
2026-08-07 19:48:46,1,2,2,23.2,26.8,23.9,27.1,0,30
2026-08-07 19:53:46,1,2,3,23.2,26.9,23.9,27.1,0,30
2026-08-07 19:58:46,1,2,2,23.2,26.8,23.9,26.9,0,30
2026-08-07 20:03:46,1,2,3,23.2,26.8,23.8,27,0,30
2026-08-07 20:08:46,1,4,5,23.1,26.7,23.8,26.9,0,30
2026-08-07 20:13:46,1,3,4,23.1,27,23.8,26.9,0,30
2026-08-07 20:18:45,1,3,3,23.1,26.8,23.8,26.8,0,30
2026-08-07 20:23:46,1,4,4,23.1,26.9,23.8,26.8,0,30
2026-08-07 20:28:46,1,4,4,23.1,26.7,23.8,26.7,0,30
2026-08-07 20:33:46,2,5,5,23,26.9,23.6,26.7,0,30
2026-08-07 20:38:46,3,4,5,23,26.9,23.6,26.8,0,30
2026-08-07 20:43:45,1,4,4,23,26.8,23.6,26.7,0,30
2026-08-07 20:48:46,2,5,5,23,26.9,23.6,26.7,0,30
2026-08-07 20:53:45,1,4,4,23,27,23.6,26.6,0,30
2026-08-07 20:58:46,0,2,2,23,26.8,23.6,26.6,0,30
2026-08-07 21:03:46,1,3,4,23,26.8,23.5,26.6,0,30
2026-08-07 21:08:46,0,2,2,23,26.6,23.6,26.5,0,30
2026-08-07 21:13:46,2,4,4,23,26.5,23.6,26.6,0,30
2026-08-07 21:18:46,1,3,3,22.9,26.7,23.5,26.6,0,30
2026-08-07 21:23:46,1,3,3,22.9,26.6,23.6,26.5,0,30
2026-08-07 21:28:46,1,4,5,22.9,26.8,23.5,26.5,0,30
2026-08-07 21:33:46,0,3,4,22.9,26.7,23.6,26.5,0,30
2026-08-07 21:38:46,0,2,2,22.9,26.8,23.6,26.5,0,30
2026-08-07 21:43:46,1,3,3,23,26.8,23.5,26.5,0,30
2026-08-07 21:48:46,0,0,1,22.9,27,23.5,26.5,0,30
2026-08-07 21:53:46,0,3,4,22.9,26.9,23.5,26.5,0,30
2026-08-07 21:58:46,0,2,2,22.8,26.9,23.5,26.4,0,30
2026-08-07 22:03:46,0,3,3,22.9,26.9,23.5,26.4,0,30
2026-08-07 22:08:46,1,3,3,22.9,27.1,23.5,26.5,0,30
2026-08-07 22:13:46,2,6,6,22.9,27.1,23.5,26.4,0,30
2026-08-07 22:18:46,2,4,4,22.9,27,23.4,26.5,0,30
2026-08-07 22:23:46,4,5,7,22.9,27.1,23.5,26.4,0,30
2026-08-07 22:28:46,5,7,8,22.9,27.1,23.4,26.6,0,30
2026-08-07 22:33:46,2,6,7,22.8,27,23.4,26.5,0,30
2026-08-07 22:38:46,5,6,6,22.8,27.1,23.3,26.6,0,30
2026-08-07 22:43:46,4,8,11,22.8,27.1,23.3,26.6,0,30
2026-08-07 22:48:46,6,10,10,22.8,27.3,23.3,26.6,0,30
2026-08-07 22:53:46,5,11,13,22.7,27.3,23.2,26.6,0,30
2026-08-07 22:58:46,6,8,8,22.7,27.3,23.2,26.6,0,30
2026-08-07 23:03:46,6,8,8,22.7,27.3,23.2,26.6,0,30
2026-08-07 23:08:46,6,11,12,22.6,27.3,23.1,26.7,0,30
2026-08-07 23:13:46,6,9,11,22.6,27.5,23.1,26.7,0,30
2026-08-07 23:18:46,4,7,11,22.6,27.3,23.1,26.7,0,30
2026-08-07 23:23:46,5,9,9,22.6,27.4,23,26.7,0,30
2026-08-07 23:28:46,7,13,14,22.6,27.6,23.1,26.7,0,30
2026-08-07 23:33:46,7,18,18,22.6,27.5,23.1,26.7,0,30
2026-08-07 23:38:46,7,15,16,22.6,27.4,23.2,26.6,0,30
2026-08-07 23:43:46,3,5,6,22.6,27.5,23,26.8,0,30
2026-08-07 23:48:46,3,6,6,22.6,27.4,23.1,26.7,0,30
2026-08-07 23:53:46,4,7,7,22.6,27.5,23.1,26.7,0,30
2026-08-07 23:58:46,2,7,8,22.6,27.5,23.1,26.8,0,30
2026-08-08 00:03:46,1,3,5,22.6,27.6,23,26.8,0,30
2026-08-08 00:08:46,3,6,6,22.6,27.5,23,26.9,0,30
2026-08-08 00:13:47,2,4,4,22.5,27.7,23,26.9,0,30
2026-08-08 00:18:46,1,3,3,22.6,27.6,23,26.9,0,30
2026-08-08 00:23:46,0,1,1,22.5,27.5,23,26.9,0,30
2026-08-08 00:28:46,0,1,1,22.5,27.5,23,26.8,0,30
2026-08-08 00:33:47,0,0,0,22.5,27.5,23,26.8,0,30
2026-08-08 00:38:46,0,1,2,22.5,27.4,22.9,26.8,0,30
2026-08-08 00:43:47,0,1,1,22.4,27.5,22.9,26.9,0,30
2026-08-08 00:48:47,0,2,3,22.5,27.5,22.9,26.8,0,30
2026-08-08 00:53:46,1,2,2,22.5,27.6,22.9,26.8,0,30
2026-08-08 00:58:47,0,3,3,22.4,27.6,22.8,26.9,0,30
2026-08-08 01:03:46,0,2,2,22.4,27.9,22.7,27.1,0,30
2026-08-08 01:08:47,0,2,3,22.3,27.9,22.7,27,1,30
2026-08-08 01:13:46,0,2,2,22.4,27.8,22.7,27,0,30
2026-08-08 01:18:47,0,2,3,22.4,27.7,22.7,27,0,30
2026-08-08 01:23:46,0,1,1,22.3,27.7,22.8,26.9,0,30
2026-08-08 01:28:46,0,2,2,22.4,27.5,22.7,26.9,0,30
2026-08-08 01:33:47,0,1,1,22.3,27.6,22.7,27,0,30
2026-08-08 01:38:46,0,2,2,22.4,27.5,22.7,26.9,0,30
2026-08-08 01:43:46,0,2,2,22.3,27.6,22.7,26.9,0,30
2026-08-08 01:48:47,0,0,0,22.3,27.8,22.6,26.9,0,30
2026-08-08 01:53:46,0,1,1,22.3,27.8,22.6,27,0,30
2026-08-08 01:58:47,0,3,3,22.3,27.6,22.7,26.9,0,30
2026-08-08 02:03:47,0,1,1,22.3,27.6,22.6,26.9,0,30
2026-08-08 02:08:47,0,3,3,22.3,27.5,22.6,26.9,0,30
2026-08-08 02:13:46,0,2,2,22.3,27.5,22.7,26.9,0,30
2026-08-08 02:18:47,0,0,1,22.3,27.7,22.6,26.9,0,30
2026-08-08 02:23:46,1,3,3,22.2,27.9,22.5,27.1,0,30
2026-08-08 02:28:46,1,3,3,22.2,27.8,22.5,27,0,30
2026-08-08 02:33:47,0,2,2,22.2,27.8,22.5,27,0,30
2026-08-08 02:38:47,0,2,2,22.2,27.6,22.5,27,0,29
2026-08-08 02:43:46,0,1,1,22.2,27.9,22.5,27.1,0,29
2026-08-08 02:48:47,0,1,1,22.2,28.1,22.5,27.1,0,29
2026-08-08 02:53:46,0,3,3,22.2,27.9,22.5,27.1,0,29
2026-08-08 02:58:47,0,2,3,22.2,27.7,22.5,27.1,0,29
2026-08-08 03:03:47,0,2,3,22.2,27.9,22.5,27.1,0,29
2026-08-08 03:08:47,0,2,2,22.2,28,22.5,27.1,0,29
2026-08-08 03:13:47,0,3,3,22.1,28,22.5,27.2,0,29
2026-08-08 03:18:47,0,3,3,22.1,28.1,22.5,27.3,0,29
2026-08-08 03:23:47,1,5,5,22.1,27.9,22.4,27.2,0,29
2026-08-08 03:28:46,3,7,7,22.1,27.8,22.4,27.2,0,29
2026-08-08 03:33:47,2,4,5,22.1,27.8,22.4,27.2,0,29
2026-08-08 03:38:47,2,3,3,22.1,28.1,22.4,27.2,0,29
2026-08-08 03:43:47,2,3,3,22.1,27.9,22.5,27.2,1,29
2026-08-08 03:48:47,0,2,2,22.2,27.9,22.5,27.2,0,29
2026-08-08 03:53:47,0,3,4,22.1,27.9,22.4,27.3,0,29
2026-08-08 03:58:46,0,3,3,22.1,28.1,22.4,27.2,0,29
2026-08-08 04:03:47,1,4,5,22.1,27.9,22.4,27.3,0,29
2026-08-08 04:08:47,0,3,3,22.1,28,22.4,27.3,0,29
2026-08-08 04:13:47,0,4,4,22.1,28.1,22.4,27.3,0,29
2026-08-08 04:18:47,0,2,2,22.1,28,22.4,27.3,0,29
2026-08-08 04:23:47,0,1,1,22.1,28.1,22.5,27.3,0,29
2026-08-08 04:28:47,0,1,2,22.2,28.1,22.5,27.3,0,29
2026-08-08 04:33:47,0,3,3,22.2,28,22.5,27.3,0,29
2026-08-08 04:38:47,0,3,3,22.2,28,22.5,27.3,0,29
2026-08-08 04:43:47,0,1,2,22.1,28,22.5,27.4,1,29
2026-08-08 04:48:47,0,2,2,22.1,27.9,22.5,27.4,0,29
2026-08-08 04:53:47,0,2,2,22.1,28,22.5,27.4,0,29
2026-08-08 04:58:47,0,0,0,22.1,27.7,22.5,27.3,0,29
2026-08-08 05:03:47,0,0,0,22.1,27.6,22.4,27.3,0,29
2026-08-08 05:08:47,0,0,0,22.1,27.5,22.4,27.3,0,29
2026-08-08 05:13:47,0,0,1,22.1,27.7,22.4,27.2,1,29
2026-08-08 05:18:47,0,0,0,22.1,27.4,22.4,27.1,0,29
2026-08-08 05:23:47,0,0,0,22.1,27.6,22.4,27.1,0,29
2026-08-08 05:28:47,1,5,5,22.1,27.9,22.4,27.2,0,29
2026-08-08 05:33:47,4,6,6,22.1,28.1,22.4,27.3,0,29
2026-08-08 05:38:47,4,7,7,22,28.3,22.3,27.4,1,29
2026-08-08 05:43:47,3,5,5,22,28.2,22.4,27.4,0,29
2026-08-08 05:48:47,0,4,4,22,28.1,22.4,27.3,0,29
2026-08-08 05:53:47,0,0,2,22.1,28.1,22.4,27.4,0,28
2026-08-08 05:58:47,0,2,2,22,28,22.3,27.4,0,28
2026-08-08 06:03:47,0,1,1,22,27.9,22.3,27.4,0,28
2026-08-08 06:08:47,0,0,0,22,28.1,22.1,27.5,0,29
2026-08-08 06:13:47,0,0,0,21.9,28,22.2,27.4,0,29
2026-08-08 06:18:47,0,0,0,21.9,28.1,22.1,27.4,0,28
2026-08-08 06:23:47,0,1,1,22,28.1,22.2,27.4,1,28
2026-08-08 06:28:47,0,1,1,21.9,28,22.2,27.4,0,28
2026-08-08 06:33:47,0,1,2,21.9,28.1,22.1,27.4,0,28
2026-08-08 06:38:47,0,1,1,21.9,28.2,22.1,27.5,0,28
2026-08-08 06:43:47,0,0,0,21.8,28.2,22,27.6,0,28
2026-08-08 06:48:47,0,0,0,21.8,28.2,22,27.6,0,28
2026-08-08 06:53:47,0,0,0,21.7,28.2,22,27.6,0,28
2026-08-08 06:58:47,0,1,1,21.8,28.2,22,27.6,0,29
2026-08-08 07:03:47,0,0,0,21.7,28.1,22,27.6,0,29
2026-08-08 07:08:47,0,0,0,21.7,28.1,22,27.5,0,30
2026-08-08 07:13:47,0,0,0,21.8,28.1,22,27.5,0,30
2026-08-08 07:18:47,0,0,0,21.7,28,22,27.5,0,30
2026-08-08 07:23:47,0,0,0,21.7,28,22,27.5,0,30
2026-08-08 07:28:47,0,0,0,21.7,28.1,21.9,27.5,0,30
2026-08-08 07:33:47,0,0,0,21.7,28,21.9,27.5,0,30
2026-08-08 07:38:47,0,0,0,21.6,28,21.9,27.6,0,30
2026-08-08 07:43:47,0,0,0,21.6,28.3,21.9,27.6,0,30
2026-08-08 07:48:47,0,0,0,21.6,28.2,21.8,27.6,1,30
2026-08-08 07:53:47,0,0,0,21.6,28.3,21.7,27.7,1,30
2026-08-08 07:58:47,0,0,0,21.6,28.1,21.8,27.6,0,30
2026-08-08 08:03:47,0,0,0,21.5,28.3,21.7,27.7,0,30
2026-08-08 08:08:47,0,0,0,21.5,28.3,21.7,27.7,1,30
2026-08-08 08:13:47,0,0,0,21.5,28.3,21.7,27.7,1,30
2026-08-08 08:18:47,0,0,0,21.5,28.4,21.7,27.7,0,30
2026-08-08 08:23:47,0,0,0,21.5,28.5,21.7,27.8,0,30
2026-08-08 08:28:47,0,4,4,21.5,28.6,21.7,27.8,0,30
2026-08-08 08:33:48,0,0,0,21.5,28.6,21.7,27.8,0,30
2026-08-08 08:38:48,0,0,0,21.5,28.5,21.8,27.8,0,30
2026-08-08 08:43:47,0,0,0,21.5,28.7,21.8,27.8,0,30
2026-08-08 08:48:47,0,0,0,21.6,28.6,21.9,27.8,0,30
2026-08-08 08:53:47,0,0,0,21.7,28.7,21.9,27.8,0,30
2026-08-08 08:58:47,0,0,0,21.7,28.6,22,27.8,0,30
2026-08-08 09:03:47,0,0,0,21.8,28.6,22.1,27.9,0,30
2026-08-08 09:08:47,0,0,1,21.9,28.4,22.2,27.8,0,30
2026-08-08 09:13:48,0,0,1,22,28.2,22.3,27.7,0,30
2026-08-08 09:18:47,0,1,2,21.9,28.1,22.2,27.8,0,30
2026-08-08 09:23:48,0,0,0,21.9,28,22.2,27.8,0,30
2026-08-08 09:28:48,0,0,0,22,27.9,22.3,27.6,0,30
2026-08-08 09:33:47,0,0,0,22,28,22.3,27.6,0,30
2026-08-08 09:38:48,0,1,1,21.9,28,22.2,27.7,0,30
2026-08-08 09:43:47,0,0,0,22,28.1,22.3,27.6,0,30
2026-08-08 09:48:48,0,0,2,22,28.1,22.4,27.6,0,30
2026-08-08 09:53:48,0,0,0,22.1,28,22.5,27.6,0,30
2026-08-08 09:58:48,12,25,26,22.2,28.1,22.6,27.6,0,30
2026-08-08 10:03:48,0,1,1,22.3,28.2,22.7,27.5,0,30
2026-08-08 10:08:48,0,1,1,22.4,27.8,23,27.5,0,30
2026-08-08 10:13:48,0,1,2,22.5,27.8,23.1,27.4,0,30
2026-08-08 10:18:48,0,0,0,22.7,27.5,23.3,27.3,0,30
2026-08-08 10:23:48,0,0,0,22.7,27.4,23.2,27.4,0,30
2026-08-08 10:28:48,0,0,0,22.8,27.4,23.3,27.2,0,30
2026-08-08 10:33:48,0,2,2,22.8,27.1,23.4,27.1,0,30
2026-08-08 10:38:48,0,2,2,22.9,27.2,23.4,27,0,31
2026-08-08 10:43:48,0,0,0,22.9,27.2,23.6,26.9,0,31
2026-08-08 10:48:48,0,2,4,23.1,27.2,24,26.8,0,31
2026-08-08 10:53:48,0,2,2,23.4,26.8,24.4,26.5,1,31
2026-08-08 10:58:47,0,3,3,23.7,26.5,24.9,26.2,0,29
2026-08-08 11:03:48,0,1,1,23.9,26.3,25.4,26,0,31
2026-08-08 11:08:48,4,9,9,24.1,25.9,25.6,25.7,0,31
2026-08-08 11:13:48,1,5,6,23,26.3,22.8,29,0,31
2026-08-08 11:18:48,0,2,2,21.3,27.9,20.6,32.1,0,31
2026-08-08 11:23:48,0,3,3,22.2,28.8,24,28.1,0,31
2026-08-08 11:28:48,0,2,2,23.4,27.3,25.4,26,0,31
2026-08-08 11:33:48,0,1,2,24,26.6,25.6,25.6,0,31
2026-08-08 11:38:48,0,4,4,24.3,25.8,25.5,25.4,0,31
2026-08-08 11:43:48,0,1,1,24.3,25.4,25.4,25.2,0,31
2026-08-08 11:48:48,1,3,3,24.2,25.2,25.3,25.1,0,31
2026-08-08 11:53:48,1,3,3,24.2,25.3,25.1,25,0,31
2026-08-08 11:58:48,1,3,3,24.1,25.6,25,25,0,31
2026-08-08 12:03:48,0,3,3,24,25.2,25,25,0,31
2026-08-08 12:08:48,1,4,4,22.5,25.9,22,28.4,0,31
2026-08-08 12:13:48,0,3,4,23,26.5,24.5,26,0,31
2026-08-08 12:18:48,0,2,3,23.8,25.6,25.5,24.7,0,31
2026-08-08 12:23:48,0,3,3,24.1,25.4,25.6,24.5,0,31
2026-08-08 12:28:48,0,1,4,24.4,25.1,25.6,24.4,0,31
2026-08-08 12:33:48,1,3,3,24.5,24.9,25.7,24.2,0,31
2026-08-08 12:38:48,2,5,5,24.5,24.8,25.5,24.3,0,31
2026-08-08 12:43:48,1,4,5,24.3,24.8,25.3,24.3,0,31
2026-08-08 12:48:48,3,6,7,22.8,25.4,22.4,27.6,0,31
2026-08-08 12:53:48,1,5,5,21.1,26.7,20.4,30.3,0,31
2026-08-08 12:58:48,0,6,6,19.9,28.2,19.5,31.4,0,31
2026-08-08 13:03:48,3,5,5,19.2,29.3,19.6,31.8,0,31
2026-08-08 13:08:48,3,7,7,19.1,29.2,20.1,31.3,0,31
2026-08-08 13:13:48,3,6,6,19.2,29.7,21.1,30.4,0,31
2026-08-08 13:18:48,4,6,6,19.6,29.6,22.1,29.4,0,31
2026-08-08 13:23:48,3,6,6,20.2,28.7,22.4,29.2,0,31
2026-08-08 13:28:48,3,5,5,20.3,27.9,21.8,29.5,0,31
2026-08-08 13:33:48,4,8,8,20.2,28.1,22.2,28.5,0,31
2026-08-08 13:38:48,3,8,8,20.5,27.7,23.2,27.2,0,31
2026-08-08 13:43:48,3,7,7,20.6,28.1,22.3,28.3,0,31
2026-08-08 13:48:48,4,8,8,20.4,28.1,21.5,29.1,0,31
2026-08-08 13:53:48,5,9,9,20,28.5,20.8,29.5,0,31
2026-08-08 13:58:48,5,11,12,19.5,29.1,20.8,29.3,0,31
2026-08-08 14:03:48,4,7,7,19.3,29.2,20.5,29.8,0,31
2026-08-08 14:08:48,3,7,7,19.2,29.7,20.5,29.8,0,31
2026-08-08 14:13:48,4,8,10,19,29.8,20.2,30.2,0,31
2026-08-08 14:18:48,4,8,8,19.1,29.9,20.7,29.9,0,31
2026-08-08 14:23:48,3,8,10,19,29.6,20.1,30.4,0,29
2026-08-08 14:28:48,4,8,8,18.9,31,20,31.1,0,31
2026-08-08 14:33:48,5,8,8,21.7,28.3,25.5,24.2,0,31
2026-08-08 14:38:48,3,6,6,22.6,26.9,25.4,24.4,0,31
2026-08-08 14:43:48,3,8,8,24.1,25.3,27.2,22.4,0,31
2026-08-08 14:48:48,1,6,6,25.1,24.5,27.6,21.8,0,31
2026-08-08 14:53:48,3,6,6,25.6,23.9,27.7,21.6,0,31
2026-08-08 14:58:48,3,6,6,25.8,23.5,27.6,21.6,0,31
2026-08-08 15:03:48,3,6,6,25.9,23.2,27.6,21.5,0,31
2026-08-08 15:08:48,3,7,7,25.9,22.9,27.5,21.5,0,31
2026-08-08 15:13:48,3,5,5,25.9,22.9,27.4,21.5,0,31
2026-08-08 15:18:48,4,6,6,25.9,22.8,27.4,21.4,0,31
2026-08-08 15:23:48,4,8,8,25.8,23.1,27.2,21.4,0,31
2026-08-08 15:28:48,5,6,8,25.7,23.1,27.1,21.5,0,31
2026-08-08 15:33:48,3,8,9,25.8,23,27.2,21.4,0,30
2026-08-08 15:38:48,4,8,8,25.7,22.9,27.1,21.4,0,30
2026-08-08 15:43:48,4,5,6,25.7,23,27.1,21.4,0,30
2026-08-08 15:48:48,4,7,7,25.7,22.9,27,21.4,0,30
2026-08-08 15:53:48,3,6,7,25.6,22.9,26.9,21.4,0,30
2026-08-08 15:58:48,3,6,7,25.5,22.9,26.8,21.4,0,30
2026-08-08 16:03:48,3,7,7,25.5,23.1,26.8,21.4,0,30
2026-08-08 16:08:48,2,8,8,25.5,23,26.7,21.4,1,30
2026-08-08 16:13:48,4,8,8,25.4,22.9,26.6,21.4,0,30
2026-08-08 16:18:48,5,9,9,25.3,23.1,26.5,21.5,0,30
2026-08-08 16:23:48,4,9,9,25.3,22.9,26.4,21.5,0,30
2026-08-08 16:28:48,4,8,8,25.2,23,26.4,21.5,0,30
2026-08-08 16:33:49,3,8,8,25.2,23.1,26.4,21.5,0,30
2026-08-08 16:38:49,4,7,8,25.2,23.1,26.3,21.5,0,30
2026-08-08 16:43:48,4,7,7,25.1,23.1,26.3,21.5,0,30
2026-08-08 16:48:49,4,8,8,25.1,23,26.3,21.5,0,30
2026-08-08 16:53:48,6,9,9,25.1,23.1,26.3,21.5,0,30
2026-08-08 16:58:49,5,8,8,25.1,23.2,26.2,21.5,0,30
2026-08-08 17:03:48,5,11,11,25,23.1,26.1,21.5,0,30
2026-08-08 17:08:48,5,9,9,24.9,23.2,25.9,21.6,0,30
2026-08-08 17:13:49,3,8,9,24.9,23.4,25.9,21.6,0,30
2026-08-08 17:18:48,5,9,11,24.8,23.4,25.7,21.7,0,30
2026-08-08 17:23:49,5,10,10,24.7,23.4,25.7,21.7,0,30
2026-08-08 17:28:48,5,9,9,24.6,23.6,25.6,21.8,0,30
2026-08-08 17:33:49,4,10,10,24.5,23.5,25.5,21.8,0,30
2026-08-08 17:38:48,4,7,7,24.5,23.8,25.5,21.9,0,30
2026-08-08 17:43:49,5,11,13,24.4,23.8,25.4,22,0,30
2026-08-08 17:48:48,5,9,11,24.3,24,25.4,22,0,30
2026-08-08 17:53:49,5,9,9,24.3,23.9,25.4,22,0,30
2026-08-08 17:58:48,6,12,13,24.4,24,25.4,22,0,30
2026-08-08 18:03:49,6,9,9,24.3,24.1,25.2,22.1,0,30
2026-08-08 18:08:49,4,8,8,24.2,24.1,25.2,22.1,0,30
2026-08-08 18:13:49,6,8,8,24.2,24.2,25.1,22.2,0,30
2026-08-08 18:18:49,5,9,9,24.1,24.5,25.1,22.3,0,30
2026-08-08 18:23:49,4,5,6,24,24.5,25,22.4,0,30
2026-08-08 18:28:49,3,6,6,24,24.5,24.9,22.5,0,30
2026-08-08 18:33:49,1,5,5,24,24.6,24.9,22.5,1,30
2026-08-08 18:38:49,3,5,5,23.9,24.7,24.8,22.6,0,30
2026-08-08 18:43:49,2,5,5,23.8,24.8,24.7,22.6,0,30
2026-08-08 18:48:49,1,3,3,23.8,25,24.6,22.7,0,30
2026-08-08 18:53:49,2,4,4,23.8,25,24.6,22.8,0,30
2026-08-08 18:58:49,0,3,3,23.6,25,24.4,23,0,30
2026-08-08 19:03:49,0,2,2,23.6,25.2,24.3,23.1,0,30
2026-08-08 19:08:49,0,3,4,23.5,25.2,24.3,23.2,0,30
2026-08-08 19:13:49,0,1,1,23.4,25.5,24.2,23.3,0,30
2026-08-08 19:18:48,0,3,4,23.4,25.5,24.1,23.4,0,30
2026-08-08 19:23:49,0,3,3,23.3,25.6,24,23.5,0,30
2026-08-08 19:28:49,0,0,1,23.3,25.6,24,23.5,0,30
2026-08-08 19:33:49,0,3,3,23.2,25.7,23.9,23.6,0,30
2026-08-08 19:38:49,0,2,3,23.2,25.8,23.8,23.7,0,30
2026-08-08 19:43:49,0,2,3,23.1,25.7,23.7,23.8,0,30
2026-08-08 19:48:49,0,2,2,23,25.7,23.6,23.9,1,30
2026-08-08 19:53:49,0,3,3,22.9,25.9,23.5,23.9,0,30
2026-08-08 19:58:49,1,4,4,22.9,25.8,23.6,23.9,0,30
2026-08-08 20:03:49,1,2,3,22.9,26,23.5,24,0,30
2026-08-08 20:08:49,1,4,4,22.9,26,23.5,24,0,30
2026-08-08 20:13:49,1,5,6,22.9,26,23.4,24.1,0,30
2026-08-08 20:18:49,1,3,3,22.8,26,23.4,24.1,0,30
2026-08-08 20:23:49,0,3,3,22.8,25.8,23.3,24.1,0,30
2026-08-08 20:28:49,0,4,4,22.7,26,23.2,24.2,0,30
2026-08-08 20:33:49,0,3,3,22.6,25.8,23.2,24.2,0,30
2026-08-08 20:38:49,0,3,5,22.7,25.7,23.2,24.1,0,30
2026-08-08 20:43:49,0,1,2,22.6,25.6,23.1,24.1,0,30
2026-08-08 20:48:49,0,2,3,22.6,25.7,23,24.1,0,30
2026-08-08 20:53:49,0,3,3,22.6,25.8,23,24.1,0,30
2026-08-08 20:58:49,1,3,3,22.5,25.7,23,24.2,0,30
2026-08-08 21:03:49,1,4,4,22.5,25.7,23,24.2,0,30
2026-08-08 21:08:49,0,2,3,22.5,25.6,22.9,24.2,0,30
2026-08-08 21:13:49,0,2,3,22.5,25.6,23,24.1,0,30
2026-08-08 21:18:49,0,1,2,22.5,25.5,22.9,24.2,0,30
2026-08-08 21:23:49,1,5,5,22.4,25.4,22.9,24.1,0,30
2026-08-08 21:28:49,2,4,4,22.4,25.3,22.9,24.1,0,30
2026-08-08 21:33:49,0,4,4,22.4,25.5,22.8,24.1,0,30
2026-08-08 21:38:49,2,6,7,22.4,25.4,22.8,24.1,0,30
2026-08-08 21:43:49,1,5,5,22.3,25.4,22.8,24.1,1,30
2026-08-08 21:48:49,1,5,5,22.4,25.4,22.9,24,0,30
2026-08-08 21:53:49,0,3,3,22.4,25.6,22.9,24.1,0,30
2026-08-08 21:58:49,0,2,2,22.4,25.3,22.7,24.2,0,30
2026-08-08 22:03:49,0,1,3,22.3,25.4,22.7,24.1,0,30
2026-08-08 22:08:49,0,2,3,22.4,25.3,22.8,24,0,30
2026-08-08 22:13:49,0,3,3,22.4,25.2,22.8,24,0,30
2026-08-08 22:18:49,0,5,5,22.4,25.2,22.8,24,0,30
2026-08-08 22:23:49,0,5,5,22.5,25.3,22.9,23.9,0,30
2026-08-08 22:28:49,1,5,6,22.4,25.5,22.9,24,0,30
2026-08-08 22:33:49,0,3,3,22.4,25.4,22.8,24,0,30
2026-08-08 22:38:49,0,2,2,22.4,25.4,22.7,24.1,0,30
2026-08-08 22:43:49,0,2,3,22.4,25.3,22.8,24,0,30
2026-08-08 22:48:49,0,1,1,22.4,25.5,22.8,24,0,30
2026-08-08 22:53:49,1,2,3,22.4,25.4,22.8,24.1,1,30
2026-08-08 22:58:49,0,1,2,22.4,25.4,22.7,24.2,0,30
2026-08-08 23:03:49,1,2,4,22.3,25.5,22.7,24.2,0,30
2026-08-08 23:08:49,1,4,4,22.3,25.3,22.7,24.1,0,30
2026-08-08 23:13:49,0,3,3,22.3,25.3,22.8,24,0,30
2026-08-08 23:18:49,1,1,1,22.3,25.2,22.6,24.1,0,30
2026-08-08 23:23:49,0,2,3,22.3,25.4,22.7,24.1,0,30
2026-08-08 23:28:49,1,3,3,22.3,25.2,22.7,24,0,30
2026-08-08 23:33:49,0,2,2,22.3,25.4,22.7,24,0,30
2026-08-08 23:38:49,1,2,2,22.3,25.4,22.7,24.1,0,30
2026-08-08 23:43:49,0,3,3,22.3,25.2,22.6,24.1,0,30
2026-08-08 23:48:49,0,4,4,22.3,25.3,22.7,24,1,30
2026-08-08 23:53:49,0,2,3,22.3,25.1,22.7,24,0,30
2026-08-08 23:58:50,0,2,2,22.2,25.4,22.6,24.1,0,30
2026-08-09 00:03:50,1,5,6,22.2,25.4,22.6,24.1,0,30
2026-08-09 00:08:49,0,3,3,22.2,25.9,22.6,24.2,0,29
2026-08-09 00:13:49,0,1,2,22.2,25.9,22.6,24.3,0,29
2026-08-09 00:18:50,2,5,5,22.2,26.1,22.5,24.4,0,31
2026-08-09 00:23:50,1,3,4,22.2,26.1,22.5,24.4,0,31
2026-08-09 00:28:50,1,3,3,22.2,26.2,22.6,24.4,0,29
2026-08-09 00:33:50,0,4,4,22.2,26.1,22.5,24.5,0,29
2026-08-09 00:38:49,1,3,4,22.2,26.3,22.6,24.4,0,31
2026-08-09 00:43:49,2,5,5,22.2,25.8,22.6,24.4,1,29
2026-08-09 00:48:50,0,3,4,22.2,26.1,22.5,24.5,0,29
2026-08-09 00:53:49,2,3,5,22.1,25.8,22.4,24.6,0,29
2026-08-09 00:58:50,2,5,6,22.1,26.2,22.4,24.6,0,29
2026-08-09 01:03:49,0,4,4,22.1,25.9,22.4,24.6,0,29
2026-08-09 01:08:50,2,4,4,22,25.9,22.3,24.6,0,29
2026-08-09 01:13:50,2,5,5,22,26.1,22.3,24.6,0,29
2026-08-09 01:18:50,2,6,8,21.9,26.1,22.2,24.7,0,29
2026-08-09 01:23:50,3,5,6,21.9,26.2,22.1,24.8,0,29
2026-08-09 01:28:50,4,4,6,21.8,26.2,22.1,24.7,0,29
2026-08-09 01:33:50,3,7,8,21.8,26.4,22,24.8,0,31
2026-08-09 01:38:50,2,6,6,21.6,26.3,21.9,24.8,0,29
2026-08-09 01:43:50,2,3,4,21.6,26.2,21.9,24.8,0,29
2026-08-09 01:48:50,3,6,6,21.6,26.2,21.9,24.8,0,29
2026-08-09 01:53:50,2,6,7,21.6,26.2,21.7,24.9,0,29
2026-08-09 01:58:50,3,5,6,21.5,26.2,21.8,24.8,0,29
2026-08-09 02:03:50,3,7,8,21.5,26.4,21.7,24.9,0,29
2026-08-09 02:08:50,3,6,6,21.4,26.4,21.6,24.9,1,29
2026-08-09 02:13:50,4,7,8,21.4,26.1,21.6,25,0,29
2026-08-09 02:18:49,1,7,7,21.3,26.1,21.5,25,0,29
2026-08-09 02:23:50,5,6,6,21.3,26.4,,,0,29
2026-08-09 02:28:50,4,5,5,21.3,26.4,,,0,29
2026-08-09 02:33:50,2,6,6,21.2,26.2,,,0,29
2026-08-09 02:38:50,4,7,8,21.2,26.4,,,0,30
2026-08-09 02:43:50,3,5,5,21.2,26.2,,,0,30
2026-08-09 02:48:50,3,6,7,21.2,26.3,,,0,30
2026-08-09 02:53:50,3,6,6,21.2,26.2,,,0,30
2026-08-09 02:58:50,2,8,8,21.1,26.2,,,1,30
2026-08-09 03:03:50,4,8,8,21,26.4,,,0,30
2026-08-09 03:08:50,4,7,9,21,26.4,,,1,30
2026-08-09 03:13:50,3,7,7,21,26.4,,,0,30
2026-08-09 03:18:50,4,6,6,21,26.4,,,0,30
2026-08-09 03:23:50,4,12,12,21,26.2,,,0,30
2026-08-09 03:28:50,5,12,12,21,26.2,,,0,30
2026-08-09 03:33:50,5,9,11,20.9,26.3,,,0,30
2026-08-09 03:38:50,5,9,11,20.8,26.4,,,0,30
2026-08-09 03:43:50,6,11,14,20.8,26.4,,,0,30
2026-08-09 03:48:50,4,11,13,20.8,26.3,,,0,30
2026-08-09 03:53:50,5,7,10,20.7,26.2,,,0,30
2026-08-09 03:58:50,4,8,8,20.7,26.3,,,0,30
2026-08-09 04:03:50,4,10,10,20.6,26.4,,,0,30
2026-08-09 04:08:50,5,12,13,20.6,26.6,,,0,30
2026-08-09 04:13:50,5,9,9,20.6,26.6,,,0,30
2026-08-09 04:18:50,3,7,8,20.6,26.6,,,0,30
2026-08-09 04:23:50,4,7,7,20.6,26.3,,,0,30
2026-08-09 04:28:50,3,8,8,20.6,26.6,,,0,30
2026-08-09 04:33:50,6,11,12,20.6,26.6,,,0,30
2026-08-09 04:38:50,4,8,8,20.5,26.7,,,0,30
2026-08-09 04:43:50,4,8,9,20.5,26.8,,,0,30
2026-08-09 04:48:50,3,8,8,20.4,27,,,0,30
2026-08-09 04:53:50,5,9,9,20.4,27.2,,,0,30
2026-08-09 04:58:50,3,7,7,20.4,27,,,0,30
2026-08-09 05:03:50,5,11,12,20.4,26.9,,,0,30
2026-08-09 05:08:50,5,13,15,20.4,26.8,,,0,30
2026-08-09 05:13:50,6,15,16,20.5,26.7,,,0,30
2026-08-09 05:18:50,6,12,14,20.4,26.5,,,0,30
2026-08-09 05:23:50,7,15,15,20.4,26.7,,,0,30
2026-08-09 05:28:50,6,11,14,20.4,26.5,,,0,30
2026-08-09 05:33:50,6,15,16,20.4,26.6,,,0,30
2026-08-09 05:38:50,6,12,16,20.4,26.7,,,0,30
2026-08-09 05:43:50,5,11,14,20.3,26.8,,,0,30
2026-08-09 05:48:50,6,18,20,20.4,26.7,,,0,30
2026-08-09 05:53:50,7,14,17,20.4,26.7,,,0,30
2026-08-09 05:58:50,8,16,17,20.3,26.7,,,0,30
2026-08-09 06:03:50,6,18,18,20.3,26.6,20.2,25.7,0,30
2026-08-09 06:08:50,8,17,19,20.4,26.5,20.2,25.7,0,30
2026-08-09 06:13:51,6,16,17,20.4,26.7,20.1,25.7,0,30
2026-08-09 06:18:50,6,18,19,20.2,26.7,20,25.8,0,30
2026-08-09 06:23:50,6,14,15,20.2,26.8,20.1,25.8,0,30
2026-08-09 06:28:50,9,20,22,20.2,26.8,20,25.8,0,30
2026-08-09 06:33:50,7,18,19,20.1,26.8,20,25.8,0,30
2026-08-09 06:38:51,8,18,20,20.2,26.7,20.1,25.7,0,30
2026-08-09 06:43:50,7,19,19,20.2,26.8,20.1,25.7,0,30
2026-08-09 06:48:50,7,19,20,20.2,26.7,20,25.8,0,30
2026-08-09 06:53:50,7,17,20,20.1,26.7,20,25.8,0,30
2026-08-09 06:58:50,8,18,19,20.2,26.7,20,25.8,0,30
2026-08-09 07:03:50,5,16,18,20.1,26.7,20,25.8,0,30
2026-08-09 07:08:50,5,16,19,20.1,26.6,19.9,25.8,0,30
2026-08-09 07:13:51,7,15,17,20.1,26.6,19.9,25.8,0,30
2026-08-09 07:18:50,6,17,20,20.1,26.8,19.9,25.8,0,30
2026-08-09 07:23:50,6,18,19,20.1,26.7,19.9,25.9,0,30
2026-08-09 07:28:51,6,17,17,20.1,26.5,20,25.9,0,30
2026-08-09 07:33:50,7,19,19,20.2,26.4,20,25.8,0,30
2026-08-09 07:38:51,6,18,18,20.2,26.5,20,25.7,0,30
2026-08-09 07:43:50,7,17,21,20.2,26.4,20,25.7,0,30
2026-08-09 07:48:50,6,19,21,20.2,26.7,20,25.7,0,30
2026-08-09 07:53:51,7,19,19,20.1,26.5,19.9,25.8,0,30
2026-08-09 07:58:51,7,19,21,20.1,26.6,20,25.8,0,30
2026-08-09 08:03:51,8,21,21,20.2,26.6,19.9,25.8,0,30
2026-08-09 08:08:51,7,18,19,20.1,26.8,19.9,25.8,0,30
2026-08-09 08:13:51,7,20,22,20.1,26.8,19.9,25.9,0,30
2026-08-09 08:18:51,7,19,19,20.1,26.9,19.9,25.9,0,30
2026-08-09 08:23:51,7,18,20,20.1,27.2,19.8,26,0,30
2026-08-09 08:28:51,7,19,20,20.1,27.4,19.9,26.1,1,30
2026-08-09 08:33:51,6,18,19,20.1,27.4,19.9,26.2,0,30
2026-08-09 08:38:50,7,17,18,20.1,27.3,19.9,26.2,0,30
2026-08-09 08:43:51,5,18,18,20.1,26.6,19.9,26.2,0,30
2026-08-09 08:48:51,6,14,17,20.1,26.8,19.9,26.1,0,30
2026-08-09 08:53:51,7,19,19,20.2,27,20,26.1,0,30
2026-08-09 08:58:51,6,15,15,20.2,27.2,19.9,26.3,0,30
2026-08-09 09:03:51,6,13,16,20.2,27.1,20.1,26.2,0,30
2026-08-09 09:08:51,6,17,17,20.3,26.7,20.2,26.2,0,30
2026-08-09 09:13:51,5,14,16,20.4,26.8,20.3,26.1,0,30
2026-08-09 09:18:51,5,13,14,20.4,26.9,20.4,26.1,0,30
2026-08-09 09:23:51,6,20,20,20.5,26.9,20.6,26.1,0,30
2026-08-09 09:28:51,6,13,16,20.6,26.8,20.7,26.1,0,30
2026-08-09 09:33:51,7,17,18,20.7,27.1,20.9,26,0,30
2026-08-09 09:38:51,7,17,19,20.8,26.8,21,26.1,0,30
2026-08-09 09:43:51,7,19,19,21,27,21.3,26,0,30
2026-08-09 09:48:51,7,20,22,21.1,26.9,21.5,26.1,0,30
2026-08-09 09:53:51,7,19,19,21.2,27.1,21.6,26.2,0,30
2026-08-09 09:58:51,6,16,18,21.3,27,21.8,26.2,0,30
2026-08-09 10:03:51,9,23,24,21.5,27.3,22,26.2,0,30
2026-08-09 10:08:51,9,23,23,21.6,27.2,22.3,26.1,0,30
2026-08-09 10:13:51,7,19,21,21.8,27,22.4,26.2,0,30
2026-08-09 10:18:51,10,19,19,22,26.7,22.5,26.1,0,30
2026-08-09 10:23:51,8,21,22,22.1,26.9,22.7,25.9,0,30
2026-08-09 10:28:51,10,21,21,22.2,26.9,22.9,25.9,0,30
2026-08-09 10:33:51,7,19,19,22.4,26.8,23.2,25.9,0,30
2026-08-09 10:38:51,12,23,23,22.6,26.6,23.6,25.7,0,30
2026-08-09 10:43:51,12,22,23,22.9,26.4,23.8,25.6,0,30
2026-08-09 10:48:51,11,22,24,23.1,26,24.1,25.3,0,30
2026-08-09 10:53:51,11,22,23,23.3,25.9,24.4,25.2,0,30
2026-08-09 10:58:51,11,23,26,23.5,25.7,24.8,24.9,0,30
2026-08-09 11:03:51,11,22,23,23.8,25.8,25,24.9,0,30
2026-08-09 11:08:51,11,21,21,23.9,25.6,25.1,24.8,0,30
2026-08-09 11:13:51,12,21,23,24.1,25.3,25.4,24.5,0,30
2026-08-09 11:18:51,12,24,24,24.2,25.3,25.4,24.5,0,30
2026-08-09 11:23:51,13,24,26,24.3,25.3,25.5,24.3,0,30
2026-08-09 11:28:51,10,22,23,24.4,25.1,25.7,24.1,0,30
2026-08-09 11:33:51,12,22,23,23.1,25.3,22.9,26.9,0,30
2026-08-09 11:38:51,16,25,28,21.3,26.6,20.4,30,0,30
2026-08-09 11:43:51,19,26,26,19.9,28.3,19.1,31.8,0,30
2026-08-09 11:48:51,18,28,29,18.9,29.2,18.3,32.4,0,30
2026-08-09 11:53:51,18,28,29,18.1,30.7,17.9,33.3,0,30
2026-08-09 11:58:51,20,29,30,17.7,31.5,17.8,33.7,0,30
2026-08-09 12:03:51,21,29,30,17.5,32,17.7,33.8,0,30
2026-08-09 12:08:51,21,30,33,17.4,32.4,17.8,33.7,0,30
2026-08-09 12:13:51,19,30,31,17.3,32.8,17.8,33.8,0,30
2026-08-09 12:18:51,20,30,30,17.3,33,17.9,33.9,0,30
2026-08-09 12:23:51,20,30,31,17.3,32.9,18.1,33.8,0,30
2026-08-09 12:28:51,20,32,34,17.5,33,18.3,33.6,0,30
2026-08-09 12:33:51,20,30,35,17.6,32.7,18.5,33.3,0,30
2026-08-09 12:38:51,20,28,29,17.8,32.8,18.8,33.1,0,30
2026-08-09 12:43:51,22,30,34,18,32.7,19.2,32.8,0,30
2026-08-09 12:48:51,20,30,34,18.2,32.3,19.6,32.4,0,30
2026-08-09 12:53:51,20,30,31,18.5,31.9,19.9,32.1,0,30
2026-08-09 12:58:51,21,29,33,18.7,31.6,20.2,31.7,0,30
2026-08-09 13:03:51,23,32,35,18.9,31.5,20.4,31.5,0,30
2026-08-09 13:08:51,22,30,35,19.1,31.2,20.7,31.1,0,30
2026-08-09 13:13:51,22,32,35,19.3,31.2,20.8,30.9,0,30
2026-08-09 13:18:51,22,33,37,19.4,31.1,21,30.5,0,30
2026-08-09 13:23:51,21,31,33,19.5,30.9,21.1,30.4,0,30
2026-08-09 13:28:51,21,32,35,19.5,30.6,21.4,29.9,0,30
2026-08-09 13:33:51,21,31,33,19.5,30.4,21,29.9,0,30
2026-08-09 13:38:51,22,32,35,19.4,30.3,20.8,30.1,0,31
2026-08-09 13:43:52,22,31,34,19.2,30.5,20.3,30.5,0,31
2026-08-09 13:48:52,22,32,36,19.2,30.7,21,29.7,0,31
2026-08-09 13:53:52,22,32,37,19.3,30.8,21.4,29.5,0,31
2026-08-09 13:58:52,21,31,34,19.7,30.7,22.6,28.7,0,31
2026-08-09 14:03:51,23,34,39,20.4,29.8,24,27.7,0,31
2026-08-09 14:08:52,24,37,43,21.3,29.1,25.3,26.8,0,31
2026-08-09 14:13:51,23,33,36,22.4,28.2,26.7,25.6,0,29
2026-08-09 14:18:51,22,34,38,23.3,27.3,27.6,25.2,0,31
2026-08-09 14:23:51,23,34,38,23.8,26.1,26.9,25.3,0,31
2026-08-09 14:28:51,23,34,40,23.7,25.8,25.8,25.6,0,31
2026-08-09 14:33:52,24,36,41,23.1,26.2,24.6,26.3,0,31
2026-08-09 14:38:51,25,37,46,22.3,26.7,23.5,26.8,0,31
2026-08-09 14:43:51,26,36,42,21.5,27.3,22.4,27.4,0,31
2026-08-09 14:48:51,26,40,47,20.7,27.9,21.5,27.9,0,31
2026-08-09 14:53:51,26,38,46,20,28.5,20.7,28.5,0,29
2026-08-09 14:58:51,23,34,38,21.7,28.6,25.2,24.1,0,31
2026-08-09 15:03:52,23,33,36,23.6,26.7,27.3,21.7,0,31
2026-08-09 15:08:52,23,34,39,24.8,25.2,27.7,21.2,0,31
2026-08-09 15:13:52,23,34,39,25.3,24.6,27.7,21.1,0,31
2026-08-09 15:18:52,24,35,40,25.6,24,27.7,21.1,0,31
2026-08-09 15:23:52,22,33,37,25.7,23.8,27.6,21.1,0,31
2026-08-09 15:28:52,23,34,40,25.8,23.6,27.6,21.1,0,31
2026-08-09 15:33:52,24,35,38,25.8,23.5,27.4,21.1,0,31
2026-08-09 15:38:52,24,35,40,25.8,23.5,27.4,21.1,0,31
2026-08-09 15:43:52,24,35,42,25.7,23.5,27.2,21.2,0,31
2026-08-09 15:48:52,22,34,38,25.7,23.6,27.1,21.2,0,31
2026-08-09 15:53:51,25,35,44,25.6,23.6,27.1,21.3,0,31
2026-08-09 15:58:52,24,34,41,25.6,23.6,27,21.3,0,31
2026-08-09 16:03:52,24,35,40,25.5,23.5,26.9,21.4,0,31
2026-08-09 16:08:52,24,34,39,25.4,23.6,26.8,21.4,0,31
2026-08-09 16:13:52,23,35,40,25.4,23.5,26.7,21.4,0,31
2026-08-09 16:18:52,23,35,40,25.3,23.5,26.6,21.4,0,31
2026-08-09 16:23:52,23,34,38,25.2,23.6,26.5,21.5,0,31
2026-08-09 16:28:52,23,32,35,25.1,23.7,26.4,21.5,0,31
2026-08-09 16:33:52,21,31,33,25.1,23.7,26.4,21.5,1,31
2026-08-09 16:38:52,22,30,31,25,23.7,26.3,21.6,0,31
2026-08-09 16:43:52,19,28,29,25,23.5,26.3,21.6,0,31
2026-08-09 16:48:52,19,25,25,25,23.6,26.3,21.5,1,31
2026-08-09 16:53:52,19,25,27,25,23.5,26.2,21.5,0,31
2026-08-09 16:58:52,18,28,28,25,23.5,26.3,21.4,0,31
2026-08-09 17:03:52,13,24,25,25,23.5,26.2,21.5,0,31
2026-08-09 17:08:52,10,23,23,25,23.4,26.2,21.5,0,31
2026-08-09 17:13:52,9,20,22,25,23.5,26.2,21.5,0,31
2026-08-09 17:18:52,12,22,23,25,23.4,26.2,21.5,0,31
2026-08-09 17:23:52,11,21,23,25,23.5,26.1,21.6,0,31
2026-08-09 17:28:52,15,26,27,24.9,23.3,26,21.6,0,31
2026-08-09 17:33:52,13,22,25,24.9,23.4,26,21.4,0,31
2026-08-09 17:38:52,12,22,22,24.8,23.4,25.9,21.5,0,31
2026-08-09 17:43:52,10,23,25,24.7,23.5,25.8,21.5,1,31
2026-08-09 17:48:52,12,24,24,24.7,23.4,25.8,21.5,0,31
2026-08-09 17:53:52,16,25,27,24.7,23.5,25.7,21.6,0,31
2026-08-09 17:58:52,13,22,24,24.6,23.6,25.6,21.6,0,31
2026-08-09 18:03:52,15,25,26,24.4,23.6,25.5,21.7,0,31
2026-08-09 18:08:52,15,25,27,24.3,23.6,25.4,21.7,0,31
2026-08-09 18:13:52,11,23,24,24.3,23.8,25.4,21.7,0,31
2026-08-09 18:18:52,6,16,16,24.3,23.7,25.3,21.7,0,31
2026-08-09 18:23:52,6,13,16,24.2,23.7,25.3,21.7,0,31
2026-08-09 18:28:52,7,13,13,24.2,23.7,25.2,21.7,0,31
2026-08-09 18:33:52,6,12,12,24.1,23.8,25.1,21.7,0,31
2026-08-09 18:38:52,5,11,14,24.1,24,25,21.8,1,31
2026-08-09 18:43:52,5,12,12,24,23.9,25,21.9,0,31
2026-08-09 18:48:52,3,10,10,24,24,24.9,21.9,0,31
2026-08-09 18:53:52,4,11,12,23.9,24.1,24.9,21.9,0,30
2026-08-09 18:58:52,5,8,9,23.9,24,24.8,22,0,30
2026-08-09 19:03:52,4,11,11,23.8,24.2,24.7,22,1,30
2026-08-09 19:08:52,4,8,8,23.7,24.1,24.6,22.1,0,30
2026-08-09 19:13:52,3,7,8,23.7,24.2,24.6,22.1,0,30
2026-08-09 19:18:52,5,9,11,23.7,24.1,24.5,22.1,0,30
2026-08-09 19:23:52,5,8,8,23.6,24.3,24.4,22.2,0,30
2026-08-09 19:28:52,2,4,4,23.5,24.5,24.3,22.3,0,30
2026-08-09 19:33:52,3,7,7,23.4,24.7,24.2,22.5,0,30
2026-08-09 19:38:52,3,5,6,23.4,24.8,24.1,22.6,0,30
2026-08-09 19:43:52,1,6,6,23.3,25,24,22.6,0,30
2026-08-09 19:48:52,3,5,6,23.2,25.1,23.9,22.8,0,30
2026-08-09 19:53:52,1,5,5,23.2,25.1,23.9,22.8,1,29
2026-08-09 19:58:53,2,7,7,23.1,25.1,23.8,22.9,1,29
2026-08-09 20:03:52,2,5,5,23.1,25.1,23.7,22.9,0,31
2026-08-09 20:08:52,1,4,4,23,25.1,23.7,23,0,29
2026-08-09 20:13:52,3,5,6,23,25.2,23.5,23,0,29
2026-08-09 20:18:53,2,5,6,22.9,25.4,23.4,23.2,0,31
2026-08-09 20:23:53,2,5,6,22.8,25.2,23.4,23.2,0,31
2026-08-09 20:28:53,3,6,6,22.7,25.4,23.2,23.3,0,29
2026-08-09 20:33:53,4,7,7,22.6,25.6,23.2,23.3,0,31
2026-08-09 20:38:52,3,5,5,22.6,25.5,23.1,23.4,0,30
2026-08-09 20:43:52,2,5,7,22.5,25.7,23,23.6,0,30
2026-08-09 20:48:52,2,7,8,22.4,25.8,23,23.7,0,30
2026-08-09 20:53:53,2,4,4,22.5,25.7,23,23.6,0,30
2026-08-09 20:58:53,2,5,5,22.5,25.6,23.1,23.5,0,30
2026-08-09 21:03:52,3,5,5,22.4,25.7,23,23.6,0,30
2026-08-09 21:08:52,1,4,4,22.4,25.6,22.9,23.7,0,30
2026-08-09 21:13:52,2,4,4,22.4,25.6,22.9,23.7,0,30
2026-08-09 21:18:52,3,7,7,22.4,25.6,22.9,23.7,0,30
2026-08-09 21:23:53,1,3,4,22.3,25.6,22.8,23.8,0,30
2026-08-09 21:28:53,1,5,5,22.3,25.6,22.8,23.7,0,30
2026-08-09 21:33:53,3,5,6,22.2,25.7,22.7,23.9,0,30
2026-08-09 21:38:53,4,7,7,22.2,25.8,22.6,23.8,0,30
2026-08-09 21:43:53,3,6,6,22.2,26.1,22.6,23.9,0,30
2026-08-09 21:48:53,4,7,8,22.1,25.8,22.5,24,0,30
2026-08-09 21:53:53,3,6,6,22.1,25.9,22.6,24,0,30
2026-08-09 21:58:53,3,5,5,22.2,25.9,22.6,24,0,30
2026-08-09 22:03:53,3,4,5,22.2,26,22.5,24,0,30
2026-08-09 22:08:53,3,5,6,22.1,25.9,22.6,24,0,30
2026-08-09 22:13:53,3,5,5,22.2,26.1,22.5,24.1,0,30
2026-08-09 22:18:53,3,6,6,22.1,26,22.5,24.2,0,30
2026-08-09 22:23:53,3,5,5,22.1,26.2,22.5,24.2,0,30
2026-08-09 22:28:52,4,5,5,22.1,26.2,22.6,24.2,0,30
2026-08-09 22:33:53,4,8,9,22.1,26.1,22.5,24.3,0,30
2026-08-09 22:38:53,3,6,6,22.2,26,22.5,24.3,0,30
2026-08-09 22:43:52,4,7,8,22.2,26,22.6,24.3,0,30
2026-08-09 22:48:53,4,7,7,22.2,26.1,22.6,24.2,0,30
2026-08-09 22:53:53,3,6,6,22.2,26.1,22.6,24.3,0,30
2026-08-09 22:58:53,2,5,6,22.2,26.2,22.5,24.4,0,30
2026-08-09 23:03:53,4,6,6,22.2,26.2,22.5,24.4,0,30
2026-08-09 23:08:53,3,5,6,22.1,26.2,22.5,24.4,1,30
2026-08-09 23:13:53,4,7,7,22.2,26.2,22.5,24.4,0,30
2026-08-09 23:18:53,3,6,6,22.1,26.2,22.5,24.5,0,30
2026-08-09 23:23:53,4,7,7,22.1,26.3,22.4,24.6,0,30
2026-08-09 23:28:53,4,7,8,22.1,26.2,22.5,24.6,0,30
2026-08-09 23:33:53,5,9,11,22,26.4,22.4,24.6,0,30
2026-08-09 23:38:53,4,6,6,22,26.5,22.4,24.6,0,30
2026-08-09 23:43:53,3,6,6,22,26.4,22.3,24.7,0,30
2026-08-09 23:48:53,2,5,5,22,26.4,22.4,24.7,0,30
2026-08-09 23:53:53,4,6,7,22,26.5,22.4,24.7,0,30
2026-08-09 23:58:53,3,8,8,22,26.5,22.4,24.7,0,30
2026-08-10 00:03:53,4,6,7,22,26.3,22.5,24.6,0,30
2026-08-10 00:08:53,3,7,8,22,26.4,22.4,24.7,0,30
2026-08-10 00:13:53,2,6,7,22,26.3,22.4,24.7,0,30
2026-08-10 00:18:53,3,7,7,22.1,26.3,22.4,24.8,0,30
2026-08-10 00:23:53,4,11,11,22,26.5,22.4,24.8,0,30
2026-08-10 00:28:53,3,7,7,22,26.5,22.4,24.9,0,30
2026-08-10 00:33:53,5,8,8,22,26.5,22.4,24.9,0,30
2026-08-10 00:38:53,3,8,8,22,26.5,22.4,24.9,0,30
2026-08-10 00:43:53,4,7,7,22.1,26.7,22.5,24.9,0,30
2026-08-10 00:48:53,6,9,11,22,26.7,22.4,24.9,0,30
2026-08-10 00:53:53,4,11,11,22.1,26.6,22.4,24.9,0,30
2026-08-10 00:58:53,5,11,11,22,26.6,22.4,25,0,30
2026-08-10 01:03:53,6,11,14,22.1,26.8,22.4,25,0,30
2026-08-10 01:08:53,7,12,13,22.1,26.7,22.4,25,0,30
2026-08-10 01:13:53,6,16,16,22.1,26.7,22.3,25.1,0,30
2026-08-10 01:18:53,5,12,14,22,26.7,22.3,25.1,1,30
2026-08-10 01:23:53,4,8,10,22,26.8,22.2,25.1,0,30
2026-08-10 01:28:53,5,10,11,21.9,26.7,22.3,25.1,0,30
2026-08-10 01:33:53,4,11,11,22,26.6,22.3,25.1,0,30
2026-08-10 01:38:53,6,11,13,21.9,26.7,22.2,25.2,0,30
2026-08-10 01:43:53,5,10,12,21.9,26.8,22.2,25.2,0,30
2026-08-10 01:48:53,8,14,17,21.8,26.9,22.1,25.3,0,30
2026-08-10 01:53:53,8,18,19,21.9,26.9,22.1,25.3,0,30
2026-08-10 01:58:53,7,16,17,21.8,27,22.2,25.3,0,30
2026-08-10 02:03:53,8,19,19,21.9,27,22.2,25.3,0,30
2026-08-10 02:08:53,5,18,18,21.9,27,22.2,25.4,0,30
2026-08-10 02:13:53,5,11,14,21.9,26.8,22.2,25.3,0,30
2026-08-10 02:18:53,5,10,11,21.9,26.8,22.2,25.3,0,30
2026-08-10 02:23:54,5,14,16,21.8,27.1,22.1,25.4,0,30
2026-08-10 02:28:54,7,15,16,21.9,27,22.2,25.4,0,30
2026-08-10 02:33:53,9,22,22,21.9,27,22.2,25.4,0,30
2026-08-10 02:38:53,7,18,18,21.9,26.9,22.2,25.4,0,30
2026-08-10 02:43:54,6,17,18,21.8,27,22.1,25.5,0,30
2026-08-10 02:48:53,6,14,16,21.8,27,22.1,25.5,0,30
2026-08-10 02:53:53,6,11,11,21.7,27,22,25.6,0,30
2026-08-10 02:58:54,5,13,14,21.7,27.1,21.9,25.7,0,30
2026-08-10 03:03:53,6,12,13,21.7,27.1,22,25.6,0,30
2026-08-10 03:08:54,6,15,16,21.7,27.3,21.9,25.7,0,30
2026-08-10 03:13:53,6,14,14,21.6,27.3,21.9,25.7,0,30
2026-08-10 03:18:53,6,14,14,21.6,27.3,21.9,25.7,0,30
2026-08-10 03:23:53,8,15,19,21.6,27.3,21.9,25.8,0,30
2026-08-10 03:28:53,5,15,15,21.6,27.1,21.9,25.7,0,30
2026-08-10 03:33:53,6,13,16,21.6,27.1,21.9,25.7,0,30
2026-08-10 03:38:53,6,13,15,21.6,27.2,21.8,25.8,1,30
2026-08-10 03:43:53,5,11,11,21.5,27.3,21.7,25.9,0,30
2026-08-10 03:48:53,6,17,18,21.5,27,21.8,25.8,0,30
2026-08-10 03:53:54,5,12,14,21.5,27,21.7,25.9,0,30
2026-08-10 03:58:53,6,13,15,21.5,27,21.7,25.8,0,30
2026-08-10 04:03:53,7,13,16,21.4,27,21.6,25.9,0,30
2026-08-10 04:08:54,5,14,17,21.4,27.3,21.5,26,0,30
2026-08-10 04:13:53,6,17,19,21.4,27.4,21.6,26,1,30
2026-08-10 04:18:53,7,13,14,21.4,27.4,21.5,26.1,0,30
2026-08-10 04:23:54,7,11,16,21.4,27.5,21.6,26,0,30
2026-08-10 04:28:53,7,15,17,21.4,27.4,21.6,26.1,0,30
2026-08-10 04:33:54,7,13,16,21.4,27.6,21.6,26.1,0,30
2026-08-10 04:38:54,7,14,15,21.4,27.4,21.6,26.1,0,30
2026-08-10 04:43:54,6,13,15,21.4,27.4,21.6,26.1,0,30
2026-08-10 04:48:54,6,13,14,21.4,27.5,21.6,26.2,0,30
2026-08-10 04:53:53,7,14,16,21.4,27.5,21.6,26.2,1,30
2026-08-10 04:58:54,7,16,18,21.3,27.5,21.6,26.3,0,30
2026-08-10 05:03:53,5,18,19,21.4,27.6,21.7,26.2,0,30
2026-08-10 05:08:54,6,15,17,21.5,27.6,21.7,26.2,0,30
2026-08-10 05:13:53,6,17,20,21.4,27.7,21.7,26.3,0,30
2026-08-10 05:18:54,7,15,17,21.4,27.7,21.6,26.3,0,30
2026-08-10 05:23:54,6,18,18,21.4,27.5,21.6,26.4,0,30
2026-08-10 05:28:54,5,15,18,21.4,27.5,21.6,26.4,0,30
2026-08-10 05:33:54,6,16,19,21.4,27.4,21.6,26.4,0,30
2026-08-10 05:38:54,7,17,18,21.3,27.5,21.6,26.4,1,30
2026-08-10 05:43:54,8,18,18,21.4,27.4,21.5,26.4,0,30
2026-08-10 05:48:54,8,19,19,21.3,27.5,21.5,26.4,0,30
2026-08-10 05:53:54,7,15,15,21.3,27.5,21.5,26.4,0,30
2026-08-10 05:58:54,8,16,17,21.3,27.6,21.5,26.5,0,30
2026-08-10 06:03:54,7,16,18,21.3,27.5,21.5,26.4,0,30
2026-08-10 06:08:54,6,16,18,21.4,27.6,21.6,26.4,0,30
2026-08-10 06:13:54,8,19,20,21.4,27.6,21.5,26.5,1,30
2026-08-10 06:18:54,10,21,21,21.3,27.7,21.5,26.5,0,30
2026-08-10 06:23:54,8,19,20,21.4,27.4,21.6,26.4,0,30
2026-08-10 06:28:54,6,17,19,21.4,27.4,21.6,26.4,0,30
2026-08-10 06:33:54,7,19,19,21.4,27.3,21.6,26.5,0,30
2026-08-10 06:38:54,9,19,20,21.4,27.3,21.5,26.4,0,30
2026-08-10 06:43:54,8,18,19,21.4,27.4,21.6,26.3,0,30
2026-08-10 06:48:54,8,19,21,21.4,27.3,21.6,26.3,0,30
2026-08-10 06:53:54,8,18,19,21.4,27.2,21.6,26.4,0,30
2026-08-10 06:58:54,6,17,18,21.4,27.2,21.6,26.4,0,30
2026-08-10 07:03:54,8,17,19,21.4,27.2,21.6,26.4,0,30
2026-08-10 07:08:54,8,15,18,21.4,27.2,21.6,26.3,0,30
2026-08-10 07:13:54,7,18,20,21.4,27,21.7,26.3,0,30
2026-08-10 07:18:54,8,21,22,21.4,27.4,21.7,26.3,0,30
2026-08-10 07:23:54,7,18,18,21.4,27.6,21.6,26.4,0,30
2026-08-10 07:28:54,11,20,23,21.4,27.5,21.6,26.5,0,30
2026-08-10 07:33:54,10,21,21,21.4,27.5,21.6,26.5,0,30
2026-08-10 07:38:54,7,19,21,21.5,27.7,21.6,26.4,0,30
2026-08-10 07:43:54,8,18,18,21.4,27.3,21.6,26.4,1,30
2026-08-10 07:48:54,9,19,19,21.4,27.6,21.6,26.5,0,30
2026-08-10 07:53:54,9,22,23,21.3,27.7,21.6,26.6,0,30
2026-08-10 07:58:54,11,24,24,21.4,27.5,21.6,26.5,0,30
2026-08-10 08:03:54,8,19,20,21.4,27.7,21.6,26.5,0,30
2026-08-10 08:08:54,11,23,23,21.4,27.7,21.6,26.5,1,30
2026-08-10 08:13:54,11,24,24,21.4,27.8,21.6,26.6,0,30
2026-08-10 08:18:54,9,22,22,21.4,27.9,21.6,26.6,0,30
2026-08-10 08:23:54,13,22,25,21.4,27.9,21.6,26.7,0,30
2026-08-10 08:28:54,11,22,23,21.4,27.7,21.6,26.8,0,30
2026-08-10 08:33:54,16,23,24,21.4,28.1,21.5,26.9,0,31
2026-08-10 08:38:54,13,22,24,21.3,28,21.5,26.9,0,30
2026-08-10 08:43:54,15,26,27,21.3,28,21.5,27,0,30
2026-08-10 08:48:54,17,25,25,21.3,27.9,21.5,27,0,30
2026-08-10 08:53:54,12,24,26,21.3,27.9,21.5,26.9,1,30
2026-08-10 08:58:54,17,26,28,21.3,28.1,21.4,27,0,30
2026-08-10 09:03:54,18,24,26,21.2,28.1,,,0,30
2026-08-10 09:08:54,18,25,28,21.3,28,,,0,30
2026-08-10 09:13:55,16,25,26,21.3,28.1,,,0,30
2026-08-10 09:18:55,17,25,27,21.3,28.2,,,1,30
2026-08-10 09:23:54,13,23,24,21.2,27.9,,,0,30
2026-08-10 09:28:55,14,25,26,21.3,27.9,,,0,30
2026-08-10 09:33:54,16,26,27,21.3,27.9,,,0,30
2026-08-10 09:38:54,15,27,27,21.3,28.1,,,0,30
2026-08-10 09:43:54,17,27,27,21.4,27.8,,,0,30
2026-08-10 09:48:55,15,27,27,21.2,28,,,0,30
2026-08-10 09:53:55,15,23,23,21.3,28.1,,,0,31
2026-08-10 09:58:54,14,24,24,21.4,27.9,,,0,30
2026-08-10 10:03:55,15,25,26,21.4,28.1,21.6,27.2,0,30
2026-08-10 10:08:55,14,24,24,21.4,28.2,21.7,27.1,0,30
2026-08-10 10:13:55,18,27,28,21.5,28.2,21.8,27.1,0,30
2026-08-10 10:18:55,18,28,29,21.5,28,21.8,27.1,0,30
2026-08-10 10:23:55,19,25,29,21.6,27.8,21.9,27,0,30
2026-08-10 10:28:55,18,27,28,21.6,27.7,21.9,27,0,30
2026-08-10 10:33:55,18,26,28,21.6,28,21.8,27.1,0,30
2026-08-10 10:38:55,15,24,24,21.6,28,21.8,27.1,1,30
2026-08-10 10:43:55,15,26,27,21.6,28.1,21.9,27.1,0,30
2026-08-10 10:48:55,18,27,28,21.6,28,21.9,27.1,0,30
2026-08-10 10:53:54,20,29,29,21.6,27.9,21.9,27,0,30
2026-08-10 10:58:55,18,26,26,21.7,27.9,22,26.9,0,30
2026-08-10 11:03:55,16,25,27,21.7,27.9,22,27,0,30
2026-08-10 11:08:55,19,25,26,21.8,27.6,22,27,0,31
2026-08-10 11:13:55,19,26,27,21.8,28,22.1,26.9,0,31
2026-08-10 11:18:55,19,29,29,21.8,27.8,22,27,1,31
2026-08-10 11:23:55,22,33,35,21.8,27.9,22.1,27,0,31
2026-08-10 11:28:54,23,34,41,21.8,27.9,22,27,0,31
2026-08-10 11:33:55,24,38,46,21.8,27.7,22.1,27,0,31
2026-08-10 11:38:55,26,41,50,21.8,27.7,22.1,27,0,31
2026-08-10 11:43:55,22,30,31,21.9,27.7,22.1,27.1,0,31
2026-08-10 11:48:55,22,30,33,21.9,27.8,22.2,27,0,31
2026-08-10 11:53:55,26,39,46,21.9,27.8,22.2,27,0,31
2026-08-10 11:58:55,25,36,43,21.9,27.8,22.2,27,0,31
2026-08-10 12:03:55,23,33,35,22,27.9,22.3,27,0,31
2026-08-10 12:08:55,22,31,33,22,27.9,22.3,27,1,31
2026-08-10 12:13:55,21,31,35,22,27.9,22.4,27,0,31
2026-08-10 12:18:55,23,33,36,22,27.8,22.4,26.9,1,31
2026-08-10 12:23:55,23,33,37,22,28,22.4,27,0,31
2026-08-10 12:28:55,22,32,36,22,27.7,22.4,27,1,31
2026-08-10 12:33:55,23,33,38,22.1,27.8,22.4,27,0,31
2026-08-10 12:38:55,23,33,39,22.1,27.8,22.4,27,0,31
2026-08-10 12:43:55,23,34,38,22.1,27.9,22.5,27,0,31
2026-08-10 12:48:55,24,35,40,22.1,27.9,22.5,27.1,0,31
2026-08-10 12:53:55,24,36,41,22.2,27.9,22.6,26.9,0,31
2026-08-10 12:58:55,31,47,56,22.3,27.8,22.7,26.9,0,31
2026-08-10 13:03:55,25,37,45,22.3,27.9,22.8,26.9,0,31
2026-08-10 13:08:55,26,38,46,22.3,27.7,22.8,26.9,1,31
2026-08-10 13:13:55,24,36,41,22.4,27.6,23,26.8,0,31
2026-08-10 13:18:55,23,34,41,22.5,27.5,22.9,26.9,0,31
2026-08-10 13:23:55,29,45,55,22.5,27.5,23,26.9,0,31
2026-08-10 13:28:55,25,37,43,22.5,27.5,23,26.9,0,31
2026-08-10 13:33:55,23,34,41,22.6,27.4,23,26.8,1,31
2026-08-10 13:38:55,26,38,44,22.5,27.5,23,26.9,0,31
2026-08-10 13:43:55,23,35,42,22.6,27.4,23,26.8,0,31
2026-08-10 13:48:55,23,35,40,22.6,27.5,23.1,26.7,0,31
2026-08-10 13:53:55,25,35,41,22.6,27.3,23.1,26.7,0,31
2026-08-10 13:58:55,24,35,40,22.6,27.3,23.1,26.7,0,31
2026-08-10 14:03:55,23,35,41,22.6,27.3,23.1,26.7,0,31
2026-08-10 14:08:55,23,33,38,22.6,27.5,23.1,26.7,0,31
2026-08-10 14:13:55,24,35,40,22.7,27.4,23.1,26.7,0,31
2026-08-10 14:18:55,29,44,54,22.7,27.2,23.2,26.7,0,31
2026-08-10 14:23:55,29,47,59,22.7,27.3,23.2,26.6,0,31
2026-08-10 14:28:55,26,36,43,22.7,27.3,23.2,26.6,0,31
2026-08-10 14:33:55,26,39,45,22.7,27.4,23.2,26.6,0,31
2026-08-10 14:38:55,25,35,40,22.7,27.5,23.2,26.6,0,31
2026-08-10 14:43:56,23,35,40,22.7,27.4,23.2,26.6,0,31
2026-08-10 14:48:56,23,34,37,22.7,27.4,23.2,26.6,1,31
2026-08-10 14:53:55,24,35,38,22.7,27.4,23.3,26.6,0,31
2026-08-10 14:58:55,25,38,47,22.7,27.4,23.3,26.6,0,31
2026-08-10 15:03:56,27,41,49,22.7,27.5,23.3,26.5,0,31
2026-08-10 15:08:56,25,36,43,22.8,27.4,23.3,26.6,0,31
2026-08-10 15:13:55,24,35,42,22.8,27.5,23.3,26.6,0,31
2026-08-10 15:18:55,25,35,41,22.8,27.5,23.4,26.6,0,31
2026-08-10 15:23:55,24,36,41,22.8,27.4,23.4,26.7,0,31
2026-08-10 15:28:56,28,43,51,22.8,27.4,23.4,26.7,0,31
2026-08-10 15:33:55,25,39,48,22.9,27.3,23.5,26.6,0,31
2026-08-10 15:38:55,24,36,41,22.9,27.3,23.6,26.5,0,31
2026-08-10 15:43:55,23,35,44,23,27.1,23.5,26.6,1,31
2026-08-10 15:48:56,23,35,40,22.9,27.1,23.5,26.6,1,31
2026-08-10 15:53:56,23,35,40,23,27.1,23.6,26.5,0,31
2026-08-10 15:58:55,23,33,36,23,26.9,23.6,26.5,0,31
2026-08-10 16:03:55,22,32,34,23,26.6,23.6,26.3,1,31
2026-08-10 16:08:55,22,32,34,23,26.6,23.5,26.3,0,31
2026-08-10 16:13:55,22,32,35,23,26.8,23.6,26.3,0,31
2026-08-10 16:18:56,22,32,36,22.9,26.7,23.5,26.3,0,31
2026-08-10 16:23:56,18,29,30,23,26.5,23.6,26.2,0,31
2026-08-10 16:28:56,20,30,33,23,26.4,23.6,26.1,0,31
2026-08-10 16:33:56,21,30,31,23,26.3,23.6,26,0,31
2026-08-10 16:38:55,20,28,28,22.9,26.3,23.6,25.9,0,31
2026-08-10 16:43:56,21,30,31,23,26.2,23.6,25.8,0,31
2026-08-10 16:48:55,19,31,32,23,26.3,23.6,25.9,0,31
2026-08-10 16:53:56,21,32,33,23,26.5,23.6,25.9,0,31
2026-08-10 16:58:56,18,29,32,23,26.4,23.7,25.8,0,31
2026-08-10 17:03:56,22,32,35,23,26.3,23.6,25.7,0,31
2026-08-10 17:08:55,21,29,33,23,26.3,23.6,25.8,0,31
2026-08-10 17:13:56,20,31,34,23,26.6,23.6,25.8,0,31
2026-08-10 17:18:55,22,30,34,23,26.4,23.5,25.8,0,31
2026-08-10 17:23:56,20,29,32,23,26.4,23.6,25.8,0,31
2026-08-10 17:28:56,20,30,31,23,26.3,23.6,25.7,0,31
2026-08-10 17:33:55,21,31,33,23,26.2,23.6,25.7,0,31
2026-08-10 17:38:56,21,32,37,22.9,26.3,23.6,25.7,0,31
2026-08-10 17:43:56,21,29,30,22.9,26.1,23.5,25.7,0,31
2026-08-10 17:48:56,21,31,32,22.9,26.3,23.5,25.6,0,31
2026-08-10 17:53:56,21,29,29,22.9,26.4,23.4,25.7,0,31
2026-08-10 17:58:56,21,31,33,22.9,26.4,23.4,25.7,0,31
2026-08-10 18:03:57,21,31,35,22.8,26.5,23.3,25.7,0,31
2026-08-10 18:08:56,21,31,36,22.8,26.6,23.3,25.7,0,31
2026-08-10 18:13:56,22,32,34,22.8,26.6,23.3,25.7,0,31
2026-08-10 18:18:56,21,31,35,22.8,26.4,23.3,25.7,1,31
2026-08-10 18:23:56,22,33,36,22.8,26.5,23.3,25.7,0,31
2026-08-10 18:28:56,20,31,35,22.7,26.7,23.2,25.7,0,31
2026-08-10 18:33:56,22,33,36,22.7,26.6,23.2,25.7,0,31
2026-08-10 18:38:56,21,32,36,22.7,26.9,23.2,25.7,0,29
2026-08-10 18:43:56,22,32,33,22.7,26.9,23.2,25.8,0,31
2026-08-10 18:48:56,20,31,32,22.6,26.7,23.2,25.8,0,31
2026-08-10 18:53:56,20,29,35,22.6,26.9,23.1,25.8,0,31
2026-08-10 18:58:56,21,29,32,22.6,26.9,23.1,25.9,0,31
2026-08-10 19:03:56,20,31,32,22.6,26.6,23.1,25.9,0,29
2026-08-10 19:08:56,22,32,34,22.5,26.8,23,25.9,0,31
2026-08-10 19:13:56,21,31,33,22.5,26.8,23,25.9,0,31
2026-08-10 19:18:56,22,33,35,22.5,27,23,25.9,0,31
2026-08-10 19:23:56,21,29,30,22.5,27.1,22.9,26,0,31
2026-08-10 19:28:56,21,32,36,22.5,27.1,22.9,26.1,0,31
2026-08-10 19:33:56,22,32,34,22.5,27,23,26,0,29
2026-08-10 19:38:59,22,30,33,22.5,27.1,23,26,1,31
2026-08-10 19:43:56,22,33,36,22.5,27,23,25.9,0,31
2026-08-10 19:48:56,22,32,34,22.6,27,23,25.9,0,31
2026-08-10 19:53:56,21,32,35,22.5,27.2,22.9,26.1,0,31
2026-08-10 19:58:56,22,30,35,22.5,27,23,26,0,31
2026-08-10 20:03:56,18,29,30,22.4,27.2,22.8,26.2,0,29
2026-08-10 20:08:56,21,32,33,22.3,27.2,22.8,26.2,0,31
2026-08-10 20:13:56,22,32,34,22.3,27,22.8,26.1,0,31
2026-08-10 20:18:56,21,31,36,22.4,27,22.9,26,0,31
2026-08-10 20:23:56,21,33,37,22.4,27,22.9,26,0,29
2026-08-10 20:28:56,22,35,39,22.4,26.8,22.9,26,0,29
2026-08-10 20:33:56,22,34,39,22.4,26.9,22.8,26.1,0,29
2026-08-10 20:38:56,23,33,37,22.4,26.9,22.8,26,0,29
2026-08-10 20:43:56,22,32,34,22.4,27,22.7,26.1,0,31
2026-08-10 20:48:56,22,32,38,22.3,27.1,22.8,26,0,31
2026-08-10 20:53:56,23,33,38,22.3,27.1,22.7,26.1,0,31
2026-08-10 20:58:56,22,34,39,22.3,27,22.8,26.1,1,29
2026-08-10 21:03:56,22,32,35,22.2,27.2,22.6,26.2,0,30
2026-08-10 21:08:56,23,33,36,22.2,27.6,22.6,26.3,0,30
2026-08-10 21:13:56,22,32,36,22.2,27.4,22.6,26.2,0,30
2026-08-10 21:18:56,22,34,37,22.2,27.1,22.6,26.2,0,30
2026-08-10 21:23:56,21,32,35,22.2,27.2,22.6,26.2,0,30
2026-08-10 21:28:57,21,33,37,22.2,27.2,22.5,26.2,0,31
2026-08-10 21:33:56,22,32,36,22.2,27.4,22.5,26.3,0,31
2026-08-10 21:38:57,21,35,39,22.1,27.3,22.5,26.3,0,29
2026-08-10 21:43:57,23,33,38,22.1,27.5,22.4,26.4,0,30
2026-08-10 21:48:56,22,33,38,22.1,27.5,22.4,26.4,0,30
2026-08-10 21:53:57,21,33,37,22.1,27.7,22.5,26.4,0,30
2026-08-10 21:58:56,22,32,34,22.1,27.5,22.4,26.4,0,30
2026-08-10 22:03:57,22,30,33,22.1,27.4,22.4,26.5,0,30
2026-08-10 22:08:56,20,32,36,22.1,27.4,22.4,26.4,0,30
2026-08-10 22:13:56,21,30,30,22.1,27.3,22.4,26.4,0,30
2026-08-10 22:18:56,19,29,32,22.1,27.4,22.4,26.4,0,30
2026-08-10 22:23:56,21,29,33,22,27.4,22.4,26.4,0,29
2026-08-10 22:28:56,22,33,37,21.9,27.7,22.3,26.5,0,31
2026-08-10 22:33:57,22,33,36,22,27.6,22.3,26.5,0,29
2026-08-10 22:38:56,22,33,36,22,27.5,22.3,26.4,0,29
2026-08-10 22:43:57,21,32,37,22,27.7,22.2,26.6,0,29
2026-08-10 22:48:57,22,34,38,21.9,27.6,22.2,26.6,0,29
2026-08-10 22:53:56,21,33,38,21.8,27.6,22.1,26.7,0,29
2026-08-10 22:58:56,21,31,35,21.9,27.7,22.1,26.7,0,29
2026-08-10 23:03:56,21,29,31,21.9,27.4,22.1,26.6,0,30
2026-08-10 23:08:57,20,29,33,21.9,27.5,22,26.7,0,29
2026-08-10 23:13:57,21,32,34,21.8,27.5,22,26.6,0,29
2026-08-10 23:18:56,22,30,35,21.9,27.5,22.1,26.5,0,29
2026-08-10 23:23:57,21,32,34,21.9,27.4,22.1,26.5,0,29
2026-08-10 23:28:57,20,31,34,21.8,27.3,22,26.6,0,31
2026-08-10 23:33:57,19,29,30,21.9,27.4,22.1,26.5,0,31
2026-08-10 23:38:57,18,29,30,21.9,27.4,22.1,26.5,1,31
2026-08-10 23:43:57,20,30,31,21.9,27.4,22.1,26.5,0,29
2026-08-10 23:48:57,20,32,36,21.9,27.5,22,26.6,0,29
2026-08-10 23:53:56,21,31,35,21.9,27.6,22.1,26.6,0,29
2026-08-10 23:58:57,22,32,33,21.9,27.5,22.2,26.5,0,29
2026-08-11 00:03:57,22,30,35,21.8,27.6,22.1,26.6,0,29
2026-08-11 00:08:57,21,31,34,21.9,27.7,22.1,26.6,0,29
2026-08-11 00:13:57,20,31,33,21.8,27.5,22.1,26.6,1,29
2026-08-11 00:18:57,22,30,34,21.8,27.5,22.1,26.7,0,29
2026-08-11 00:23:57,22,32,37,21.9,27.6,22.1,26.7,0,29
2026-08-11 00:28:57,22,33,36,21.9,27.6,22.1,26.7,0,29
2026-08-11 00:33:56,23,35,40,21.7,27.7,22,26.8,0,31
2026-08-11 00:38:57,21,33,37,21.9,27.8,22.1,26.7,0,29
2026-08-11 00:43:57,23,33,37,21.9,27.7,22.1,26.7,0,30
2026-08-11 00:48:57,22,31,36,21.9,27.8,22.1,26.7,0,30
2026-08-11 00:53:57,22,32,36,21.8,27.7,22,26.8,1,30
2026-08-11 00:58:57,20,31,35,21.8,27.8,22,26.8,0,30
2026-08-11 01:03:57,22,33,36,21.8,28.1,22,26.9,0,30
2026-08-11 01:08:57,22,32,34,21.7,27.8,22,26.9,0,30
2026-08-11 01:13:57,22,32,35,21.7,27.7,22,26.9,1,30
2026-08-11 01:18:57,21,29,33,21.7,27.6,22,26.8,0,30
2026-08-11 01:23:57,21,29,33,21.7,27.8,22,26.9,0,30
2026-08-11 01:28:57,21,31,36,21.7,27.8,21.9,27,0,30
2026-08-11 01:33:57,21,32,35,21.6,27.8,21.9,27,0,30
2026-08-11 01:38:57,21,33,38,21.7,27.8,21.9,27,0,30
2026-08-11 01:43:57,22,33,38,21.6,28,21.9,27.1,0,30
2026-08-11 01:48:57,21,32,35,21.6,28,21.8,27,0,30
2026-08-11 01:53:57,22,33,37,21.6,28.1,21.8,27.1,0,30
2026-08-11 01:58:57,21,31,35,21.5,28.2,21.8,27.1,0,30
2026-08-11 02:03:57,22,32,36,21.5,28.2,21.8,27.2,0,30
2026-08-11 02:08:57,22,32,35,21.5,28.4,21.7,27.3,0,30
2026-08-11 02:13:57,21,33,36,21.5,28.1,21.8,27.2,0,30
2026-08-11 02:18:57,21,33,37,21.6,28.3,21.8,27.2,0,29
2026-08-11 02:23:57,22,32,37,21.5,28.3,21.8,27.3,0,29
2026-08-11 02:28:57,22,32,35,21.6,28.5,21.8,27.3,0,29
2026-08-11 02:33:57,21,31,34,21.6,28.3,21.8,27.3,0,31
2026-08-11 02:38:57,22,33,36,21.6,28.4,21.8,27.3,0,29
2026-08-11 02:43:57,23,33,36,21.6,28.2,21.7,27.4,0,29
2026-08-11 02:48:57,22,33,35,21.5,28.3,21.7,27.4,0,29
2026-08-11 02:53:57,22,32,35,21.5,28.5,21.8,27.3,0,29
2026-08-11 02:58:57,22,34,41,21.5,28.5,21.7,27.4,0,29
2026-08-11 03:03:57,21,32,35,21.5,28.5,21.8,27.4,0,29
2026-08-11 03:08:57,20,29,34,21.5,28.3,21.7,27.5,0,29
2026-08-11 03:13:57,20,32,35,21.5,28.2,21.8,27.4,0,29
2026-08-11 03:18:57,22,32,37,21.5,28.2,21.7,27.5,0,29
2026-08-11 03:23:57,22,32,35,21.5,28.3,21.7,27.4,0,29
2026-08-11 03:28:57,21,32,35,21.5,28.1,21.8,27.3,0,29
2026-08-11 03:33:57,21,31,35,21.5,28.2,21.7,27.4,0,29
2026-08-11 03:38:57,21,32,34,21.5,28.2,21.7,27.4,0,29
2026-08-11 03:43:57,22,32,35,21.5,28.3,21.7,27.4,0,29
2026-08-11 03:48:57,21,31,35,21.4,28.3,21.6,27.6,0,29
2026-08-11 03:53:57,21,31,33,21.4,28.3,21.6,27.6,0,29
2026-08-11 03:58:57,21,32,36,21.4,28.6,21.6,27.5,0,29
2026-08-11 04:03:57,20,31,35,21.4,28.5,21.5,27.6,0,29
2026-08-11 04:08:57,23,34,39,21.4,28.5,21.6,27.6,0,29
2026-08-11 04:13:57,21,32,35,21.4,28.7,21.6,27.6,1,29
2026-08-11 04:18:57,22,33,37,21.4,28.6,21.6,27.6,0,29
2026-08-11 04:23:57,22,33,36,21.4,28.5,21.6,27.6,0,29
2026-08-11 04:28:57,22,33,36,21.5,28.6,21.6,27.6,0,29
2026-08-11 04:33:57,22,32,35,21.4,28.4,21.5,27.7,0,29
2026-08-11 04:38:57,22,34,40,21.4,28.6,21.5,27.8,0,29
2026-08-11 04:43:57,23,34,38,21.4,28.6,21.5,27.7,0,29
2026-08-11 04:48:57,20,31,33,21.3,28.5,21.5,27.7,0,29
2026-08-11 04:53:57,21,34,38,21.2,28.6,21.5,27.9,0,29
2026-08-11 04:58:58,22,34,38,21.3,28.5,21.5,27.9,0,29
2026-08-11 05:03:57,21,32,37,21.3,28.6,21.5,27.8,0,29
2026-08-11 05:08:57,22,33,35,21.4,28.5,21.5,27.8,1,29
2026-08-11 05:13:57,22,33,36,21.4,28.4,21.5,27.9,0,29
2026-08-11 05:18:57,23,34,37,21.4,28.5,21.5,27.8,0,29
2026-08-11 05:23:57,21,32,35,21.4,28.6,21.5,27.8,0,29
2026-08-11 05:28:57,22,31,34,21.3,28.6,21.4,27.9,0,29
2026-08-11 05:33:57,21,31,36,21.3,28.6,21.4,27.9,0,29
2026-08-11 05:38:57,21,32,36,21.3,28.7,,,0,29
2026-08-11 05:43:57,21,32,38,21.3,28.9,,,0,29
2026-08-11 05:48:58,21,33,36,21.3,28.8,,,0,29
2026-08-11 05:53:57,22,33,37,21.3,28.7,,,0,29
2026-08-11 05:58:58,22,32,37,21.3,28.6,,,0,29
2026-08-11 06:03:57,22,32,36,21.3,28.6,21.4,28,0,29
2026-08-11 06:08:58,22,33,36,21.3,28.6,21.4,28,0,29
2026-08-11 06:13:57,23,33,41,21.2,28.6,21.3,28.1,0,29
2026-08-11 06:18:58,22,32,38,21.2,28.6,21.4,28,0,29
2026-08-11 06:23:57,22,32,34,21.2,28.5,,,0,29
2026-08-11 06:28:57,23,33,37,21.2,28.7,,,0,31
2026-08-11 06:33:57,22,32,38,21.3,28.5,,,0,31
2026-08-11 06:38:57,21,31,35,21.3,28.6,,,0,31
2026-08-11 06:43:58,22,32,37,21.3,28.4,,,0,31
2026-08-11 06:48:57,23,33,36,21.3,28.4,,,0,31
2026-08-11 06:53:57,22,34,40,21.3,28.5,,,0,31
2026-08-11 06:58:58,21,32,35,21.3,28.5,,,0,31
2026-08-11 07:03:58,23,35,41,21.4,28.5,,,0,31
2026-08-11 07:08:58,22,33,36,21.4,28.5,,,0,31
2026-08-11 07:13:58,23,34,39,21.4,28.6,,,0,31
2026-08-11 07:18:58,24,33,37,21.4,28.6,,,0,29
2026-08-11 07:23:58,22,33,37,21.4,28.6,,,0,31
2026-08-11 07:28:58,23,34,40,21.4,28.7,,,0,30
2026-08-11 07:33:58,23,33,38,21.3,28.8,,,0,31
2026-08-11 07:38:58,22,33,38,21.3,28.8,,,1,31
2026-08-11 07:43:58,22,34,38,21.4,28.9,,,0,31
2026-08-11 07:48:58,22,33,38,21.3,28.9,,,0,31
2026-08-11 07:53:58,22,32,35,21.3,29,,,0,31
2026-08-11 07:58:58,22,33,36,21.3,29,,,0,31
2026-08-11 08:03:58,27,43,53,21.3,28.9,,,0,31
2026-08-11 08:08:57,26,39,47,21.3,28.9,,,0,31
2026-08-11 08:13:58,22,34,39,21.3,28.8,,,0,31
2026-08-11 08:18:58,23,35,42,21.3,29,,,0,31
2026-08-11 08:23:58,23,34,40,21.3,28.9,,,0,31
2026-08-11 08:28:58,24,38,46,21.3,29,,,1,31
2026-08-11 08:33:58,23,35,42,21.3,28.9,,,0,31
2026-08-11 08:38:58,23,36,42,21.3,28.9,,,0,31
2026-08-11 08:43:58,24,35,40,21.3,29,,,0,31
2026-08-11 08:48:58,24,35,41,21.3,29.1,,,0,31
2026-08-11 08:53:58,25,35,43,21.4,28.9,,,0,31
2026-08-11 08:58:58,24,38,45,21.3,28.9,,,0,31
2026-08-11 09:03:58,23,38,46,21.3,29,,,0,31
2026-08-11 09:08:58,25,38,46,21.3,28.9,,,0,31
2026-08-11 09:13:58,26,39,47,21.3,28.8,,,0,31
2026-08-11 09:18:58,26,39,46,21.3,28.9,,,0,31
2026-08-11 09:23:58,25,39,45,21.4,28.8,,,1,31
2026-08-11 09:28:58,25,38,45,21.4,28.8,,,0,31
2026-08-11 09:33:58,26,39,47,21.3,28.8,,,0,31
2026-08-11 09:38:58,24,37,44,21.4,28.9,,,0,31
2026-08-11 09:43:58,25,39,46,21.3,29,,,0,31
2026-08-11 09:48:58,27,41,47,21.3,28.8,,,0,31
2026-08-11 09:53:58,26,40,47,21.4,28.8,,,0,31
2026-08-11 09:58:58,26,38,46,21.4,28.9,,,0,31
2026-08-11 10:03:58,27,40,47,21.4,29.1,21.7,28.4,0,31
2026-08-11 10:08:58,26,39,47,21.5,28.9,21.7,28.4,0,31
2026-08-11 10:13:58,25,39,46,21.5,29,21.7,28.4,0,31
2026-08-11 10:18:58,26,40,48,21.5,28.9,21.7,28.4,0,31
2026-08-11 10:23:58,26,40,48,21.5,29,21.7,28.5,0,31
2026-08-11 10:28:58,27,41,49,21.6,29,21.8,28.4,0,31
2026-08-11 10:33:58,26,40,48,21.5,29,21.8,28.5,0,31
2026-08-11 10:38:58,26,40,48,21.6,29,21.8,28.4,0,31
2026-08-11 10:43:58,27,41,49,21.6,28.8,21.9,28.4,0,31
2026-08-11 10:48:58,26,40,48,21.6,28.9,21.8,28.5,0,31
2026-08-11 10:53:58,27,41,50,21.7,29,21.9,28.4,1,31
2026-08-11 10:58:58,25,39,48,21.7,28.8,22,28.3,0,31
2026-08-11 11:03:58,27,42,51,21.7,28.9,21.9,28.4,0,31
2026-08-11 11:08:58,28,42,50,21.7,28.9,22,28.4,0,31
2026-08-11 11:13:58,28,42,49,21.8,29.1,22.1,28.3,0,31
2026-08-11 11:18:58,28,42,52,21.8,28.9,22,28.4,1,31
2026-08-11 11:23:59,28,41,50,21.9,28.9,22.1,28.4,0,31
2026-08-11 11:28:58,29,43,53,21.9,28.7,22.2,28.4,0,31
2026-08-11 11:33:59,27,40,49,21.9,28.8,22.2,28.4,0,31
2026-08-11 11:38:59,29,42,50,22,28.7,22.3,28.3,0,31
2026-08-11 11:43:58,28,41,49,22,28.7,22.3,28.4,0,31
2026-08-11 11:48:58,27,41,49,22.1,28.5,22.4,28.3,0,31
2026-08-11 11:53:58,28,43,50,22.1,28.8,22.4,28.3,0,31
2026-08-11 11:58:58,27,40,48,22.1,28.6,22.5,28.2,0,31
2026-08-11 12:03:58,28,43,53,22.1,28.4,22.5,28.2,0,31
2026-08-11 12:08:58,28,42,50,22.2,28.4,22.6,28.2,0,31
2026-08-11 12:13:58,28,43,50,22.2,28.3,22.6,28.1,0,31
2026-08-11 12:18:58,28,42,49,22.3,28.5,22.6,28.2,0,31
2026-08-11 12:23:58,29,43,52,22.3,28.6,22.7,28.2,0,31
2026-08-11 12:28:58,30,48,59,22.3,28.4,22.7,28.2,0,31
2026-08-11 12:33:59,29,45,54,22.3,28.5,22.8,28.1,0,31
2026-08-11 12:38:59,29,44,54,22.3,28.6,22.7,28.2,0,31
2026-08-11 12:43:59,28,44,54,22.3,28.6,22.8,28.2,0,31
2026-08-11 12:48:58,29,45,56,22.5,28.6,22.8,28.1,0,31
2026-08-11 12:53:59,31,45,55,22.4,28.6,22.8,28.2,0,31
2026-08-11 12:58:58,30,46,57,22.5,28.5,23,28.1,0,31
2026-08-11 13:03:59,30,45,55,22.6,28.3,23.1,28,1,31
2026-08-11 13:08:58,33,50,62,22.6,28.3,23.2,28,0,31
2026-08-11 13:13:59,34,51,64,22.7,28.4,23.4,27.9,0,31
2026-08-11 13:18:59,32,50,62,22.8,28.2,23.5,27.9,0,31
2026-08-11 13:23:58,32,49,58,22.9,28.1,23.6,27.9,0,31
2026-08-11 13:28:58,32,49,60,23,28,23.8,27.8,0,31
2026-08-11 13:33:59,33,50,63,23.1,28.3,24.2,27.6,0,31
2026-08-11 13:38:59,33,51,62,23,28.2,23.9,28.2,0,31
2026-08-11 13:43:58,34,51,64,21.5,29.1,21.4,32,0,31
2026-08-11 13:48:59,35,53,66,20.1,30.8,19.6,35,0,31
2026-08-11 13:53:59,31,49,61,19.2,33.5,19.3,36.8,0,31
2026-08-11 13:58:59,33,51,63,20.4,31.5,21.9,31.9,0,31
2026-08-11 14:03:59,35,53,67,20,31.7,21.4,33,0,31
2026-08-11 14:08:59,34,51,63,19.8,32.5,21.1,34.2,0,31
2026-08-11 14:13:59,33,51,64,19.7,32.7,21.3,34.4,0,31
2026-08-11 14:18:59,34,51,64,19.9,32.2,21.5,34.5,0,31
2026-08-11 14:23:59,34,52,64,19.9,32.3,21.3,34.8,0,31
2026-08-11 14:28:59,34,53,67,19.9,32.2,21.2,34.9,0,31
2026-08-11 14:33:59,35,53,66,19.7,32.3,20.9,35,0,31
2026-08-11 14:38:32,44,65,72,19.6,32.7,20.5,35.2,0,31
2026-08-11 14:43:32,32,47,58,21.1,32.2,24.3,30.6,0,31
2026-08-11 14:48:32,32,50,61,23.3,29.3,26.8,26.6,0,31
2026-08-11 14:52:23,42,55,66,24.2,28.1,28.1,24.6,0,31
2026-08-11 14:57:23,32,49,60,25.2,26.8,31.4,20.6,0,31
2026-08-11 15:00:36,32,49,62,25.4,26.2,31.8,20.2,0,11
2026-08-11 15:32:50,24,36,40,14,32.4,16.4,34.1,1,11
2026-08-11 15:39:00,31,48,59,18.8,33.8,22.9,28,0,11
2026-08-11 15:44:01,33,50,62,21,31,24.1,26.6,0,31
2026-08-11 15:49:00,32,50,62,22.4,29.4,24.7,26.2,0,31
2026-08-11 15:54:00,33,51,63,23.1,28.4,24.9,26.1,0,31
2026-08-11 15:59:00,34,51,65,23.7,27.8,25.2,25.9,0,31
2026-08-11 16:04:00,33,50,62,24,27.4,25.4,25.8,0,31
2026-08-11 16:09:00,34,52,63,24.3,27.1,25.5,25.8,0,31
2026-08-11 16:14:00,33,48,60,24.5,27,25.5,25.8,0,31
2026-08-11 16:19:00,34,52,66,24.6,26.6,25.5,25.8,0,31
2026-08-11 16:24:00,33,51,63,24.6,26.5,25.5,25.7,0,31
2026-08-11 16:29:00,34,52,65,24.7,26.1,25.4,25.8,0,31
2026-08-11 16:34:00,33,51,65,24.7,26.2,25.5,25.7,0,31
2026-08-11 16:39:00,34,50,63,24.6,26.4,25.4,25.7,0,31
2026-08-11 16:44:00,35,51,63,24.6,26.2,25.4,25.8,0,31
2026-08-11 16:49:00,36,55,68,24.6,26,25.4,25.6,0,31
2026-08-11 16:54:00,34,52,65,24.6,26.1,25.3,25.7,0,31
2026-08-11 16:59:00,37,55,68,24.5,26.3,25.3,25.7,0,31
2026-08-11 17:04:00,35,53,64,24.6,26.4,25.3,25.7,0,31
2026-08-11 17:09:00,38,58,68,24.6,26.4,25.3,25.7,0,31
2026-08-11 17:14:00,41,64,72,24.6,26.4,25.2,25.8,0,31
2026-08-11 17:19:00,35,57,68,24.5,26.2,25.2,25.8,0,31
2026-08-11 17:24:00,36,57,67,24.4,26.3,25.2,25.7,0,31
2026-08-11 17:29:00,42,65,73,24.5,26.3,25.2,25.7,0,31
2026-08-11 17:34:00,36,57,68,24.5,26.2,25.1,25.7,0,31
2026-08-11 17:39:00,35,55,67,24.4,26.3,25.1,25.7,0,31
2026-08-11 17:44:00,36,56,69,24.4,26.1,25.1,25.6,0,31
2026-08-11 17:49:00,35,54,67,24.3,26.2,25,25.6,0,31
2026-08-11 17:54:00,36,56,68,24.2,26.3,24.9,25.8,0,31
2026-08-11 17:59:00,37,56,67,24.2,26.4,24.8,25.8,0,31
2026-08-11 18:04:00,34,55,66,24.2,26.6,24.8,25.7,0,31
2026-08-11 18:09:00,36,56,68,24.2,26.2,24.8,25.7,0,31
2026-08-11 18:14:00,34,53,67,24.1,26.2,24.7,25.7,0,31
2026-08-11 18:19:00,34,55,67,24.1,26.4,24.6,25.8,0,31
2026-08-11 18:24:00,36,56,67,24,26.4,24.6,25.8,0,31
2026-08-11 18:29:00,34,54,67,24,26.4,24.5,25.8,0,31
2026-08-11 18:34:00,34,52,64,23.9,26.6,24.4,25.9,0,31
2026-08-11 18:39:00,33,51,63,23.8,26.7,24.4,26,0,31
2026-08-11 18:44:00,38,59,70,23.8,26.6,24.3,25.9,0,31
2026-08-11 18:49:00,34,52,66,23.8,26.7,24.3,25.9,0,31
2026-08-11 18:54:00,35,52,64,23.8,26.9,24.3,25.9,0,31
2026-08-11 18:59:00,34,51,64,23.7,26.9,24.1,26.1,0,31
2026-08-11 19:04:01,34,51,64,23.6,26.8,24.1,26.1,0,31
2026-08-11 19:09:00,33,52,66,23.6,26.9,24.1,26.1,0,31
2026-08-11 19:14:01,34,52,64,23.6,26.8,24.1,26.1,0,31
2026-08-11 19:19:00,34,53,65,23.6,26.9,24.1,26.1,0,31
2026-08-11 19:24:00,34,54,66,23.6,27.1,24.1,26.1,0,31
2026-08-11 19:29:01,34,51,65,23.6,27,24.1,26.1,0,31
2026-08-11 19:34:00,34,57,68,23.6,27,24,26.2,0,31
2026-08-11 19:39:01,34,55,66,23.6,27,24,26.2,0,31
2026-08-11 19:44:01,33,51,63,23.5,27.1,23.9,26.3,0,31
2026-08-11 19:49:01,35,56,68,23.5,27,23.9,26.3,0,31
2026-08-11 19:54:01,34,52,63,23.4,27.1,23.9,26.3,0,31
2026-08-11 19:59:00,33,52,63,23.4,27,23.8,26.3,0,31
2026-08-11 20:04:00,33,51,65,23.3,27,23.7,26.3,0,31
2026-08-11 20:09:01,33,50,62,23.2,27.1,23.6,26.4,0,31
2026-08-11 20:14:01,31,48,60,23.1,27.3,23.4,26.5,0,31
2026-08-11 20:19:01,34,52,66,23.1,27.5,23.4,26.6,0,31
2026-08-11 20:24:01,37,57,68,23.1,27.4,23.4,26.6,0,31
2026-08-11 20:29:01,36,58,70,23,27.4,23.4,26.5,0,31
2026-08-11 20:34:01,32,50,62,23,27.5,23.4,26.5,0,31
2026-08-11 20:39:01,33,49,61,23,27.4,23.3,26.6,0,31
2026-08-11 20:44:00,30,47,59,23,27.5,23.2,26.7,0,31
2026-08-11 20:49:01,32,49,61,22.9,27.7,23.1,26.7,0,31
2026-08-11 20:54:01,33,50,61,22.9,27.5,23.1,26.7,0,31
2026-08-11 20:59:01,32,50,62,22.8,27.7,23,26.8,0,31
2026-08-11 21:04:01,34,52,65,22.7,27.7,22.9,27,0,31
2026-08-11 21:09:01,33,52,64,22.7,27.9,22.9,27,1,31
2026-08-11 21:14:01,33,51,63,22.7,27.8,22.9,26.9,0,31
2026-08-11 21:19:01,33,51,64,22.7,27.8,23,26.9,0,31
2026-08-11 21:24:01,32,49,61,22.8,27.9,23,26.9,0,31
2026-08-11 21:29:01,33,51,63,22.7,27.9,22.8,27.1,0,31
2026-08-11 21:34:01,33,52,63,22.7,27.9,22.9,27,0,31
2026-08-11 21:39:01,33,50,63,22.6,27.9,22.8,27.1,0,31
2026-08-11 21:44:01,30,48,60,22.6,27.9,22.8,27.1,0,31
2026-08-11 21:49:01,31,48,61,22.6,28.1,22.7,27.2,0,31
2026-08-11 21:54:01,33,51,64,22.6,28.1,22.7,27.3,0,31
2026-08-11 21:59:01,33,51,63,22.5,28.2,22.5,27.4,0,31
2026-08-11 22:04:01,31,50,62,22.4,28.3,22.5,27.4,0,31
2026-08-11 22:09:01,31,51,62,22.4,28.2,22.5,27.4,0,31
2026-08-11 22:14:01,31,49,61,22.4,28,22.5,27.4,0,31
2026-08-11 22:19:01,32,49,62,22.3,28.1,22.4,27.5,0,31
2026-08-11 22:24:01,32,49,61,22.3,28.2,22.4,27.5,0,31
2026-08-11 22:29:01,33,51,63,22.3,28.4,22.4,27.5,0,31
2026-08-11 22:34:01,31,49,60,22.1,28.5,22.2,27.7,0,31
2026-08-11 22:39:01,31,49,60,22.1,28.5,22.2,27.8,0,31
2026-08-11 22:44:01,30,47,59,22.2,28.4,22.3,27.7,0,31
2026-08-11 22:49:01,30,46,58,22.1,28.4,22.2,27.7,0,29
2026-08-11 22:54:01,32,48,61,22.2,28.3,22.2,27.7,0,29
2026-08-11 22:59:01,33,48,61,22.2,28.3,22.2,27.7,0,29
2026-08-11 23:04:01,32,49,61,22.2,28.4,22.2,27.6,0,29
2026-08-11 23:09:01,31,48,57,22.1,28.3,22.1,27.7,0,29
2026-08-11 23:14:01,31,48,60,22.2,28.3,22.2,27.6,0,29
2026-08-11 23:19:01,30,49,60,22.2,28.3,22.2,27.7,0,29
2026-08-11 23:24:02,31,48,57,22.1,28.2,22.1,27.7,0,29
2026-08-11 23:29:01,31,49,62,22,28.5,22.1,27.8,0,29
2026-08-11 23:34:01,33,51,62,22,28.4,22,28,0,31
2026-08-11 23:39:01,30,50,62,22,28.4,22.1,27.8,0,29
2026-08-11 23:44:01,30,48,60,21.8,28.6,21.9,28.1,0,29
2026-08-11 23:49:02,33,51,63,21.9,28.7,21.9,28,0,29
2026-08-11 23:54:02,32,49,61,21.9,28.8,21.9,28,0,29
2026-08-11 23:59:01,32,50,61,21.8,28.8,21.9,28,0,29
2026-08-12 00:04:02,28,46,56,21.8,28.6,21.9,28.1,1,29
2026-08-12 00:09:01,31,49,61,21.9,28.8,22,28,0,29
2026-08-12 00:14:01,32,49,61,22,28.6,22,28,0,29
2026-08-12 00:19:01,30,48,61,21.8,28.8,21.8,28.2,0,29
2026-08-12 00:24:02,29,47,59,21.9,28.7,21.8,28.2,0,29
2026-08-12 00:29:01,33,51,63,21.9,28.8,21.9,28.2,0,29
2026-08-12 00:34:01,32,48,62,21.9,28.6,21.9,28.1,0,29
2026-08-12 00:39:02,31,47,59,22,28.7,22,28.1,0,29
2026-08-12 00:44:01,32,49,61,22,28.6,22,28,1,29
2026-08-12 00:49:01,30,47,60,21.9,28.7,21.9,28.2,0,29
2026-08-12 00:54:01,30,47,60,21.9,28.8,21.9,28.2,0,30
2026-08-12 00:59:01,31,51,63,21.9,28.7,21.9,28.2,0,30
2026-08-12 01:04:02,33,50,62,21.9,28.9,21.9,28.2,0,30
2026-08-12 01:09:01,31,48,61,21.9,28.7,22,28.2,0,30
2026-08-12 01:14:02,30,49,60,22,28.7,22,28.2,0,30
2026-08-12 01:19:01,32,49,61,22,28.6,21.9,28.2,0,30
2026-08-12 01:24:01,30,47,59,21.9,28.8,21.8,28.4,0,30
2026-08-12 01:29:01,31,49,61,21.9,28.8,21.8,28.3,0,30
2026-08-12 01:34:01,30,49,61,21.9,28.9,21.8,28.4,0,30
2026-08-12 01:39:02,29,47,59,21.9,28.8,21.8,28.3,0,30
2026-08-12 01:44:01,31,50,62,21.7,28.8,21.7,28.4,0,30
2026-08-12 01:49:02,32,50,62,21.9,28.8,21.8,28.3,0,30
2026-08-12 01:54:02,30,47,60,21.8,28.7,21.7,28.4,0,30
2026-08-12 01:59:02,30,47,60,21.7,28.9,21.6,28.4,0,30
2026-08-12 02:04:02,32,49,60,21.7,28.9,21.7,28.4,0,30
2026-08-12 02:09:02,32,49,62,21.7,28.8,21.6,28.5,1,30
2026-08-12 02:14:02,30,47,57,21.6,28.9,21.5,28.5,0,30
2026-08-12 02:19:02,31,48,62,21.7,28.8,21.6,28.4,0,30
2026-08-12 02:24:02,31,48,60,21.6,28.8,21.5,28.4,0,30
2026-08-12 02:29:02,30,50,61,21.6,28.8,21.5,28.5,0,30
2026-08-12 02:34:02,33,50,62,21.6,28.8,21.5,28.4,0,30
2026-08-12 02:39:02,33,51,63,21.6,28.8,21.5,28.4,0,30
2026-08-12 02:44:01,32,50,62,21.6,28.7,21.5,28.4,0,30
2026-08-12 02:49:02,30,47,59,21.5,28.9,,,0,30
2026-08-12 02:54:02,30,49,59,21.6,28.6,,,0,30
2026-08-12 02:59:02,31,47,59,21.7,28.6,,,0,30
2026-08-12 03:04:02,33,50,62,21.7,28.6,,,0,30
2026-08-12 03:09:02,30,49,61,21.6,28.8,,,0,30
2026-08-12 03:14:02,32,50,60,21.6,28.7,,,0,30
2026-08-12 03:19:02,30,47,58,21.5,28.7,,,0,30
2026-08-12 03:24:02,28,44,54,21.4,28.7,,,0,30
2026-08-12 03:29:02,31,49,61,21.4,28.7,,,0,30
2026-08-12 03:34:02,31,50,62,21.4,28.6,21.3,28.6,0,30
2026-08-12 03:39:02,31,48,60,21.4,28.6,21.3,28.6,0,30
2026-08-12 03:44:02,30,47,59,21.5,28.8,21.4,28.5,0,30
2026-08-12 03:49:02,30,47,59,21.5,28.9,21.4,28.5,0,30
2026-08-12 03:54:02,31,49,60,21.5,28.8,21.4,28.5,0,30
2026-08-12 03:59:02,31,48,60,21.5,28.8,21.4,28.5,1,30
2026-08-12 04:04:02,31,48,58,21.5,28.8,,,0,30
2026-08-12 04:09:02,29,47,56,21.5,28.9,,,0,30
2026-08-12 04:14:02,31,48,58,21.5,28.8,,,0,30
2026-08-12 04:19:02,30,48,60,21.5,28.9,,,0,30
2026-08-12 04:24:02,31,47,57,21.5,28.9,,,0,30
2026-08-12 04:29:02,31,49,60,21.5,29.1,,,0,30
2026-08-12 04:34:02,30,47,60,21.5,29,,,0,30
2026-08-12 04:39:02,29,47,59,21.5,29.1,,,0,30
2026-08-12 04:44:02,30,48,58,21.5,29.1,,,0,30
2026-08-12 04:49:02,30,49,61,21.5,28.9,,,0,30
2026-08-12 04:54:02,29,47,59,21.4,29.1,,,0,30
2026-08-12 04:59:02,30,47,57,21.5,29.1,,,0,30
2026-08-12 05:04:02,31,51,62,21.6,29,,,0,30
2026-08-12 05:09:02,31,47,57,21.6,28.9,,,0,30
2026-08-12 05:14:02,31,49,60,21.5,29.1,,,0,30
2026-08-12 05:19:02,30,46,56,21.6,29.1,,,0,30
2026-08-12 05:24:02,32,49,60,21.6,29.2,,,0,30
2026-08-12 05:29:02,31,48,57,21.7,29.1,,,0,30
2026-08-12 05:34:02,30,49,60,21.7,29,,,0,30
2026-08-12 05:39:02,32,50,62,21.7,29.1,,,0,30
2026-08-12 05:44:02,30,47,58,21.7,29.2,,,0,30
2026-08-12 05:49:02,31,50,61,21.7,29.2,,,0,30
2026-08-12 05:54:02,31,49,60,21.7,29.1,,,0,30
2026-08-12 05:59:02,31,49,61,21.7,29,,,0,30
2026-08-12 06:04:02,32,50,61,21.8,29.2,,,0,30
2026-08-12 06:09:02,31,50,62,21.8,29,,,0,30
2026-08-12 06:14:02,30,47,60,21.9,28.8,,,0,30
2026-08-12 06:19:02,30,49,62,21.9,28.9,,,0,30
2026-08-12 06:24:02,30,48,58,21.9,28.9,,,0,30
2026-08-12 06:29:02,32,50,62,21.9,28.7,,,0,30
2026-08-12 06:34:02,30,49,60,21.9,28.8,,,0,30
2026-08-12 06:39:02,33,51,63,21.8,28.8,,,0,30
2026-08-12 06:44:02,32,50,62,21.7,29,,,0,30
2026-08-12 06:49:02,31,48,60,21.8,29.2,,,0,30
2026-08-12 06:54:02,30,48,60,21.8,29.1,,,0,30
2026-08-12 06:59:02,30,47,57,21.7,29.2,,,0,30
2026-08-12 07:04:03,30,49,61,21.8,29.1,,,0,30
2026-08-12 07:09:02,31,47,57,21.7,29,,,0,30
2026-08-12 07:14:02,31,50,62,21.7,29.1,,,0,30
2026-08-12 07:19:02,30,47,59,21.7,29.1,,,0,30
2026-08-12 07:24:03,32,51,62,21.7,29,,,0,30
2026-08-12 07:29:02,33,50,62,21.7,28.9,,,0,30
2026-08-12 07:34:03,32,50,61,21.7,28.9,21.6,28.8,0,30
2026-08-12 07:39:02,31,48,60,21.7,29,21.5,28.8,0,30
2026-08-12 07:44:02,30,46,57,21.6,29,21.5,28.9,0,30
2026-08-12 07:49:02,30,47,58,21.5,29,21.5,29,0,31
2026-08-12 07:54:02,31,50,61,21.6,29.1,21.5,28.9,0,30
2026-08-12 07:59:02,32,49,60,21.7,28.9,21.6,28.9,0,30
2026-08-12 08:04:02,31,48,60,21.6,29,21.6,28.9,0,30
2026-08-12 08:09:02,31,48,59,21.6,29.1,21.5,28.9,0,31
2026-08-12 08:14:03,30,49,59,21.7,28.8,21.6,28.8,0,31
2026-08-12 08:19:03,30,47,60,21.7,29,21.6,28.9,1,31
2026-08-12 08:24:03,34,55,67,21.7,29,21.6,29,0,29
2026-08-12 08:29:02,33,51,66,21.7,29.1,21.7,28.9,0,31
2026-08-12 08:34:02,31,51,64,21.8,29.1,21.8,28.9,0,31
2026-08-12 08:39:02,31,50,61,21.9,29.1,21.9,28.9,0,31
2026-08-12 08:44:03,30,49,60,21.9,29.1,21.9,28.9,0,31
2026-08-12 08:49:03,33,54,68,22,28.9,22,28.8,0,31
2026-08-12 08:54:03,30,47,60,22.1,28.9,22.1,28.8,0,31
2026-08-12 08:59:02,30,49,60,22.2,28.8,22.2,28.7,0,31
2026-08-12 09:04:03,33,52,66,22.2,28.9,22.3,28.8,0,31
2026-08-12 09:09:03,30,47,60,22.2,29.2,22.3,28.8,0,31
2026-08-12 09:14:02,33,51,64,22.3,29.1,22.4,28.9,0,31
2026-08-12 09:19:03,33,51,63,22.4,29.1,22.5,28.9,0,31
2026-08-12 09:24:03,33,51,64,22.5,29,22.6,28.8,0,31
2026-08-12 09:29:03,35,56,67,22.5,28.9,22.6,28.9,0,31
2026-08-12 09:34:03,34,52,64,22.5,28.7,22.7,28.8,0,31
2026-08-12 09:39:03,32,50,63,22.5,28.8,22.8,28.8,0,31
2026-08-12 09:44:03,31,50,62,22.6,28.7,22.8,28.8,0,31
2026-08-12 09:49:02,33,51,62,22.6,28.5,22.9,28.7,0,31
2026-08-12 09:54:03,32,49,61,22.7,28.5,23,28.6,0,31
2026-08-12 09:59:03,33,51,62,22.7,28.6,23,28.6,0,31
2026-08-12 10:04:03,33,51,63,22.7,28.7,23,28.6,0,31
2026-08-12 10:08:40,31,49,60,22.8,28.8,23.5,28.3,0,10
2026-08-12 10:13:40,32,51,62,23.6,28,24.9,26.5,0,10
2026-08-12 10:18:41,32,51,62,24.2,27.5,25.4,26,0,31
2026-08-12 10:23:40,30,48,59,24.8,27.2,25.7,25.9,0,31
2026-08-12 10:28:40,33,53,67,24.9,26.9,25.8,25.8,1,31
2026-08-12 10:33:40,31,49,60,25.1,26.6,26,25.8,0,31
2026-08-12 10:38:40,31,50,62,25.2,26.5,26.2,25.7,0,31
2026-08-12 10:43:40,33,52,63,25.4,26.2,26.3,25.7,0,31
2026-08-12 10:48:40,32,50,62,25.5,26.4,26.4,25.6,0,31
2026-08-12 10:53:40,31,50,63,25.6,26.5,26.6,25.6,0,31
2026-08-12 10:58:40,39,66,74,25.7,26.6,26.8,25.6,0,31
2026-08-12 11:03:40,30,48,60,25.8,26.5,,,,31
2026-08-12 11:08:40,28,45,55,26.2,26.6,27.6,25.2,0,31
2026-08-12 11:13:40,31,50,61,25.3,26.8,25.1,28.1,0,31
2026-08-12 11:18:40,30,48,59,23,29,21.5,33.3,0,31
2026-08-12 11:23:40,27,44,55,21,31,19.6,36.9,0,31
2026-08-12 11:28:40,24,39,46,19.7,33.2,18.7,38.8,0,31
2026-08-12 11:33:40,23,36,42,18.8,34.2,18.5,39.8,0,31
2026-08-12 11:38:40,28,45,54,18.4,35.7,18.5,40,0,31
2026-08-12 11:43:40,24,39,46,18.3,36.6,18.8,39.9,0,31
2026-08-12 11:48:40,23,38,45,18.3,36.7,19.2,39.6,0,31
2026-08-12 11:53:40,27,43,52,18.5,36.5,19.6,39.2,0,31
2026-08-12 11:58:40,32,50,60,18.7,36.4,20,38.6,0,31
2026-08-12 12:03:40,33,50,62,19.1,36.1,20.5,38,0,31
2026-08-12 12:08:40,31,50,62,19.3,36.1,21,37.4,0,31
2026-08-12 12:13:40,32,51,63,19.7,35.6,21.4,36.9,0,31
2026-08-12 12:18:40,32,51,64,20.1,35.4,22,36.5,0,31
2026-08-12 12:23:40,33,52,63,20.5,35.1,22.5,36,0,31
2026-08-12 12:28:40,31,51,63,20.9,34.8,23,35.6,0,31
2026-08-12 12:33:43,33,53,67,21.3,34.1,23.5,35,0,31
2026-08-12 12:38:40,34,53,66,21.7,33.9,24.1,34.4,0,31
2026-08-12 12:43:40,34,53,65,22.2,33.2,24.7,33.5,0,31
2026-08-12 12:48:40,33,51,63,22.6,32.7,25.4,32.8,0,31
2026-08-12 12:53:40,33,51,66,23.2,32,26.1,31.9,0,31
2026-08-12 12:58:40,40,68,76,23.7,31.4,26.9,30.9,0,31
2026-08-12 13:03:40,34,52,66,24.3,31,27.8,30,0,31
2026-08-12 13:08:40,35,56,69,25,29.9,28.8,28.8,0,31
2026-08-12 13:13:40,37,61,71,25.6,29.3,29.8,27.6,0,31
2026-08-12 13:18:40,34,54,66,26.3,28.7,30.9,26.6,0,31
2026-08-12 13:23:40,33,52,63,27,28,31.9,25.7,0,31
2026-08-12 13:28:40,35,53,67,27.8,27.5,32.8,24.9,0,31
2026-08-12 13:33:40,33,52,66,28.4,26.6,33.6,24.3,0,31
2026-08-12 13:38:40,36,59,68,29.1,26.1,34.3,23.7,0,31
2026-08-12 13:43:40,38,60,70,29.9,25.4,35.1,23.2,0,31
2026-08-12 13:48:40,36,58,69,30.7,24.9,35.9,22.4,0,31
2026-08-12 13:53:41,37,57,67,31.3,24.2,36.6,21.5,0,31
2026-08-12 13:58:40,36,56,68,32,23.8,37.5,21.3,0,31
2026-08-12 14:03:40,34,53,66,32.7,23.4,38.4,21,0,31
2026-08-12 14:08:40,35,55,66,33.4,22.6,39.1,20.4,0,31
2026-08-12 14:13:40,35,53,65,34.1,21.8,39.8,19.6,0,31
2026-08-12 14:18:41,35,55,67,34.6,21.4,40.6,19.2,0,31
2026-08-12 14:23:41,37,56,67,35.2,21.1,41.2,18.3,0,31
2026-08-12 14:28:40,37,56,66,35.7,20.6,41.8,18.4,0,31
2026-08-12 14:33:40,39,63,70,36.1,20.2,42.2,18.1,0,31
2026-08-12 14:38:40,42,64,71,36.3,19.9,41.3,18.5,0,31
2026-08-12 14:43:40,42,66,73,35.9,20.1,39.6,19.4,0,31
2026-08-12 14:48:41,43,68,74,35,20.5,37.7,19.7,0,31
2026-08-12 14:53:41,47,74,77,33.8,20.9,35.8,20.7,0,31
2026-08-12 14:58:41,52,85,86,32.4,21.5,34,21.6,0,31
2026-08-12 15:03:41,53,80,83,31.1,22.5,32.5,22.3,0,31
2026-08-12 15:08:41,49,78,81,29.8,23.6,31.1,23.2,0,31
2026-08-12 15:13:41,53,85,89,28.5,24.3,29.8,23.9,0,31
2026-08-12 15:18:41,53,89,93,27.5,24.8,28.7,24.5,0,31
2026-08-12 15:23:41,54,87,89,26.7,25.7,27.9,25,0,31
2026-08-12 15:28:41,57,92,95,25.9,26.3,27.1,25.5,0,31
2026-08-12 15:33:41,57,93,96,25.2,27,26.4,26,0,31
2026-08-12 15:38:41,66,107,110,24.6,27.8,25.8,26.4,0,31
2026-08-12 15:43:41,58,94,97,24,28.4,25.2,26.8,0,31
2026-08-12 15:48:41,59,96,100,23.5,28.8,24.7,27.3,0,31
2026-08-12 15:53:41,60,101,107,23.1,29.4,24.3,27.8,0,31
2026-08-12 15:58:40,57,99,104,22.7,29.9,23.9,28.2,0,31
2026-08-12 16:03:41,62,104,109,22.4,30.2,23.6,28.5,0,31
2026-08-12 16:08:41,64,105,111,22.1,30.6,23.3,28.8,0,31
2026-08-12 16:13:41,61,102,108,21.9,31.1,23.1,29.1,0,31
2026-08-12 16:18:41,62,107,112,21.6,31.1,22.8,29.4,0,31
2026-08-12 16:23:41,61,103,109,21.4,31.6,22.6,29.7,0,31
2026-08-12 16:28:41,66,110,117,21.3,31.9,22.4,29.9,0,31
2026-08-12 16:33:41,63,106,110,21.1,31.9,22.2,30.2,0,31
2026-08-12 16:38:41,64,107,110,20.9,32.3,22,30.5,0,31
2026-08-12 16:43:41,65,108,113,20.8,32.3,21.8,30.7,0,31
2026-08-12 16:48:41,64,106,114,20.6,32.9,21.6,31,0,31
2026-08-12 16:53:41,63,105,110,20.5,32.9,21.5,31.2,0,31
2026-08-12 16:58:41,65,106,113,20.3,33.1,,,0,31
2026-08-12 17:03:41,66,112,120,20.2,33.2,,,0,31
2026-08-12 17:08:41,67,115,119,20,33.7,,,0,31
2026-08-12 17:13:41,66,112,118,19.8,33.6,,,0,31
2026-08-12 17:18:41,68,116,123,19.6,33.8,,,0,31
2026-08-12 17:23:41,65,112,118,19.5,34.3,,,0,31
2026-08-12 17:28:41,64,110,117,19.4,34.6,,,0,31
2026-08-12 17:33:41,66,113,120,19.2,35.1,,,0,31
2026-08-12 17:38:41,63,109,118,19.1,35,,,0,31
2026-08-12 17:43:41,66,111,119,19,35.3,,,0,31
2026-08-12 17:48:41,66,112,120,19,35.4,,,0,31
2026-08-12 17:53:41,63,107,112,18.8,35.6,,,0,31
2026-08-12 17:58:41,66,112,120,18.8,36,,,0,31
2026-08-12 18:03:41,64,111,117,18.7,35.9,,,0,31
2026-08-12 18:08:41,66,113,120,18.6,36.2,19.3,34.4,0,31
2026-08-12 18:13:41,63,112,118,18.5,36.2,19.1,34.5,0,31
2026-08-12 18:18:41,66,114,121,18.5,36.6,19,34.7,0,31
2026-08-12 18:23:41,66,111,117,18.3,36.6,18.9,34.9,0,31
2026-08-12 18:28:41,66,115,123,18.3,37.1,18.8,35.3,0,31
2026-08-12 18:33:41,64,110,119,18.2,37.4,18.7,35.5,0,31
2026-08-12 18:38:41,68,120,126,18.1,37.7,18.5,35.7,0,31
2026-08-12 18:43:41,69,119,127,18,37.7,18.4,36,0,31
2026-08-12 18:48:41,68,119,126,17.9,38.1,18.3,36.2,0,31
2026-08-12 18:53:41,56,98,104,20,38.7,23.8,29.8,0,31
2026-08-12 18:58:41,56,95,101,22.4,33.1,25.2,27,0,31
2026-08-12 19:03:41,48,80,86,23.8,31.7,26.8,25.6,0,31
2026-08-12 19:08:41,52,86,93,25.2,29.9,28.2,24.3,1,31
2026-08-12 19:13:41,48,82,85,26.8,28.5,30,22.7,0,31
2026-08-12 19:18:43,50,86,91,27.1,27.1,28.9,23.6,0,31
2026-08-12 19:23:41,49,85,90,25.4,27.7,24.9,28,0,31
2026-08-12 19:28:42,52,88,92,23.2,29.6,22.2,31.5,0,29
2026-08-12 19:33:41,55,89,93,21.5,31.9,20.7,33.7,0,29
2026-08-12 19:38:41,45,78,82,24,31,27.6,25.3,0,31
2026-08-12 19:43:41,44,73,77,26.2,28.5,29.7,22.9,0,31
2026-08-12 19:48:41,44,75,79,27.4,27.1,30.4,22.2,0,31
2026-08-12 19:53:42,42,72,78,28,25.9,30.6,22,0,29
2026-08-12 19:58:42,41,71,77,28.4,25.7,30.7,22,0,31
2026-08-12 20:03:41,41,69,75,28.7,25.5,31,21.8,0,31
2026-08-12 20:08:42,38,65,73,28.9,25,30.9,21.9,0,31
2026-08-12 20:13:41,39,67,74,29.1,24.7,31,21.7,0,31
2026-08-12 20:18:42,39,65,72,29,24.7,30.8,22.1,0,31
2026-08-12 20:23:41,40,66,75,29.1,24.6,30.8,22.1,0,31
2026-08-12 20:28:42,40,64,73,29.1,24.5,30.8,21.9,0,31
2026-08-12 20:33:42,42,73,78,29,24.4,30.6,22.1,0,28
2026-08-12 20:38:42,34,59,70,28.9,24.5,30.6,22,0,29
2026-08-12 20:43:42,41,69,77,29,24.6,30.9,21.6,0,31
2026-08-12 20:48:41,43,70,77,29,24.6,30.7,21.8,0,29
2026-08-12 20:53:42,38,59,69,29,24.4,30.7,21.7,0,29
2026-08-12 20:58:41,35,60,70,28.9,24.4,30.4,22,0,31
2026-08-12 21:03:42,33,54,65,28.9,24.4,30.5,21.9,0,31
2026-08-12 21:08:41,33,55,67,28.9,24.5,30.5,21.9,0,28
2026-08-12 21:13:42,32,51,63,28.9,24.5,30.5,21.8,0,28
2026-08-12 21:18:41,34,53,67,28.9,24.4,30.7,21.6,0,31
2026-08-12 21:23:42,33,55,67,28.8,24.1,30.5,21.7,0,31
2026-08-12 21:28:42,33,53,67,28.6,24.5,30.3,21.7,0,28
2026-08-12 21:33:42,32,51,64,28.7,24.2,30.6,21.5,0,28
2026-08-12 21:38:42,31,48,60,28.8,24.3,30.6,21.4,0,29
2026-08-12 21:43:42,30,47,60,28.7,24.3,30.4,21.7,0,28
2026-08-12 21:48:42,27,43,54,28.7,24.2,30.2,21.8,0,31
2026-08-12 21:53:42,28,44,53,28.6,24.3,30.2,21.8,0,31
2026-08-12 21:58:42,27,45,56,28.6,24.2,30.4,21.6,0,28
2026-08-12 22:03:42,26,40,49,28.5,24.2,30.2,21.6,0,28
2026-08-12 22:08:42,25,41,50,28.3,24.3,29.5,22.4,0,28
2026-08-12 22:13:42,26,43,53,28.3,24.4,29.9,21.9,0,28
2026-08-12 22:18:42,27,45,54,28.4,24.4,30,21.8,0,28
2026-08-12 22:23:42,26,42,52,28.4,24.4,30.2,21.5,0,28
2026-08-12 22:28:42,27,44,53,28.4,24.3,30.1,21.5,0,28
2026-08-12 22:33:42,24,39,46,28.4,24.2,29.9,21.6,0,29
2026-08-12 22:38:42,23,36,45,28.5,24,30.3,21.3,0,28
2026-08-12 22:43:42,22,35,42,28.5,23.9,30.1,21.4,0,31
2026-08-12 22:48:42,22,36,44,28.4,23.9,29.9,21.7,0,29
2026-08-12 22:53:42,22,33,39,28.4,24.1,30,21.6,0,28
2026-08-12 22:58:42,21,34,42,28.4,24.2,30,21.6,0,28
2026-08-12 23:03:42,23,37,43,28.5,24.2,30.3,21.4,0,28
2026-08-12 23:08:42,22,36,45,28.5,24.2,30.1,21.5,0,31
2026-08-12 23:13:42,23,38,46,28.5,24,30.1,21.4,0,28
2026-08-12 23:18:42,22,36,45,28.4,24.2,29.9,21.8,0,28
2026-08-12 23:23:42,22,35,44,28.5,24.2,29.9,21.7,0,28
2026-08-12 23:28:42,20,32,36,28.5,24.1,30.1,21.6,0,31
2026-08-12 23:33:42,20,33,36,28.5,24.3,30.2,21.5,0,28
2026-08-12 23:38:42,16,26,29,28.5,23.9,30.3,21.3,0,28
2026-08-12 23:43:42,13,24,24,28.4,23.9,30,21.5,0,28
2026-08-12 23:48:42,13,26,30,28.5,24,30.1,21.3,1,28
2026-08-12 23:53:42,12,25,26,28.5,23.7,30,21.3,0,28
2026-08-12 23:58:42,8,22,24,28.4,23.9,29.8,21.7,0,28
2026-08-13 00:03:42,9,19,22,28.5,23.7,30,21.4,0,28
2026-08-13 00:08:42,6,17,18,28.4,23.8,30,21.4,0,28
2026-08-13 00:13:42,9,24,24,28.4,23.9,30,21.3,0,28
2026-08-13 00:18:42,7,21,24,28.5,23.7,30.2,21.1,0,28
2026-08-13 00:23:42,8,19,20,28.4,23.7,29.9,21.3,0,28
2026-08-13 00:28:42,6,13,14,28.4,23.8,30,21.2,0,28
2026-08-13 00:33:42,5,13,18,28.3,23.7,29.9,21.3,0,28
2026-08-13 00:38:42,6,11,11,28.2,23.7,29.7,21.4,1,28
2026-08-13 00:43:42,3,11,11,28.2,23.8,29.6,21.6,0,28
2026-08-13 00:48:42,4,9,9,28.3,23.8,29.7,21.5,0,28
2026-08-13 00:53:43,2,7,8,28.2,23.8,29.7,21.5,0,28
2026-08-13 00:58:42,2,6,6,28.2,23.5,29.7,21.4,0,28
2026-08-13 01:03:42,2,7,8,28.2,23.6,29.6,21.3,0,28
2026-08-13 01:08:42,0,3,3,28.2,23.6,29.5,21.6,0,28
2026-08-13 01:13:43,1,4,4,28.3,23.5,29.8,21.3,0,28
2026-08-13 01:18:43,2,3,4,28.2,23.7,29.6,21.4,0,28
2026-08-13 01:23:42,0,3,3,28.1,23.6,29.6,21.3,0,28
2026-08-13 01:28:42,0,3,3,28.1,23.5,29.7,21.1,0,28
2026-08-13 01:33:42,1,5,5,28.1,23.6,29.3,21.5,0,28
2026-08-13 01:38:42,0,1,1,28.1,23.6,29.5,21.4,0,28
2026-08-13 01:43:42,0,2,2,28.1,23.5,29.8,21.1,0,28
2026-08-13 01:48:42,0,3,4,28.1,23.5,29.7,21.1,0,28
2026-08-13 01:53:42,0,3,3,28.1,23.4,29.7,21,0,28
2026-08-13 01:58:42,0,3,3,28,23.4,29.5,21.2,0,28
2026-08-13 02:03:42,0,1,2,28,23.3,,,,28
2026-08-13 02:08:42,0,2,2,28.1,23.3,29.5,21.2,0,28
2026-08-13 02:13:43,0,3,3,28.1,23.4,29.5,21.2,0,28
2026-08-13 02:18:42,0,1,1,28.1,23.3,29.5,21.1,0,28
2026-08-13 02:23:42,0,1,1,28.1,23.4,29.7,20.9,0,28
2026-08-13 02:28:42,0,4,4,28.1,23.4,29.6,20.9,0,28
2026-08-13 02:33:42,1,3,4,28.1,23,29.5,20.9,0,28
2026-08-13 02:38:42,1,1,1,28,23.3,29.4,21.1,0,28
2026-08-13 02:43:42,1,3,3,27.9,23.3,29.2,21.3,0,28
2026-08-13 02:48:42,0,5,5,27.9,23.4,29.2,21.2,0,28
2026-08-13 02:53:43,0,1,1,27.8,23.3,29.2,21.1,0,28
2026-08-13 02:58:43,0,3,3,27.8,23.3,29.1,21.1,0,28
2026-08-13 03:03:42,1,2,2,27.9,23.1,29.3,20.9,0,28
2026-08-13 03:08:43,0,6,7,27.9,23.3,,,,28
2026-08-13 03:13:43,2,5,5,27.9,23.3,29.2,21.1,0,28
2026-08-13 03:18:43,0,2,2,27.9,23.4,29.2,21.1,0,28
2026-08-13 03:23:43,0,3,4,27.9,23.3,29.2,21.1,0,28
2026-08-13 03:28:43,1,3,3,27.9,23.4,29.4,20.9,0,28
2026-08-13 03:33:43,0,0,1,27.8,23.5,29.1,21.1,0,28
2026-08-13 03:38:43,0,1,2,27.8,23.4,29.3,20.9,0,28
2026-08-13 03:43:43,0,1,1,27.8,23.5,29.3,20.9,0,28
2026-08-13 03:48:43,0,0,0,27.7,23.3,29,21.1,0,28
2026-08-13 03:53:43,0,0,0,27.7,23.5,28.9,21.3,0,28
2026-08-13 03:58:42,0,2,2,27.7,23.4,29,21.3,0,28
2026-08-13 04:03:43,0,3,4,27.8,23.4,29.3,21,0,28
2026-08-13 04:08:43,1,4,4,27.9,23.3,29.6,20.7,0,28
2026-08-13 04:13:43,0,1,1,27.9,23.1,29.4,20.8,0,28
2026-08-13 04:18:43,0,0,0,27.9,23.1,29.2,20.9,0,28
2026-08-13 04:23:43,0,0,0,27.8,23.2,28.9,21.3,0,28
2026-08-13 04:28:43,0,1,1,27.7,23.3,28.9,21.3,0,28
2026-08-13 04:33:43,0,0,0,27.8,23.2,29.2,21,0,28
2026-08-13 04:38:43,0,0,0,27.8,23.2,29.2,21,0,28
2026-08-13 04:43:43,0,0,0,27.7,23,29.1,20.9,0,28
2026-08-13 04:48:43,0,0,0,27.7,23,29.1,20.8,0,28
2026-08-13 04:53:43,0,0,0,27.7,23.1,29,20.9,0,29
2026-08-13 04:58:43,0,0,0,27.6,23.1,28.9,21.1,0,29
2026-08-13 05:03:43,0,0,0,27.6,23.4,28.9,21.1,0,29
2026-08-13 05:08:43,0,0,0,27.7,23,29,21,0,29
2026-08-13 05:13:43,0,0,0,27.7,23,29.1,20.8,0,29
2026-08-13 05:18:43,0,0,0,27.8,23.1,29.2,20.7,0,29
2026-08-13 05:23:43,0,0,0,27.7,22.9,29,20.8,0,29
2026-08-13 05:28:43,0,0,0,27.6,22.9,28.9,20.9,0,29
2026-08-13 05:33:43,0,0,0,27.7,23.1,29,20.7,1,29
2026-08-13 05:38:43,0,0,0,27.6,22.9,28.7,21.1,0,29
2026-08-13 05:43:43,0,0,0,27.6,23.1,28.7,21.1,0,29
2026-08-13 05:48:43,0,0,0,27.7,23.2,29,20.9,0,29
2026-08-13 05:53:43,0,0,0,27.7,23.1,29,20.9,0,29
2026-08-13 05:58:43,0,0,0,27.7,22.9,29.1,20.7,0,29
2026-08-13 06:03:43,0,0,0,27.7,23,29.1,20.7,0,29
2026-08-13 06:08:43,0,0,0,27.7,23.1,29,20.7,0,28
2026-08-13 06:13:43,0,0,1,27.7,22.9,28.9,20.8,0,28
2026-08-13 06:18:43,0,0,0,27.7,22.9,29,20.8,0,28
2026-08-13 06:23:43,0,0,0,27.8,22.7,29,20.7,0,28
2026-08-13 06:28:43,0,0,0,27.8,22.9,28.9,20.8,0,28
2026-08-13 06:33:43,0,0,0,27.7,22.8,28.9,20.9,0,28
2026-08-13 06:38:43,0,0,0,27.7,23,29,20.8,0,28
2026-08-13 06:43:43,0,0,0,27.7,23,29,20.8,0,28
2026-08-13 06:48:43,0,0,0,27.7,23.1,29,20.7,0,28
2026-08-13 06:53:43,0,0,0,27.6,23.1,28.9,20.8,0,28
2026-08-13 06:58:43,0,0,0,27.7,23,29,20.7,0,28
2026-08-13 07:03:43,0,0,0,27.7,22.8,29,20.7,1,28
2026-08-13 07:08:43,0,0,0,27.8,22.9,29.1,20.5,1,28
2026-08-13 07:13:43,0,0,0,27.7,23.1,28.9,20.9,0,28
2026-08-13 07:18:43,0,0,0,27.8,22.9,29.2,20.7,0,31
2026-08-13 07:23:43,0,0,0,27.8,23,29.2,20.7,0,31
2026-08-13 07:28:43,0,0,0,27.8,22.9,29.3,20.6,0,31
2026-08-13 07:33:43,0,0,0,27.9,22.8,29.3,20.5,0,29
2026-08-13 07:38:43,0,0,0,27.8,22.9,29.2,20.6,0,31
2026-08-13 07:43:43,0,0,0,27.9,22.5,29.3,20.5,0,31
2026-08-13 07:48:43,0,0,0,27.9,22.5,29.2,20.5,0,31
2026-08-13 07:53:43,0,0,0,28,22.4,29.4,20.4,0,29
2026-08-13 07:58:43,0,0,0,27.8,22.7,29,20.9,0,29
2026-08-13 08:03:43,0,3,3,27.8,22.4,29.2,20.6,0,31
2026-08-13 08:08:43,1,4,4,27.9,22.6,29.5,20.4,0,31
2026-08-13 08:13:43,0,2,2,27.9,22.5,29.4,20.4,0,31
2026-08-13 08:18:43,0,0,0,28,22.1,29.4,20.3,0,31
2026-08-13 08:23:43,0,0,0,27.9,22.1,,,,29
2026-08-13 08:28:43,0,0,0,27.9,22.6,29.2,20.7,0,31
2026-08-13 08:33:43,11,16,18,28,22.4,29.4,20.6,0,31
2026-08-13 08:38:43,14,27,29,28.1,22.2,29.6,20.4,0,31
2026-08-13 08:43:43,13,27,32,28.1,22.5,29.6,20.3,0,31
2026-08-13 08:48:43,4,8,9,28.1,23,29.6,20.5,0,31
2026-08-13 08:53:44,4,9,14,28.1,23.3,29.5,20.9,0,31
2026-08-13 08:58:44,1,5,7,28.1,23.3,29.7,20.8,0,31
2026-08-13 09:03:43,1,4,4,28.2,23.7,29.9,20.7,0,31
2026-08-13 09:08:43,0,4,4,27.9,23.3,28.7,21.7,0,31
2026-08-13 09:13:44,0,4,6,25.5,24.7,24.3,26.5,0,31
2026-08-13 09:18:43,1,2,3,23.1,26,21.5,30.1,0,31
2026-08-13 09:23:43,3,6,6,21.2,27.8,19.9,32.1,0,31
2026-08-13 09:28:43,4,12,13,19.9,30,18.9,33.4,0,31
2026-08-13 09:33:44,6,15,16,18.9,31.8,18.3,34.3,0,31
2026-08-13 09:38:43,5,12,17,18.3,32.9,18,34.9,0,31
2026-08-13 09:43:43,5,8,9,17.9,33.9,17.7,35.2,0,31
2026-08-13 09:48:43,2,4,4,17.6,35,17.6,35.6,0,31
2026-08-13 09:53:43,5,8,12,17.4,35.8,17.5,35.9,0,31
2026-08-13 09:58:43,0,4,4,17.3,36,17.4,36.1,0,31
2026-08-13 10:03:43,0,1,1,17.2,35.3,17.4,36.3,0,31
2026-08-13 10:08:44,0,4,6,17.1,35.5,17.3,36.2,0,31
2026-08-13 10:13:44,1,9,11,17.1,35.9,17.2,36.3,0,31
2026-08-13 10:18:43,1,5,6,17,36.4,17.2,36.4,0,31
2026-08-13 10:23:44,5,11,13,17,36.9,17.2,36.6,0,31
2026-08-13 10:28:44,2,9,9,17,35.7,17.2,36.5,0,31
2026-08-13 10:33:44,3,9,12,16.9,35.5,17.2,36.5,0,31
2026-08-13 10:38:43,3,6,7,17,34.4,17.2,36.2,0,31
2026-08-13 10:43:44,0,3,5,17,34.9,17.2,36.1,0,31
2026-08-13 10:48:44,1,4,5,17,35.6,17.2,36.2,0,31
2026-08-13 10:53:44,1,3,4,16.9,35.8,17.2,36.3,0,31
2026-08-13 10:58:44,0,3,4,16.9,36,17.1,36.4,0,31
2026-08-13 11:03:44,0,1,1,16.9,35.7,17.1,36.5,0,31
2026-08-13 11:08:44,17,30,34,16.9,34.9,17.2,36.2,0,31
2026-08-13 11:13:43,0,1,2,16.9,34.5,17.2,36.2,0,31
2026-08-13 11:18:44,0,0,0,17,34.1,17.3,36,0,31
2026-08-13 11:23:44,0,1,1,17,34.2,17.4,35.9,0,31
2026-08-13 11:30:18,0,0,0,17.1,34.1,17.5,35.7,0,31
2026-08-13 11:34:08,8,15,17,17.2,34.7,17.6,35.7,0,31
2026-08-13 11:38:44,0,0,0,17.2,33.5,17.7,35.5,0,31
2026-08-13 11:43:44,1,3,3,17.3,34.3,17.9,35.4,0,31
2026-08-13 11:48:44,0,2,2,17.4,34.8,17.9,35.5,0,31
2026-08-13 11:53:44,0,2,2,17.5,33.3,18,35.4,0,31
2026-08-13 11:58:44,0,0,0,17.5,32.7,18.1,35.1,0,31
2026-08-13 12:03:44,0,0,0,17.6,31.5,18.2,34.7,0,31
2026-08-13 12:08:44,0,0,0,17.7,30.7,18.3,34.3,0,31
2026-08-13 12:13:44,0,0,0,17.8,30.5,18.5,33.7,0,31
2026-08-13 12:18:44,0,0,0,18,30.2,18.9,32.6,0,31
2026-08-13 12:23:44,0,0,0,18.2,30.6,19.2,32.2,0,31
2026-08-13 12:28:44,0,0,0,18.4,30.2,19.4,31.1,0,31
2026-08-13 12:33:44,0,0,0,18.6,29.8,19.7,29.8,0,31
2026-08-13 12:38:44,0,0,0,18.8,29.5,19.8,29.5,0,31
2026-08-13 12:43:44,0,0,0,18.9,29.1,19.9,29.3,0,31
2026-08-13 12:48:44,0,0,0,19.1,30,19.9,29.3,0,31
2026-08-13 12:53:44,0,0,0,19.1,30.4,19.9,29.9,0,31
2026-08-13 12:58:44,0,0,0,19.1,30.6,19.9,30.4,0,31
2026-08-13 13:03:44,0,0,0,19.1,31,19.8,30.8,0,31
2026-08-13 13:08:44,0,0,0,19.1,30.8,19.7,31,0,31
2026-08-13 13:13:44,0,0,0,19,31.4,19.7,31.2,0,31
2026-08-13 13:18:44,0,0,0,18.9,32,19.7,31.6,0,31
2026-08-13 13:23:44,0,0,0,18.9,31.6,19.7,31.8,0,31
2026-08-13 13:28:44,0,0,0,18.9,31.6,19.7,31.8,0,31
2026-08-13 13:33:44,0,0,0,19,30.8,19.7,31.3,0,31
2026-08-13 13:38:44,0,0,0,19,30.8,19.7,31.3,0,31
2026-08-13 13:43:44,0,0,0,19,30.9,19.8,31.2,0,31
2026-08-13 13:48:44,0,0,0,19,30.9,19.9,31.3,0,31
2026-08-13 13:53:44,0,0,0,19.1,31.3,19.9,31.5,0,31
2026-08-13 13:58:44,0,0,0,19.1,32.3,19.9,32,0,31
2026-08-13 14:03:44,0,0,0,19.1,32.8,19.8,32.7,0,31
2026-08-13 14:08:44,0,0,0,19.1,33.9,19.8,33.1,0,31
2026-08-13 14:13:45,0,0,0,19.1,34.1,19.9,33.7,0,31
2026-08-13 14:18:44,0,0,0,19.1,35,20.6,33.2,0,31
2026-08-13 14:23:44,0,0,0,19.9,35.2,23,31.6,0,31
2026-08-13 14:28:45,0,0,0,20.9,34.4,24.1,31.5,0,31
2026-08-13 14:33:44,0,0,0,21.5,33.4,23.9,31.9,0,31
2026-08-13 14:38:44,0,0,0,21.8,32.7,24.2,31.4,0,31
2026-08-13 14:43:44,0,0,0,22,32.8,23.7,31.9,0,31
2026-08-13 14:48:44,0,0,0,22.1,32.3,23.6,31.9,0,31
2026-08-13 14:53:44,0,0,0,22,32.3,23.3,32.1,0,31
2026-08-13 14:58:46,0,0,0,21.9,32.1,23.1,32.3,0,31
2026-08-13 15:03:44,0,0,0,21.7,31.8,22.9,32.2,0,31
2026-08-13 15:08:44,0,0,0,21.5,32.1,22.6,32.4,0,31
2026-08-13 15:13:44,0,0,0,21.3,32.2,22.5,32.5,0,31
2026-08-13 15:18:44,0,0,0,21.2,32.7,22.3,32.7,0,31
2026-08-13 15:23:44,0,0,0,21,32.7,22.1,32.8,0,31
2026-08-13 15:28:44,0,0,0,20.9,32.7,21.9,32.9,0,31
2026-08-13 15:33:44,0,0,0,20.7,32.9,21.8,33,0,31
2026-08-13 15:38:44,0,0,1,20.6,33.2,21.6,33.2,0,31
2026-08-13 15:43:45,0,0,0,20.5,33.4,21.4,33.3,0,31
2026-08-13 15:48:44,0,0,0,20.4,33.1,,,0,31
2026-08-13 15:53:44,0,0,0,20.3,36.2,,,0,31
2026-08-13 15:58:45,0,0,0,20.2,37,,,0,31
2026-08-13 16:03:44,0,0,0,20.1,38.2,,,0,31
2026-08-13 16:08:45,3,8,9,19.9,41,,,0,31
2026-08-13 16:13:45,9,23,26,19.8,41.2,,,0,31
2026-08-13 16:18:45,7,19,19,22.5,40.9,,,0,31
2026-08-13 16:23:45,5,8,8,25.2,34.4,,,0,31
2026-08-13 16:28:45,0,1,1,24.6,33.2,,,0,31
2026-08-13 16:33:45,0,0,1,23.2,34.3,,,0,31
2026-08-13 16:38:45,0,0,0,22.1,36.7,,,0,31
2026-08-13 16:43:44,0,0,0,21.2,37.1,,,0,31
2026-08-13 16:48:50,0,0,0,20.5,36.2,,,0,31
2026-08-13 16:53:45,0,0,0,20,36.2,,,0,31
2026-08-13 16:58:45,0,0,0,19.6,37.6,,,0,31
2026-08-13 17:03:45,0,0,0,19.2,38.4,,,0,31
2026-08-13 17:08:44,0,0,0,18.9,39.4,,,0,31
2026-08-13 17:13:45,0,0,0,18.8,39,,,0,31
2026-08-13 17:18:45,0,0,0,18.5,40.4,,,0,31
2026-08-13 17:23:45,0,0,0,18.4,41.4,,,0,31
2026-08-13 17:28:45,0,0,0,18.3,43.5,,,,31
2026-08-13 17:33:44,0,0,0,20.9,39.8,,,0,31
2026-08-13 17:38:45,0,0,0,20.8,37.1,,,0,31
2026-08-13 17:43:44,0,0,0,20.1,39,,,0,31
2026-08-13 17:48:45,0,0,0,22.6,38,,,0,31
2026-08-13 17:53:45,0,0,0,25,34.9,,,0,31
2026-08-13 17:58:45,0,0,0,26.5,33,,,0,31
2026-08-13 18:03:45,0,0,0,27.3,31.4,,,0,31
2026-08-13 18:08:45,0,0,0,27.9,31.1,30.4,26.3,0,31
2026-08-13 18:13:45,0,0,0,28.3,30.7,,,,31
2026-08-13 18:18:45,0,0,0,28.5,29.4,30.5,26.4,0,31
2026-08-13 18:23:45,0,0,0,28.3,28.7,29.9,27,0,31
2026-08-13 18:28:45,0,0,0,26.4,29.6,25.7,32.2,0,29
2026-08-13 18:33:45,0,0,0,26.1,32.2,27.7,29.9,0,31
2026-08-13 18:38:45,0,0,0,27.3,31.3,30.2,26.7,0,31
2026-08-13 18:43:45,0,0,0,28.1,30.7,30.9,26.2,0,31
2026-08-13 18:48:45,0,0,0,28.5,29.8,30.9,26,0,31
2026-08-13 18:53:45,0,0,0,28.7,29.7,31,26,0,29
2026-08-13 18:58:45,0,0,0,28.6,29.2,30.6,26.5,0,29
2026-08-13 19:03:45,0,0,0,28.4,29.1,30.3,26.7,0,31
2026-08-13 19:08:45,0,0,0,28.7,29.6,30.6,26.3,0,31
2026-08-13 19:13:45,0,0,0,28.8,29.2,30.5,26.3,0,31
2026-08-13 19:18:45,0,0,0,28.7,28.6,30.3,26.7,0,29
2026-08-13 19:28:45,0,0,0,28.5,28.3,30.3,26.4,0,31
2026-08-13 19:33:45,0,0,0,28.5,28.1,30.2,26.4,0,31
2026-08-13 19:38:45,0,0,0,28.2,28.5,30,26.6,0,31
2026-08-13 19:43:45,0,0,0,28.4,28.7,30.4,26.1,0,31
2026-08-13 19:48:45,0,0,0,28.6,28.8,30.5,26,0,31
2026-08-13 19:53:45,0,0,0,28.5,27.7,30.6,25.8,0,31
2026-08-13 19:58:45,0,0,0,28.3,28.4,29.9,26.4,0,31
2026-08-13 20:03:45,0,0,0,28.7,28.3,30.6,25.6,0,31
2026-08-13 20:08:45,0,0,0,28.8,28.2,30.6,25.8,0,31
2026-08-13 20:13:45,0,0,0,29,28.4,30.9,25.6,0,31
2026-08-13 20:18:45,0,0,0,29,28.6,30.8,25.8,0,29
2026-08-13 20:23:45,0,0,0,29.1,28.3,31,25.6,0,31
2026-08-13 20:28:45,0,0,0,28.9,29.1,30.8,26,0,29
2026-08-13 20:33:45,0,0,0,28.9,29.3,30.7,26.2,0,29
2026-08-13 20:38:45,0,0,0,28.9,29.5,30.9,26,0,29
2026-08-13 20:43:45,0,0,0,29,29.4,30.8,26.2,0,31
2026-08-13 20:48:45,0,0,0,29.1,29.4,30.7,26.4,0,31
2026-08-13 20:53:45,0,0,0,29.2,29.5,30.9,26.3,0,31
2026-08-13 20:58:45,0,0,0,29.2,29.6,30.8,26.5,0,31
2026-08-13 21:03:45,0,0,0,29.2,29.4,30.9,26.5,0,31
2026-08-13 21:08:45,0,0,0,29.1,29.7,30.9,26.6,0,29
2026-08-13 21:13:45,0,0,0,29.2,29.6,31,26.5,0,31
2026-08-13 21:18:45,0,0,0,29.3,29.6,31.2,26.3,0,28
2026-08-13 21:23:45,0,0,0,29.2,29.7,31,26.5,0,31
2026-08-13 21:28:45,0,0,0,29.2,29.6,31,26.6,0,31
2026-08-13 21:33:46,0,0,0,29.2,29.4,31.2,26.3,0,28
2026-08-13 21:38:45,0,0,0,29.3,29.3,31.3,26.2,0,28
2026-08-13 21:43:45,0,0,0,29.1,28.9,30.8,26.7,0,28
2026-08-13 21:48:46,0,0,0,29,28.6,30.6,26.8,0,28
2026-08-13 21:53:45,0,0,0,29.2,28.9,31,26.4,1,28
2026-08-13 21:58:45,0,0,0,29,29.4,30.5,27.1,0,28
2026-08-13 22:03:45,0,0,0,28.9,29.4,30.6,27.1,0,31
2026-08-13 22:08:45,0,0,0,29,29.3,30.8,26.8,0,28
2026-08-13 22:13:45,0,0,0,29,29.4,30.7,26.9,0,28
2026-08-13 22:18:46,0,0,0,29,29.2,30.7,26.8,0,28
2026-08-13 22:23:45,0,0,0,28.9,29.2,30.6,26.9,0,28
2026-08-13 22:28:45,0,0,0,28.9,29.1,30.6,26.8,0,28
2026-08-13 22:33:46,0,0,0,28.8,29.3,30.6,26.8,0,28
2026-08-13 22:38:45,0,0,0,28.8,29.3,30.4,27,0,28
2026-08-13 22:43:46,0,0,0,28.7,29.1,30.3,27,1,28
2026-08-13 22:48:45,0,0,0,28.6,29.5,30.1,27.3,0,28
2026-08-13 22:53:46,0,0,0,28.7,29.3,30.3,27.1,0,28
2026-08-13 22:58:46,0,0,0,28.8,28.9,30.5,27,0,28
2026-08-13 23:03:46,0,0,0,28.8,29.3,30.4,27.1,0,28
2026-08-13 23:08:46,0,0,0,28.8,29.3,30.5,26.8,0,28
2026-08-13 23:13:46,0,0,0,28.8,29.4,30.5,26.9,0,28
2026-08-13 23:18:46,0,0,0,28.7,29.2,30.5,26.8,0,28
2026-08-13 23:23:46,0,0,0,28.9,29.1,30.8,26.5,0,31
2026-08-13 23:28:46,0,0,0,28.8,29.4,30.5,26.9,0,28
2026-08-13 23:33:46,0,0,0,28.8,29.1,30.5,26.8,0,28
2026-08-13 23:38:46,0,0,0,28.6,29.2,,,,28
2026-08-13 23:43:46,0,0,0,28.7,29.4,30.1,27.4,0,29
2026-08-13 23:48:45,0,0,0,28.7,29.4,30.3,27.3,0,29
2026-08-13 23:53:46,0,0,0,28.7,29.6,30.3,27.3,0,29
2026-08-13 23:58:46,0,0,0,28.7,29.6,30.4,27.3,0,29
2026-08-14 00:03:46,0,0,0,28.8,29.6,30.6,27,0,29
2026-08-14 00:08:46,0,0,0,28.8,29.5,30.6,27,0,29
2026-08-14 00:13:46,0,0,0,28.8,29.6,30.6,27,0,29
2026-08-14 00:18:46,0,0,0,28.8,29.3,30.6,27,0,29
2026-08-14 00:23:46,0,0,0,28.7,29.7,30.4,27.2,0,29
2026-08-14 00:28:46,0,0,0,28.7,29.6,30.3,27.3,0,29
2026-08-14 00:33:46,0,0,0,28.6,29.5,30.2,27.5,1,29
2026-08-14 00:38:46,0,0,0,28.6,29.9,30.1,27.8,0,29
2026-08-14 00:43:46,0,0,0,28.6,30,30.2,27.7,0,29
2026-08-14 00:48:46,0,0,0,28.6,30,30.3,27.6,0,29
2026-08-14 00:53:46,0,0,0,28.6,29.9,30.5,27.3,0,29
2026-08-14 00:58:46,0,0,0,28.7,30,30.5,27.2,0,29
2026-08-14 01:03:46,0,0,0,28.6,30,30.1,27.7,0,29
2026-08-14 01:08:46,0,0,0,28.4,30.2,29.8,28.1,0,29
2026-08-14 01:13:46,0,4,5,28.4,30.3,29.8,28.2,0,29
2026-08-14 01:18:46,2,4,4,28.4,30.4,29.9,28.1,0,29
2026-08-14 01:23:46,1,5,5,28.3,29.9,30.1,27.8,0,29
2026-08-14 01:28:46,4,7,7,28.4,30,30.1,27.8,0,29
2026-08-14 01:33:46,3,6,6,28.4,30.1,30.1,27.7,0,29
2026-08-14 01:38:46,4,8,8,28.4,29.9,30,27.8,0,29
2026-08-14 01:43:46,5,13,14,28.4,30.1,,,,29
2026-08-14 01:48:46,5,13,16,28.4,30,29.8,28.1,0,29
2026-08-14 01:53:46,4,8,12,28.4,30,29.8,28.1,0,29
2026-08-14 01:58:46,5,10,11,28.3,30,29.7,28.3,0,29
2026-08-14 02:03:46,5,12,13,28.3,30.2,29.8,28.1,0,29
2026-08-14 02:08:46,5,11,12,28.2,30.1,29.9,28,0,29
2026-08-14 02:13:46,5,12,13,28.2,30.1,29.8,28,0,29
2026-08-14 02:18:46,6,13,14,28.1,30,29.6,28.1,1,29
2026-08-14 02:23:46,6,11,13,28.1,30.2,29.5,28.5,0,29
2026-08-14 02:28:46,4,7,7,28.1,30.1,29.6,28.3,0,29
2026-08-14 02:33:46,5,10,11,28.1,30,29.4,28.5,0,29
2026-08-14 02:38:46,4,9,9,28,30.3,29.4,28.7,0,29
2026-08-14 02:43:46,5,9,11,28,30,29.6,28.3,0,29
2026-08-14 02:48:46,3,7,7,28.2,30,29.8,28,0,29
2026-08-14 02:53:46,4,8,8,28.2,30,29.7,28.1,0,29
2026-08-14 02:58:46,3,8,8,28.2,30,29.6,28.2,0,29
2026-08-14 03:03:46,4,7,8,28.1,29.9,29.6,28.4,0,29
2026-08-14 03:08:46,3,6,7,28.1,30,29.6,28.6,0,29
2026-08-14 03:13:46,3,7,7,28.2,30,29.7,28.4,0,29
2026-08-14 03:18:46,4,10,10,28.2,30.2,29.8,28.3,0,29
2026-08-14 03:23:46,5,11,12,28.2,30,29.9,28.1,0,29
2026-08-14 03:28:46,5,11,12,28.1,29.8,29.7,28.2,0,29
2026-08-14 03:33:46,5,8,9,28.1,29.7,29.8,28.1,0,29
2026-08-14 03:38:46,4,7,10,28.1,29.6,29.5,28.2,0,29
2026-08-14 03:43:46,4,10,10,28,29.6,29.3,28.4,0,29
2026-08-14 03:48:46,5,11,11,28,29.6,29.4,28.3,1,29
2026-08-14 03:53:47,5,9,9,27.8,29.9,29.2,28.7,0,29
2026-08-14 03:58:46,3,6,6,27.9,29.6,29.3,28.5,0,29
2026-08-14 04:03:46,2,5,6,27.9,29.7,29.4,28.3,0,29
2026-08-14 04:08:46,4,9,11,27.9,29.8,29.5,28.2,0,29
2026-08-14 04:13:46,4,10,10,27.9,29.6,29.5,28.2,0,29
2026-08-14 04:18:47,5,9,9,27.9,29.6,29.5,28.1,0,29
2026-08-14 04:23:46,5,8,8,27.9,29.8,29.3,28.3,0,29
2026-08-14 04:28:46,5,12,14,27.9,29.6,29.4,28.1,0,29
2026-08-14 04:33:46,5,9,11,27.9,29.8,29.2,28.5,0,29
2026-08-14 04:38:46,4,9,11,28,29.6,29.4,28.4,0,29
2026-08-14 04:43:46,4,7,8,28,29.6,29.4,28.5,0,29
2026-08-14 04:48:46,2,5,5,28,29.8,29.6,28.1,0,29
2026-08-14 04:53:46,4,11,11,28,29.5,29.5,28.2,0,29
2026-08-14 04:58:46,5,9,12,28.1,29.5,29.6,28,0,29
2026-08-14 05:03:47,5,9,9,28,29.5,29.4,28.2,0,29
2026-08-14 05:08:47,5,9,9,27.9,29.7,29.1,28.8,0,29
2026-08-14 05:13:46,4,7,8,27.9,29.7,29.1,28.8,0,29
2026-08-14 05:18:46,4,8,8,27.9,29.7,29.3,28.5,0,29
2026-08-14 05:23:46,4,9,9,28,29.8,29.6,28.1,0,29
2026-08-14 05:28:46,5,8,8,27.9,29.6,29.4,28.4,0,29
2026-08-14 05:33:46,3,7,7,28,29.6,29.6,28.2,0,29
2026-08-14 05:38:46,3,7,8,28,29.2,29.4,28.3,0,29
2026-08-14 05:43:46,2,5,6,28,29.2,29.4,28.4,0,29
2026-08-14 05:48:46,2,5,5,28,29.4,29.2,28.7,0,29
2026-08-14 05:53:46,1,5,5,28.1,29.9,29.5,28.5,0,29
2026-08-14 05:58:46,2,5,5,28.1,29.5,29.7,28.2,0,29
2026-08-14 06:03:47,2,6,6,28.2,29.7,29.7,28.2,0,29
2026-08-14 06:08:46,3,6,6,28,29.8,29,29,0,29
2026-08-14 06:13:47,1,5,5,28,29.8,29.5,28.4,0,29
2026-08-14 06:18:47,3,6,7,28,29.7,29.5,28.3,0,29
2026-08-14 06:23:47,3,7,7,28.1,29.8,29.8,28,0,29
2026-08-14 06:28:47,4,7,8,28.1,29.4,29.7,28,0,29
2026-08-14 06:33:47,5,7,9,28.1,29.4,,,,29
2026-08-14 06:38:47,3,5,5,28.1,29.6,29.4,28.3,0,29
2026-08-14 06:43:47,2,6,8,28.1,29.7,29.4,28.4,0,29
2026-08-14 06:48:47,3,6,7,28,29.6,29.3,28.7,0,29
2026-08-14 06:53:46,5,9,9,27.9,29.9,29.2,28.7,0,29
2026-08-14 06:58:47,5,8,8,28,29.7,29.5,28.3,0,29
2026-08-14 07:03:47,5,8,8,27.9,29.6,29.3,28.4,0,29
2026-08-14 07:08:47,5,7,7,27.8,29.9,29,29,0,29
2026-08-14 07:13:47,5,8,8,27.9,29.8,29.1,28.8,0,29
2026-08-14 07:18:47,4,9,9,27.7,29.6,29,28.9,0,29
2026-08-14 07:23:47,3,8,8,27.7,29.9,29.1,28.7,0,29
2026-08-14 07:28:47,3,6,6,27.7,29.8,29,28.6,1,29
2026-08-14 07:33:47,2,6,6,27.9,29.6,29.3,28.4,0,29
2026-08-14 07:38:47,4,10,10,27.9,29.7,29.3,28.4,0,29
2026-08-14 07:43:47,5,9,9,27.9,29.7,29.5,28.2,0,29
2026-08-14 07:48:47,3,7,7,28,29.5,29.5,28.2,0,29
2026-08-14 07:53:47,6,14,14,28,29.5,29.4,28.2,0,29
2026-08-14 07:58:47,6,13,13,27.9,29.6,29.3,28.4,0,29
2026-08-14 08:03:47,8,18,18,28,29.8,29.3,28.5,0,29
2026-08-14 08:08:47,6,11,13,28.1,29.5,29.6,28.2,0,29
2026-08-14 08:13:47,6,15,16,28.1,29.5,29.6,28.3,0,29
2026-08-14 08:18:47,6,15,16,28.2,29.7,29.6,28.2,0,29
2026-08-14 08:23:47,5,13,13,28.1,29.5,29.5,28.4,0,29
2026-08-14 08:28:47,3,7,8,28.1,29.4,29.7,28.2,0,29
2026-08-14 08:33:47,3,7,8,28.2,29.4,29.7,28.1,0,29
2026-08-14 08:38:47,4,5,5,28.1,29.1,29.4,28.6,0,29
2026-08-14 08:43:47,1,2,2,28.2,29.3,29.6,28.4,0,29
2026-08-14 08:48:47,3,5,5,28.3,29.5,29.9,28.2,0,29
2026-08-14 08:53:47,1,2,3,28.3,29.3,29.9,28.2,0,29
2026-08-14 08:58:47,1,4,4,28.4,29.5,30.2,27.9,0,29
2026-08-14 09:03:47,0,3,3,28.5,29.1,30.2,27.9,0,29
2026-08-14 09:08:47,2,3,3,28.5,29.3,30.1,28,0,29
2026-08-14 09:13:47,1,5,5,28.5,29.3,30.2,27.9,0,31
2026-08-14 09:18:47,1,3,3,28.6,29.2,30.4,27.7,0,31
2026-08-14 09:23:47,3,5,5,28.6,28.9,30.4,27.8,0,29
2026-08-14 09:28:47,0,3,3,28.6,29.5,30.2,28.2,0,29
2026-08-14 09:33:47,2,4,4,28.7,29.5,30.6,27.8,0,29
2026-08-14 09:38:47,4,10,11,28.8,29.4,30.7,27.7,0,29
2026-08-14 09:43:47,4,7,7,28.8,29.2,30.7,27.7,0,31
2026-08-14 09:48:47,4,8,8,28.9,29.5,30.8,27.7,0,29
2026-08-14 09:53:47,6,13,13,29,29.9,31.1,27.5,0,29
2026-08-14 09:58:47,9,18,18,28.9,29.6,30.9,27.9,0,29
2026-08-14 10:03:47,20,30,33,29.1,29.9,31.1,27.9,0,29
2026-08-14 10:08:47,11,22,24,29.2,29.8,31.2,28,0,29
2026-08-14 10:13:47,7,17,18,29.3,29.7,31.4,28,0,29
2026-08-14 10:18:54,10,18,19,29.5,29.5,31.7,27.7,0,29
2026-08-14 10:23:48,11,22,23,29.5,29.5,31.6,28,0,29
2026-08-14 10:28:48,6,19,19,29.5,29.8,31.5,28.3,0,29
2026-08-14 10:33:48,11,22,23,29.4,29.7,31.5,28.5,0,29
2026-08-14 10:38:47,9,22,22,29.5,29.7,31.8,28.1,0,29
2026-08-14 10:43:48,20,29,31,27.9,30.4,28,33,0,29
2026-08-14 10:48:47,21,30,35,25.8,32.6,25,38.1,0,29
2026-08-14 10:53:47,19,29,32,23.8,35.4,23.4,41.1,0,29
2026-08-14 10:58:47,23,35,42,22.7,37.6,22.5,42.7,0,29
2026-08-14 11:03:48,22,33,36,21.8,39.2,22.1,43.7,0,29
2026-08-14 11:08:48,23,34,38,21.3,40.7,21.8,44.2,0,29
2026-08-14 11:13:48,22,32,36,20.9,41.5,21.7,44.4,0,29
2026-08-14 11:18:48,22,37,45,20.7,42.3,21.7,44.7,0,29
2026-08-14 11:23:48,22,33,38,20.6,43.3,21.7,44.9,0,29
2026-08-14 11:28:48,21,32,37,20.5,42.9,21.8,44.8,0,29
2026-08-14 11:33:48,23,34,37,20.5,43.9,21.9,44.7,0,29
2026-08-14 11:38:48,22,34,38,20.5,43.8,22,44.8,0,29
2026-08-14 11:43:48,22,34,41,20.7,43.6,22.1,44.7,0,29
2026-08-14 11:48:48,23,34,40,20.7,43.6,22.3,44.5,0,29
2026-08-14 11:53:48,24,38,45,20.8,43.4,22.5,44.3,0,29
2026-08-14 11:58:48,24,35,38,21,43.5,22.7,44.1,0,29
2026-08-14 12:03:47,21,32,38,21.1,42.9,22.9,43.9,0,29
2026-08-14 12:08:48,22,34,40,21.2,42.7,23,43.6,0,29
2026-08-14 12:13:48,23,35,40,21.3,42.1,23.2,43.4,0,29
2026-08-14 12:18:48,21,34,40,21.5,42.3,23.2,43.1,0,29
2026-08-14 12:23:48,23,36,45,21.5,43,23.4,43,0,29
2026-08-14 12:28:48,23,36,42,21.7,41.8,23.6,42.8,0,29
2026-08-14 12:33:47,23,35,40,21.9,41.1,23.7,42.4,0,29
2026-08-14 12:38:48,23,36,41,21.9,41,23.6,42.2,0,29
2026-08-14 12:43:48,23,35,40,21.9,41,23.4,42.4,0,29
2026-08-14 12:48:48,25,37,44,21.7,41.2,23.2,42.4,0,29
2026-08-14 12:53:48,22,35,40,21.6,40.7,23.1,42.4,0,29
2026-08-14 12:58:48,27,39,48,21.5,41,23,42.4,0,29
2026-08-14 13:03:48,25,36,42,21.3,41.1,22.7,42.6,0,29
2026-08-14 13:08:48,26,40,47,21.2,41.4,22.5,42.8,0,29
2026-08-14 13:13:48,26,40,48,21,41.3,22.2,43,0,29
2026-08-14 13:18:48,27,41,49,20.7,41.6,22,43.2,0,29
2026-08-14 13:23:48,27,40,48,20.6,42.1,21.8,43.3,0,29
2026-08-14 13:28:48,27,39,47,20.4,42.4,21.7,43.4,0,29
2026-08-14 13:33:48,28,43,52,20.3,42.8,21.8,43.2,0,29
2026-08-14 13:38:48,26,40,47,20.3,42.6,21.6,43.6,0,29
2026-08-14 13:43:48,29,44,53,20.2,42.7,21.6,43.7,0,29
2026-08-14 13:48:48,24,36,45,20.2,43,21.4,44,0,29
2026-08-14 13:53:48,25,37,46,20.1,43.2,,,0,29
2026-08-14 13:58:48,24,35,40,20,43.4,,,0,29
2026-08-14 14:03:48,23,35,42,19.9,43.2,,,0,29
2026-08-14 14:08:48,23,35,41,19.7,43.6,20.8,44.7,0,29
2026-08-14 14:13:48,22,33,38,19.6,44.2,20.6,44.9,0,29
2026-08-14 14:18:48,19,29,32,22.5,43.9,27.2,34.6,0,29
2026-08-14 14:23:48,12,22,22,25.5,38.2,30.3,30.5,0,29
2026-08-14 14:28:48,9,20,22,27.1,35.1,31,29.7,0,29
2026-08-14 14:33:48,11,24,24,28.1,32.9,31.5,29.1,0,29
2026-08-14 14:38:48,10,23,24,28.8,31.7,32,28.4,0,29
2026-08-14 14:43:48,15,25,27,28.4,31.4,30.5,30.3,0,29
2026-08-14 14:48:48,14,25,27,28.5,30.5,30.4,30,0,29
2026-08-14 14:53:48,18,29,30,26.7,32.1,26.5,35.5,0,29
2026-08-14 14:58:48,15,27,27,25.4,35,26.4,36.5,0,29
2026-08-14 15:03:48,13,25,27,27,33.1,30.2,30.3,0,29
2026-08-14 15:08:48,12,26,26,27.8,31.5,30.6,29.4,0,29
2026-08-14 15:13:48,14,24,24,27.9,30.8,30,30.1,0,29
2026-08-14 15:18:48,16,24,24,26.3,32,26.2,35.3,0,31
2026-08-14 15:23:48,14,25,26,24.2,34.4,,,,31
2026-08-14 15:28:48,10,21,21,25.7,34,28.7,31.7,0,31
2026-08-14 15:33:48,7,19,19,26.2,33.4,28.6,31.7,0,31
2026-08-14 15:38:48,8,19,20,27.4,31.5,30.5,28.8,0,31
2026-08-14 15:43:48,5,15,15,27.8,30.9,30.1,29.5,0,29
2026-08-14 15:48:48,17,26,26,27.2,30.5,28,31.7,0,29
2026-08-14 15:53:48,12,21,22,26.6,31.9,28.2,31.8,0,29
2026-08-14 15:58:48,9,19,20,27.3,31.4,29.8,29.6,0,31
2026-08-14 16:03:48,7,19,19,28.3,30.5,31.3,27.7,0,31
2026-08-14 16:08:49,8,19,19,28.7,30,31.3,27.8,0,31
2026-08-14 16:13:48,8,19,21,29,29.5,31.4,27.6,0,31
2026-08-14 16:18:49,7,15,16,29.1,29.5,31.4,27.7,0,31
2026-08-14 16:23:49,8,22,22,29,29.3,31.2,28,0,31
2026-08-14 16:28:48,11,22,23,29.4,29.1,31.7,27.3,0,31
2026-08-14 16:33:48,16,27,27,29.5,28.8,31.8,27.2,0,31
2026-08-14 16:38:48,12,26,27,29.7,28.9,32.2,26.7,0,31
2026-08-14 16:43:48,9,18,20,29.9,28.7,32,26.8,0,31
2026-08-14 16:48:49,8,18,19,30,29,32,26.8,0,31
2026-08-14 16:53:49,7,18,18,30,28.9,31.9,27,0,31
2026-08-14 16:58:48,8,19,22,29.8,29.5,31.6,27.4,1,31
2026-08-14 17:03:49,8,19,19,29.8,29.6,31.5,27.5,0,31
2026-08-14 17:08:49,6,18,19,29.7,29.6,31.6,27.6,0,31
2026-08-14 17:13:49,6,16,16,29.7,29.5,31.5,27.8,0,31
2026-08-14 17:18:49,5,18,18,29.8,29.4,31.8,27.4,0,31
2026-08-14 17:23:48,6,17,18,29.8,29.3,31.7,27.5,0,31
2026-08-14 17:28:48,5,13,15,29.7,29.6,31.6,27.6,0,31
2026-08-14 17:33:48,6,13,13,29.8,29.5,31.7,27.4,0,31
2026-08-14 17:38:49,6,17,18,29.8,29.6,31.7,27.5,0,31
2026-08-14 17:43:48,6,15,16,29.7,29.5,31.5,27.6,0,31
2026-08-14 17:48:49,5,13,14,29.5,29.5,31.5,27.6,0,31
2026-08-14 17:53:48,7,15,19,29.4,29.7,31.4,27.7,0,31
2026-08-14 17:58:49,7,19,22,29.5,29.6,31.5,27.5,0,31
2026-08-14 18:03:49,7,19,21,29.5,29.4,31.6,27.3,0,31
2026-08-14 18:08:49,8,19,19,29.4,29.7,31.3,27.6,0,31
2026-08-14 18:13:49,8,22,22,29.3,29.3,31.1,27.8,0,31
2026-08-14 18:18:49,9,19,20,29.4,29.7,31.3,27.6,0,31
2026-08-14 18:23:49,6,18,19,29.2,30,30.8,28.4,0,31
2026-08-14 18:28:49,7,16,18,29.2,30.2,31,28.3,0,31
2026-08-14 18:33:49,7,17,17,29.2,30.1,31.1,28.1,0,31
2026-08-14 18:38:49,8,21,22,29.3,30,31.4,27.7,0,31
2026-08-14 18:43:49,8,20,22,29.2,30.1,31.2,28,0,31
2026-08-14 18:48:49,8,19,20,29.2,30.1,31.1,28.1,0,31
2026-08-14 18:53:49,9,22,23,29.2,29.7,31.1,28,0,31
2026-08-14 18:58:49,10,21,21,29.1,29.5,30.9,28.1,0,31
2026-08-14 19:03:49,9,22,22,29.2,29.5,31,27.8,0,31
2026-08-14 19:08:49,13,24,25,29.2,29.4,31,27.9,1,31
2026-08-14 19:13:49,3,13,14,29,29.6,30.5,28.6,0,31
2026-08-14 19:18:49,8,19,19,29,30.1,30.6,28.5,0,31
2026-08-14 19:23:49,9,20,22,29,30,30.8,28.3,0,31
2026-08-14 19:28:49,8,18,19,29,29.9,30.8,28.3,0,31
2026-08-14 19:33:49,8,19,19,29,29.8,31,28,0,31
2026-08-14 19:38:49,9,22,22,29.1,29.6,31,27.9,0,31
2026-08-14 19:43:49,7,19,19,29,29.7,31,28,0,31
2026-08-14 19:48:49,8,18,21,29.1,29.2,31,27.8,0,31
2026-08-14 19:53:49,9,20,22,29.1,29.4,31.1,27.7,0,31
2026-08-14 19:58:49,9,18,18,29.1,29.4,30.9,27.9,0,31
2026-08-14 20:03:49,9,25,25,29,29.6,30.5,28.3,0,31
2026-08-14 20:08:49,11,23,23,28.9,29.9,30.5,28.3,0,31
2026-08-14 20:13:49,9,22,22,29,30.1,30.6,28.3,0,31
2026-08-14 20:18:52,7,19,21,29,29.9,30.7,28.2,0,31
2026-08-14 20:23:49,7,18,18,28.9,29.8,30.5,28.4,0,31
2026-08-14 20:28:49,5,14,15,29,29.9,30.6,28.4,0,31
2026-08-14 20:33:49,7,18,18,29,29.7,30.6,28.3,0,31
2026-08-14 20:38:49,6,13,13,28.9,29.8,30.5,28.6,0,31
2026-08-14 20:43:49,5,15,15,28.9,29.9,30.5,28.4,0,31
2026-08-14 20:48:49,7,16,18,28.9,29.5,30.8,28.1,0,31
2026-08-14 20:53:49,5,12,16,28.9,29.7,30.5,28.3,0,31
2026-08-14 20:58:49,7,16,18,28.8,29.5,30.6,28.1,0,31
2026-08-14 21:03:49,8,20,20,28.8,29.4,30.7,28,0,31
2026-08-14 21:08:49,9,22,23,28.8,29.6,30.5,28.1,0,28
2026-08-14 21:13:49,11,21,23,28.7,29.7,30.4,28.2,0,28
2026-08-14 21:18:49,11,22,22,28.7,29.5,,,,29
2026-08-14 21:23:49,12,23,24,28.7,29.9,30.2,28.4,0,29
2026-08-14 21:28:49,7,18,22,28.6,30,30.2,28.7,0,29
2026-08-14 21:33:49,9,20,20,28.7,30,30.3,28.5,0,29
2026-08-14 21:38:49,8,22,22,28.7,30,30.4,28.4,0,29
2026-08-14 21:43:49,8,21,23,28.8,30.1,30.8,27.9,0,29
2026-08-14 21:48:49,10,21,22,28.8,30,30.6,28.1,0,29
2026-08-14 21:53:49,12,24,24,28.7,29.9,30.5,28.2,0,29
2026-08-14 21:58:49,14,24,25,28.8,29.9,30.4,28.3,0,29
2026-08-14 22:03:49,13,24,24,28.7,29.9,30.4,28.3,1,29
2026-08-14 22:08:49,7,21,21,28.6,30.2,30.2,28.7,0,29
2026-08-14 22:13:49,9,20,20,28.5,30.3,30.1,28.9,0,29
2026-08-14 22:18:49,5,19,19,28.6,30.4,30.4,28.5,0,29
2026-08-14 22:23:49,8,21,21,28.6,30.4,30.3,28.6,0,29
2026-08-14 22:28:49,11,24,26,28.4,30.7,30.1,28.8,0,29
2026-08-14 22:33:49,10,22,23,28.5,30.6,30.2,28.7,0,29
2026-08-14 22:38:49,14,23,25,28.4,30.5,30.1,28.7,0,29
2026-08-14 22:43:49,11,23,23,28.5,30.5,30.2,28.5,0,29
2026-08-14 22:48:49,14,24,25,28.5,30.2,30.2,28.5,0,29
2026-08-14 22:53:49,11,23,24,28.4,30.4,30,29,0,29
2026-08-14 22:58:49,8,19,19,28.3,30.4,30.1,28.8,0,29
2026-08-14 23:03:49,10,21,21,28.4,30.5,30.1,28.6,0,31
2026-08-14 23:08:49,9,19,20,28.3,30.1,29.9,28.7,0,28
2026-08-14 23:13:50,13,26,30,28.3,30.2,30.1,28.6,0,28
2026-08-14 23:18:49,15,26,26,28.2,30.2,29.7,28.9,0,28
2026-08-14 23:23:50,12,23,23,28.1,30.3,29.5,29.3,0,31
2026-08-14 23:28:49,9,23,23,28.1,30.4,29.5,29.5,0,28
2026-08-14 23:33:49,10,23,24,28,30.6,29.6,29.2,0,31
2026-08-14 23:38:49,11,23,23,28.1,30.3,29.9,28.7,0,28
2026-08-14 23:43:50,13,24,25,28.1,30,29.7,28.9,0,31
2026-08-14 23:48:50,9,22,22,28,30.2,29.4,29.5,0,28
2026-08-14 23:53:49,8,20,20,28,30.2,29.5,29.4,0,28
2026-08-14 23:58:49,11,23,23,28.1,30.3,29.7,29,0,28
2026-08-15 00:03:49,11,22,23,28.1,30.3,29.9,28.7,0,28
2026-08-15 00:08:50,11,23,23,28.1,30.5,29.8,28.9,0,28
2026-08-15 00:13:49,13,25,25,28.2,30.5,30,28.7,0,31
2026-08-15 00:18:50,13,26,27,28.2,30.4,29.8,28.8,0,28
2026-08-15 00:23:50,13,28,28,28.1,30.2,29.5,29.3,0,28
2026-08-15 00:28:50,8,21,21,28,30.5,29.4,29.5,0,28
2026-08-15 00:33:50,8,21,22,28.1,30.3,29.7,29.1,0,28
2026-08-15 00:38:50,8,18,19,28.1,30.4,29.8,29.1,0,28
2026-08-15 00:43:50,9,24,25,28.3,30.4,30,28.7,0,28
2026-08-15 00:48:50,14,24,26,28.4,30,30,28.7,0,28
2026-08-15 00:53:50,10,22,24,28.2,30.1,29.9,28.8,0,28
2026-08-15 00:58:50,12,22,22,28.2,30.1,29.8,28.8,0,28
2026-08-15 01:03:50,13,25,26,28.1,29.8,29.5,29.1,0,28
2026-08-15 01:08:50,12,25,25,28.1,30,29.6,28.9,0,28
2026-08-15 01:13:50,15,26,28,28.2,30,,,,28
2026-08-15 01:18:50,11,24,25,28.1,30.1,29.5,29.3,0,28
2026-08-15 01:23:50,10,19,22,28.1,30.2,29.7,29.2,0,28
2026-08-15 01:28:50,12,23,23,28.2,30,29.8,28.8,0,28
2026-08-15 01:33:50,13,23,24,28.2,30,29.7,28.9,0,28
2026-08-15 01:38:50,16,28,29,28.2,29.8,29.7,28.8,0,31
2026-08-15 01:43:50,16,27,27,28.1,29.7,,,,28
2026-08-15 01:48:50,8,22,22,28,30.1,29.2,29.6,0,28
2026-08-15 01:53:50,11,24,24,28,30.3,29.5,29.2,0,28
2026-08-15 01:58:50,12,25,26,28.1,30,29.6,29,0,28
2026-08-15 02:03:50,9,22,22,28.2,30.1,29.8,28.8,0,31
2026-08-15 02:08:50,11,23,24,28.1,30.1,29.6,29,0,28
2026-08-15 02:13:50,11,22,23,28,30.1,29.3,29.3,0,31
2026-08-15 02:18:50,9,24,25,28,30.2,29.4,29.4,0,31
2026-08-15 02:23:50,11,22,23,28,30.1,29.6,29,0,31
2026-08-15 02:28:50,8,21,21,28.1,30.1,29.7,28.9,0,28
2026-08-15 02:33:50,13,26,26,28.1,30.2,29.7,28.9,0,29
2026-08-15 02:38:50,12,23,25,28.1,30,29.5,29,0,29
2026-08-15 02:43:50,12,23,24,27.9,30,29.3,29.3,1,29
2026-08-15 02:48:50,11,22,24,28,30.3,29.3,29.5,0,29
2026-08-15 02:53:50,9,22,22,28,30.5,29.5,29.4,0,29
2026-08-15 02:58:50,9,18,19,28,30.3,29.5,29.3,0,29
2026-08-15 03:03:50,9,23,23,28,30.5,29.4,29.3,0,29
2026-08-15 03:08:50,11,23,23,27.8,30.4,29.2,29.5,0,29
2026-08-15 03:13:50,12,23,24,27.8,30.3,29.4,29.2,0,29
2026-08-15 03:18:50,11,22,22,27.8,30.5,29.1,29.8,0,29
2026-08-15 03:23:50,7,18,20,27.8,30.4,29.2,29.6,0,29
2026-08-15 03:28:50,10,22,22,27.8,30.6,29.3,29.5,0,29
2026-08-15 03:33:50,8,17,18,27.9,30.3,29.4,29.3,0,29
2026-08-15 03:38:50,6,14,16,27.8,30.2,29.3,29.3,0,29
2026-08-15 03:43:50,7,17,18,27.8,30.1,29.4,29.1,0,29
2026-08-15 03:48:50,8,21,22,27.8,30.4,29.4,29,0,29
2026-08-15 03:53:50,9,23,23,27.8,30.3,29.1,29.3,0,29
2026-08-15 03:58:50,11,24,24,27.7,30.5,28.9,29.7,0,29
2026-08-15 04:03:50,7,17,18,27.7,30.5,29,29.6,0,29
2026-08-15 04:08:50,8,17,18,27.8,30.3,29.1,29.5,0,29
2026-08-15 04:13:50,7,19,22,27.7,30.3,29.1,29.5,0,29
2026-08-15 04:18:50,12,22,23,27.7,30.3,29,29.5,0,29
2026-08-15 04:23:50,13,24,24,27.5,30.5,28.8,29.7,0,29
2026-08-15 04:28:50,7,19,21,27.5,30.7,28.7,30,0,29
2026-08-15 04:33:50,10,22,22,27.6,30.8,29,29.6,0,29
2026-08-15 04:38:50,8,23,24,27.6,30.3,29.1,29.4,0,29
2026-08-15 04:43:50,10,22,23,27.4,30.4,28.7,29.8,1,29
2026-08-15 04:48:50,8,21,21,27.5,30.6,28.7,29.9,0,29
2026-08-15 04:53:50,9,20,22,27.5,30.5,28.9,29.6,0,29
2026-08-15 04:58:50,9,20,22,27.4,30.5,28.9,29.6,0,29
2026-08-15 05:03:50,8,19,21,27.6,30.5,29.2,29.2,0,29
2026-08-15 05:08:50,8,20,23,27.7,30.2,29.4,28.8,0,29
2026-08-15 05:13:50,6,15,17,27.7,29.8,29.1,29.2,0,29
2026-08-15 05:18:51,7,18,19,27.6,30.2,29,29.5,0,29
2026-08-15 05:23:50,7,19,21,27.7,30.4,29.1,29.5,0,29
2026-08-15 05:28:50,5,16,17,27.7,30.3,29.2,29.2,0,29
2026-08-15 05:33:50,8,19,20,27.7,30.3,29.2,29.2,0,29
2026-08-15 05:38:51,11,20,20,27.7,30.3,29.1,29.2,0,29
2026-08-15 05:43:50,9,20,23,27.6,30.4,29,29.3,0,29
2026-08-15 05:48:50,13,24,25,27.6,30.4,29,29.3,0,29
2026-08-15 05:53:50,9,20,23,27.6,30.4,29,29.4,0,29
2026-08-15 05:58:50,8,19,19,27.6,30.6,29,29.6,0,29
2026-08-15 06:03:50,8,21,22,27.6,30.5,29.1,29.5,0,29
2026-08-15 06:08:51,12,24,24,27.7,30.4,29.2,29.2,0,29
2026-08-15 06:13:50,12,23,25,27.6,30,29.1,29.3,0,29
2026-08-15 06:18:50,10,22,22,27.8,30,29.4,28.9,0,29
2026-08-15 06:23:51,13,25,25,27.7,29.9,29.2,29.1,0,29
2026-08-15 06:28:51,10,23,23,27.7,30.1,28.9,29.6,0,29
2026-08-15 06:33:51,7,19,19,27.7,30.2,28.9,29.7,0,29
2026-08-15 06:38:50,11,22,22,27.7,30.3,29,29.6,0,29
2026-08-15 06:43:51,11,24,25,27.7,30.3,29.2,29.2,0,29
2026-08-15 06:48:51,12,24,25,27.7,30.3,29.2,29.2,0,29
2026-08-15 06:53:51,13,25,27,27.8,30.1,29.3,29.1,0,29
2026-08-15 06:58:51,14,24,25,27.7,30.2,29.1,29.3,0,29
2026-08-15 07:03:51,9,24,25,27.6,30.2,28.9,29.6,0,29
2026-08-15 07:08:51,8,19,19,27.6,30.2,29,29.6,0,29
2026-08-15 07:13:51,11,24,24,27.6,30.2,29,29.5,0,29
2026-08-15 07:18:51,11,19,19,27.6,30.2,29,29.4,0,29
2026-08-15 07:23:51,9,22,24,27.6,30.1,28.9,29.5,0,29
2026-08-15 07:28:51,5,19,21,27.6,30.2,28.8,29.7,0,29
2026-08-15 07:33:51,7,18,18,27.7,30.1,29.1,29.4,0,29
2026-08-15 07:38:50,7,18,18,27.7,30.1,29,29.4,0,29
2026-08-15 07:43:51,11,24,25,27.6,30,28.9,29.5,0,29
2026-08-15 07:48:51,8,22,23,27.6,30.1,28.9,29.6,0,29
2026-08-15 07:53:51,5,16,17,27.7,30.2,29,29.5,0,29
2026-08-15 07:58:51,6,17,18,27.6,29.9,29,29.5,0,29
2026-08-15 08:03:51,5,11,13,27.8,29.9,29.3,29,0,29
2026-08-15 08:08:51,4,14,14,27.8,29.8,29.2,29.1,0,29
2026-08-15 08:13:51,4,8,8,27.7,29.4,29.2,29,0,29
2026-08-15 08:18:51,3,10,11,27.7,29.7,29,29.1,0,29
2026-08-15 08:23:51,4,8,11,27.7,29.6,28.9,29.4,0,29
2026-08-15 08:28:51,1,6,6,27.7,29.9,29.1,29.3,0,29
2026-08-15 08:33:51,7,22,22,27.8,29.9,29.2,29.1,0,29
2026-08-15 08:38:51,9,17,19,27.8,29.9,29.3,28.9,0,29
2026-08-15 08:43:51,8,19,19,27.9,30,29.4,28.7,0,29
2026-08-15 08:48:51,8,20,22,27.8,29.7,29.3,28.9,0,29
2026-08-15 08:53:51,11,23,23,27.9,30.1,29.2,29.1,0,29
2026-08-15 08:58:51,6,18,18,27.9,30,29.3,29.1,0,29
2026-08-15 09:03:51,7,22,22,27.9,30.3,29.2,29.4,0,29
2026-08-15 09:08:51,13,24,24,27.8,30.3,29.1,29.5,0,29
2026-08-15 09:13:51,11,24,27,27.7,30.4,29.1,29.5,0,29
2026-08-15 09:18:51,13,23,24,27.8,30.3,29.3,29.2,0,29
2026-08-15 09:23:51,18,27,28,27.8,30.3,29.3,29.2,0,29
2026-08-15 09:28:51,17,30,34,27.8,30.2,29.4,29,0,29
2026-08-15 09:33:51,21,32,33,27.8,30,29.3,29.1,0,29
2026-08-15 09:38:51,18,27,27,27.7,30.3,28.9,29.8,0,29
2026-08-15 09:43:51,19,28,30,27.7,30.2,29,29.5,0,29
2026-08-15 09:48:51,17,26,26,27.7,30.3,29.2,29.2,0,29
2026-08-15 09:53:51,18,27,29,27.6,30.2,29.2,29.2,0,29
2026-08-15 09:58:51,17,27,29,27.6,30.3,29,29.2,0,29
2026-08-15 10:03:51,17,25,26,27.5,30.2,,,,29
2026-08-15 10:08:51,7,19,20,27.5,30.4,28.6,29.8,0,29
2026-08-15 10:13:51,4,11,11,27.5,30.3,28.8,29.6,0,29
2026-08-15 10:18:51,5,8,8,27.5,30.3,29,29.4,0,29
2026-08-15 10:23:51,5,7,7,27.6,30.5,29.1,29.2,0,29
2026-08-15 10:28:51,1,3,3,27.5,30.2,28.9,29.4,0,29
2026-08-15 10:33:51,1,5,5,27.5,30,28.8,29.5,1,29
2026-08-15 10:38:51,1,3,3,27.4,30.3,28.5,30,0,29
2026-08-15 10:43:51,2,2,2,27.4,30.4,28.6,29.8,0,29
2026-08-15 10:48:51,1,3,3,27.4,30.4,28.6,29.8,0,29
2026-08-15 10:53:51,0,2,3,27.5,30.4,28.9,29.4,0,29
2026-08-15 10:58:51,1,4,4,27.4,30.5,29,29.2,0,29
2026-08-15 11:03:51,0,2,2,27.4,30.3,28.8,29.4,0,29
2026-08-15 11:08:51,0,1,1,27.2,30.3,28.4,29.8,0,29
2026-08-15 11:13:51,0,0,0,27.1,30.6,28.2,30.2,0,29
2026-08-15 11:18:51,0,0,0,27.2,30.6,28.5,29.7,0,29
2026-08-15 11:23:51,0,0,0,27.1,30.6,28.4,29.8,0,29
2026-08-15 11:28:51,0,0,0,27.3,30.4,28.7,29.4,0,31
2026-08-15 11:33:51,0,0,0,27.3,30.4,28.8,29.3,0,31
2026-08-15 11:38:51,0,0,0,27.4,30.2,28.7,29.3,0,31
2026-08-15 11:43:51,0,0,0,27.3,30.1,28.7,29.3,0,31
2026-08-15 11:48:51,0,0,0,27.2,30.3,,,,31
2026-08-15 11:53:51,0,0,0,27.1,30.4,28.4,29.8,0,28
2026-08-15 11:58:51,0,0,0,27.2,30.2,28.5,29.5,0,29
2026-08-15 12:03:51,0,0,0,27.2,29.8,28.6,29.3,0,29
2026-08-15 12:08:51,0,0,0,27.1,29.9,28.4,29.4,0,28
2026-08-15 12:13:51,0,0,0,27,29.8,28.1,29.5,0,28
2026-08-15 12:18:52,0,0,0,27.1,29.8,28.2,29.5,0,31
2026-08-15 12:23:51,0,0,0,27.1,30,28.2,29.6,0,31
2026-08-15 12:28:51,0,0,0,27.2,29.6,28.5,29.2,0,31
2026-08-15 12:33:51,0,0,0,27.1,29.2,28.4,29.2,0,31
2026-08-15 12:38:51,0,0,0,27.1,29.3,28.5,28.9,0,31
2026-08-15 12:43:51,0,0,0,27,29.3,28.1,29.1,0,31
2026-08-15 12:48:51,0,0,0,27,29.5,28.2,29.1,0,31
2026-08-15 12:53:51,0,0,0,27,29.4,28.1,29.2,0,31
2026-08-15 12:58:51,0,0,0,26.9,29.7,28.1,29.2,0,31
2026-08-15 13:03:52,0,0,0,26.8,29.9,28,29.2,0,28
2026-08-15 13:08:52,0,0,0,26.7,29.8,27.8,29.4,0,29
2026-08-15 13:13:52,0,0,0,26.7,30.1,27.9,29.5,0,29
2026-08-15 13:18:52,0,0,0,26.8,29.9,28.1,29.3,0,29
2026-08-15 13:23:52,0,0,0,26.8,30,27.9,29.4,0,29
2026-08-15 13:28:52,0,0,0,26.8,30.1,27.8,29.7,0,29
2026-08-15 13:33:52,0,0,0,26.9,30.2,28.1,29.4,0,29
2026-08-15 13:38:52,0,0,0,27,29.9,28.4,29.2,0,29
2026-08-15 13:43:52,0,0,0,27.1,29.9,28.5,29,0,29
2026-08-15 13:48:52,0,0,0,27.1,30,28.3,29.2,0,29
2026-08-15 13:53:52,0,0,0,27,29.9,28.1,29.3,0,29
2026-08-15 13:58:52,0,0,0,26.9,30,28,29.6,0,29
2026-08-15 14:03:52,0,0,0,26.8,29.8,28,29.5,0,29
2026-08-15 14:08:52,0,0,0,26.9,29.8,28.2,29.1,0,29
2026-08-15 14:13:52,0,0,0,27,29.9,28.4,28.9,0,29
2026-08-15 14:18:52,0,0,0,26.9,29.8,28.2,29,0,29
2026-08-15 14:23:52,0,0,0,26.9,29.8,28,29.2,0,29
2026-08-15 14:28:52,0,0,0,26.9,29.9,27.9,29.3,0,29
2026-08-15 14:33:52,0,0,0,26.9,30.3,27.9,29.6,0,29
2026-08-15 14:38:52,0,0,0,26.9,30.1,28,29.4,0,29
2026-08-15 14:43:52,0,1,1,26.9,30.1,28.1,29.1,0,29
2026-08-15 14:48:52,0,0,0,26.8,30,27.8,29.6,0,29
2026-08-15 14:53:52,0,0,0,26.9,30.2,28,29.5,0,29
2026-08-15 14:58:52,0,0,0,26.9,30.1,28,29.4,0,29
2026-08-15 15:03:52,0,0,0,26.8,30,28,29.4,0,29
2026-08-15 15:08:52,0,0,0,26.9,30.2,28,29.3,0,29
2026-08-15 15:13:52,0,0,0,26.8,30.1,28,29.3,0,29
2026-08-15 15:18:52,0,0,0,26.8,30.3,27.8,29.7,0,29
2026-08-15 15:23:52,0,0,0,26.8,30.1,27.9,29.7,0,29
2026-08-15 15:28:52,0,0,0,26.8,30.1,28,29.4,0,29
2026-08-15 15:33:52,0,0,0,26.9,30.2,28.1,29.3,0,29
2026-08-15 15:38:52,0,0,0,27,30.1,28.4,29,0,29
2026-08-15 15:43:52,0,0,0,27,29.8,28.4,28.9,0,29
2026-08-15 15:48:52,0,0,0,26.9,29.5,27.9,29.5,0,29
2026-08-15 15:53:52,0,0,0,26.9,29.8,28,29.5,0,29
2026-08-15 15:58:52,0,0,0,27,30,28.2,29.1,0,29
2026-08-15 16:03:52,0,0,0,26.9,29.4,28.1,29.1,0,29
2026-08-15 16:08:52,0,0,0,26.8,29.6,27.9,29.3,1,29
2026-08-15 16:13:52,0,0,0,26.8,29.8,27.8,29.5,0,29
2026-08-15 16:18:52,0,0,0,26.8,29.9,27.9,29.3,0,29
2026-08-15 16:23:52,0,0,0,26.7,29.5,27.7,29.3,0,29
2026-08-15 16:28:52,0,0,0,26.7,29.1,27.9,28.8,0,29
2026-08-15 16:33:52,0,0,0,26.7,28.7,27.7,29.1,0,29
2026-08-15 16:38:52,0,0,0,26.6,28.8,27.6,28.9,0,31
2026-08-15 16:43:52,0,0,0,26.6,28.9,27.6,28.7,0,31
2026-08-15 16:48:52,0,0,0,26.4,28.8,27.3,29.1,0,31
2026-08-15 16:53:52,0,0,0,26.5,28.9,27.4,29,0,28
2026-08-15 16:58:52,0,0,0,26.4,28.8,27.4,28.8,0,28
2026-08-15 17:03:52,0,0,0,26.4,28.5,27.2,28.8,0,28
2026-08-15 17:08:52,0,0,0,26.5,28.7,27.4,28.6,0,28
2026-08-15 17:13:52,0,0,0,26.3,28.9,27.3,28.7,0,28
2026-08-15 17:18:52,0,0,0,26.3,28.8,27.6,28.2,0,31
2026-08-15 17:23:52,0,0,0,26.3,28.5,27.3,28.4,0,31
2026-08-15 17:28:52,0,0,0,26.4,28.6,27.4,28.5,0,31
2026-08-15 17:33:52,0,0,0,26.4,28.8,27.6,28.2,0,31
2026-08-15 17:38:52,0,0,0,26.3,28.3,27.2,28.4,0,28
2026-08-15 17:43:52,0,0,0,26.1,28.8,26.8,28.8,0,29
2026-08-15 17:48:53,0,0,0,26,29,26.7,28.9,0,28
2026-08-15 17:53:53,0,0,0,25.8,28.5,26.5,28.9,0,28
2026-08-15 17:58:53,0,0,0,25.7,28.1,26.2,28.8,0,31
2026-08-15 18:03:53,0,0,0,25.5,28.6,25.9,29,0,31
2026-08-15 18:08:53,0,0,0,25.4,28.8,26.2,28.6,0,31
2026-08-15 18:13:52,0,0,0,25.5,28.6,26.6,28.1,0,31
2026-08-15 18:18:52,0,0,0,25.5,28,26.5,28,0,31
2026-08-15 18:23:53,0,0,0,25.4,27.7,,,,31
2026-08-15 18:28:52,0,0,0,25.3,27.9,26.2,27.9,0,31
2026-08-15 18:33:53,0,0,0,25.3,27.7,26.1,27.6,0,31
2026-08-15 18:38:52,0,0,0,24.8,27.7,25.3,27.8,0,28
2026-08-15 18:43:53,0,0,0,24.4,27.7,25,28,0,31
2026-08-15 18:48:53,0,0,0,24.1,28.3,24.6,28.3,0,28
2026-08-15 18:53:52,0,0,0,24,28.2,24.6,28.1,0,28
2026-08-15 18:58:53,0,0,0,23.8,28.3,,,,31
2026-08-15 19:03:52,0,0,0,23.7,28.5,24.1,28.5,0,29
2026-08-15 19:08:52,0,0,0,23.6,28.6,24.3,28,0,29
2026-08-15 19:13:52,0,0,0,23.6,28.4,24.2,28.2,0,29
2026-08-15 19:18:52,0,0,0,23.5,28.5,24.2,28.1,0,29
2026-08-15 19:23:52,0,0,0,23.4,28.1,23.8,28.3,1,29
2026-08-15 19:28:53,0,0,0,23.3,28.4,23.8,28.2,0,31
2026-08-15 19:33:52,0,0,0,23.1,28.4,23.5,28.4,0,31
2026-08-15 19:38:53,0,0,0,23,28.5,23.4,28.4,0,29
2026-08-15 19:43:53,0,0,0,23,28.7,23.7,28.2,0,29
2026-08-15 19:48:53,0,0,0,23,28.6,23.6,28.3,0,29
2026-08-15 19:53:53,0,0,0,23.2,28.4,23.8,28.2,0,29
2026-08-15 19:58:53,0,0,0,23,29,23.7,28.4,0,29
2026-08-15 20:03:53,0,0,0,23.1,28.5,23.9,28.1,0,29
2026-08-15 20:08:53,0,0,0,23.2,28.7,23.8,28.3,0,29
2026-08-15 20:13:53,0,0,0,23.5,28.5,24.4,27.7,0,29
2026-08-15 20:18:53,0,0,0,23.8,28.2,24.6,27.5,0,29
2026-08-15 20:23:52,0,0,0,23.8,28,24.1,28.2,0,29
2026-08-15 20:28:53,0,0,0,23.7,28.3,24.1,28.3,0,31
2026-08-15 20:33:53,0,0,0,23.6,28.3,24.2,28,0,29
2026-08-15 20:38:53,0,0,0,23.6,28.2,24,28.3,0,29
2026-08-15 20:43:53,0,0,0,23.8,28.6,24.7,27.8,0,29
2026-08-15 20:48:53,0,0,0,23.9,28.2,24.7,27.7,0,29
2026-08-15 20:53:53,0,0,0,24,28.2,24.6,27.8,0,29
2026-08-15 20:58:53,0,0,0,24.2,28.3,24.8,28,0,29
2026-08-15 21:03:53,0,0,0,24.2,28,24.8,27.9,0,29
2026-08-15 21:08:53,0,0,0,23.9,27.8,24.6,27.6,0,29
2026-08-15 21:13:53,0,0,0,23.9,27.9,24.3,28,0,29
2026-08-15 21:18:53,0,0,0,24,27.9,24.6,27.6,0,29
2026-08-15 21:23:53,0,0,0,24.2,27.8,25,27.2,0,29
2026-08-15 21:28:53,0,0,0,24.4,28,24.9,27.5,0,29
2026-08-15 21:33:53,0,0,0,24.8,28.3,25.4,27.3,0,29
2026-08-15 21:38:53,0,0,0,24.8,27.3,25.7,26.9,0,29
2026-08-15 21:43:53,0,0,0,24.8,27,25.2,27.3,0,28
2026-08-15 21:48:53,0,0,0,24.9,27.3,25.6,27.1,0,31
2026-08-15 21:53:53,0,0,0,25,27,25.7,27,0,28
2026-08-15 21:58:53,0,0,0,25.1,27.5,25.7,26.9,0,28
2026-08-15 22:03:53,0,0,0,25.2,27.6,25.8,27,0,30
2026-08-15 22:08:53,0,0,0,25.3,27.9,25.8,27.2,0,31
2026-08-15 22:13:53,0,0,0,25.3,27.8,25.9,27.2,0,28
2026-08-15 22:18:53,0,0,0,25.2,27.6,,,,28
2026-08-15 22:23:53,0,0,0,25.2,28,25.8,27.5,0,28
2026-08-15 22:28:53,0,0,0,25.2,27.6,25.9,27.2,0,28
2026-08-15 22:33:53,0,0,0,25.4,27.4,26.1,26.9,0,28
2026-08-15 22:38:53,0,0,0,25.3,27.4,25.8,27.4,0,28
2026-08-15 22:43:53,0,0,0,25.5,27.4,26.2,26.9,0,28
2026-08-15 22:48:53,0,0,0,25.5,27.5,26.2,26.9,0,28
2026-08-15 22:53:53,0,0,0,25.6,27.2,26.3,26.6,0,28
2026-08-15 22:58:53,0,0,0,25.5,27.3,26,27,0,28
2026-08-15 23:03:53,0,0,0,25.5,27.5,26.1,27,0,28
2026-08-15 23:08:53,0,0,0,25.5,26.9,26.1,26.8,0,28
2026-08-15 23:13:53,0,0,0,25.2,27,25.6,27.3,0,28
2026-08-15 23:18:53,0,0,0,25.3,27.5,25.9,27.1,0,28
2026-08-15 23:23:53,0,0,0,25.2,27.2,25.9,27,0,28
2026-08-15 23:28:53,0,0,0,25.1,27.1,25.8,27,0,28
2026-08-15 23:33:53,0,0,0,25.3,27.2,26,26.9,0,31
2026-08-15 23:38:53,0,0,0,25.4,26.9,26.2,26.6,0,28
2026-08-15 23:43:53,0,0,0,25.4,26.8,26.1,26.5,0,28
2026-08-15 23:48:53,0,0,0,25.5,26.9,26.1,26.5,0,28
2026-08-15 23:53:53,0,0,0,25.4,26.6,26.1,26.6,0,28
2026-08-15 23:58:53,0,0,0,25.4,26.8,26,26.6,0,28
2026-08-16 00:03:53,0,0,0,25.4,27.1,26,26.7,0,28
2026-08-16 00:08:53,0,0,0,25.6,26.8,26.5,26.3,0,28
2026-08-16 00:13:53,0,0,0,25.7,26.4,26.5,26,0,28
2026-08-16 00:18:53,0,0,0,25.5,26.5,26,26.7,0,28
2026-08-16 00:23:53,0,0,0,25.6,26.9,26.1,26.6,0,28
2026-08-16 00:28:53,0,0,0,25.6,27,26.2,26.4,0,28
2026-08-16 00:33:53,0,0,0,25.5,26.8,25.9,26.6,1,28
2026-08-16 00:38:53,0,0,0,25.5,26.7,26,26.7,0,28
2026-08-16 00:43:53,0,0,0,25.4,26.8,26.1,26.5,0,28
2026-08-16 00:48:53,0,0,0,25.4,26.9,26.1,26.4,0,28
2026-08-16 00:53:53,0,0,0,25.3,26.9,25.9,26.6,0,28
2026-08-16 00:58:53,0,0,0,25.4,27,25.9,26.6,0,31
2026-08-16 01:03:53,0,0,0,25.3,26.8,26,26.4,0,28
2026-08-16 01:08:53,0,0,0,25.2,26.8,25.6,26.8,0,28
2026-08-16 01:13:54,0,0,0,25.2,26.8,25.8,26.6,0,31
2026-08-16 01:18:54,0,0,0,25.2,26.9,25.7,26.5,0,28
2026-08-16 01:23:54,0,0,0,25.1,27.2,25.6,26.7,0,28
2026-08-16 01:28:54,0,0,0,25.2,26.9,25.8,26.4,0,28
2026-08-16 01:33:54,0,0,0,25.1,26.8,25.7,26.4,0,28
2026-08-16 01:38:53,0,0,0,25.2,26.9,25.8,26.5,0,28
2026-08-16 01:43:54,0,0,0,25.3,26.8,26.1,26,0,28
2026-08-16 01:48:53,0,0,0,25.4,26.5,25.9,26.1,0,28
2026-08-16 01:53:55,0,0,0,25.3,26.6,25.8,26.5,0,28
2026-08-16 01:58:54,0,0,0,25.3,26.6,26.1,26.1,0,28
2026-08-16 02:03:54,0,0,0,25.3,26.6,25.8,26.3,0,28
2026-08-16 02:08:53,0,0,0,25.2,26.6,25.9,26.3,0,28
2026-08-16 02:13:54,0,0,0,25.3,26.7,26,26,0,28
2026-08-16 02:18:53,0,0,0,25.3,26.4,25.8,26.1,1,28
2026-08-16 02:23:53,0,0,0,25.3,26.6,25.9,26.3,0,28
2026-08-16 02:28:53,0,0,0,25.3,26.6,25.9,26.2,0,28
2026-08-16 02:33:54,0,0,0,25.1,26.6,25.5,26.6,0,28
2026-08-16 02:38:54,0,0,0,25.2,26.8,25.8,26.3,0,31
2026-08-16 02:43:54,0,0,0,25.3,26.7,25.9,26,0,28
2026-08-16 02:48:53,0,0,0,25.2,26.6,25.7,26.3,0,28
2026-08-16 02:53:54,0,0,0,25.3,26.5,25.9,26.2,0,28
2026-08-16 02:58:53,0,0,0,25.3,26.7,26,26.1,0,28
2026-08-16 03:03:53,0,0,0,25.2,26.5,25.9,26.1,0,28
2026-08-16 03:08:53,0,0,0,25.1,26.4,25.7,26,0,28
2026-08-16 03:13:53,0,0,0,25.1,26.6,25.5,26.4,0,28
2026-08-16 03:18:54,0,0,0,25.2,26.7,25.8,26,0,28
2026-08-16 03:23:54,0,0,0,25.3,26.3,26,25.7,0,28
2026-08-16 03:28:54,0,0,0,25.2,26.4,25.6,26.3,0,28
2026-08-16 03:33:54,0,0,0,25.2,26.3,25.9,25.9,0,28
2026-08-16 03:38:54,0,0,0,25.3,26.2,25.9,25.7,0,28
2026-08-16 03:43:54,0,0,0,25.2,26.2,25.6,26,1,28
2026-08-16 03:48:53,0,0,0,25.2,26.3,25.6,26.1,0,28
2026-08-16 03:53:54,0,0,0,25.2,26.1,25.8,25.8,0,28
2026-08-16 03:58:54,0,0,0,25.1,26,25.8,25.6,0,28
2026-08-16 04:03:54,0,0,0,25.1,26.3,25.5,26.1,0,28
2026-08-16 04:08:54,0,0,0,25.1,26.3,25.5,25.9,0,28
2026-08-16 04:13:54,0,0,0,25,26,25.4,25.8,0,28
2026-08-16 04:18:54,0,0,0,25,26.3,25.5,26,0,28
2026-08-16 04:23:54,0,0,0,25,26.2,25.5,25.8,0,28
2026-08-16 04:28:54,0,0,0,24.9,26.2,25.4,25.8,0,28
2026-08-16 04:33:54,0,0,0,24.9,26.3,25.2,26,0,28
2026-08-16 04:38:54,0,0,0,25,26.4,25.5,25.8,0,28
2026-08-16 04:43:54,0,0,0,25,26.2,25.6,25.5,0,28
2026-08-16 04:48:54,0,0,0,25,26.4,25.3,25.8,0,27
2026-08-16 04:53:54,0,0,0,24.9,26.1,25.4,25.8,0,27
2026-08-16 04:58:54,0,0,0,25,26.1,25.5,25.6,0,27
2026-08-16 05:03:54,0,0,0,24.9,26.3,25.3,25.9,0,27
2026-08-16 05:08:54,0,0,0,24.9,26.2,25.5,25.6,0,27
2026-08-16 05:13:54,0,0,0,24.9,26.1,25.4,25.6,0,27
2026-08-16 05:18:54,0,0,0,24.8,26.5,25,26,0,27
2026-08-16 05:23:54,0,0,0,24.7,26.5,25.2,25.9,0,28
2026-08-16 05:28:54,0,0,0,24.8,26.4,25.4,25.6,0,28
2026-08-16 05:33:54,0,0,0,24.7,26.4,25,25.9,1,28
2026-08-16 05:38:54,0,0,0,24.7,26.4,25,26.1,0,28
2026-08-16 05:43:54,0,0,0,24.8,26.2,25.2,25.7,0,28
2026-08-16 05:48:54,0,0,0,24.6,26.2,25,25.8,0,28
2026-08-16 05:53:54,0,0,0,24.7,26.3,25.1,25.9,0,28
2026-08-16 05:58:54,0,0,0,24.7,26.1,25.1,25.7,0,28
2026-08-16 06:03:54,0,0,0,24.7,26.1,24.9,25.8,1,28
2026-08-16 06:08:54,0,0,0,24.7,26.2,25,26,0,28
2026-08-16 06:13:54,0,0,0,24.6,26.1,25,25.9,0,28
2026-08-16 06:18:54,0,0,0,24.7,26.1,25.2,25.6,0,28
2026-08-16 06:23:54,0,0,0,24.6,26.3,24.9,26.1,0,28
2026-08-16 06:28:54,0,0,0,24.5,26.1,24.8,25.9,0,28
2026-08-16 06:33:54,0,0,0,24.4,26.5,24.8,26.1,0,28
2026-08-16 06:38:54,0,0,0,24.6,26.4,25,25.8,0,28
2026-08-16 06:43:54,0,0,0,24.6,26.3,25,25.7,0,28
2026-08-16 06:48:54,0,0,0,24.7,26.2,25.1,25.8,0,28
2026-08-16 06:53:54,0,0,0,24.8,26.3,25.4,25.5,0,28
2026-08-16 06:58:54,0,0,0,24.8,26.1,25.4,25.3,0,28
2026-08-16 07:03:54,0,0,0,24.7,26.3,25,25.7,0,28
2026-08-16 07:08:54,0,0,0,24.7,26.5,25.1,25.8,0,28
2026-08-16 07:13:54,0,0,0,24.7,26.5,25.1,25.7,0,28
2026-08-16 07:18:54,0,0,0,24.6,26.5,24.9,26.1,0,28
2026-08-16 07:23:54,0,0,0,24.7,26.7,25.2,25.7,0,28
2026-08-16 07:28:54,0,0,0,24.8,26.4,25.2,25.6,0,28
2026-08-16 07:33:54,0,0,0,24.7,26.6,25,25.9,0,28
2026-08-16 07:38:54,0,0,0,24.7,26.5,25.2,25.6,0,28
2026-08-16 07:43:54,0,0,0,24.6,26.2,24.8,26,1,28
2026-08-16 07:48:54,0,0,0,24.6,26.5,24.9,26.1,0,28
2026-08-16 07:53:54,0,0,0,24.5,26.6,25,25.9,0,28
2026-08-16 07:58:54,0,0,0,24.5,27,24.9,26.2,0,28
2026-08-16 08:03:54,0,0,0,24.7,26.7,25.3,25.7,0,28
2026-08-16 08:08:54,0,0,0,24.7,26.7,25.2,25.8,0,28
2026-08-16 08:13:54,0,0,0,24.6,27,25,26.2,0,28
2026-08-16 08:18:55,0,0,0,24.6,27.1,25.1,26.1,0,28
2026-08-16 08:23:54,0,0,0,24.6,27.1,24.9,26.3,0,28
2026-08-16 08:28:55,0,0,0,24.6,27.1,25.1,26.3,0,28
2026-08-16 08:33:54,0,0,0,24.7,27,25.4,26,0,28
2026-08-16 08:38:54,0,0,0,24.7,27,25.3,26.1,0,28
2026-08-16 08:43:54,0,0,0,24.8,27.2,25.3,26.4,0,28
2026-08-16 08:48:54,0,0,0,24.9,27.1,25.4,26.2,0,28
2026-08-16 08:53:54,0,0,0,24.9,27,25.5,26.1,0,30
2026-08-16 08:58:54,0,0,0,25,27,25.5,26.2,0,30
2026-08-16 09:03:55,0,0,0,25,27.3,25.5,26.4,0,27
2026-08-16 09:08:54,0,0,0,25,27.1,25.6,26.3,0,27
2026-08-16 09:13:55,0,0,0,25,27,25.5,26.5,0,27
2026-08-16 09:18:55,0,0,0,25.2,27,25.8,26.2,0,27
2026-08-16 09:23:55,0,0,0,25.3,26.8,25.9,26.1,0,30
2026-08-16 09:28:54,0,0,0,25.3,26.7,25.8,26.2,0,30
2026-08-16 09:33:54,0,0,0,25.3,26.8,25.9,26.5,0,30
2026-08-16 09:38:55,0,0,0,25.5,26.7,26.4,25.9,0,30
2026-08-16 09:43:54,0,0,0,25.7,26,26.7,25.5,0,30
2026-08-16 09:48:54,0,0,0,25.8,26,26.5,25.6,1,30
2026-08-16 09:53:55,0,0,0,25.8,26.1,26.5,25.9,0,30
2026-08-16 09:58:54,0,0,0,26,26.3,26.9,25.6,0,30
2026-08-16 10:03:54,0,0,0,26.1,26.1,27,25.6,0,30
2026-08-16 10:08:55,0,0,0,26.1,26.1,26.9,25.7,0,30
2026-08-16 10:13:55,0,0,0,26.1,26.4,26.8,26,0,30
2026-08-16 10:18:55,0,0,0,26.1,26.7,27,25.9,0,30
2026-08-16 10:23:55,0,0,0,26.2,26.5,27.4,25.6,0,30
2026-08-16 10:28:55,0,0,0,26.4,26.1,27.6,25.4,0,30
2026-08-16 10:33:55,0,0,0,26.4,25.8,27.5,25.5,0,30
2026-08-16 10:38:55,0,0,0,26.5,25.5,27.4,25.5,0,30
2026-08-16 10:43:55,0,0,0,26.5,25.9,27.4,25.6,0,30
2026-08-16 10:48:54,0,0,0,26.6,26,27.5,25.5,0,30
2026-08-16 10:53:55,0,0,0,26.7,26,27.9,25.2,0,30
2026-08-16 10:58:55,0,0,0,26.7,26.1,27.9,25.2,0,30
2026-08-16 11:03:55,0,0,1,26.7,26.5,,,,30
2026-08-16 11:08:55,0,0,0,26.8,26.1,28,25.4,0,30
2026-08-16 11:13:55,0,0,0,26.9,26.3,28,25.5,0,30
2026-08-16 11:18:55,0,0,0,26.9,26.1,28.2,25.3,0,30
2026-08-16 11:23:55,0,0,0,26.8,26.5,27.9,25.6,0,30
2026-08-16 11:28:55,0,0,0,26.8,26.4,27.9,25.9,0,30
2026-08-16 11:33:55,0,0,0,26.9,26.4,28.2,25.7,0,30
2026-08-16 11:38:55,0,0,0,26.9,26.6,28.2,25.6,0,30
2026-08-16 11:43:55,0,0,1,27.1,26.3,28.7,25.1,0,30
2026-08-16 11:48:55,0,0,0,27.1,26.2,28.4,25.6,0,30
2026-08-16 11:53:55,0,0,0,27.3,26.3,28.7,25.4,0,30
2026-08-16 11:58:55,0,0,1,27.4,26.2,28.9,25.2,0,30
2026-08-16 12:03:55,0,0,0,27.5,26.7,29.1,25.2,0,27
2026-08-16 12:08:55,0,3,3,26.2,27.2,25.6,29.4,0,31
2026-08-16 12:13:55,3,7,7,23.6,29.6,22.1,34.6,0,30
2026-08-16 12:18:55,5,8,8,21.5,32.8,20.1,38.2,0,27
2026-08-16 12:23:55,6,11,11,20,35.3,18.9,40.4,0,28
2026-08-16 12:28:55,11,18,19,18.9,37,18.1,41.8,0,30
2026-08-16 12:33:55,11,22,23,18.2,39,17.5,42.8,0,31
2026-08-16 12:38:55,5,11,11,20.6,38.1,24.1,32.8,0,31
2026-08-16 12:43:55,8,16,17,23.4,33.8,27.3,28.1,0,30
2026-08-16 12:48:55,12,24,25,24.5,31.9,27.2,28.2,0,27
2026-08-16 12:53:55,12,22,22,25.4,30.6,27.8,27.8,0,27
2026-08-16 12:58:55,8,19,21,26.3,29.9,28.7,27,0,30
2026-08-16 13:03:55,18,27,28,25.8,29.5,26.2,29.9,0,30
2026-08-16 13:08:55,21,30,33,23.5,31.3,22.4,35.5,0,30
2026-08-16 13:13:55,15,24,25,23,33.5,24.1,33.6,0,30
2026-08-16 13:18:55,9,22,24,25,31.2,27.8,28.2,0,30
2026-08-16 13:23:55,19,29,32,24.8,30.6,25.5,30.8,0,30
2026-08-16 13:28:55,22,30,31,22.9,32.8,22.4,35.8,0,30
2026-08-16 13:33:55,21,32,34,21.4,35.1,21.1,38.8,0,30
2026-08-16 13:38:55,22,30,33,20.5,37.2,20.8,40.2,0,30
2026-08-16 13:43:55,21,32,36,20.1,38.2,21.1,40.5,0,28
2026-08-16 13:48:55,20,32,33,20.1,39.4,21.9,39.8,0,28
2026-08-16 13:53:55,22,32,34,20.4,39.5,22.5,39.4,0,31
2026-08-16 13:58:55,21,29,32,20.7,38.6,23.2,38.6,0,31
2026-08-16 14:03:55,18,29,30,21.1,38.1,23.7,38.2,0,31
2026-08-16 14:08:55,18,26,28,21.6,37.6,24.9,36.8,0,31
2026-08-16 14:13:55,9,24,25,22.3,36.3,25.5,35.9,0,31
2026-08-16 14:18:55,7,19,20,22.8,35.3,25.9,35.7,0,28
2026-08-16 14:23:55,8,19,19,23.2,34.2,26,35.5,0,31
2026-08-16 14:28:55,6,16,16,23.2,33.8,25.1,36.3,0,28
2026-08-16 14:33:55,9,20,20,22.8,34,24.2,36.8,0,28
2026-08-16 14:38:55,11,22,23,22.4,34.5,23.5,37.3,0,29
2026-08-16 14:43:55,7,18,19,21.8,35.2,22.7,37.7,0,29
2026-08-16 14:48:55,9,22,23,21.2,35.6,22,38.2,0,29
2026-08-16 14:53:55,8,20,22,20.6,35.8,21.3,38.7,0,29
2026-08-16 14:58:55,9,22,23,20.1,36.6,20.7,39.1,0,29
2026-08-16 15:03:55,11,22,23,19.6,37.6,20.1,39.7,0,28
2026-08-16 15:08:56,7,20,22,19.2,37.8,19.6,40.2,0,31
2026-08-16 15:13:55,7,21,22,18.8,38.5,19.2,40.5,0,28
2026-08-16 15:18:55,8,20,20,18.4,39.2,18.8,40.9,0,31
2026-08-16 15:23:55,8,22,23,18.1,39.7,18.5,41.3,0,31
2026-08-16 15:28:56,6,16,17,20.6,39.3,24.7,32.5,0,28
2026-08-16 15:33:55,7,16,17,23.7,33.8,28.2,27.3,0,31
2026-08-16 15:38:55,5,16,16,25.7,31.3,29.2,26.3,0,28
2026-08-16 15:43:55,6,9,12,26.9,29.4,30,25.6,0,31
2026-08-16 15:48:56,5,12,14,27.6,28.1,30.3,25.3,0,31
2026-08-16 15:53:55,5,15,18,28,27.7,30.2,25.4,0,31
2026-08-16 15:58:55,6,14,16,28.3,27.2,30.3,25.2,0,31
2026-08-16 16:03:55,4,15,17,28.5,26.8,30.4,25.1,0,31
2026-08-16 16:08:55,7,13,15,28.4,26.6,30.1,25.3,0,31
2026-08-16 16:13:55,6,12,14,28.4,26.2,30.1,25.2,0,31
2026-08-16 16:18:56,4,12,13,28.4,26.3,30.1,25.1,0,31
2026-08-16 16:23:55,4,8,11,28.3,26,30,25.2,0,31
2026-08-16 16:28:55,1,6,7,28.3,25.9,30.2,24.9,0,31
2026-08-16 16:33:55,4,8,8,28.4,25.9,30.1,24.8,0,31
2026-08-16 16:38:55,2,6,7,28.3,25.7,30,24.7,0,31
2026-08-16 16:43:55,3,11,11,28.3,25.5,30.1,24.6,0,31
2026-08-16 16:48:56,3,9,11,28.3,25.5,30.1,24.5,0,28
2026-08-16 16:53:56,4,7,10,28.3,25.4,29.9,24.6,0,28
2026-08-16 16:58:55,4,8,11,28.3,25.3,29.9,24.6,0,31
2026-08-16 17:03:56,4,7,8,28.3,25.6,30,24.5,0,31
2026-08-16 17:08:56,4,11,12,28.4,25.6,30.1,24.3,0,31
2026-08-16 17:13:56,4,7,7,28.4,25.5,30,24.3,0,31
2026-08-16 17:18:55,7,18,20,28.4,26.1,30.2,24.2,0,31
2026-08-16 17:23:55,6,21,23,28.4,26.3,30.2,24.2,0,31
2026-08-16 17:28:56,7,18,18,28.3,26.3,30,24.3,0,28
2026-08-16 17:33:55,5,11,13,28.3,26.3,30,24.4,0,31
2026-08-16 17:38:56,4,11,12,28.3,26.3,30.1,24.2,0,28
2026-08-16 17:43:56,5,13,14,28.2,26,29.7,24.5,0,28
2026-08-16 17:48:56,4,8,10,28.1,26.2,29.4,24.8,0,28
2026-08-16 17:53:56,5,11,13,28,26.1,29.4,24.9,0,31
2026-08-16 17:58:56,3,8,8,28,26.3,29.3,25,0,31
2026-08-16 18:03:55,4,9,9,28,26.3,29.5,24.8,0,28
2026-08-16 18:08:56,3,8,10,27.8,26.3,29.3,24.9,0,31
2026-08-16 18:13:56,4,11,11,27.9,26.2,29.5,24.5,0,31
2026-08-16 18:18:56,3,8,11,27.8,26.3,29.2,24.8,0,28
2026-08-16 18:23:56,4,10,10,27.7,26.3,29.1,24.8,1,31
2026-08-16 18:28:56,4,9,9,27.7,26.2,29.1,24.8,0,28
2026-08-16 18:33:56,2,4,5,27.8,26,29.2,24.8,0,31
2026-08-16 18:38:56,3,7,9,27.7,26.1,29.1,24.9,0,29
2026-08-16 18:43:56,3,7,7,27.7,26.2,29,24.8,0,29
2026-08-16 18:48:56,3,6,7,27.7,26.1,29.2,24.5,0,29
2026-08-16 18:53:56,2,8,8,27.7,26,29.2,24.4,0,29
2026-08-16 18:58:56,2,8,10,27.7,25.9,29.2,24.4,0,29
2026-08-16 19:03:56,5,9,9,27.6,26.2,28.8,24.8,0,29
2026-08-16 19:08:56,3,8,8,27.4,26.2,28.6,24.9,1,29
2026-08-16 19:13:56,3,6,7,27.4,26.3,28.6,25,0,29
2026-08-16 19:18:56,2,6,7,27.4,26.5,28.5,25.1,0,29
2026-08-16 19:23:56,2,8,8,27.3,26.7,28.6,25,0,29
2026-08-16 19:28:56,5,9,13,27.3,26.6,28.5,25,0,29
2026-08-16 19:33:56,4,12,12,27.3,26.6,28.5,25,0,29
2026-08-16 19:38:56,6,14,15,27.3,26.6,28.4,25.1,0,29
2026-08-16 19:43:56,4,8,11,27.2,26.7,28.2,25.5,0,29
2026-08-16 19:48:56,5,12,13,27.2,27,28.3,25.5,0,29
2026-08-16 19:53:56,7,13,15,27.2,26.9,28.5,25.3,0,29
2026-08-16 19:58:56,5,15,17,27.2,26.9,28.7,25.1,0,29
2026-08-16 20:03:56,7,15,18,27.3,26.6,28.7,25,0,29
2026-08-16 20:08:56,6,14,17,27.3,26.9,28.6,25.1,0,29
2026-08-16 20:13:56,6,18,19,27.2,26.8,28.4,25.3,0,29
2026-08-16 20:18:56,4,10,13,27.2,27,28.3,25.5,0,29
2026-08-16 20:23:56,4,8,11,27.1,27.1,28.4,25.4,0,29
2026-08-16 20:28:56,5,14,14,27.2,26.9,28.7,25.1,0,29
2026-08-16 20:33:56,5,14,15,27.1,26.8,28.4,25.3,0,29
2026-08-16 20:38:56,6,16,17,27.1,27.1,28.1,25.7,0,29
2026-08-16 20:43:56,5,12,13,27.1,27.1,28.3,25.6,0,29
2026-08-16 20:48:56,6,15,16,27.2,27,28.5,25.4,0,29
2026-08-16 20:53:56,6,13,15,27.2,27,28.4,25.4,0,29
2026-08-16 20:58:56,5,16,16,27.2,26.9,28.6,25.1,0,29
2026-08-16 21:03:56,5,12,13,27.2,26.7,28.6,25.1,0,29
2026-08-16 21:08:56,6,16,19,27.1,26.8,,,,29
2026-08-16 21:13:56,8,17,20,27,27.1,28,25.8,0,29
2026-08-16 21:18:56,6,15,16,27.1,27.1,28.3,25.6,0,29
2026-08-16 21:23:56,6,16,16,27.1,27.1,28.2,25.7,0,29
2026-08-16 21:28:56,6,16,19,26.9,27.1,28.1,25.7,0,29
2026-08-16 21:33:56,8,20,20,26.9,27,28.1,25.6,0,29
2026-08-16 21:38:56,7,19,22,26.9,27.2,,,,29
2026-08-16 21:43:56,6,17,17,26.9,27.1,28,25.8,0,29
2026-08-16 21:48:56,7,16,19,27,27.4,28.2,25.7,0,29
2026-08-16 21:53:56,6,18,19,27,27.4,28.1,25.7,0,29
2026-08-16 21:58:56,7,17,19,27,27.4,28.3,25.5,0,29
2026-08-16 22:03:56,6,16,17,27,27.2,28.2,25.7,0,29
2026-08-16 22:08:56,8,18,20,26.9,27.3,28,25.8,0,29
2026-08-16 22:13:56,7,18,19,26.8,27.5,27.7,26.1,0,29
2026-08-16 22:18:56,8,20,20,26.9,27.5,28,26,0,29
2026-08-16 22:23:56,7,18,18,26.9,27.5,28.1,25.9,0,29
2026-08-16 22:28:56,6,18,18,27,27.3,28.3,25.6,0,29
2026-08-16 22:33:56,7,19,20,27,27.3,28.1,25.7,0,29
2026-08-16 22:38:56,7,21,21,27,27.2,28.2,25.6,0,28
2026-08-16 22:43:56,6,18,19,27,27,,,,31
2026-08-16 22:48:56,7,18,18,27,27.4,27.9,26.1,0,31
2026-08-16 22:53:56,5,13,15,26.9,27.3,27.9,26.2,0,29
2026-08-16 22:58:56,0,5,6,26.9,26.7,28.1,25.8,0,29
2026-08-16 23:03:56,0,0,0,26.8,25.9,27.9,25.8,0,29
2026-08-16 23:08:56,0,0,0,26.7,25.8,27.8,25.7,0,29
2026-08-16 23:13:56,0,0,0,26.6,25.7,27.3,26.2,0,29
2026-08-16 23:18:56,0,0,0,26.5,25.5,27.5,25.7,0,28
2026-08-16 23:23:56,0,0,0,26.5,25.1,27.7,25,0,29
2026-08-16 23:28:57,0,0,0,26.4,25.1,27.7,24.7,0,29
2026-08-16 23:33:57,0,0,0,26.4,25.5,27.5,24.8,0,29
2026-08-16 23:38:57,0,0,0,26.2,25.1,27.5,24.6,0,31
2026-08-16 23:43:56,0,0,0,26.2,24.8,27.5,24.4,0,28
2026-08-16 23:48:56,0,0,0,26.5,24.9,27.8,24.3,0,28
2026-08-16 23:53:56,0,0,0,26.6,24.5,28.1,23.8,0,31
2026-08-16 23:58:56,0,0,0,26.6,24.4,28.2,23.6,0,31
2026-08-17 00:03:56,0,0,0,26.9,24.2,28.5,23.1,0,28
2026-08-17 00:08:57,0,0,0,26.7,23.9,28.1,22.7,0,28
2026-08-17 00:13:57,0,0,0,26.7,23.8,28.2,23.2,0,29
2026-08-17 00:18:56,0,0,0,26.8,23.6,28.2,23.1,0,29
2026-08-17 00:23:57,0,0,0,26.7,23.8,28,23,0,29
2026-08-17 00:28:57,0,0,0,26.8,23.4,28.3,22.5,0,29
2026-08-17 00:33:57,0,0,0,26.7,23.7,28.2,22.5,0,29
2026-08-17 00:38:57,0,0,0,26.6,23.6,28.1,22.5,0,29
2026-08-17 00:43:57,0,0,0,26.8,23.3,28.3,22.3,0,29
2026-08-17 00:48:57,8,16,18,27,25.2,28.5,22.5,0,29
2026-08-17 00:53:57,8,22,23,27.2,26.1,28.7,22.9,0,29
2026-08-17 00:58:57,12,24,24,27.3,26,28.8,23.1,0,29
2026-08-17 01:03:57,13,22,24,27.3,26,28.7,23.3,0,28
2026-08-17 01:08:57,12,24,25,27.4,26.1,28.7,23.3,0,28
2026-08-17 01:13:57,17,26,29,27.4,26.2,28.6,23.5,0,28
2026-08-17 01:18:57,17,28,28,27.3,26.5,28.4,24,0,28
2026-08-17 01:23:56,17,26,27,27.2,26.7,28.2,24.3,0,28
2026-08-17 01:28:57,10,23,24,27.1,26.6,28.2,24.3,0,28
2026-08-17 01:33:57,10,23,24,27,26.7,28.1,24.4,0,29
2026-08-17 01:38:57,11,25,27,26.9,26.7,28.1,24.4,0,29
2026-08-17 01:43:56,12,23,24,27,26.4,28.2,24.2,0,29
2026-08-17 01:48:57,12,24,25,26.9,26.4,27.9,24.5,0,29
2026-08-17 01:53:56,6,21,21,26.8,26.6,27.7,24.9,0,29
2026-08-17 01:58:57,9,23,24,26.8,26.8,27.8,24.8,0,29
2026-08-17 02:03:57,10,24,24,26.8,26.7,28,24.6,0,29
2026-08-17 02:08:57,11,24,25,26.6,27,27.3,25.5,0,29
2026-08-17 02:13:57,9,22,22,26.5,27,27.8,25,0,29
2026-08-17 02:18:57,11,20,25,26.6,26.8,27.8,24.8,0,29
2026-08-17 02:23:57,13,25,26,26.7,26.9,27.9,24.7,0,29
2026-08-17 02:28:57,14,24,26,26.6,27,27.5,25.3,0,29
2026-08-17 02:33:57,8,22,23,26.7,27.3,27.8,25.1,0,29
2026-08-17 02:38:57,12,25,26,26.6,27.1,27.7,25.1,0,29
2026-08-17 02:43:57,13,28,29,26.6,27.2,27.6,25.2,0,29
2026-08-17 02:48:57,18,27,28,26.5,27.4,27.4,25.4,0,29
2026-08-17 02:53:57,14,26,27,26.4,27.7,27.3,25.8,0,29
2026-08-17 02:58:57,12,25,26,26.4,27.8,27.4,25.8,0,29
2026-08-17 03:03:57,13,27,28,26.5,27.7,27.6,25.5,0,29
2026-08-17 03:08:57,11,23,24,26.5,27.6,27.5,25.5,0,29
2026-08-17 03:13:57,11,25,26,26.4,27.5,27.1,26,1,29
2026-08-17 03:18:57,8,23,23,26.4,27.9,27.4,26,0,29
2026-08-17 03:23:57,6,8,8,26.4,27.5,27.4,25.9,0,29
2026-08-17 03:28:57,1,4,5,26.4,27.5,27.4,25.8,0,29
2026-08-17 03:33:57,1,5,5,26.5,27.5,27.6,25.7,0,29
2026-08-17 03:38:57,1,3,3,26.6,27.3,27.5,25.9,0,29
2026-08-17 03:43:57,2,8,8,26.6,27.4,27.5,25.9,0,29
2026-08-17 03:48:57,6,16,18,26.6,27.9,27.8,25.7,0,29
2026-08-17 03:53:57,8,22,23,26.6,27.9,27.6,25.9,0,29
2026-08-17 03:58:57,10,22,22,26.5,28,,,,29
2026-08-17 04:03:57,7,24,24,26.5,28.3,27.3,26.5,0,29
2026-08-17 04:08:57,8,22,23,26.5,28.3,27.5,26.3,0,29
2026-08-17 04:13:57,10,22,22,26.5,28.2,27.5,26.2,0,29
2026-08-17 04:18:57,14,27,29,26.4,28.1,27.4,26.4,0,29
2026-08-17 04:23:57,15,26,27,26.3,28.3,27.2,26.7,0,29
2026-08-17 04:28:57,17,27,27,26.3,28.5,27.2,26.8,0,29
2026-08-17 04:33:57,15,27,29,26.3,28.3,27.3,26.5,0,29
2026-08-17 04:38:57,14,29,30,26.4,28.3,27.4,26.3,0,29
2026-08-17 04:43:57,17,28,31,26.3,28.3,,,,29
2026-08-17 04:48:57,12,24,24,26.3,28.4,27.2,26.7,0,29
2026-08-17 04:53:57,8,22,23,26.3,28.6,27.3,26.7,0,29
2026-08-17 04:58:57,8,19,21,26.4,28.4,27.5,26.4,0,29
2026-08-17 05:03:57,7,22,22,26.2,28.5,27.2,26.7,0,29
2026-08-17 05:08:57,6,16,16,26.2,28.6,27.2,26.8,0,29
2026-08-17 05:13:57,0,0,0,26.2,27.9,,,,29
2026-08-17 05:18:57,0,0,0,25.8,27.7,26.4,27.5,0,29
2026-08-17 05:23:57,0,0,0,25.3,27.8,26.1,27.5,0,29
2026-08-17 05:28:57,0,0,0,25.3,28.2,26.1,27.4,0,29
2026-08-17 05:33:57,0,0,0,25.4,28.2,26.1,27.4,0,29
2026-08-17 05:38:57,0,0,0,25.3,27.8,25.9,27.5,0,29
2026-08-17 05:43:57,0,0,0,25.3,27.6,25.9,27.2,0,29
2026-08-17 05:48:58,0,0,0,25,27.7,25.3,27.7,0,29
2026-08-17 05:53:57,0,0,0,25,27.9,25.6,27.3,0,29
2026-08-17 05:58:58,0,0,0,25.1,27.9,25.9,26.8,0,29
2026-08-17 06:03:58,0,0,0,25.1,27.8,25.6,27,0,29
2026-08-17 06:08:57,0,0,0,24.8,28,25.1,27.6,0,29
2026-08-17 06:13:57,0,0,0,24.8,28.1,25.3,27.6,0,29
2026-08-17 06:19:00,0,0,0,24.7,28.1,25.2,27.5,0,29
2026-08-17 06:23:57,0,0,0,24.8,28.1,25.5,27.1,0,29
2026-08-17 06:28:58,1,5,5,25,29.2,25.6,27.2,0,29
2026-08-17 06:33:57,5,15,16,25.2,29.4,26,27.2,0,29
2026-08-17 06:38:57,6,17,21,25.4,29.5,26.3,27,0,29
2026-08-17 06:43:57,5,15,16,25.5,29.3,26.1,27.3,1,29
2026-08-17 06:48:58,3,7,7,25.6,29.3,26.2,27.5,0,29
2026-08-17 06:53:58,4,8,8,25.6,29.3,26.4,27.4,0,29
2026-08-17 06:58:57,3,7,7,25.7,29,26.5,27.3,0,29
2026-08-17 07:03:57,4,8,8,25.6,29.1,26.4,27.5,1,29
2026-08-17 07:08:57,6,12,12,25.6,29.4,26.3,28,0,29
2026-08-17 07:13:57,5,8,8,25.6,29.4,26.4,27.7,0,29
2026-08-17 07:18:58,5,9,11,25.5,29.3,26.1,28,0,29
2026-08-17 07:23:57,2,5,5,25.5,29.5,26.1,28.2,0,29
2026-08-17 07:28:58,1,5,6,25.7,28.7,26.6,27.6,0,29
2026-08-17 07:33:57,0,1,2,25.8,28.7,26.6,27.5,0,29
2026-08-17 07:38:58,3,6,6,25.9,29,26.8,27.3,0,29
2026-08-17 07:43:58,2,4,4,25.8,28.7,26.4,27.8,0,29
2026-08-17 07:48:57,4,6,7,25.7,29.2,26.4,28,0,29
2026-08-17 07:53:58,2,6,6,25.7,29.1,26.5,27.9,0,29
2026-08-17 07:58:58,4,8,8,25.8,29,26.5,27.7,0,29
2026-08-17 08:03:58,2,5,5,25.7,29.1,26.4,28,0,29
2026-08-17 08:08:58,2,4,6,25.8,29.3,26.6,27.9,0,29
2026-08-17 08:13:58,1,4,4,25.9,29,26.8,27.6,0,29
2026-08-17 08:18:58,2,5,5,25.8,29.1,26.6,27.8,0,29
2026-08-17 08:23:58,2,3,4,25.7,29.4,26.3,28.4,0,29
2026-08-17 08:28:58,1,4,4,25.8,29.1,26.8,27.9,0,29
2026-08-17 08:33:58,0,1,1,26,29.1,27,27.7,0,29
2026-08-17 08:38:58,0,2,2,26.1,28.9,27.1,27.5,0,29
2026-08-17 08:43:58,0,0,0,26.1,29,27.2,27.4,0,29
2026-08-17 08:48:58,0,2,2,26.1,28.7,26.9,27.7,0,29
2026-08-17 08:53:58,0,0,0,26.1,28.4,26.9,27.7,0,29
2026-08-17 08:58:58,0,0,0,26.1,28.4,26.9,27.9,0,29
2026-08-17 09:03:58,0,0,0,25.9,28.3,26.8,27.8,0,29
2026-08-17 09:08:58,0,0,0,26,28.6,26.9,27.6,0,29
2026-08-17 09:13:58,0,0,0,26,28.9,26.9,27.7,0,29
2026-08-17 09:18:58,0,0,0,26.1,28.8,26.8,28,0,29
2026-08-17 09:23:58,0,0,0,26.1,28.8,27.1,27.8,0,29
2026-08-17 09:28:58,0,0,0,26.2,28.5,27.5,27.4,0,29
2026-08-17 09:33:58,0,0,0,26.3,28.2,27.3,27.4,0,29
2026-08-17 09:38:58,0,0,0,26.3,28.4,27.2,27.6,0,29
2026-08-17 09:43:58,0,0,0,26.4,29,27.3,27.8,0,29
2026-08-17 09:48:58,0,0,0,26.5,28.7,27.8,27.4,0,29
2026-08-17 09:53:58,0,0,0,26.7,27.9,28,27.2,0,29
2026-08-17 09:58:58,0,0,0,26.8,28.2,28.2,27.1,0,29
2026-08-17 10:03:58,0,0,0,26.9,28,28.4,27.1,0,29
2026-08-17 10:08:58,0,0,0,27.1,28.4,28.7,27,0,31
2026-08-17 10:13:58,0,1,1,27.2,28.8,28.6,27.3,0,31
2026-08-17 10:18:58,0,0,0,27.3,28.5,28.7,27.5,0,29
2026-08-17 10:23:58,0,0,0,27.4,28,29,27.3,0,29
2026-08-17 10:28:58,0,0,0,27.4,27.9,29,27.2,0,29
2026-08-17 10:33:58,0,0,0,27.5,27.8,29.1,26.9,0,29
2026-08-17 10:38:58,0,0,0,27.6,27.6,29.1,26.8,0,29
2026-08-17 10:43:58,0,0,0,27.7,27.5,29.1,26.8,0,31
2026-08-17 10:48:58,0,0,0,27.7,27.4,,,,31
2026-08-17 10:53:58,0,0,1,27.5,27.4,28.9,27.1,0,31
2026-08-17 10:58:58,0,0,0,27.7,27.7,29.1,26.9,0,31
2026-08-17 11:03:58,0,0,0,27.9,27.5,29.5,26.5,0,31
2026-08-17 11:08:58,0,0,0,27.8,27.1,29.2,26.7,0,31
2026-08-17 11:13:58,0,0,1,27.8,27.6,29.3,26.6,0,31
2026-08-17 11:18:58,0,0,0,27.7,27.6,29.3,26.7,0,29
2026-08-17 11:23:58,0,0,0,27.6,27.4,,,,31
2026-08-17 11:28:58,0,0,0,27.8,27.7,29.3,26.7,0,31
2026-08-17 11:33:58,0,3,3,27.9,27.8,29.5,26.8,0,31
2026-08-17 11:38:58,0,0,1,28,28.1,29.8,26.6,0,31
2026-08-17 11:43:58,2,6,6,28.2,28.5,30.2,26.4,0,31
2026-08-17 11:48:58,3,5,6,28.4,28.5,30.4,26.4,0,31
2026-08-17 11:53:58,7,14,14,28.4,28.6,30.2,26.9,0,31
2026-08-17 11:58:58,6,11,14,28.4,28.5,30.1,27.1,0,31
2026-08-17 12:03:58,5,8,10,28.5,28.4,30.5,26.6,0,31
2026-08-17 12:08:58,4,9,11,28.5,27.9,30.4,26.7,0,31
2026-08-17 12:13:58,14,25,25,28.6,27.9,30.4,26.7,0,31
2026-08-17 12:18:58,19,33,36,28.6,27.7,30.3,26.8,0,31
2026-08-17 12:23:58,3,7,7,28.6,28,30.2,27,0,31
2026-08-17 12:28:58,11,24,25,28.7,28.1,30.5,26.7,0,31
2026-08-17 12:33:58,5,14,14,28.7,28.1,30.4,26.8,0,31
2026-08-17 12:38:58,8,20,20,28.8,28,30.7,26.5,0,31
2026-08-17 12:43:58,7,19,19,28.7,28,30.6,26.7,0,31
2026-08-17 12:48:58,7,19,21,28.7,28.2,30.6,26.6,0,31
2026-08-17 12:53:59,12,23,26,28.7,27.7,30.8,26.4,0,31
2026-08-17 12:58:58,11,22,24,28.8,28,31,26.3,0,31
2026-08-17 13:03:59,8,22,23,28.7,27.7,30.7,26.5,0,31
2026-08-17 13:08:58,14,25,25,27.1,28.4,26.7,31.3,0,31
2026-08-17 13:13:58,18,29,30,24.7,31.1,23.4,36.4,0,31
2026-08-17 13:18:58,17,29,29,22.6,33.3,21.4,39.6,0,31
2026-08-17 13:23:58,19,29,29,21.1,36,20.4,41.5,0,31
2026-08-17 13:28:58,18,32,33,20.1,38.1,19.8,42.7,0,31
2026-08-17 13:33:59,17,26,28,19.5,40.3,19.7,43.4,0,31
2026-08-17 13:38:58,11,23,25,19.2,40.7,20.1,43.3,0,31
2026-08-17 13:43:58,18,26,28,19.3,41,20.7,42.6,0,31
2026-08-17 13:48:59,15,26,27,19.6,40.7,21.6,41.3,0,31
2026-08-17 13:53:58,14,26,27,20.1,40.5,22.9,39.9,0,31
2026-08-17 13:58:59,13,24,25,20.9,38.7,24.2,37.8,0,31
2026-08-17 14:03:59,9,23,23,21.7,38.1,25.5,36.1,0,31
2026-08-17 14:08:59,12,25,25,22.6,36.6,26.7,34.8,0,31
2026-08-17 14:13:58,18,26,29,23.5,35.9,27.9,33.7,0,31
2026-08-17 14:18:59,21,34,38,24.4,34.7,29.1,32.7,0,31
2026-08-17 14:23:59,13,24,24,25.4,33.2,30.3,31.7,0,31
2026-08-17 14:28:58,14,25,26,26.4,32.1,31.4,31,0,31
2026-08-17 14:33:58,14,25,25,27.3,31.1,32.5,29.8,0,31
2026-08-17 14:38:59,8,21,23,28.2,29.8,33.6,28.9,0,31
2026-08-17 14:43:58,39,61,71,29,28.5,34.6,27.9,0,31
2026-08-17 14:48:59,15,27,28,29.9,27.8,35.1,26.5,0,31
2026-08-17 14:53:59,13,27,28,30.3,27.2,34,28.3,0,31
2026-08-17 14:58:59,29,43,52,29.9,27.2,32.7,28.8,0,31
2026-08-17 15:03:59,22,33,37,29,27.4,31.1,29.9,0,31
2026-08-17 15:08:59,18,29,29,28,27.9,29.5,30.5,0,31
2026-08-17 15:13:59,16,29,29,26.9,29.2,28.1,31.3,0,31
2026-08-17 15:18:59,22,38,44,25.8,29.9,26.8,32.2,0,31
2026-08-17 15:23:59,19,32,35,24.9,30.9,25.8,33,0,31
2026-08-17 15:28:59,22,35,40,23.9,32.3,24.9,33.7,0,31
2026-08-17 15:33:59,22,36,42,23.1,33.1,24.1,34.4,0,31
2026-08-17 15:38:59,19,32,36,22.5,34.1,23.4,35,0,31
2026-08-17 15:43:58,20,32,40,21.9,35,22.8,35.6,0,31
2026-08-17 15:48:59,20,33,37,21.4,35.8,22.3,36.1,0,31
2026-08-17 15:53:59,19,33,37,21,36.3,21.9,36.6,0,31
2026-08-17 15:58:59,22,34,39,20.6,36.9,21.5,37.1,0,31
2026-08-17 16:03:59,22,35,40,20.3,37.8,21.2,37.5,0,31
2026-08-17 16:08:59,20,34,40,20,38.6,20.9,38,0,31
2026-08-17 16:13:59,21,34,38,19.7,38.5,20.6,38.4,0,31
2026-08-17 16:18:59,20,33,36,19.5,39.2,20.3,38.8,0,31
2026-08-17 16:23:59,21,33,37,19.3,39.8,20.1,39.1,0,31
2026-08-17 16:28:59,22,36,42,19.1,40.4,19.9,39.5,0,31
2026-08-17 16:33:59,27,44,54,19,40.3,19.7,39.8,0,31
2026-08-17 16:38:59,21,35,42,18.8,40.6,19.6,40,0,31
2026-08-17 16:43:59,20,35,41,18.7,40.7,19.4,40.3,0,31
2026-08-17 16:48:59,22,36,41,18.5,41.5,19.2,40.6,0,31
2026-08-17 16:53:59,22,34,41,18.4,41.5,19.1,40.9,0,31
2026-08-17 16:58:59,19,33,39,18.3,41.6,19,41.2,0,31
2026-08-17 17:03:59,22,36,42,18.2,42.1,18.8,41.4,0,31
2026-08-17 17:08:59,23,36,42,18.2,42.2,18.7,41.7,0,31
2026-08-17 17:13:59,22,37,45,18.1,42.5,18.6,41.9,0,31
2026-08-17 17:18:59,23,38,45,18,42.8,18.5,42.2,0,31
2026-08-17 17:23:59,22,37,46,18,42.9,18.5,42.4,0,31
2026-08-17 17:28:59,23,36,43,17.9,43,18.4,42.6,0,31
2026-08-17 17:33:59,22,39,47,17.8,43,18.3,42.8,0,31
2026-08-17 17:38:59,22,37,45,17.8,43.3,18.2,43,0,31
2026-08-17 17:43:59,23,38,46,17.7,43.7,18.2,43.2,0,31
2026-08-17 17:48:59,22,36,46,17.6,43.8,18.1,43.5,0,31
2026-08-17 17:53:59,23,36,40,17.6,43.5,18,43.6,0,31
2026-08-17 17:58:59,21,35,40,17.5,43.8,18,43.8,0,31
2026-08-17 18:03:59,21,33,38,17.5,43.6,17.9,43.8,0,31
2026-08-17 18:08:59,21,35,41,17.4,43.9,17.8,44,0,31
2026-08-17 18:13:59,14,29,29,19.3,46.5,22.8,37.3,0,31
2026-08-17 18:18:59,19,34,39,21.6,38.2,24.3,33.1,0,31
2026-08-17 18:23:59,18,32,35,23,35.7,25.3,31.8,0,31
2026-08-17 18:28:59,13,28,31,23.3,35.8,25.7,32,0,31
2026-08-17 18:33:59,17,31,34,24.7,33.2,26.6,30.3,0,31
2026-08-17 18:38:59,10,23,23,24.7,34.1,26.8,30.9,0,31
2026-08-17 18:43:59,10,23,23,26.3,32.2,29.3,27.6,0,31
2026-08-17 18:48:59,11,25,27,27.3,30.8,30,26.9,0,31
2026-08-17 18:53:59,35,74,86,27.8,30.1,30.1,26.9,0,31
2026-08-17 18:58:59,21,34,41,28.2,29.9,30.4,26.9,0,31
2026-08-17 19:03:59,14,26,27,28.5,29.4,30.6,26.7,0,31
2026-08-17 19:08:59,7,21,22,28.7,29.2,30.7,26.6,0,31
2026-08-17 19:13:59,7,20,20,28.9,28.9,31,26.3,0,31
2026-08-17 19:18:59,7,19,19,28.9,28.5,30.9,26.4,0,31
2026-08-17 19:23:59,6,20,20,29.1,28.6,31.1,26.1,0,31
2026-08-17 19:28:59,9,22,22,29.1,28.4,31.1,26.1,0,31
2026-08-17 19:33:59,11,23,25,29.1,28.5,31.1,26.1,0,31
2026-08-17 19:38:59,9,24,24,29.1,28.6,31,26.2,0,31
2026-08-17 19:43:59,12,24,24,29,28.5,,,,31
2026-08-17 19:48:59,6,21,22,29,28.6,30.6,26.7,0,31
2026-08-17 19:53:59,8,20,22,29,28.6,30.7,26.7,0,31
2026-08-17 19:58:59,8,20,22,29,28.6,30.8,26.5,0,31
2026-08-17 20:03:59,14,27,28,29,28.5,30.9,26.4,0,31
2026-08-17 20:08:59,20,31,33,28.9,28.4,30.8,26.4,0,31
2026-08-17 20:13:59,21,33,38,29,28,30.9,26.2,0,31
2026-08-17 20:18:59,8,21,22,28.9,28.3,30.8,26.2,0,31
2026-08-17 20:24:00,9,25,25,28.9,28,30.8,26.1,0,31
2026-08-17 20:28:59,8,22,23,28.8,28.1,30.6,26.2,0,31
2026-08-17 20:33:59,12,24,24,28.8,28.2,30.6,26.2,0,31
2026-08-17 20:38:59,11,23,24,28.8,28.2,30.5,26.2,0,31
2026-08-17 20:43:59,11,22,24,28.8,28,30.5,26.2,0,31
2026-08-17 20:48:59,7,19,19,28.8,28.3,30.5,26.3,0,31
2026-08-17 20:53:59,6,22,22,28.8,28.1,30.5,26.3,0,31
2026-08-17 20:58:59,11,22,24,28.7,28.3,30.3,26.6,0,31
2026-08-17 21:04:00,9,20,22,28.7,28.5,30.3,26.5,0,31
2026-08-17 21:08:59,9,23,24,28.6,28.2,30.2,26.5,0,31
2026-08-17 21:13:59,9,24,26,28.7,28.2,30.4,26.2,0,31
2026-08-17 21:18:59,9,24,25,28.6,28.1,30.3,26.3,0,31
2026-08-17 21:23:59,8,22,24,28.6,28.1,30.2,26.4,0,31
2026-08-17 21:28:59,11,23,23,28.7,28,30.4,26,0,31
2026-08-17 21:33:59,8,22,23,28.7,28.1,30.4,26,0,31
2026-08-17 21:39:00,9,24,24,28.5,28.3,29.8,26.8,0,31
2026-08-17 21:44:00,7,19,21,28.4,28.3,29.8,26.9,0,31
2026-08-17 21:48:59,11,24,24,28.4,28.4,29.9,26.7,0,31
2026-08-17 21:53:59,9,25,26,28.4,28.3,29.9,26.5,0,31
2026-08-17 21:59:00,11,22,23,28.4,28.3,30,26.4,0,31
2026-08-17 22:03:59,11,24,25,28.3,28.4,29.8,26.5,0,31
2026-08-17 22:09:00,10,23,23,28.2,28.4,29.7,26.6,0,31
2026-08-17 22:14:00,11,24,26,28.3,28.3,29.9,26.5,0,31
2026-08-17 22:19:00,8,24,24,28.4,28.4,29.9,26.5,0,31
2026-08-17 22:24:00,9,23,24,28.3,28.4,29.7,26.9,0,31
2026-08-17 22:29:00,9,23,25,28.2,28.5,29.5,27.1,0,31
2026-08-17 22:33:59,9,20,22,28.4,28.5,29.8,26.6,0,31
2026-08-17 22:39:00,8,24,24,28.3,28.5,29.7,26.8,0,31
2026-08-17 22:44:00,15,24,26,28.2,28.3,29.5,26.9,0,31
2026-08-17 22:49:00,14,26,28,28.2,28.6,29.5,26.8,0,31
2026-08-17 22:54:00,14,28,28,28.1,28.4,29.4,27,0,31
2026-08-17 22:59:00,14,26,28,28.1,28.5,29.5,27,1,31
2026-08-17 23:04:00,16,29,31,28,28.4,29.2,27.4,0,31
2026-08-17 23:09:00,10,23,25,28.1,28.3,29.4,27.2,0,31
2026-08-17 23:14:00,10,23,25,28.1,28.4,29.4,27.1,0,31
2026-08-17 23:19:00,9,24,26,28.1,28.4,29.3,27.1,0,31
2026-08-17 23:24:00,11,24,25,28.1,28,29.5,26.9,0,31
2026-08-17 23:29:00,9,24,25,28.1,28,29.5,26.7,0,31
2026-08-17 23:34:00,8,22,24,28,28,29.1,27.2,0,31
2026-08-17 23:39:00,5,19,19,27.9,28.2,29.2,27.2,0,31
2026-08-17 23:44:00,6,19,19,28,27.8,29.4,26.9,0,31
2026-08-17 23:49:00,9,18,19,28.1,28,29.6,26.6,0,31
2026-08-17 23:54:00,7,21,22,28.1,27.8,29.5,26.6,0,31
2026-08-17 23:59:00,7,20,22,28.2,27.7,29.7,26.4,0,31
2026-08-18 00:04:00,6,14,16,28.2,27.6,29.7,26.4,0,31
2026-08-18 00:09:00,8,19,19,28.1,27.5,29.4,26.7,0,31
2026-08-18 00:14:00,4,10,12,28.1,27.6,29.3,26.9,0,31
2026-08-18 00:19:00,3,8,10,28.1,28,29.5,26.7,0,31
2026-08-18 00:24:00,5,11,13,28.2,27.8,29.7,26.5,0,31
2026-08-18 00:29:00,5,9,9,28.2,27.5,29.7,26.4,0,31
2026-08-18 00:34:00,2,10,12,28.1,27.4,29.6,26.3,0,31
2026-08-18 00:39:00,6,16,16,28.1,27.4,29.7,26.3,0,31
2026-08-18 00:44:00,5,12,13,28.1,27.5,29.5,26.3,0,31
2026-08-18 00:49:00,5,12,14,28,27.5,,,,31
2026-08-18 00:54:00,7,17,18,28.1,27.8,29.6,26.2,0,31
2026-08-18 00:59:00,6,17,21,28.1,28.1,29.3,26.7,0,31
2026-08-18 01:04:00,9,24,26,28,28.1,29.5,26.5,0,31
2026-08-18 01:09:00,11,24,24,28,28,29.3,26.5,0,31
2026-08-18 01:14:00,13,26,27,27.9,28,29.1,26.7,0,31
2026-08-18 01:19:00,15,24,26,27.7,28.1,28.9,27,0,31
2026-08-18 01:24:00,8,23,25,27.6,28.4,28.8,27.2,0,31
2026-08-18 01:29:00,7,22,24,27.7,28.3,29,26.9,0,31
2026-08-18 01:34:00,10,22,24,27.7,28.3,29.2,26.6,0,31
2026-08-18 01:39:00,11,24,27,27.8,28.2,29.4,26.3,0,31
2026-08-18 01:44:00,13,24,25,27.7,28.1,29,26.7,0,31
2026-08-18 01:49:00,9,24,26,27.7,28.4,29,26.8,0,31
2026-08-18 01:54:00,9,20,20,27.7,28.3,28.9,26.9,0,31
2026-08-18 01:59:00,12,24,24,27.7,28.3,29,26.9,0,31
2026-08-18 02:04:00,10,21,23,27.6,28.2,28.9,26.8,0,31
2026-08-18 02:09:00,8,23,24,27.6,28.3,29,26.7,0,31
2026-08-18 02:14:01,8,19,21,27.5,28.1,28.7,27,0,31
2026-08-18 02:19:00,7,18,22,27.5,28,28.7,27,0,31
2026-08-18 02:24:00,6,18,20,27.4,28.2,28.5,27.2,0,31
2026-08-18 02:29:00,7,17,19,27.5,28.1,28.8,26.8,0,31
2026-08-18 02:34:01,7,22,23,27.4,28.1,28.8,26.7,0,31
2026-08-18 02:39:01,8,20,20,27.4,28.1,28.7,26.7,0,31
2026-08-18 02:44:00,8,20,22,27.4,28,28.7,26.7,0,31
2026-08-18 02:49:01,8,20,22,27.4,27.8,,,,31
2026-08-18 02:54:00,5,14,15,27.4,27.8,28.6,26.7,0,31
2026-08-18 02:59:00,4,11,11,27.2,27.8,28.3,27,0,31
2026-08-18 03:04:01,6,11,12,27.1,27.8,28.4,26.8,0,31
2026-08-18 03:09:00,3,12,12,27.2,27.7,28.4,26.6,0,31
2026-08-18 03:14:01,5,12,13,27.1,27.6,28.1,26.8,0,31
2026-08-18 03:19:01,5,15,17,26.9,27.8,27.9,26.9,0,31
2026-08-18 03:24:01,3,11,12,26.8,27.8,27.9,27,0,31
2026-08-18 03:29:01,5,14,17,26.8,27.9,27.9,26.9,0,31
2026-08-18 03:34:00,7,19,19,26.8,27.7,27.8,26.9,0,31
2026-08-18 03:39:01,6,17,18,26.8,27.9,27.8,26.9,0,31
2026-08-18 03:44:00,6,17,17,26.7,27.8,27.9,26.9,0,31
2026-08-18 03:49:01,6,17,19,26.8,27.7,27.8,26.8,0,31
2026-08-18 03:54:01,6,17,19,26.7,27.3,27.6,26.8,0,31
2026-08-18 03:59:00,5,14,18,26.7,27.4,27.6,27,0,31
2026-08-18 04:04:01,6,13,13,26.7,27.4,27.6,26.8,0,31
2026-08-18 04:09:01,6,14,15,26.7,27.4,27.8,26.5,0,31
2026-08-18 04:14:01,6,17,20,26.7,27.4,27.8,26.4,0,31
2026-08-18 04:19:01,6,18,18,26.7,27,,,,31
2026-08-18 04:24:01,3,8,12,26.8,27.1,27.8,26.3,0,31
2026-08-18 04:29:01,4,12,13,26.9,26.9,27.9,26.1,0,31
2026-08-18 04:34:01,5,11,11,26.8,26.9,27.9,26.1,0,31
2026-08-18 04:39:01,5,17,18,26.9,27,28,25.9,0,31
2026-08-18 04:44:01,7,17,19,26.7,27,27.6,26.2,0,31
2026-08-18 04:49:01,7,19,19,26.7,27,27.7,26.1,0,31
2026-08-18 04:54:01,5,8,8,26.7,27.1,27.5,26.5,0,31
2026-08-18 04:59:01,4,8,8,26.7,27.2,27.7,26.2,0,31
2026-08-18 05:04:01,4,10,10,26.7,27.2,27.7,26.2,0,31
2026-08-18 05:09:01,5,13,15,26.6,27.2,27.5,26.3,0,31
2026-08-18 05:14:01,4,12,16,26.5,27.2,27.2,26.6,0,31
2026-08-18 05:19:01,3,8,8,26.5,27.3,27.5,26.4,0,31
2026-08-18 05:24:01,5,11,11,26.5,27.2,27.5,26.4,0,31
2026-08-18 05:29:01,5,13,13,26.5,27.3,27.6,26.2,0,31
2026-08-18 05:34:01,4,12,14,26.6,27,27.6,26.1,0,31
2026-08-18 05:39:01,5,11,11,26.7,26.7,27.9,25.6,0,31
2026-08-18 05:44:01,5,12,13,26.7,26.5,27.5,26.1,0,31
2026-08-18 05:49:01,4,9,11,26.6,26.6,27.6,26,0,31
2026-08-18 05:54:01,4,12,15,26.7,26.4,27.7,25.8,0,31
2026-08-18 05:59:01,5,10,11,26.7,26.3,27.7,25.6,0,31
2026-08-18 06:04:01,6,14,14,26.6,26.1,27.4,25.9,0,31
2026-08-18 06:09:01,4,8,8,26.6,26,27.5,25.7,0,31
2026-08-18 06:14:01,3,9,9,26.6,25.8,27.6,25.6,0,31
2026-08-18 06:19:01,4,9,11,26.7,25.7,27.8,25.3,0,31
2026-08-18 06:24:01,4,11,11,26.7,25.5,27.8,25.1,0,31
2026-08-18 06:29:01,4,11,13,26.6,25.5,27.4,25.5,0,31
2026-08-18 06:34:01,4,7,7,26.5,25.5,27.4,25.6,0,31
2026-08-18 06:39:01,4,9,9,26.5,25.5,27.5,25.3,0,31
2026-08-18 06:44:01,1,6,7,26.6,25.6,27.7,24.9,0,31
2026-08-18 06:49:01,2,9,11,26.7,25.4,27.8,24.7,0,31
2026-08-18 06:54:01,4,12,12,26.6,25.8,27.4,25,1,31
2026-08-18 06:59:01,2,7,7,26.5,25.7,27.3,25.2,0,31
2026-08-18 07:04:01,4,7,9,26.6,25.7,27.5,24.9,0,31
2026-08-18 07:09:01,3,7,8,26.6,25.5,27.5,24.8,0,31
2026-08-18 07:14:01,3,8,9,26.5,25.7,27.6,24.7,0,31
2026-08-18 07:19:01,4,7,8,26.5,25.4,27.4,24.7,0,31
2026-08-18 07:24:01,3,6,7,26.5,25.3,27.2,25,0,31
2026-08-18 07:29:01,1,4,4,26.4,25.4,27.2,25,0,31
2026-08-18 07:34:01,3,8,10,26.4,25.5,27.4,24.7,0,31
2026-08-18 07:39:01,3,11,11,26.5,25.3,27.5,24.5,0,31
2026-08-18 07:44:01,3,10,10,26.4,25.3,27.2,24.7,0,31
2026-08-18 07:49:01,3,5,7,26.3,25.6,27.1,24.9,0,31
2026-08-18 07:54:01,2,6,7,26.4,25.5,27.2,24.9,0,31
2026-08-18 07:59:01,4,9,11,26.3,25.5,27.3,24.6,0,31
2026-08-18 08:04:01,0,7,7,26.3,25.3,27.1,24.7,0,31
2026-08-18 08:09:01,1,4,4,26.3,25.2,27,24.9,0,31
2026-08-18 08:14:01,0,5,6,26.4,25.5,27.3,24.7,0,31
2026-08-18 08:19:01,2,5,5,26.5,25.3,27.5,24.5,0,31
2026-08-18 08:24:01,1,3,4,26.6,25.4,27.7,24.3,0,31
2026-08-18 08:29:01,5,15,15,26.6,25.3,27.5,24.5,0,31
2026-08-18 08:34:01,2,6,7,26.6,25.5,27.4,24.8,0,31
2026-08-18 08:39:01,2,5,7,26.6,25.5,27.4,24.9,0,31
2026-08-18 08:44:01,3,8,13,26.6,25.8,27.5,24.8,0,31
2026-08-18 08:49:02,4,8,10,26.6,25.5,,,,31
2026-08-18 08:54:01,5,7,7,26.6,25.5,27.5,25,0,31
2026-08-18 08:59:02,3,8,9,26.7,25.6,27.8,24.8,0,29
2026-08-18 09:04:02,5,9,13,26.9,25.4,28.1,24.3,0,29
2026-08-18 09:09:02,6,15,16,27.1,25.6,28.3,24.2,0,31
2026-08-18 09:14:01,5,14,16,27,25.4,28.1,24.5,0,31
2026-08-18 09:19:02,6,15,19,27,25.8,28,24.7,0,31
2026-08-18 09:24:01,6,18,19,27.1,25.9,28.3,24.7,0,31
2026-08-18 09:29:02,5,9,11,27.2,25.9,28.7,24.5,0,31
2026-08-18 09:34:01,3,8,9,27.3,25.8,28.9,24.4,0,31
2026-08-18 09:39:01,2,6,7,27.4,25.1,29.2,24.1,0,31
2026-08-18 09:44:01,1,6,6,27.1,25.1,27.9,25.3,0,31
2026-08-18 09:49:02,2,6,6,24.8,26.6,23.5,31,0,31
2026-08-18 09:54:02,2,5,5,22.4,28.3,20.8,34.9,0,31
2026-08-18 09:59:01,0,2,2,20.6,30,19.3,37.1,0,31
2026-08-18 10:04:01,0,3,4,19.3,32.2,18.5,38.5,0,31
2026-08-18 10:09:02,0,0,0,18.5,32.6,18,38.9,0,31
2026-08-18 10:14:02,0,2,2,17.9,33.9,17.7,39.4,0,31
2026-08-18 10:19:01,0,3,3,17.6,34.9,17.6,39.4,0,28
2026-08-18 10:24:02,0,4,4,17.4,36.3,17.6,39.6,0,31
2026-08-18 10:29:02,1,6,6,17.3,37.2,17.6,39.9,0,31
2026-08-18 10:34:02,2,5,5,17.3,36.8,17.7,40,0,31
2026-08-18 10:39:02,2,4,4,17.3,37.5,17.9,39.9,0,31
2026-08-18 10:44:02,1,6,6,17.4,37.6,18.1,39.9,0,31
2026-08-18 10:49:02,2,6,6,17.5,37.4,18.3,39.8,0,31
2026-08-18 10:54:02,4,12,12,17.7,38.4,18.5,39.8,0,31
2026-08-18 10:59:02,6,17,18,17.9,38.4,18.8,39.8,0,31
2026-08-18 11:04:02,6,18,19,18.1,39.1,19,39.8,0,31
2026-08-18 11:09:02,6,18,18,18.2,39,19.3,39.9,0,31
2026-08-18 11:14:02,5,18,18,18.4,39.5,19.5,39.8,0,31
2026-08-18 11:19:02,8,23,23,18.6,40,19.8,39.9,0,31
2026-08-18 11:24:02,16,29,32,18.8,38.5,20,39.8,0,31
2026-08-18 11:29:02,4,13,14,19,38.3,20.2,39.4,0,31
2026-08-18 11:34:02,6,16,17,19.1,37.3,20.5,39.1,0,31
2026-08-18 11:39:02,5,14,14,19.3,37.8,20.7,38.7,0,31
2026-08-18 11:44:02,5,16,18,19.5,37.4,20.9,38.4,0,31
2026-08-18 11:49:02,5,16,16,19.7,37,21.1,38.2,0,31
2026-08-18 11:54:02,6,19,19,19.8,36.7,21.3,37.8,0,31
2026-08-18 11:59:02,5,16,19,20,36.1,21.6,37.6,0,31
2026-08-18 12:04:02,6,15,16,20.2,36.3,21.8,37.1,0,31
2026-08-18 12:09:02,6,12,14,20.4,35.7,22.1,36.8,0,31
2026-08-18 12:14:02,4,13,15,20.6,35.3,22.3,36.4,0,31
2026-08-18 12:19:02,3,7,8,20.8,35.1,22.5,36.1,0,31
2026-08-18 12:24:02,3,8,10,21,34.1,22.8,35.5,0,31
2026-08-18 12:29:02,4,11,15,21.1,34.4,23,35.3,0,31
2026-08-18 12:34:02,9,22,23,21.3,34.5,23.2,35.1,0,31
2026-08-18 12:39:02,4,16,19,21.5,34.1,23.5,34.8,0,31
2026-08-18 12:44:02,6,16,18,21.7,33.9,23.7,34.5,0,31
2026-08-18 12:49:02,6,17,19,21.9,33.8,23.9,34.2,0,31
2026-08-18 12:54:02,9,22,22,22.1,34,24.1,34,0,31
2026-08-18 12:59:02,8,22,23,22.3,33.8,24.3,33.9,0,31
2026-08-18 13:04:02,7,22,23,22.5,33.2,24.6,33.7,0,31
2026-08-18 13:09:02,8,19,24,22.7,32.9,24.9,33.3,0,31
2026-08-18 13:14:02,7,16,16,22.9,32.3,25.1,32.8,0,31
2026-08-18 13:19:02,9,22,22,23.1,32.3,25.5,32.3,0,31
2026-08-18 13:24:02,6,18,18,23.3,31.8,25.8,31.9,0,31
2026-08-18 13:29:02,8,20,20,23.6,31.7,26.2,31.4,0,31
2026-08-18 13:34:02,7,19,22,23.8,30.4,26.5,30.7,0,31
2026-08-18 13:39:02,17,24,25,24.1,30.9,26.9,30.3,0,31
2026-08-18 13:44:02,8,23,23,24.5,30.5,27.5,29.9,0,31
2026-08-18 13:49:02,10,21,21,24.9,30.5,28.1,29.3,0,31
2026-08-18 13:54:02,8,20,22,25.4,29.8,28.9,28.5,0,31
2026-08-18 13:59:02,7,15,16,25.9,28.3,29.8,27.2,0,31
2026-08-18 14:04:02,6,17,18,26.5,28.2,30.9,25.1,0,31
2026-08-18 14:09:02,6,19,23,27.2,27.3,32.1,24.7,0,31
2026-08-18 14:14:02,7,19,19,27.9,26.7,33.2,23.8,0,31
2026-08-18 14:19:02,12,25,25,28.7,26.6,34.2,23.1,0,31
2026-08-18 14:24:02,13,27,28,29.5,25.5,35.2,22.4,0,31
2026-08-18 14:29:02,11,26,29,30.5,25,36.1,21.8,0,31
2026-08-18 14:34:02,15,26,28,31.2,24.4,37,21.5,0,31
2026-08-18 14:39:02,19,30,31,32,23.5,37.9,20.4,0,31
2026-08-18 14:44:02,17,28,28,32.7,23,38.8,20.3,0,31
2026-08-18 14:49:03,17,28,29,33.5,22.4,39.5,19.9,0,31
2026-08-18 14:54:02,18,29,30,34,21.4,39.1,20,0,31
2026-08-18 14:59:03,15,27,28,33.9,21.3,37.7,20.7,0,31
2026-08-18 15:04:02,9,25,25,33.3,21,36,20.7,0,31
2026-08-18 15:09:02,6,19,19,32.2,21.3,34.2,22,0,31
2026-08-18 15:14:02,6,17,17,31.1,21.8,32.5,22.3,0,31
2026-08-18 15:19:03,11,22,23,29.8,22.1,31.1,22.6,0,31
2026-08-18 15:24:02,9,23,24,28.5,23.3,29.8,23.2,0,31
2026-08-18 15:29:03,5,11,11,27.5,22.8,28.8,23.5,0,31
2026-08-18 15:34:03,2,4,6,26.7,22.5,28,23.4,0,31
2026-08-18 15:39:02,8,22,22,25.9,25,27.2,24,0,31
2026-08-18 15:44:02,7,16,19,25.2,25.6,26.6,24.7,0,31
2026-08-18 15:49:03,9,20,20,24.7,27.5,26,25.5,0,31
2026-08-18 15:54:02,11,25,26,24.2,27.5,25.6,26,0,31
2026-08-18 15:59:02,13,25,25,23.8,28.4,25.3,26.5,0,31
2026-08-18 16:04:02,14,29,29,23.4,28.8,24.9,26.9,0,31
2026-08-18 16:09:02,14,26,27,23.1,29.6,24.6,27.4,0,31
2026-08-18 16:14:02,12,24,26,22.9,29.7,24.3,27.8,0,31
2026-08-18 16:19:02,22,35,41,22.7,29.1,24,28.1,0,31
2026-08-18 16:24:02,23,33,37,22.5,29.7,23.8,28.3,0,31
2026-08-18 16:29:02,18,29,33,22.2,30.7,23.6,28.6,0,31
2026-08-18 16:34:03,17,29,29,22.1,31.8,23.5,29,0,31
2026-08-18 16:39:03,19,33,38,21.9,31.5,23.3,29.3,0,31
2026-08-18 16:44:03,22,35,39,21.8,30.9,23.1,29.4,0,31
2026-08-18 16:49:03,21,34,37,21.6,31.4,23,29.6,0,31
2026-08-18 16:54:03,22,32,41,21.5,32.5,22.8,30,0,31
2026-08-18 16:59:03,19,34,41,21.3,33.1,22.6,30.3,0,31
2026-08-18 17:04:03,21,36,44,21.2,33.2,22.5,30.7,0,31
2026-08-18 17:09:03,22,35,41,21.1,33.8,22.4,31,0,31
2026-08-18 17:14:02,21,36,42,21,33.8,22.2,31.3,0,31
2026-08-18 17:19:03,24,41,49,20.9,34.2,22,31.6,0,31
2026-08-18 17:24:03,21,32,39,20.8,33.5,21.9,31.9,0,31
2026-08-18 17:29:03,21,33,39,20.7,35,21.8,32.2,0,31
2026-08-18 17:34:03,22,34,39,20.6,34.9,21.7,32.4,0,31
2026-08-18 17:39:03,21,33,36,20.5,35,21.5,32.8,0,31
2026-08-18 17:44:02,19,33,37,20.3,35.2,,,0,31
2026-08-18 17:49:03,16,28,29,20.3,35.7,,,0,31
2026-08-18 17:54:03,7,19,23,20.2,35.2,,,0,31
2026-08-18 17:59:03,9,20,22,20.1,35.8,,,0,31
2026-08-18 18:04:03,6,16,18,20,36,,,0,31
2026-08-18 18:09:03,2,8,9,19.9,36.4,20.8,34.1,0,31
2026-08-18 18:14:03,2,5,6,19.8,36.8,20.7,34.4,0,31
2026-08-18 18:19:03,2,6,6,19.7,36.6,20.6,34.7,0,31
2026-08-18 18:24:03,2,4,4,19.6,36.9,20.4,34.9,0,31
2026-08-18 18:29:03,1,4,4,19.4,37.4,20.3,35.2,0,31
2026-08-18 18:34:03,3,7,7,19.3,37.1,20.2,35.4,0,31
2026-08-18 18:39:03,3,6,6,19.2,37.7,20,35.7,0,31
2026-08-18 18:44:03,2,5,6,19.1,37.5,19.9,36,0,31
2026-08-18 18:49:03,2,5,6,19,37.8,19.8,36.2,0,31
2026-08-18 18:54:03,1,5,5,18.9,37.7,19.6,36.4,0,31
2026-08-18 18:59:03,3,6,7,18.8,38.5,19.5,36.7,0,31
2026-08-18 19:04:03,2,6,6,18.6,38.5,19.3,37,0,31
2026-08-18 19:09:03,3,5,7,18.5,38.6,19.1,37.2,0,31
2026-08-18 19:14:03,2,5,6,18.4,39.2,19,37.4,0,31
2026-08-18 19:19:03,2,6,6,18.3,39.6,18.9,37.7,0,31
2026-08-18 19:24:03,3,5,5,18.1,39.5,18.7,38,0,31
2026-08-18 19:29:03,3,6,7,18,39.8,18.6,38.2,0,31
2026-08-18 19:34:03,2,6,6,18,39.6,18.5,38.4,0,31
2026-08-18 19:39:03,3,7,8,17.8,39.5,18.3,38.4,0,31
2026-08-18 19:44:03,5,7,7,17.8,40.2,18.2,38.8,0,31
2026-08-18 19:49:03,4,6,6,17.7,40.3,18.1,39,0,31
2026-08-18 19:54:03,4,8,8,17.9,40.6,18.6,38.4,0,31
2026-08-18 19:59:03,1,6,6,20.8,39.5,25.2,29.8,0,31
2026-08-18 20:04:03,1,4,5,24,33.6,28.7,25.3,1,31
2026-08-18 20:09:03,1,4,4,26.1,30.9,29.8,24.5,0,31
2026-08-18 20:14:03,2,6,6,26.3,29.1,27.8,26.2,0,31
2026-08-18 20:19:03,3,6,7,24.3,30.2,23.8,31.1,0,31
2026-08-18 20:24:03,4,9,12,22.4,31.9,21.5,34.4,0,31
2026-08-18 20:29:03,7,15,15,20.9,33.8,20.2,36.3,0,31
2026-08-18 20:34:03,6,18,19,21,36.4,22.8,33.7,0,31
2026-08-18 20:39:03,5,13,17,24.1,32.7,28.2,26,0,31
2026-08-18 20:44:03,4,8,9,26.1,30.1,29.6,24.4,0,31
2026-08-18 20:49:03,3,7,7,27.2,28.2,,,,31
2026-08-18 20:54:03,4,10,10,27.9,27.6,30.5,23.7,0,31
2026-08-18 20:59:03,4,9,9,28.2,27.1,30.4,23.9,0,31
2026-08-18 21:04:03,2,6,7,28.5,26.4,30.5,23.8,0,31
2026-08-18 21:09:03,3,7,7,28.7,26,30.7,23.6,0,31
2026-08-18 21:14:03,2,8,10,28.8,25.9,30.7,23.5,0,31
2026-08-18 21:19:03,3,7,7,28.9,25.6,31,23.2,0,31
2026-08-18 21:24:03,4,8,9,27.7,25.5,27.7,26.2,0,31
2026-08-18 21:29:03,3,6,7,25.2,27.4,23.7,31.1,0,31
2026-08-18 21:34:03,1,7,7,24.8,29,26.4,28.1,0,31
2026-08-18 21:39:03,2,8,8,26.5,27.4,29.5,23.9,0,31
2026-08-18 21:44:03,5,11,11,27.2,26.1,29.6,23.5,0,31
2026-08-18 21:49:03,4,12,13,27.6,25.3,30,23,1,31
2026-08-18 21:54:03,5,9,12,28.1,24.7,30.4,22.5,0,31
2026-08-18 21:59:04,4,8,8,28.2,24.6,30.1,22.8,0,31
2026-08-18 22:04:03,2,7,8,28.5,24.1,30.4,22.4,0,31
2026-08-18 22:09:03,1,3,5,28.6,24,30.4,22.3,0,31
2026-08-18 22:14:03,3,8,9,28.7,23.7,30.3,22.2,0,31
2026-08-18 22:19:03,2,6,6,28.6,23.6,30,22.2,0,31
2026-08-18 22:24:03,2,6,6,28.5,23.5,30,22,0,31
2026-08-18 22:29:03,2,6,6,28.5,23.2,30.1,21.7,0,31
2026-08-18 22:34:04,3,7,7,28.5,23,30,21.7,0,31
2026-08-18 22:39:03,1,6,6,28.4,23.1,29.8,21.7,0,31
2026-08-18 22:49:03,3,8,8,28.5,23.4,,,,31
2026-08-18 22:54:03,4,8,8,28.6,23.3,30.2,21.3,0,31
2026-08-18 22:59:04,2,7,7,28.5,23.7,30,21.6,0,31
2026-08-18 23:04:04,2,5,5,28.5,23.4,30.2,21.4,0,31
2026-08-18 23:09:03,6,11,11,28.4,24,30,21.6,0,31
2026-08-18 23:14:03,3,7,7,28.3,24.1,30,21.6,0,31
2026-08-18 23:19:03,4,8,11,28.3,23.8,29.9,21.6,0,31
2026-08-18 23:24:03,2,5,7,28.3,23.3,29.9,21.5,0,31
2026-08-18 23:29:04,2,7,7,28.2,23.7,29.9,21.4,0,31
2026-08-18 23:34:03,2,6,6,28.2,23.9,29.9,21.5,0,31
2026-08-18 23:39:03,3,6,7,28.2,23.9,29.8,21.6,0,31
2026-08-18 23:44:04,4,6,6,28.4,23.6,30.1,21.2,0,31
2026-08-18 23:49:03,2,8,8,28.3,23.3,30,21.2,0,31
2026-08-18 23:54:04,3,5,6,28.3,23.4,30.1,21,0,31
2026-08-18 23:59:03,3,7,7,28.3,23.2,30,21.1,0,31
2026-08-19 00:04:03,0,0,0,28.2,21.9,29.8,21,0,31
2026-08-19 00:09:03,0,0,1,28.1,20.8,29.8,20.4,0,31
2026-08-19 00:14:04,0,0,0,28.1,21,29.8,20,0,31
2026-08-19 00:19:03,0,0,0,28,20.5,29.7,19.3,0,31
2026-08-19 00:24:04,0,0,0,28,20.2,,,,31
2026-08-19 00:29:04,0,0,0,28.1,20,29.4,19.6,0,28
2026-08-19 00:34:03,0,0,0,28.1,20.3,29.6,19.4,0,29
2026-08-19 00:39:04,0,0,1,28.2,21.3,29.5,19.5,0,29
2026-08-19 00:44:04,0,1,1,28.1,21,29.5,19.6,0,29
2026-08-19 00:49:04,0,3,4,28.1,21.5,29.5,19.6,0,29
2026-08-19 00:54:03,0,4,4,28,21.9,29.4,19.7,0,29
2026-08-19 00:59:04,2,5,5,28,22.3,29.5,19.7,0,29
2026-08-19 01:04:04,2,5,6,28.1,22.8,29.3,20.1,0,29
2026-08-19 01:09:04,2,5,5,28.1,22.8,29.6,20.1,0,29
2026-08-19 01:14:04,1,5,5,28.2,22.5,29.7,20,0,29
2026-08-19 01:19:04,0,3,3,28,22.6,29.6,20.2,0,29
2026-08-19 01:24:04,0,4,4,28,22.6,29.6,20.1,0,28
2026-08-19 01:29:04,1,4,4,28,22.7,29.5,20.1,0,28
2026-08-19 01:34:04,1,5,6,28.1,22.6,29.6,20,1,28
2026-08-19 01:39:04,0,3,3,28.1,22.6,29.5,20.1,0,28
2026-08-19 01:44:04,0,2,3,28,22.5,29.3,20.4,0,29
2026-08-19 01:49:04,0,4,4,28,23.1,29.4,20.3,0,29
2026-08-19 01:54:04,1,2,3,27.9,22.8,29.4,20.2,0,29
2026-08-19 01:59:04,0,4,4,27.9,22.6,29.3,20.3,0,29
2026-08-19 02:04:04,1,5,5,27.8,22.8,29.3,20.2,0,29
2026-08-19 02:09:04,2,5,5,27.8,22.7,29.3,20.3,0,29
2026-08-19 02:14:04,3,6,6,27.7,23,29.1,20.4,1,29
2026-08-19 02:19:04,1,4,4,27.7,23.2,29,20.7,0,29
2026-08-19 02:24:04,1,5,5,27.7,22.4,29.1,20.5,0,29
2026-08-19 02:29:04,1,6,6,27.7,22.5,29.3,20.3,0,29
2026-08-19 02:34:04,1,7,7,27.8,22.7,29.5,20.1,0,29
2026-08-19 02:39:04,2,6,8,27.8,22.6,29.4,20.1,0,29
2026-08-19 02:44:04,3,5,6,27.8,22.8,29.3,20.2,0,29
2026-08-19 02:49:04,3,6,6,27.8,22.4,29.1,20.3,1,29
2026-08-19 02:54:04,2,5,5,27.7,22.9,28.8,20.8,0,29
2026-08-19 02:59:04,1,4,4,27.7,22.9,28.9,20.6,0,29
2026-08-19 03:04:04,0,2,4,27.6,22.9,29,20.6,0,29
2026-08-19 03:09:04,0,4,4,27.6,22.6,28.9,20.5,0,29
2026-08-19 03:14:04,0,2,2,27.5,22.4,28.9,20.4,0,29
2026-08-19 03:19:04,0,2,3,27.6,22.2,29,20.2,0,29
2026-08-19 03:24:04,0,1,2,27.7,22.5,28.9,20.4,0,29
2026-08-19 03:29:04,0,0,0,27.7,21.9,29.2,20.2,0,29
2026-08-19 03:34:04,0,1,1,27.7,22.2,29,20.3,0,29
2026-08-19 03:39:04,0,2,2,27.7,22.1,29.2,20.1,0,29
2026-08-19 03:44:04,0,0,0,27.8,22,29.3,19.9,0,29
2026-08-19 03:49:04,0,1,1,27.7,22,29.1,19.9,0,29
2026-08-19 03:54:04,0,1,1,27.7,21.8,29,19.9,0,29
2026-08-19 03:59:04,0,1,3,27.6,21.6,28.9,19.9,0,29
2026-08-19 04:04:04,0,1,1,27.5,21.7,28.7,20.1,0,29
2026-08-19 04:09:04,0,2,2,27.5,21.9,28.7,20.1,0,29
2026-08-19 04:14:04,0,0,0,27.5,21.8,28.8,20,0,29
2026-08-19 04:19:04,0,0,0,27.5,21.7,28.9,19.8,0,29
2026-08-19 04:24:04,0,0,1,27.4,21.9,28.7,19.9,0,29
2026-08-19 04:29:04,0,0,1,27.4,21.9,28.8,19.7,1,29
2026-08-19 04:34:04,0,0,0,27.4,22.1,28.5,20.1,0,29
2026-08-19 04:39:05,0,0,0,27.4,22,28.7,20,0,29
2026-08-19 04:44:05,0,2,2,27.4,22.1,28.7,19.9,0,29
2026-08-19 04:49:05,0,1,1,27.4,21.9,28.6,19.9,0,29
2026-08-19 04:54:05,0,0,1,27.4,21.8,28.5,20,0,29
2026-08-19 04:59:05,0,1,1,27.4,21.6,28.6,19.9,0,29
2026-08-19 05:04:05,0,1,1,27.5,21.7,28.7,19.8,0,29
2026-08-19 05:09:05,0,1,2,27.5,21.5,28.9,19.6,0,29
2026-08-19 05:14:05,0,2,2,27.4,21.6,28.8,19.5,0,29
2026-08-19 05:19:04,0,0,0,27.5,21.8,28.9,19.5,0,29
2026-08-19 05:24:05,0,2,4,27.5,22,28.8,19.5,0,29
2026-08-19 05:29:04,0,0,1,27.4,21.9,28.5,19.9,0,29
2026-08-19 05:34:05,0,1,1,27.3,22.2,28.4,20,0,29
2026-08-19 05:39:05,0,0,1,27.2,22.1,28.4,20,0,29
2026-08-19 05:44:04,0,0,0,27.2,22.1,28.5,19.8,0,29
2026-08-19 05:49:05,0,1,1,27.2,22,28.5,19.7,0,29
2026-08-19 05:54:04,0,0,0,27.1,22.1,,,,31
2026-08-19 05:59:05,0,1,2,27.1,22.3,28.2,20,0,29
2026-08-19 06:04:05,0,1,1,27.1,21.9,28.3,19.9,0,29
2026-08-19 06:09:05,0,0,0,27.1,21.8,28.4,19.8,0,29
2026-08-19 06:14:05,0,0,1,27.1,21.8,28.3,19.7,0,29
2026-08-19 06:19:05,0,2,2,27.1,21.9,28.3,19.7,0,29
2026-08-19 06:24:05,0,0,0,27.1,21.6,,,,29
2026-08-19 06:29:05,0,0,0,27.2,21.5,28.3,19.9,0,29
2026-08-19 06:34:05,0,0,0,27.2,21.7,28.5,19.6,0,29
2026-08-19 06:39:05,0,0,0,27.2,21.4,28.6,19.5,0,29
2026-08-19 06:44:05,0,0,0,27.3,21.1,28.7,19.3,0,29
2026-08-19 06:49:05,0,0,0,27.2,21,28.5,19.3,0,29
2026-08-19 06:54:05,0,0,0,27.2,21,28.4,19.2,0,29
2026-08-19 06:59:05,0,0,0,27.2,20.9,28.3,19.2,0,29
2026-08-19 07:04:05,0,0,0,27.1,21.2,28.2,19.5,0,31
2026-08-19 07:09:05,0,0,0,27.1,21.4,28.2,19.5,0,31
2026-08-19 07:14:05,0,0,0,27.2,21.1,28.5,19.2,0,29
2026-08-19 07:19:05,0,0,0,27.2,21.3,28.4,19.3,0,31
2026-08-19 07:24:05,0,0,0,27.1,21.2,28.3,19.3,0,31
2026-08-19 07:29:05,0,0,0,27,21.1,28.1,19.4,0,29
2026-08-19 07:34:05,0,0,0,27.1,21.2,28.2,19.4,0,31
2026-08-19 07:39:05,0,0,0,27.2,21.2,28.5,19.2,0,31
2026-08-19 07:44:05,0,0,0,27.2,21.3,28.5,19.2,0,31
2026-08-19 07:49:05,0,0,0,27.3,21.7,28.7,19.1,0,31
2026-08-19 07:54:05,0,0,0,27.3,21.3,28.5,19.2,0,31
2026-08-19 07:59:05,0,1,1,27.2,20.8,28.3,19.3,0,31
2026-08-19 08:04:05,0,0,0,27.1,20.8,28.2,19.4,0,29
2026-08-19 08:09:05,0,0,0,27.1,21.3,28.2,19.4,0,29
2026-08-19 08:14:05,0,0,0,27.2,21.6,28.5,19.1,0,30
2026-08-19 08:19:05,0,1,1,27.3,21.5,28.6,19.1,0,30
2026-08-19 08:24:05,0,0,0,27.3,21.4,,,,30
2026-08-19 08:29:05,0,0,0,27.4,20.8,28.6,19.2,0,30
2026-08-19 08:34:05,0,0,0,27.4,20,28.7,19.1,0,30
2026-08-19 08:39:05,0,0,0,27.4,20.1,28.6,19.1,0,30
2026-08-19 08:44:05,0,0,0,27.4,19.9,28.7,18.9,0,30
2026-08-19 08:49:05,0,0,0,27.5,20.5,28.8,18.8,0,30
2026-08-19 08:54:05,0,0,0,27.5,20.7,28.7,18.9,0,30
2026-08-19 08:59:05,0,0,0,27.6,21.2,,,,30
2026-08-19 09:04:05,0,0,0,27.8,20.8,29.2,18.9,0,30
2026-08-19 09:09:05,0,0,0,27.9,20.7,29.2,19,0,30
2026-08-19 09:14:05,0,1,1,28,20.7,29.4,19,0,30
2026-08-19 09:19:05,0,0,0,28.1,20.7,29.8,18.7,0,30
2026-08-19 09:24:05,0,0,0,27.9,21.1,28.9,19.4,0,30
2026-08-19 09:29:05,0,0,0,25.6,22,24.4,23.7,0,30
2026-08-19 09:34:05,0,1,1,23.1,24.1,21.6,27.1,0,30
2026-08-19 09:39:05,0,3,3,21.2,26.2,20.1,29.1,0,30
2026-08-19 09:44:05,0,2,2,19.9,28.1,19.3,30.5,0,30
2026-08-19 09:49:05,0,5,5,19.1,29.6,18.8,31.3,0,30
2026-08-19 09:54:05,4,12,15,18.5,30.7,18.5,31.9,0,30
2026-08-19 09:59:05,5,9,11,18.2,31.9,18.4,32.3,0,30
2026-08-19 10:04:05,6,13,16,18,33.4,18.3,32.8,0,30
2026-08-19 10:09:05,6,14,16,17.8,34.1,18.3,33.1,0,30
2026-08-19 10:14:05,7,16,18,17.8,35.2,18.4,33.5,0,30
2026-08-19 10:19:05,9,19,19,17.8,35.4,18.4,33.8,0,30
2026-08-19 10:24:05,8,22,23,17.8,35.9,18.5,34.1,0,30
2026-08-19 10:29:05,14,27,29,17.9,35.8,18.7,34.4,0,30
2026-08-19 10:34:05,14,24,24,18,35.8,18.8,34.5,0,30
2026-08-19 10:39:05,15,27,28,18.1,35.6,19,34.6,0,30
2026-08-19 10:44:05,8,22,25,18.2,35.9,19.1,34.8,0,30
2026-08-19 10:49:05,8,24,25,18.3,36,19.3,34.8,0,30
2026-08-19 10:54:05,9,22,23,18.5,35.7,19.5,34.8,0,30
2026-08-19 10:59:05,11,25,27,18.6,35.8,19.8,34.8,0,30
2026-08-19 11:04:05,10,23,24,18.8,35.7,20,34.7,0,30
2026-08-19 11:09:05,16,31,36,18.9,36,20.2,34.6,0,30
2026-08-19 11:14:05,9,27,29,19.1,35.5,20.5,34.6,0,30
2026-08-19 11:19:05,8,25,26,19.3,34.9,20.7,34.5,0,30
2026-08-19 11:24:05,9,23,25,19.5,35,20.9,34.3,0,30
2026-08-19 11:29:05,8,24,27,19.6,35,21.1,34.2,0,30
2026-08-19 11:34:05,17,35,45,19.8,34.3,21.3,33.9,0,30
2026-08-19 11:39:05,11,26,32,20,33.8,21.5,33.7,0,30
2026-08-19 11:44:05,7,18,20,20.2,33.8,21.8,33.4,0,30
2026-08-19 11:49:05,5,15,17,20.4,33.6,22,33.1,0,30
2026-08-19 11:54:05,11,25,28,20.6,33.5,22.3,33,0,30
2026-08-19 11:59:05,13,27,28,20.8,33.1,22.5,32.8,0,30
2026-08-19 12:04:05,17,29,34,20.9,33.3,22.7,32.6,0,30
2026-08-19 12:09:05,9,23,28,21.2,33.1,23,32.4,0,30
2026-08-19 12:14:05,8,18,20,21.3,32.7,23.2,32.1,0,30
2026-08-19 12:19:05,15,27,30,21.5,32.8,23.4,32,0,30
2026-08-19 12:24:05,7,21,22,21.7,32.3,23.6,31.7,0,30
2026-08-19 12:29:05,21,34,41,21.9,32.8,23.8,31.6,0,30
2026-08-19 12:34:09,11,25,25,22.1,32.5,24,31.5,0,30
2026-08-19 12:39:05,20,30,35,22.2,32.2,24.2,31.4,0,30
2026-08-19 12:44:05,16,27,28,22.4,32.1,24.4,31.2,0,30
2026-08-19 12:49:06,21,33,40,22.5,32.1,24.5,31.1,0,30
2026-08-19 12:54:05,19,29,33,22.7,32.2,24.7,31,0,30
2026-08-19 12:59:05,19,30,33,22.8,31.6,24.9,30.6,0,30
2026-08-19 13:04:05,19,29,31,22.9,31.6,25.1,30.5,0,30
2026-08-19 13:09:06,23,36,42,23.1,31.4,25.3,30.4,0,30
2026-08-19 13:14:06,35,54,66,23.2,31,25.5,30.1,0,31
2026-08-19 13:19:05,22,35,41,23.4,30.9,25.7,29.8,0,31
2026-08-19 13:24:05,21,30,35,23.6,30.6,26,29.6,0,30
2026-08-19 13:29:06,22,33,38,23.8,30.7,26.3,29.3,0,30
2026-08-19 13:34:05,22,35,41,24,30.8,26.6,29.1,0,31
2026-08-19 13:39:06,23,36,44,24.2,30.2,26.9,28.9,0,30
2026-08-19 13:44:06,22,34,38,24.5,29.9,27.3,28.5,0,30
2026-08-19 13:49:06,23,35,43,24.8,29.2,27.7,27.9,0,30
2026-08-19 13:54:06,23,35,40,25.1,29.3,28.2,27.5,0,30
2026-08-19 13:59:05,23,35,40,25.5,28.9,28.8,26.9,0,30
2026-08-19 14:04:06,23,34,39,25.9,28.4,29.6,26.1,0,30
2026-08-19 14:09:06,23,37,44,26.4,28.1,30.6,25.1,0,30
2026-08-19 14:14:06,23,36,44,27.1,27.7,31.7,24.1,0,30
2026-08-19 14:19:06,23,35,42,27.7,27,32.8,23.4,0,30
2026-08-19 14:24:06,23,35,40,28.4,26.2,33.7,22.6,0,30
2026-08-19 14:29:06,23,36,43,29.1,25.7,34.5,22,0,30
2026-08-19 14:34:06,22,33,36,29.8,25.3,35.2,21.5,0,30
2026-08-19 14:39:06,22,35,42,30.5,24.5,36,21.1,0,30
2026-08-19 14:44:06,22,35,42,31.1,23.8,36.6,20.6,0,30
2026-08-19 14:49:06,22,35,41,31.6,23.6,37.1,20.4,0,30
2026-08-19 14:54:06,23,34,38,32.1,23.4,37.4,20.1,0,30
2026-08-19 14:59:06,23,35,41,32.2,22.9,36.3,21,0,30
2026-08-19 15:04:06,26,39,45,31.8,23.4,35.1,21.7,0,30
2026-08-19 15:09:06,22,33,37,31.2,23.3,33.8,22.2,0,30
2026-08-19 15:14:06,20,33,36,30.4,23.9,32.6,22.6,0,30
2026-08-19 15:19:06,21,32,35,29.3,24.5,31.5,23.2,0,30
2026-08-19 15:24:06,21,34,39,28.4,25.2,30.4,23.8,0,30
2026-08-19 15:29:06,23,34,38,27.6,25.9,29.5,24.4,0,30
2026-08-19 15:34:06,22,33,38,26.9,26.9,28.8,25,0,30
2026-08-19 15:39:06,22,34,37,26.3,28.1,28.1,25.7,0,30
2026-08-19 15:44:06,22,33,37,25.6,28.8,27.5,26.4,0,30
2026-08-19 15:49:06,22,35,38,25.2,29.3,26.9,26.9,0,30
2026-08-19 15:54:06,21,33,38,24.8,30,26.5,27.4,0,30
2026-08-19 15:59:06,21,33,38,24.3,30.7,26,27.9,0,30
2026-08-19 16:04:06,21,31,34,24,31.3,25.7,28.3,0,30
2026-08-19 16:09:06,20,30,34,23.7,31.8,25.3,28.9,0,30
2026-08-19 16:14:06,22,32,36,23.4,32.5,25,29.4,0,30
2026-08-19 16:19:06,24,38,46,23.2,33.3,24.7,29.9,0,30
2026-08-19 16:24:06,23,34,37,23,33.5,24.5,30.4,0,30
2026-08-19 16:29:06,21,31,35,22.8,33.7,24.2,30.8,0,30
2026-08-19 16:34:06,22,34,38,22.6,34.2,24,31.1,0,30
2026-08-19 16:39:06,21,32,37,22.4,34.5,23.8,31.5,0,30
2026-08-19 16:44:06,22,33,36,22.2,35.2,23.6,31.9,0,30
2026-08-19 16:49:06,21,32,34,22.1,35.4,23.4,32.3,0,30
2026-08-19 16:54:06,21,33,36,21.9,35.4,23.3,32.6,0,30
2026-08-19 16:59:06,20,31,34,21.8,36,23.1,32.9,0,30
2026-08-19 17:04:06,19,32,35,21.6,36.4,22.9,33.2,0,30
2026-08-19 17:09:06,17,32,34,21.5,36.3,22.7,33.6,0,30
2026-08-19 17:14:06,20,29,33,21.3,36.6,22.6,33.9,0,30
2026-08-19 17:19:06,18,30,31,21.2,37.3,22.4,34.3,0,30
2026-08-19 17:24:06,20,30,31,21.1,37.8,22.3,34.7,0,30
2026-08-19 17:29:06,21,33,37,20.9,38.3,22.1,35.2,0,30
2026-08-19 17:34:06,21,31,35,20.8,38.8,22,35.7,0,30
2026-08-19 17:39:06,20,31,34,20.7,39.6,21.8,36.2,0,30
2026-08-19 17:44:07,19,31,34,20.5,39.9,21.6,36.7,0,30
2026-08-19 17:49:06,19,31,34,20.3,40.6,21.4,37.1,0,30
2026-08-19 17:54:06,21,33,37,20.2,40.9,21.2,37.8,0,30
2026-08-19 17:59:06,21,32,35,20,41.1,21,38.1,0,30
2026-08-19 18:04:06,19,32,36,19.9,41.5,20.8,38.7,0,30
2026-08-19 18:09:06,18,29,30,19.7,41.9,20.6,39.2,0,30
2026-08-19 18:14:06,18,31,34,19.5,42.5,20.4,39.6,0,30
2026-08-19 18:19:06,20,32,36,19.3,42.9,20.1,40,0,30
2026-08-19 18:24:06,19,30,33,19.1,42.9,19.9,40.5,0,30
2026-08-19 18:29:06,19,30,33,18.9,43.5,19.7,41,0,30
2026-08-19 18:34:06,13,24,27,19.6,46.9,22.1,39.3,0,30
2026-08-19 18:39:06,10,23,24,23.6,38.8,28.9,28.1,1,30
2026-08-19 18:44:06,7,19,21,26.1,34.7,30.5,26.4,0,30
2026-08-19 18:49:07,9,20,22,27.5,32.1,31.2,25.6,0,30
2026-08-19 18:54:07,9,20,20,28.4,30.6,31.8,25,0,30
2026-08-19 18:59:06,9,22,24,28.9,29.7,31.8,25.1,0,30
2026-08-19 19:04:06,9,22,23,29.2,29.1,31.8,25,0,30
2026-08-19 19:09:06,20,29,32,27.6,29.6,27.8,29.5,0,30
2026-08-19 19:14:07,20,28,29,25.2,32,24.4,34.1,0,30
2026-08-19 19:19:07,12,26,28,26,32.8,28.7,28.7,0,30
2026-08-19 19:24:07,8,21,23,27.4,30.9,30.5,26.3,0,30
2026-08-19 19:29:07,12,25,27,28.1,29.5,30.5,26,0,30
2026-08-19 19:34:07,9,23,25,27.8,30.2,30,27,0,30
2026-08-19 19:39:06,7,19,21,28.5,29.4,31.3,25.5,0,30
2026-08-19 19:44:07,11,23,23,29,28.8,31.8,24.9,0,30
2026-08-19 19:49:07,16,28,28,27.8,28.7,28.2,28.7,0,30
2026-08-19 19:54:07,10,23,23,27.6,29.9,29.8,27,0,30
2026-08-19 19:59:07,18,26,27,28.4,29.1,31,25.5,0,30
2026-08-19 20:04:07,10,23,23,28.8,28.9,31.4,25.2,0,30
2026-08-19 20:09:07,12,23,24,29.2,28,31.7,24.8,0,30
2026-08-19 20:14:07,8,21,23,29.2,28.2,31.2,25.4,0,30
2026-08-19 20:19:07,11,23,23,29.5,28.1,31.7,24.8,0,30
2026-08-19 20:24:07,10,23,25,29.5,27.8,31.5,25,0,30
2026-08-19 20:29:07,11,25,26,29.5,27.9,31.5,25,0,30
2026-08-19 20:34:07,11,24,25,29.5,27.7,31.7,24.8,0,30
2026-08-19 20:39:07,10,23,24,29.6,27.6,31.7,24.7,0,30
2026-08-19 20:44:07,11,23,23,29.5,27.8,31.5,24.8,0,30
2026-08-19 20:49:07,14,26,27,29.5,27.5,31.5,24.8,0,30
2026-08-19 20:54:07,15,26,29,29.4,27.5,,,,30
2026-08-19 20:59:07,16,24,26,29.3,27.8,31.1,25.4,0,30
2026-08-19 21:04:07,17,27,29,29.3,27.8,31.2,25.2,0,30
2026-08-19 21:09:07,12,27,27,29.2,27.7,31.3,25,0,30
2026-08-19 21:14:07,17,27,28,29.2,27.6,31.2,25,0,30
2026-08-19 21:19:07,17,28,28,29.2,27.7,31.1,25,0,30
2026-08-19 21:24:07,14,25,26,29.1,27.7,30.9,25.3,0,30
2026-08-19 21:29:07,18,27,29,29.2,27.7,31.2,25,0,30
2026-08-19 21:34:07,15,27,29,29.3,27.5,31.3,24.8,0,30
2026-08-19 21:39:07,15,27,28,29.3,27.3,31.3,24.7,0,30
2026-08-19 21:44:07,17,29,32,29.2,27.3,31.1,24.8,0,30
2026-08-19 21:49:07,16,28,28,29.1,27.3,31.1,24.7,0,30
2026-08-19 21:54:07,18,32,34,29.2,27.4,31,24.7,0,30
2026-08-19 21:59:07,19,31,32,29.1,27.3,31,24.7,0,30
2026-08-19 22:04:07,19,31,36,29,27.1,30.8,25,0,30
2026-08-19 22:09:07,19,30,31,29,27.1,30.8,25,0,30
2026-08-19 22:14:07,18,31,35,28.9,27.2,30.8,24.9,0,30
2026-08-19 22:19:07,20,32,36,28.8,27.5,30.6,24.9,0,30
2026-08-19 22:24:07,20,32,36,28.8,27.4,30.5,25,0,30
2026-08-19 22:29:07,19,29,30,28.7,27.5,30.5,25.1,0,30
2026-08-19 22:34:07,19,29,32,28.8,27.2,30.7,24.9,0,30
2026-08-19 22:39:07,17,31,33,28.8,27.2,30.6,24.8,0,30
2026-08-19 22:44:07,20,30,33,28.7,27.2,30.4,25,0,30
2026-08-19 22:49:07,20,31,34,28.6,27.3,30.1,25.4,0,30
2026-08-19 22:54:07,20,30,31,28.6,27.4,30.2,25.3,0,30
2026-08-19 22:59:07,18,30,31,28.6,27.3,30.4,25,0,30
2026-08-19 23:04:07,19,32,34,28.5,27.1,30.3,25,0,30
2026-08-19 23:09:07,19,33,37,28.5,27.1,30.3,24.9,0,30
2026-08-19 23:14:07,22,33,36,28.4,27.4,29.9,25.2,0,30
2026-08-19 23:19:07,18,30,35,28.4,27.6,30.3,24.9,0,30
2026-08-19 23:24:07,19,31,32,28.4,27.5,30.2,24.9,0,30
2026-08-19 23:29:07,19,31,36,28.5,27.5,30.2,24.9,0,30
2026-08-19 23:34:07,18,31,32,28.3,27.5,29.9,25.1,0,30
2026-08-19 23:39:07,17,29,33,28.3,27.7,30,25.3,0,30
2026-08-19 23:44:07,19,29,34,28.4,27.7,30.2,25,0,30
2026-08-19 23:49:07,18,29,33,28.4,27.7,30.3,24.9,0,30
2026-08-19 23:54:07,20,32,33,28.4,27.6,30.1,25.1,0,30
2026-08-19 23:59:07,20,30,34,28.2,27.6,29.7,25.6,0,30
2026-08-20 00:04:07,19,30,30,28.2,27.8,29.7,25.6,0,30
2026-08-20 00:09:07,18,32,35,28.2,27.8,30,25.3,0,30
2026-08-20 00:14:07,20,30,34,28.3,27.6,29.9,25.2,0,30
2026-08-20 00:19:07,17,28,30,28.2,27.6,29.8,25.5,0,30
2026-08-20 00:24:07,19,28,30,28.2,27.6,29.7,25.6,0,30
2026-08-20 00:29:07,17,30,33,28.2,27.4,29.8,25.5,0,30
2026-08-20 00:34:07,18,29,30,28.2,27.6,29.9,25.2,0,30
2026-08-20 00:39:08,19,32,37,28.1,27.4,29.6,25.5,0,30
2026-08-20 00:44:07,19,30,31,28,27.5,29.5,25.6,0,30
2026-08-20 00:49:07,19,28,29,28,27.6,29.6,25.7,0,30
2026-08-20 00:54:07,19,30,33,28,27.6,29.6,25.6,0,30
2026-08-20 00:59:07,18,32,34,28.1,27.3,29.9,25.2,0,30
2026-08-20 01:04:07,19,32,35,28,27.4,29.6,25.4,0,30
2026-08-20 01:09:08,18,30,31,28,27.2,29.4,25.6,0,30
2026-08-20 01:14:08,18,28,29,28,26.9,29.4,25.6,0,30
2026-08-20 01:19:07,18,29,34,28,26.6,29.6,25.1,0,30
2026-08-20 01:24:07,20,33,35,28,27,29.4,25.1,0,30
2026-08-20 01:29:08,21,31,35,27.9,26.6,29.2,25.3,0,30
2026-08-20 01:34:08,18,28,29,27.8,26.3,29,25.5,0,30
2026-08-20 01:39:08,16,28,34,27.8,26.1,29.1,25.2,0,30
2026-08-20 01:44:07,14,26,26,27.8,25.7,29.2,24.9,0,30
2026-08-20 01:49:08,14,30,34,27.7,25.7,29.2,24.7,0,30
2026-08-20 01:54:07,17,29,29,27.7,26,29.1,24.7,0,30
2026-08-20 01:59:07,14,27,28,27.8,25.9,29.1,24.8,0,30
2026-08-20 02:04:08,18,29,30,27.8,25.9,29.1,24.6,0,30
2026-08-20 02:09:07,19,30,30,27.7,25.8,29.1,24.5,0,30
2026-08-20 02:14:07,12,25,27,27.6,25.3,28.9,24.7,0,30
2026-08-20 02:19:07,16,27,28,27.7,25.5,29,24.5,0,30
2026-08-20 02:24:07,11,23,24,27.7,25.4,29.1,24.2,0,30
2026-08-20 02:29:08,17,28,33,27.7,25.5,29.1,24.1,0,30
2026-08-20 02:34:08,15,29,31,27.6,25.3,28.9,24.2,1,30
2026-08-20 02:39:08,11,24,25,27.5,25.5,28.8,24.4,0,30
2026-08-20 02:44:08,16,27,28,27.6,25.7,29.1,23.9,0,30
2026-08-20 02:49:08,18,30,34,27.6,25.7,29.1,24,0,30
2026-08-20 02:54:08,16,31,33,27.6,25.8,29,23.9,0,30
2026-08-20 02:59:08,20,32,35,27.4,26,28.6,24.4,0,30
2026-08-20 03:04:07,20,32,35,27.4,26.2,28.8,24.3,0,30
2026-08-20 03:09:08,21,35,39,27.4,26,28.7,24.3,0,30
2026-08-20 03:14:08,20,32,37,27.3,26.1,28.6,24.5,0,30
2026-08-20 03:19:07,19,32,35,27.5,26.3,28.9,24.3,0,30
2026-08-20 03:24:08,17,31,33,27.4,25.9,28.7,24.4,0,30
2026-08-20 03:29:08,10,25,26,27.3,24.9,28.5,24.3,0,30
2026-08-20 03:34:08,4,11,12,27.3,24,28.5,24.2,0,30
2026-08-20 03:39:08,7,21,22,27.3,24.7,28.6,23.9,0,30
2026-08-20 03:44:08,15,28,31,27.4,25.3,28.9,23.6,0,30
2026-08-20 03:49:07,21,32,37,27.4,25.4,28.8,23.7,0,30
2026-08-20 03:54:08,20,33,37,27.4,25.5,28.6,23.9,0,30
2026-08-20 03:59:08,19,29,32,27.4,25.8,28.8,23.9,0,30
2026-08-20 04:04:08,19,32,37,27.4,25.7,28.9,23.8,0,30
2026-08-20 04:09:08,21,32,34,27.4,25.5,28.9,23.7,0,30
2026-08-20 04:14:08,20,32,36,27.4,25.8,28.6,24.1,0,30
2026-08-20 04:19:08,18,32,35,27.5,25.9,28.8,23.8,0,30
2026-08-20 04:24:08,21,33,36,27.3,25.6,28.6,24,0,30
2026-08-20 04:29:08,20,32,37,27.3,25.8,,,,30
2026-08-20 04:34:08,20,30,34,27.3,25.9,28.6,24,0,30
2026-08-20 04:39:08,17,29,32,27.2,25.8,28.5,24.1,0,30
2026-08-20 04:44:08,18,30,33,27.2,26,28.6,23.9,0,30
2026-08-20 04:49:08,21,33,37,27.3,26.2,28.6,23.9,0,30
2026-08-20 04:54:08,17,31,32,27.1,26,28.3,24.4,0,30
2026-08-20 04:59:08,18,28,30,27.2,25.8,28.4,24.2,0,30
2026-08-20 05:04:08,19,33,35,27.2,25.9,28.4,24.2,0,30
2026-08-20 05:09:08,19,31,34,27.2,26.1,28.5,24,0,30
2026-08-20 05:14:08,21,35,41,27,26.2,28.3,24.1,0,30
2026-08-20 05:19:08,19,30,33,27,26.3,28.4,24.2,0,30
2026-08-20 05:24:08,19,34,39,27,26.4,28.3,24.2,0,30
2026-08-20 05:29:08,21,34,38,26.9,26.5,28.1,24.3,0,30
2026-08-20 05:34:08,21,34,39,27,26,,,,30
2026-08-20 05:39:08,19,31,33,27,26.2,28.1,24.5,0,30
2026-08-20 05:44:08,18,30,33,27,26,28.2,24.4,0,30
2026-08-20 05:49:08,16,31,33,26.9,25.9,28.1,24.4,0,30
2026-08-20 05:54:08,19,32,35,26.9,25.7,27.9,24.5,0,30
2026-08-20 05:59:08,19,32,35,26.9,25.9,28,24.5,0,30
2026-08-20 06:04:08,19,31,34,26.9,25.8,28.1,24.2,0,30
2026-08-20 06:09:08,18,31,34,27,25.8,28.3,24,0,30
2026-08-20 06:14:08,21,34,39,26.8,25.7,27.9,24.2,0,30
2026-08-20 06:19:08,18,28,28,26.8,25.7,27.9,24.3,0,30
2026-08-20 06:24:08,19,29,30,26.9,25.7,28,24.1,0,30
2026-08-20 06:29:08,20,33,37,26.9,25.7,28.2,23.8,0,30
2026-08-20 06:34:08,18,31,35,26.8,25.5,,,,30
2026-08-20 06:39:08,18,32,35,26.8,25.7,27.9,24.2,0,30
2026-08-20 06:44:08,15,26,27,26.8,25.4,28,23.8,0,30
2026-08-20 06:49:08,18,30,35,26.7,25.1,27.8,24,0,30
2026-08-20 06:54:08,19,28,28,26.6,25.7,27.6,24.2,0,30
2026-08-20 06:59:08,14,26,27,26.7,25.3,27.9,23.8,0,30
2026-08-20 07:04:08,16,29,31,26.6,25.2,27.8,23.7,0,30
2026-08-20 07:09:08,8,23,25,26.7,25.2,27.6,24,0,30
2026-08-20 07:14:08,9,25,26,26.6,25.1,27.6,24,0,30
2026-08-20 07:19:08,10,25,26,26.6,25,27.7,23.7,0,30
2026-08-20 07:24:08,9,24,27,26.5,25.1,27.5,24,0,30
2026-08-20 07:29:08,9,23,25,26.5,25,27.7,23.7,0,30
2026-08-20 07:34:08,7,22,25,26.6,24.9,27.9,23.4,0,30
2026-08-20 07:39:08,5,18,18,26.6,24.8,27.5,23.7,0,30
2026-08-20 07:44:08,7,17,18,26.7,24.5,27.9,23.3,0,30
2026-08-20 07:49:08,7,16,17,26.7,24.4,27.9,23.2,0,30
2026-08-20 07:54:08,7,19,22,26.7,24.3,27.7,23.3,0,30
2026-08-20 07:59:08,4,12,13,26.6,24.5,27.6,23.5,0,30
2026-08-20 08:04:08,4,13,14,26.7,24.5,27.8,23.2,0,30
2026-08-20 08:09:08,5,18,18,26.6,24.6,27.5,23.5,0,30
2026-08-20 08:14:08,3,8,12,26.7,24.4,27.8,23.2,0,30
2026-08-20 08:19:08,6,15,19,26.7,24.5,27.8,23.1,0,30
2026-08-20 08:24:08,5,16,20,26.7,24.6,27.9,23.1,0,30
2026-08-20 08:29:08,4,8,12,26.8,24.6,27.8,23.2,0,30
2026-08-20 08:34:08,5,13,15,26.8,24.2,28.1,23,0,30
2026-08-20 08:39:08,5,12,17,26.9,24.2,28.1,22.9,0,30
2026-08-20 08:44:08,5,15,18,27,24.6,28.2,23.1,0,30
2026-08-20 08:49:09,7,23,23,27,24.8,28.3,23.1,0,30
2026-08-20 08:54:08,15,28,30,27,25.3,28.3,23.2,0,30
2026-08-20 08:59:09,18,31,34,27.1,26.3,28.4,23.6,0,30
2026-08-20 09:04:09,15,29,30,27.2,26.1,28.7,23.5,0,30
2026-08-20 09:09:08,13,28,30,27.3,25.7,28.9,23.3,0,30
2026-08-20 09:14:08,12,28,28,27.3,25.1,28.8,23.5,0,30
2026-08-20 09:19:09,11,23,26,27.4,25.4,28.9,23.6,0,30
2026-08-20 09:24:08,11,23,25,27.5,25.4,29.1,23.5,0,30
2026-08-20 09:29:09,18,33,39,27.1,25.4,27.5,25,0,30
2026-08-20 09:34:08,19,33,35,24.7,26.8,23.4,30.3,0,30
2026-08-20 09:39:09,14,28,32,22.3,28.9,20.9,34,0,30
2026-08-20 09:44:08,18,29,33,20.6,31,19.6,36.2,0,30
2026-08-20 09:49:08,16,30,34,19.5,32.3,18.8,37.5,0,30
2026-08-20 09:54:08,17,30,31,18.7,33.8,18.5,38.1,0,30
2026-08-20 09:59:08,16,28,33,18.2,35,18.3,38.5,0,30
2026-08-20 10:04:09,16,32,35,17.9,35.4,18.2,38.7,0,30
2026-08-20 10:09:09,17,29,33,17.8,36,18.2,38.8,0,30
2026-08-20 10:14:08,19,33,37,17.7,36.8,18.3,38.8,0,30
2026-08-20 10:19:09,22,36,43,17.7,37.5,18.4,38.9,0,30
2026-08-20 10:24:08,22,38,48,17.7,38.1,18.5,39,0,30
2026-08-20 10:29:08,22,39,46,17.9,38.3,18.7,39.1,0,30
2026-08-20 10:34:09,23,38,46,18,38.5,18.9,39.1,0,30
2026-08-20 10:39:08,23,36,46,18.1,38.5,19,39.1,0,30
2026-08-20 10:44:08,22,38,44,18.2,38.8,19.2,39,0,30
2026-08-20 10:49:09,22,38,45,18.3,38.2,19.4,39,0,30
2026-08-20 10:54:09,21,34,42,18.5,37.9,19.6,38.8,0,30
2026-08-20 10:59:08,20,34,42,18.7,37.7,19.8,38.5,0,30
2026-08-20 11:04:09,22,37,45,18.8,37.9,20,38.4,0,30
2026-08-20 11:09:08,20,32,36,19,37.5,20.3,38.3,0,30
2026-08-20 11:14:09,20,33,38,19.1,37,20.5,37.9,0,30
2026-08-20 11:19:08,20,32,38,19.3,37,20.7,37.7,0,30
2026-08-20 11:24:09,18,32,37,19.5,36.7,20.9,37.4,0,30
2026-08-20 11:29:09,20,34,39,19.7,36.4,21.2,37.1,0,30
2026-08-20 11:34:09,17,29,33,19.9,36.4,21.4,36.9,0,30
2026-08-20 11:39:09,21,33,39,20.1,36.5,,,0,30
2026-08-20 11:44:09,26,45,56,20.3,37.2,,,0,30
2026-08-20 11:49:09,24,39,45,20.5,37.1,,,0,30
2026-08-20 11:54:09,23,40,51,20.8,36.6,,,0,30
2026-08-20 11:59:09,23,40,49,21.1,36.5,,,0,30
2026-08-20 12:04:09,25,41,50,21.4,36.4,,,0,30
2026-08-20 12:09:09,27,45,57,21.7,36.4,,,0,30
2026-08-20 12:14:09,26,45,54,21.9,36.3,,,0,30
2026-08-20 12:19:09,28,46,55,22.1,36.1,,,0,30
2026-08-20 12:24:09,26,42,52,22.3,35.7,,,0,30
2026-08-20 12:29:09,27,44,55,22.4,35.7,,,0,30
2026-08-20 12:34:08,27,45,56,22.6,35.2,,,0,30
2026-08-20 12:39:09,29,46,57,22.6,35.2,,,0,30
2026-08-20 12:44:09,27,45,55,22.6,35.1,,,0,30
2026-08-20 12:49:09,28,46,57,22.7,35,,,0,30
2026-08-20 12:54:09,29,47,59,22.8,34.7,,,0,30
2026-08-20 12:59:09,28,45,56,23,34.5,,,0,30
2026-08-20 13:04:09,30,47,56,23.1,34.1,,,0,30
2026-08-20 13:09:09,28,44,54,23.2,34.2,,,0,30
2026-08-20 13:14:09,30,48,60,23.4,34,,,0,30
2026-08-20 13:19:09,29,47,58,23.5,33.9,,,0,30
2026-08-20 13:24:09,30,50,61,23.7,33.8,,,0,30
2026-08-20 13:29:09,30,50,61,23.8,33.7,,,0,30
2026-08-20 13:34:09,31,50,63,23.9,33.3,,,0,30
2026-08-20 13:39:09,32,50,62,24.1,32.8,,,0,30
2026-08-20 13:44:09,31,50,62,24.2,32.8,,,0,30
2026-08-20 13:49:09,30,49,61,24.3,32.6,,,0,30
2026-08-20 13:54:09,31,49,62,24.5,32.2,,,0,31
2026-08-20 13:59:09,30,50,62,24.8,31.8,,,0,30
2026-08-20 14:04:09,32,51,64,25,31.9,,,0,31
2026-08-20 14:09:09,30,47,59,25.1,30.8,27.7,30.9,0,31
2026-08-20 14:14:09,30,49,60,25.1,30.9,27.5,30.9,0,31
2026-08-20 14:19:09,27,43,54,25,30,27.2,30.9,0,30
2026-08-20 14:24:09,29,47,59,24.9,30.2,27.1,30.6,0,30
2026-08-20 14:29:09,28,45,55,24.8,30.5,27.2,30.4,0,30
2026-08-20 14:34:09,30,47,59,24.7,30.6,27.1,30.4,0,31
2026-08-20 14:39:09,28,46,56,24.7,31.2,27.1,30.6,0,31
2026-08-20 14:44:09,30,49,61,24.7,31.4,27.1,30.8,0,31
2026-08-20 14:49:09,32,51,65,24.7,31.5,27.1,30.8,0,31
2026-08-20 14:54:09,34,53,67,24.7,31.9,27,31,0,31
2026-08-20 14:59:09,34,55,68,24.6,32.2,26.9,31.3,0,31
2026-08-20 15:04:09,35,59,71,24.5,32,26.6,31.6,0,31
2026-08-20 15:09:09,36,61,73,24.3,32.4,26.3,31.8,0,31
2026-08-20 15:14:09,35,59,70,24.1,32.5,26,32.2,0,31
2026-08-20 15:19:09,36,64,73,23.8,33.1,25.7,32.4,0,31
2026-08-20 15:24:09,36,60,70,23.7,33.4,25.5,32.7,0,31
2026-08-20 15:29:09,35,59,72,23.5,33.4,25.2,33,0,31
2026-08-20 15:34:09,40,69,77,23.3,34.1,25,33.3,0,31
2026-08-20 15:39:09,36,65,76,23.2,34.3,24.8,33.6,0,31
2026-08-20 15:44:09,36,64,73,23,34.7,24.6,33.8,0,31
2026-08-20 15:49:09,36,66,77,22.9,35.2,24.5,34,0,31
2026-08-20 15:54:09,37,64,74,22.8,35.6,24.3,34.3,0,31
2026-08-20 15:59:09,34,58,70,22.6,35.8,24.2,34.6,0,31
2026-08-20 16:04:09,37,69,77,22.5,35.7,24,34.8,0,31
2026-08-20 16:09:09,39,68,75,22.4,36.2,23.9,35.1,0,31
2026-08-20 16:14:09,40,67,75,22.3,36.4,23.8,35.2,0,31
2026-08-20 16:19:10,40,70,77,22.2,36.7,23.7,35.4,0,31
2026-08-20 16:24:09,39,67,75,22.1,36.7,23.6,35.6,0,31
2026-08-20 16:29:09,40,69,77,22,36.8,23.5,35.8,0,31
2026-08-20 16:34:09,38,65,74,21.9,37,23.3,36,0,31
2026-08-20 16:39:09,37,64,74,21.8,37.2,23.2,36.2,0,31
2026-08-20 16:44:10,38,66,74,21.7,37.1,23.1,36.3,0,31
2026-08-20 16:49:09,40,69,76,21.6,37.5,23,36.5,0,31
2026-08-20 16:54:09,42,74,79,21.5,37.7,22.8,36.7,0,31
2026-08-20 16:59:09,39,69,76,21.3,37.8,22.7,37,0,31
2026-08-20 17:04:10,37,65,73,21.3,37.9,22.6,37.1,0,31
2026-08-20 17:09:09,39,66,74,21.2,38,22.5,37.3,0,31
2026-08-20 17:14:10,36,65,74,21.1,38.4,22.4,37.5,0,31
2026-08-20 17:19:10,39,69,76,21,38.2,22.3,37.6,0,31
2026-08-20 17:24:10,40,69,76,20.9,38.6,22.2,37.8,0,31
2026-08-20 17:29:10,39,65,74,20.8,39,22.1,38,0,31
2026-08-20 17:34:10,41,73,77,20.8,39.4,22,38.2,0,31
2026-08-20 17:39:10,41,69,76,20.7,39.1,21.9,38.4,0,31
2026-08-20 17:44:10,38,68,75,20.6,39.2,21.8,38.6,0,31
2026-08-20 17:49:10,35,64,73,20.6,39.4,21.7,38.7,0,31
2026-08-20 17:54:09,38,66,75,20.5,39.6,21.6,38.9,0,31
2026-08-20 17:59:10,38,64,73,20.4,39.8,21.5,39.1,0,31
2026-08-20 18:04:10,40,69,76,20.3,40.2,,,0,31
2026-08-20 18:09:10,36,66,75,20.2,40.8,21.3,39.5,0,31
2026-08-20 18:19:11,35,60,71,20,41.4,21.1,39.9,0,31
2026-08-20 18:24:10,41,73,78,19.9,41.4,20.9,40.3,0,31
2026-08-20 18:29:10,43,75,80,19.8,41.9,20.8,40.5,0,31
2026-08-20 18:34:10,41,70,78,19.7,42.3,20.6,40.8,0,31
2026-08-20 18:39:10,40,70,78,19.6,42.5,20.5,41,0,31
2026-08-20 18:44:10,36,62,74,19.5,42.5,20.4,41.2,0,31
2026-08-20 18:49:10,37,65,74,19.4,42.5,20.3,41.5,0,31
2026-08-20 18:54:10,39,67,75,19.3,42.9,20.2,41.7,0,31
2026-08-20 18:59:10,37,67,75,19.2,43.1,20,42,0,31
2026-08-20 19:04:10,38,66,74,19.1,43.2,19.9,42.1,0,31
2026-08-20 19:09:10,38,69,78,19,43.4,19.8,42.4,0,31
2026-08-20 19:14:10,35,65,72,19,43.4,19.7,42.6,0,31
2026-08-20 19:19:10,39,66,74,18.9,43.5,19.6,42.8,0,31
2026-08-20 19:24:10,38,64,75,18.7,43.7,19.4,43,0,31
2026-08-20 19:29:10,38,65,73,18.7,43.4,19.3,43.1,0,31
2026-08-20 19:34:10,35,60,72,18.6,43.2,19.2,43.2,0,31
2026-08-20 19:39:10,33,52,66,18.5,42.3,19.1,43,0,31
2026-08-20 19:44:10,31,50,62,18.4,42.1,19,42.9,0,31
2026-08-20 19:49:10,31,50,63,18.4,42.1,18.9,42.9,0,31
2026-08-20 19:54:10,31,51,63,18.3,42.1,18.8,42.9,0,31
2026-08-20 19:59:10,31,51,63,18.2,42.3,18.7,43,0,31
2026-08-20 20:04:10,33,54,67,18.2,42.8,18.6,43.2,0,31
2026-08-20 20:09:10,32,54,69,18.2,43.1,18.5,43.8,0,31
2026-08-20 20:14:10,35,60,72,18.1,43.8,18.4,44,0,31
2026-08-20 20:19:10,36,65,75,18,44.4,18.4,44.1,0,31
2026-08-20 20:24:10,39,66,77,18,44.5,18.3,44.4,0,31
2026-08-20 20:29:10,31,51,62,20.1,45.8,24,36.2,0,31
2026-08-20 20:34:10,35,62,72,22.2,38.6,24.6,33.5,0,31
2026-08-20 20:39:10,37,65,73,21.5,38.1,22.1,37.6,0,31
2026-08-20 20:44:10,37,61,72,20.6,39.4,20.6,40.3,0,31
2026-08-20 20:49:10,37,66,74,19.8,40.5,19.7,42,0,31
2026-08-20 20:54:10,30,50,63,22,40.5,25.9,32.7,0,31
2026-08-20 20:59:10,31,51,66,24.9,35.4,,,,31
2026-08-20 21:04:10,33,57,69,25.7,32.6,27.5,30,0,31
2026-08-20 21:09:10,35,59,70,24,33.5,23.8,35.3,0,31
2026-08-20 21:14:10,35,63,72,22.2,35.3,21.6,38.9,0,31
2026-08-20 21:19:10,39,65,74,20.9,37.3,20.3,40.9,0,31
2026-08-20 21:24:11,35,60,71,19.9,39.1,19.5,42.1,0,31
2026-08-20 21:29:11,32,55,67,21.4,38.6,24,34.9,0,31
2026-08-20 21:34:10,32,52,66,23.3,36.1,26.5,31.2,0,31
2026-08-20 21:39:10,33,55,66,23,34.8,23.8,34.7,0,31
2026-08-20 21:44:10,34,61,72,21.7,36,21.5,38.5,0,31
2026-08-20 21:49:11,35,56,70,20.5,37.8,20.2,40.9,0,31
2026-08-20 21:54:10,36,62,73,19.6,39.6,19.4,42.2,0,31
2026-08-20 21:59:10,35,59,70,19,41.5,,,,31
2026-08-20 22:04:10,29,47,59,22.5,38.4,26.8,31.1,0,31
2026-08-20 22:09:10,29,49,61,25.1,33.9,29.2,27.7,0,31
2026-08-20 22:14:11,28,47,59,26.5,31.7,29.8,27,0,31
2026-08-20 22:19:10,28,47,59,27.4,30.1,30.1,26.7,0,31
2026-08-20 22:24:11,28,44,55,27.9,29.6,30.2,26.8,0,31
2026-08-20 22:29:11,27,45,54,28.3,28.8,30.5,26.4,0,31
2026-08-20 22:34:11,28,46,56,28.2,28.1,29.6,27.1,0,31
2026-08-20 22:39:11,28,45,56,27,29.1,27.9,29.5,0,31
2026-08-20 22:44:10,26,41,52,25.9,28.6,25.6,31.9,0,31
2026-08-20 22:49:10,25,42,52,23.6,30.7,22.6,36.2,0,31
2026-08-20 22:54:10,25,41,50,21.9,32.5,20.8,38.9,0,31
2026-08-20 22:59:10,24,39,47,20.5,33.9,19.7,40.2,0,31
2026-08-20 23:04:10,8,24,25,22,33.4,24.8,32.8,0,31
2026-08-20 23:09:11,13,26,27,24.1,30.8,27.3,28.5,0,31
2026-08-20 23:14:10,10,24,27,26,28.7,29.3,25.9,0,31
2026-08-20 23:19:11,10,25,26,27.1,27.1,29.8,25.2,0,31
2026-08-20 23:24:11,9,23,26,27.8,26.5,30.3,24.8,0,31
2026-08-20 23:29:11,21,35,40,28.2,26,30.2,24.6,0,31
2026-08-20 23:34:10,27,44,53,26.3,27.7,25.6,30,0,31
2026-08-20 23:39:10,33,52,66,23.8,30.6,22.5,34.7,0,31
2026-08-20 23:44:11,32,55,68,22,33,20.7,37.7,0,31
2026-08-20 23:49:11,33,56,68,20.5,35.3,19.7,39.5,0,31
2026-08-20 23:54:11,27,44,55,23.2,34.2,26.7,29.5,0,31
2026-08-20 23:59:11,26,44,56,25.5,30.8,29.1,26.3,0,31
2026-08-21 00:04:11,26,43,51,26.8,29.1,29.8,25.4,0,31
2026-08-21 00:09:10,27,46,55,27.5,28,30,25.1,0,31
2026-08-21 00:14:11,25,42,52,27.8,27.3,29.7,25.5,0,31
2026-08-21 00:19:11,22,33,38,28.1,26.5,29.9,25.1,0,31
2026-08-21 00:24:11,20,35,40,28.3,26.2,30,25,0,31
2026-08-21 00:29:10,20,29,37,28.4,25.6,30.1,24.7,0,31
2026-08-21 00:34:11,22,35,39,28.1,24.4,29.1,25.1,0,29
2026-08-21 00:39:10,18,31,33,26.3,26.2,26.2,28.9,0,29
2026-08-21 00:44:11,18,32,36,25.7,25.9,25.5,29,0,29
2026-08-21 00:49:11,10,24,27,26,26.3,27.9,26.3,0,31
2026-08-21 00:54:11,17,32,36,27.2,25.5,29.9,23.7,0,29
2026-08-21 00:59:11,24,39,47,26.1,26,26.1,27.7,0,29
2026-08-21 01:04:11,27,44,53,23.8,28.8,22.7,32.3,0,29
2026-08-21 01:09:11,26,42,51,24.8,29.6,26.9,27.4,0,30
2026-08-21 01:14:11,23,40,49,26.5,28.1,29.4,24.5,0,30
2026-08-21 01:19:11,25,41,49,27.4,26.9,29.9,23.9,0,30
2026-08-21 01:24:11,25,40,49,27.8,26,30.1,23.7,0,30
2026-08-21 01:29:11,25,42,49,28.2,25.9,30.4,23.5,0,30
2026-08-21 01:34:11,26,43,51,28.4,25.6,30.1,23.8,0,29
2026-08-21 01:39:11,24,40,49,28.4,25.6,30.1,23.9,0,29
2026-08-21 01:44:11,23,36,42,28.6,25.3,30.2,23.8,0,29
2026-08-21 01:49:11,23,37,46,28.6,25.3,30.3,23.6,0,29
2026-08-21 01:54:11,23,40,48,28.6,25.4,30.4,23.5,0,29
2026-08-21 01:59:11,25,42,52,28.7,25.3,30.5,23.3,0,29
2026-08-21 02:04:11,25,41,52,28.8,25.3,30.6,23.2,0,29
2026-08-21 02:09:11,27,44,53,28.5,25.3,29.8,24,0,29
2026-08-21 02:14:11,25,40,48,28.6,25.6,30.1,23.8,0,29
2026-08-21 02:19:11,24,39,47,28.6,25.5,30.2,23.6,0,29
2026-08-21 02:24:11,25,44,52,28.5,25.4,30.1,23.6,0,29
2026-08-21 02:29:11,27,44,55,28.6,25.5,30.3,23.4,0,29
2026-08-21 02:34:11,27,44,55,28.6,25.5,30.4,23.4,0,29
2026-08-21 02:39:11,26,44,55,28.6,25.3,30.2,23.4,0,29
2026-08-21 02:44:11,26,43,53,28.5,25.4,30.2,23.4,0,31
2026-08-21 02:49:11,28,46,56,28.5,25.3,30,23.5,0,31
2026-08-21 02:54:11,25,43,52,28.5,25.1,30,23.4,0,29
2026-08-21 02:59:11,23,35,42,28.4,24.4,29.8,23.6,0,29
2026-08-21 03:04:11,21,34,40,28.4,24.5,29.9,23.4,0,29
2026-08-21 03:09:11,22,35,40,28.4,24.7,30,23.2,0,29
2026-08-21 03:14:11,9,24,24,28.4,23.2,30,22.9,0,29
2026-08-21 03:19:11,12,25,26,28.4,23.3,30.2,22.4,0,29
2026-08-21 03:24:11,10,25,28,28.4,22.9,30,22.3,0,29
2026-08-21 03:29:11,8,26,26,28.4,22.9,29.9,22.2,0,29
2026-08-21 03:34:11,9,23,24,28.4,22.7,29.9,22,0,29
2026-08-21 03:39:11,4,17,17,28.2,23.1,29.6,22.3,0,29
2026-08-21 03:44:11,6,13,15,28.3,22.8,29.8,22,0,29
2026-08-21 03:49:11,4,8,8,28.3,22.2,30,21.6,0,31
2026-08-21 03:54:12,0,3,3,28.3,21.9,30.1,21.3,0,29
2026-08-21 03:59:11,0,3,5,28.4,21.6,29.9,21.2,0,29
2026-08-21 04:04:11,0,4,4,28.3,21.6,29.9,21.1,0,29
2026-08-21 04:09:11,0,2,3,28.4,21.6,30.1,20.8,0,29
2026-08-21 04:14:11,0,0,0,28.4,21.2,29.8,20.8,0,29
2026-08-21 04:19:11,0,0,0,28.3,21,29.6,21,0,29
2026-08-21 04:24:12,0,0,0,28.3,21,29.7,20.7,0,29
2026-08-21 04:29:11,0,0,0,28.2,20.8,29.7,20.5,0,29
2026-08-21 04:34:11,2,10,11,28.2,21.2,29.7,20.4,0,29
2026-08-21 04:39:11,9,23,24,28.2,22,29.9,20.3,0,31
2026-08-21 04:44:11,9,25,25,28.4,21.9,30,20.3,0,31
2026-08-21 04:49:12,15,32,34,28.3,22.4,29.7,20.5,0,29
2026-08-21 04:54:11,16,29,33,28.2,22.9,29.5,20.9,0,29
2026-08-21 04:59:11,11,28,30,28.3,23,29.8,20.7,0,29
2026-08-21 05:04:12,12,28,32,28.2,22.9,29.7,20.8,0,29
2026-08-21 05:09:11,9,24,27,28.2,22.8,29.6,21,0,30
2026-08-21 05:14:11,5,19,24,28.3,22,29.7,20.8,0,30
2026-08-21 05:19:11,4,19,19,28.3,22,29.6,20.8,0,30
2026-08-21 05:24:11,6,15,17,28.3,22,29.7,20.7,0,30
2026-08-21 05:29:11,7,19,20,28.1,22,29.5,20.7,0,30
2026-08-21 05:34:11,6,18,22,28.1,22.2,29.7,20.4,0,30
2026-08-21 05:39:12,5,14,18,28,21.9,29.3,20.6,0,30
2026-08-21 05:44:12,4,13,17,27.9,21.8,29.2,20.7,0,30
2026-08-21 05:49:12,0,5,6,27.9,21.5,29.4,20.4,0,30
2026-08-21 05:54:12,0,3,3,27.9,21.2,29.3,20.3,0,30
2026-08-21 05:59:11,0,3,4,27.9,20.9,29.4,20,0,30
2026-08-21 06:04:12,1,3,4,27.9,21,29.4,19.9,0,30
2026-08-21 06:09:12,0,1,1,27.9,21.1,29.2,20.2,0,30
2026-08-21 06:14:12,0,2,2,28,20.7,29.5,19.8,0,30
2026-08-21 06:19:12,0,1,2,28.1,20.5,29.6,19.5,0,30
2026-08-21 06:24:12,0,1,1,28,20,29.2,19.8,0,30
2026-08-21 06:29:12,0,1,1,28,20.2,29.4,19.6,0,30
2026-08-21 06:34:12,0,0,0,28,20.1,29.6,19.2,0,30
2026-08-21 06:39:12,0,0,0,28,20.1,29.5,19.2,0,30
2026-08-21 06:44:12,0,0,1,28,20.2,29.4,19.1,0,30
2026-08-21 06:49:12,0,0,0,28,20.1,29.3,19.2,0,30
2026-08-21 06:54:12,0,0,0,28,20.2,29.5,19,0,30
2026-08-21 06:59:12,0,0,0,28,20.2,29.5,18.9,0,30
2026-08-21 07:04:12,0,0,0,27.9,20.2,29.3,19,0,30
2026-08-21 07:09:12,0,0,0,27.8,19.7,29.1,19,0,30
2026-08-21 07:14:12,0,0,1,27.8,19.6,29,19.1,0,30
2026-08-21 07:19:12,0,0,0,28,19.6,29.3,18.8,0,30
2026-08-21 07:24:12,0,0,1,28,19.7,29.4,18.7,0,30
2026-08-21 07:29:12,0,0,0,28,19.8,29.5,18.5,0,30
2026-08-21 07:34:12,0,0,0,27.9,19.8,29.2,18.6,0,30
2026-08-21 07:39:12,0,7,7,28.1,19.8,29.6,18.3,0,30
2026-08-21 07:44:12,0,0,0,28.1,19.6,29.5,18.4,0,30
2026-08-21 07:49:12,0,0,0,28,19.3,29.4,18.6,0,30
2026-08-21 07:54:12,0,0,0,28,19.5,29.4,18.4,0,30
2026-08-21 07:59:12,0,0,0,28,19.9,29.5,18.2,0,30
2026-08-21 08:04:12,0,0,0,28.1,19.6,29.6,18.1,0,30
2026-08-21 08:09:12,0,2,3,28.1,19.8,29.6,18,0,31
2026-08-21 08:14:12,0,0,1,28,19.9,29.3,18.5,0,31
2026-08-21 08:19:12,0,1,1,28.1,20,29.5,18.3,0,31
2026-08-21 08:24:12,0,4,6,28.1,19.9,29.5,18.2,0,31
2026-08-21 08:29:12,0,1,3,28.2,20.1,29.8,18.1,0,31
2026-08-21 08:34:12,1,9,15,28.2,20.4,29.7,18.2,0,31
2026-08-21 08:39:12,0,5,5,28.1,19.7,29.6,18.3,0,31
2026-08-21 08:44:12,0,4,5,28.1,19.8,29.6,18.3,0,31
2026-08-21 08:49:12,0,1,2,28.2,20.2,29.7,18.3,0,31
2026-08-21 08:54:12,4,8,8,28.3,20.7,29.8,18.4,0,31
2026-08-21 08:59:12,0,4,5,28.3,20.5,30,18.4,0,31
2026-08-21 09:04:12,0,7,7,27.2,20.9,27,20.7,0,31
2026-08-21 09:09:12,4,7,13,24.8,21.5,23.2,24.7,0,31
2026-08-21 09:14:12,5,17,19,22.4,22.7,20.9,27.3,0,31
2026-08-21 09:19:12,1,7,13,20.8,24.4,19.7,28.8,0,31
2026-08-21 09:24:12,0,5,7,19.7,26.1,19,29.7,0,31
2026-08-21 09:29:12,0,3,3,18.9,26.2,18.7,30.1,0,31
2026-08-21 09:34:12,0,0,0,18.5,26.5,18.6,30.2,0,31
2026-08-21 09:39:12,1,2,3,18.2,27.1,18.6,30.2,0,31
2026-08-21 09:44:12,0,1,1,18.1,27.7,18.7,30.2,0,31
2026-08-21 09:49:12,0,3,3,18.1,28.6,18.9,30.1,0,31
2026-08-21 09:54:12,0,1,1,18.2,28.5,19.1,30.1,0,31
2026-08-21 09:59:12,1,2,2,18.3,28.7,19.4,29.9,0,31
2026-08-21 10:04:12,1,6,6,18.5,28.4,19.7,29.8,0,31
2026-08-21 10:09:12,0,6,6,18.7,29.3,20.1,29.7,0,31
2026-08-21 10:14:13,2,6,7,18.9,30.3,20.4,29.7,0,31
2026-08-21 10:19:12,2,6,6,19.2,30.4,20.8,29.7,0,31
2026-08-21 10:24:12,4,10,13,19.4,30.7,21.1,29.8,0,31
2026-08-21 10:29:12,6,16,20,19.7,30.7,21.4,29.7,0,31
2026-08-21 10:34:15,7,21,22,20,30.4,21.8,29.6,0,31
2026-08-21 10:39:12,13,25,29,20.2,30.1,22.1,29.5,0,31
2026-08-21 10:44:13,8,21,27,20.4,29.8,22.4,29.3,0,31
2026-08-21 10:49:12,5,16,17,20.7,29.5,22.7,29,0,31
2026-08-21 10:54:12,6,16,18,20.9,29.5,23,28.8,0,31
2026-08-21 10:59:13,7,18,20,21.2,28.8,23.3,28.4,0,31
2026-08-21 11:04:12,7,16,17,21.4,28.7,23.6,28.2,0,31
2026-08-21 11:09:13,6,15,17,21.7,28.6,23.9,28,0,31
2026-08-21 11:14:13,4,12,12,22,28.2,24.2,27.7,0,31
2026-08-21 11:19:12,4,12,14,22.2,28.4,24.5,27.3,0,31
2026-08-21 11:24:13,4,11,16,22.4,27.9,24.8,27.1,0,31
2026-08-21 11:29:13,4,10,14,22.7,28.2,25,27,0,31
2026-08-21 11:34:12,6,17,23,22.9,27.7,25.3,26.8,0,31
2026-08-21 11:39:13,4,15,18,23.1,27.7,25.6,26.6,0,31
2026-08-21 11:44:12,7,17,20,23.3,27.4,25.9,26.5,0,31
2026-08-21 11:49:13,5,13,17,23.5,27.4,26.2,26,0,31
2026-08-21 11:54:13,5,12,15,23.8,26.6,26.4,25.7,0,31
2026-08-21 11:59:13,4,8,12,24,26.5,26.7,25.6,0,31
2026-08-21 12:04:13,3,8,8,24.2,26.5,27,25.3,0,31
2026-08-21 12:09:13,1,7,7,24.5,25.9,27.2,25,0,31
2026-08-21 12:14:13,4,8,8,24.7,25.9,27.5,24.7,0,31
2026-08-21 12:19:13,4,7,8,25,25.2,27.8,24.4,0,31
2026-08-21 12:24:12,3,8,9,25.2,25.3,28.1,24,0,31
2026-08-21 12:29:13,2,8,9,25.4,24.6,28.3,23.8,0,31
2026-08-21 12:34:13,1,7,7,25.6,24.7,28.5,23.6,0,31
2026-08-21 12:39:13,3,8,8,25.8,24.2,28.8,23.2,0,31
2026-08-21 12:44:13,4,9,12,26,24.3,29,23.1,0,31
2026-08-21 12:49:13,5,12,15,26.2,25,29.3,23,0,31
2026-08-21 12:54:13,4,8,13,26.4,25,29.5,23,0,31
2026-08-21 12:59:12,6,18,19,26.6,24.7,29.7,22.8,0,31
2026-08-21 13:04:13,7,19,24,26.7,24.9,29.9,22.8,0,31
2026-08-21 13:09:13,5,21,24,26.9,24.9,30.1,22.8,0,31
2026-08-21 13:14:13,9,23,27,27.1,24.8,30.3,22.8,0,31
2026-08-21 13:19:13,5,12,15,27.2,23.9,30.5,22.3,0,31
2026-08-21 13:24:13,7,19,20,27.3,23.9,30.6,22.1,0,31
2026-08-21 13:29:13,6,18,18,27.5,24.3,30.8,22.1,0,31
2026-08-21 13:34:13,7,18,23,27.7,24.2,31.1,22,0,31
2026-08-21 13:39:13,7,23,24,27.9,24.3,31.3,22,0,31
2026-08-21 13:44:13,8,23,25,28.1,24.3,31.6,22,0,31
2026-08-21 13:49:13,7,24,24,28.3,24.2,31.9,21.8,0,31
2026-08-21 13:54:13,7,21,22,28.5,24.4,32.4,21.6,0,31
2026-08-21 13:59:13,15,29,33,28.8,24,32.9,21.3,0,31
2026-08-21 14:04:13,19,32,34,29.2,23.7,33.7,20.7,0,31
2026-08-21 14:09:13,19,32,36,29.8,23.6,34.7,20,0,31
2026-08-21 14:14:13,17,30,31,30.5,23.1,35.9,19.3,0,31
2026-08-21 14:19:13,21,33,37,31.1,22.2,37,18.5,0,31
2026-08-21 14:24:13,22,36,43,31.9,21.9,38,17.9,0,31
2026-08-21 14:29:13,21,35,41,32.6,21.3,39,17.5,0,31
2026-08-21 14:34:13,22,38,45,33.5,20.9,39.9,17.1,0,31
2026-08-21 14:39:13,26,40,49,34.2,20.8,40.8,16.8,0,31
2026-08-21 14:44:13,26,41,50,35,20.3,41.7,16.5,0,31
2026-08-21 14:49:13,25,42,50,35.7,19.7,42.6,16.2,0,31
2026-08-21 14:54:13,25,40,48,36.6,19.3,43.4,15.8,0,31
2026-08-21 14:59:13,26,43,52,37.2,18.9,43.4,16,0,31
2026-08-21 15:04:13,27,44,53,37.4,18.6,42.1,16.8,0,31
2026-08-21 15:09:13,27,45,53,36.9,18.6,40.6,17.3,0,31
2026-08-21 15:14:13,27,44,53,36,18.9,39,17.9,0,31
2026-08-21 15:19:13,27,44,55,34.9,19.4,37.4,18.4,0,31
2026-08-21 15:24:13,28,47,57,33.9,19.7,36,18.8,0,31
2026-08-21 15:29:13,29,46,57,32.8,20.4,34.8,19.2,0,31
2026-08-21 15:34:13,28,46,56,31.8,20.8,33.8,19.6,0,31
2026-08-21 15:39:13,27,47,57,31,21.3,32.8,20,0,31
2026-08-21 15:44:13,28,46,55,30.2,21.5,32,20.4,0,31
2026-08-21 15:49:13,27,45,55,29.4,22.4,31.4,20.6,0,31
2026-08-21 15:54:13,27,46,57,28.7,23.1,30.8,20.9,0,31
2026-08-21 15:59:13,28,46,57,28.2,23,30.3,21.2,0,31
2026-08-21 16:04:13,28,46,56,27.8,23.4,29.8,21.5,0,31
2026-08-21 16:09:13,26,42,54,27.3,23.9,29.3,21.7,0,31
2026-08-21 16:14:13,28,44,53,27,23.9,28.9,21.9,0,31
2026-08-21 16:19:13,27,43,53,26.7,24.5,28.6,22.2,0,31
2026-08-21 16:24:13,27,44,54,26.3,24.6,28.3,22.4,0,31
2026-08-21 16:29:13,30,49,61,26.1,25.3,28,22.7,0,31
2026-08-21 16:34:13,28,45,56,25.8,25,27.7,22.9,0,31
2026-08-21 16:39:13,28,45,55,25.6,25.3,27.4,23,0,31
2026-08-21 16:44:13,26,45,54,25.4,25.6,27.2,23.2,0,31
2026-08-21 16:49:13,25,42,49,25.2,25.9,27,23.4,0,31
2026-08-21 16:54:13,27,45,56,25,26,26.8,23.6,0,31
2026-08-21 16:59:13,28,46,56,24.8,25.9,26.6,23.7,0,31
2026-08-21 17:04:13,28,46,56,24.7,26,26.4,23.9,0,31
2026-08-21 17:09:13,28,46,56,24.5,26.5,26.2,24.1,0,31
2026-08-21 17:14:13,26,44,54,24.3,26.7,26,24.2,0,31
2026-08-21 17:19:13,25,43,53,24.1,26.8,25.9,24.4,0,31
2026-08-21 17:24:13,26,43,52,24,26.7,25.7,24.4,0,31
2026-08-21 17:29:13,27,43,54,23.9,27,25.5,24.6,0,31
2026-08-21 17:34:13,25,43,54,23.7,27.1,25.4,24.7,0,31
2026-08-21 17:39:14,25,42,51,23.6,27.1,25.2,24.8,0,31
2026-08-21 17:44:13,28,47,60,23.4,27.4,25.1,24.9,0,31
2026-08-21 17:49:14,39,68,75,23.4,27.4,24.9,25.1,0,31
2026-08-21 17:54:13,42,74,80,23.2,26.9,24.8,25.2,0,31
2026-08-21 17:59:13,35,63,71,23.1,26.9,24.6,25.2,0,31
2026-08-21 18:04:13,36,61,73,23,27.6,24.5,25.4,0,31
2026-08-21 18:09:13,29,49,62,22.9,27.6,24.4,25.5,0,31
2026-08-21 18:14:13,27,44,56,22.8,27.8,24.2,25.6,0,31
2026-08-21 18:19:13,27,45,56,22.6,27.9,24.1,25.8,0,31
2026-08-21 18:24:13,25,42,50,22.5,28.5,23.9,26,0,31
2026-08-21 18:29:14,24,40,50,22.4,28.3,23.8,26.1,0,31
2026-08-21 18:34:13,25,42,50,22.3,28.8,23.6,26.3,0,31
2026-08-21 18:39:13,23,38,46,22.2,28.7,23.5,26.5,0,31
2026-08-21 18:44:13,34,58,70,22.1,28.9,23.3,26.6,0,31
2026-08-21 18:49:13,26,44,55,22,27.9,23.2,26.6,0,31
2026-08-21 18:54:14,24,40,48,21.8,28.3,23.1,26.7,0,31
2026-08-21 18:59:13,23,39,48,21.7,28.9,23,26.8,0,31
2026-08-21 19:04:13,26,42,53,21.6,29.4,22.9,27,0,31
2026-08-21 19:09:14,26,42,51,21.5,29.1,22.8,27.1,0,31
2026-08-21 19:14:13,26,43,55,21.5,29.2,22.7,27.2,0,31
2026-08-21 19:19:14,27,45,55,21.4,28.9,22.6,27.3,0,31
2026-08-21 19:24:14,27,43,52,21.3,29.3,22.5,27.4,0,31
2026-08-21 19:29:14,29,48,60,21.2,29.7,22.4,27.7,0,31
2026-08-21 19:34:14,33,53,67,21.1,30.1,22.2,27.9,0,31
2026-08-21 19:39:14,29,49,62,21,30.2,22.1,28.1,0,31
2026-08-21 19:44:13,29,49,60,20.9,30.3,22,28.3,0,31
2026-08-21 19:49:14,27,45,55,20.8,30.6,21.9,28.5,0,31
2026-08-21 19:54:13,26,44,54,20.7,30.2,21.8,28.5,0,31
2026-08-21 19:59:14,28,49,63,20.7,30.9,21.7,28.7,0,31
2026-08-21 20:04:14,27,46,57,20.6,31.1,21.6,28.9,0,31
2026-08-21 20:09:14,28,45,56,20.5,30.6,21.5,29,0,31
2026-08-21 20:14:14,28,46,58,20.4,30.6,21.4,29,0,31
2026-08-21 20:19:14,24,41,52,20.3,30.5,21.4,29,0,31
2026-08-21 20:24:14,25,42,52,20.3,30.7,21.3,29.1,0,31
2026-08-21 20:29:14,22,39,47,20.2,30.5,21.3,29.1,0,30
2026-08-21 20:34:14,24,40,49,20.2,30.5,21.2,29.1,0,30
2026-08-21 20:39:14,30,50,63,20.1,31,21.1,29.3,0,30
2026-08-21 20:44:14,29,50,63,20.1,31,21,29.4,0,30
2026-08-21 20:49:14,25,42,52,20,31,20.9,29.5,0,30
2026-08-21 20:54:14,24,41,49,19.9,31.1,20.8,29.6,0,30
2026-08-21 20:59:14,22,36,44,19.8,30.9,20.7,29.6,0,30
2026-08-21 21:04:14,21,35,45,19.7,31.5,20.6,29.8,0,30
2026-08-21 21:09:14,20,33,40,19.6,31.1,20.5,29.8,0,30
2026-08-21 21:14:14,21,36,45,19.6,31.1,20.5,29.8,0,30
2026-08-21 21:19:14,19,33,37,19.5,30.1,20.4,29.7,0,30
2026-08-21 21:24:14,18,29,34,19.4,30.8,20.3,29.8,0,30
2026-08-21 21:29:14,15,28,32,19.4,31.1,20.3,29.9,0,31
2026-08-21 21:34:14,18,32,38,19.3,31.1,20.2,30,0,30
2026-08-21 21:39:14,18,30,34,19.3,31.2,20.1,30,0,30
2026-08-21 21:44:14,18,30,30,19.2,31.4,20,30.1,0,30
2026-08-21 21:49:14,13,26,30,19.2,31.1,20,30.1,0,30
2026-08-21 21:54:14,12,28,30,19.1,31.2,19.9,30.2,0,30
2026-08-21 21:59:14,10,25,27,19,31.2,19.8,30.2,0,30
2026-08-21 22:04:14,9,24,25,19,30.8,19.7,30.2,0,30
2026-08-21 22:09:14,6,18,22,18.9,30.7,19.7,30.1,0,30
2026-08-21 22:14:14,6,18,19,18.9,30.6,19.6,30.1,0,30
2026-08-21 22:19:14,7,11,17,18.8,30.5,19.6,30,0,30
2026-08-21 22:24:14,7,21,21,18.8,30.2,19.5,30,0,30
2026-08-21 22:29:14,6,22,23,18.8,30.4,19.5,29.9,0,30
2026-08-21 22:34:14,7,21,22,18.8,30.5,19.5,29.9,0,30
2026-08-21 22:39:14,8,22,24,18.7,30.7,19.5,30,0,30
2026-08-21 22:44:14,7,20,23,18.7,30.6,19.4,30,0,30
2026-08-21 22:49:14,8,19,22,18.7,30.5,19.4,30,0,30
2026-08-21 22:54:14,6,15,17,18.7,30.2,19.4,29.9,0,30
2026-08-21 22:59:14,5,18,19,18.7,29.7,19.4,29.8,0,30
2026-08-21 23:04:14,6,18,20,18.7,30.3,19.4,29.8,0,30
2026-08-21 23:09:14,6,18,18,18.7,30.2,19.4,29.8,0,30
2026-08-21 23:14:14,8,22,25,18.7,31,19.3,30,0,30
2026-08-21 23:19:14,7,17,22,18.6,30.6,19.3,30,0,30
2026-08-21 23:24:14,5,18,18,18.6,30.6,19.3,30,0,30
2026-08-21 23:29:14,6,18,22,18.6,31,19.2,30.1,0,30
2026-08-21 23:34:14,7,19,22,18.5,31.2,19.2,30.2,0,30
2026-08-21 23:39:14,6,16,22,18.5,30.7,19.1,30.2,0,30
2026-08-21 23:44:14,5,16,19,18.5,31,19.1,30.3,0,30
2026-08-21 23:49:14,5,15,18,18.5,31.3,19.1,30.4,0,30
2026-08-21 23:54:15,6,14,16,18.4,31.1,19,30.4,0,30
2026-08-21 23:59:14,4,13,17,18.4,31.2,19,30.4,0,30
2026-08-22 00:04:14,3,9,9,18.4,30.6,19,30.3,0,30
2026-08-22 00:09:14,4,8,11,18.4,30.6,18.9,30.3,0,30
2026-08-22 00:14:15,3,6,7,18.3,30.9,18.9,30.3,0,30
2026-08-22 00:19:14,3,8,9,18.3,30.3,18.9,30.2,0,30
2026-08-22 00:24:15,3,7,7,18.3,30.5,18.8,30.2,0,30
2026-08-22 00:29:14,3,8,8,18.2,30.4,18.8,30.3,0,30
2026-08-22 00:34:15,2,6,7,18.2,30.7,18.8,30.3,0,30
2026-08-22 00:39:14,3,5,7,18.2,30.7,18.8,30.3,0,30
2026-08-22 00:44:15,2,7,8,18.2,30.7,18.8,30.3,0,30
2026-08-22 00:49:14,2,7,8,18.2,30.7,18.7,30.3,0,30
2026-08-22 00:54:14,2,5,7,18.2,31,18.7,30.4,0,30
2026-08-22 00:59:14,3,8,8,18.1,30.7,18.7,30.4,0,30
2026-08-22 01:04:14,2,7,8,18.1,30.7,18.6,30.3,0,30
2026-08-22 01:09:15,3,5,8,18.1,31,18.6,30.5,0,30
2026-08-22 01:14:14,3,8,12,18.1,31.3,18.6,30.5,0,30
2026-08-22 01:19:14,4,8,9,18,31.2,18.6,30.5,0,30
2026-08-22 01:24:14,5,12,13,18,31.6,18.5,30.6,0,30
2026-08-22 01:29:14,5,13,17,18,31.2,18.5,30.7,0,30
2026-08-22 01:34:15,7,20,22,18,31.1,18.4,30.7,0,30
2026-08-22 01:39:15,6,18,22,17.9,30.7,18.4,30.6,0,30
2026-08-22 01:44:15,8,20,22,17.9,31.5,18.3,30.8,0,30
2026-08-22 01:49:15,5,19,22,17.9,31.4,18.3,30.9,0,30
2026-08-22 01:54:15,7,19,22,17.8,31.6,18.3,31,0,30
2026-08-22 01:59:15,7,19,23,17.8,31.8,18.2,31,0,30
2026-08-22 02:04:15,7,22,22,17.8,31.8,18.2,31.1,0,30
2026-08-22 02:09:15,6,19,20,17.8,31.6,18.1,31.1,0,30
2026-08-22 02:14:15,3,7,9,17.7,31.4,18.1,31.1,0,30
2026-08-22 02:19:15,2,7,7,17.7,31.2,18.1,31.1,0,30
2026-08-22 02:24:15,1,5,6,17.7,31.2,18.1,31.1,0,30
2026-08-22 02:29:15,1,6,6,17.7,31.3,18,31,0,30
2026-08-22 02:34:15,2,5,6,17.6,31.3,18,31,0,30
2026-08-22 02:39:15,2,7,8,17.6,31.1,18,31,0,30
2026-08-22 02:44:15,4,8,11,17.6,31.4,18,31.1,0,30
2026-08-22 02:49:15,6,16,20,17.6,31.8,17.9,31.2,0,30
2026-08-22 02:54:15,8,22,26,17.5,31.2,17.9,31.1,0,30
2026-08-22 02:59:15,6,17,20,17.6,31.6,17.9,31.2,0,30
2026-08-22 03:04:15,7,19,22,17.5,31.4,17.9,31.1,0,30
2026-08-22 03:09:15,6,20,20,17.5,31.5,17.9,31.2,0,30
2026-08-22 03:14:15,6,19,20,17.5,31.8,17.9,31.3,0,30
2026-08-22 03:19:15,6,19,23,17.5,32.2,17.8,31.5,0,30
2026-08-22 03:24:15,8,22,22,17.4,32.6,17.8,31.6,0,30
2026-08-22 03:29:15,7,22,25,17.4,32.7,17.7,31.7,0,30
2026-08-22 03:34:15,7,23,24,17.4,32.3,17.7,31.8,0,30
2026-08-22 03:39:15,5,19,20,17.4,32.1,17.6,31.7,0,30
2026-08-22 03:44:15,5,20,20,17.3,32.1,17.6,31.7,0,30
2026-08-22 03:49:15,6,18,23,17.3,32.2,17.6,31.8,0,30
2026-08-22 03:54:15,2,7,8,20.8,31,25.6,23.6,0,30
2026-08-22 03:59:15,1,7,8,23.8,26.8,28.1,20.7,0,30
2026-08-22 04:04:15,3,6,7,24.6,24.9,26.4,21.9,0,30
2026-08-22 04:09:15,2,6,7,23.1,25.2,22.9,25.5,0,30
2026-08-22 04:14:15,4,12,14,21.5,26.2,20.9,27.8,0,30
2026-08-22 04:19:15,3,6,7,20.3,27.1,19.8,29.1,0,30
2026-08-22 04:24:15,2,8,8,19.4,27.6,19.1,29.6,0,30
2026-08-22 04:29:15,3,9,9,18.8,28.5,18.6,30.1,0,30
2026-08-22 04:34:15,1,2,2,18.4,29.1,18.3,30.4,0,30
2026-08-22 04:39:15,0,2,2,18.1,28.9,18.1,30.4,0,30
2026-08-22 04:44:15,0,2,3,17.8,29.2,18,30.4,0,30
2026-08-22 04:49:15,0,1,1,17.7,29.4,17.8,30.4,0,30
2026-08-22 04:54:15,0,0,0,17.6,29.7,17.7,30.4,0,30
2026-08-22 04:59:15,0,0,0,19.9,29.5,23.6,24.4,0,30
2026-08-22 05:04:15,0,0,0,21.1,26.7,22.9,24.4,0,30
2026-08-22 05:09:15,0,0,0,20.4,26.7,,,0,30
2026-08-22 05:14:15,0,0,0,19.6,27,,,0,30
2026-08-22 05:19:16,0,1,3,19,27.5,,,0,30
2026-08-22 05:24:15,0,4,6,18.4,28.1,,,0,30
2026-08-22 05:29:15,0,4,4,18.1,29.1,,,0,30
2026-08-22 05:34:15,0,4,5,17.9,29.6,,,0,30
2026-08-22 05:39:15,0,4,4,17.7,30.3,,,0,30
2026-08-22 05:44:15,0,2,3,17.6,30.5,,,0,30
2026-08-22 05:49:16,0,2,2,17.5,30.4,,,0,30
2026-08-22 05:54:15,0,3,3,17.4,30.3,,,0,30
2026-08-22 05:59:15,0,4,5,17.4,30.4,,,0,30
2026-08-22 06:04:16,0,2,2,17.4,30.6,,,0,30
2026-08-22 06:09:16,0,2,2,17.3,30.7,17.6,30.6,0,30
2026-08-22 06:14:16,0,2,2,17.3,30.5,17.6,30.6,0,30
2026-08-22 06:19:15,0,1,1,17.3,29.9,17.5,30.5,0,30
2026-08-22 06:24:15,0,2,2,17.3,30.5,17.5,30.5,0,30
2026-08-22 06:29:15,0,1,1,17.3,30.4,17.5,30.5,0,30
2026-08-22 06:34:16,0,0,0,17.3,30.2,17.5,30.5,0,30
2026-08-22 06:39:16,0,0,0,17.2,29.9,17.5,30.5,0,30
2026-08-22 06:44:15,0,0,0,17.2,30.2,17.5,30.5,0,30
2026-08-22 06:49:15,0,0,0,17.2,30.4,17.5,30.4,0,30
2026-08-22 06:54:15,0,0,0,17.2,30.6,17.5,30.5,0,30
2026-08-22 06:59:16,0,1,1,17.2,30.7,17.5,30.5,0,30
2026-08-22 07:04:15,0,0,0,17.2,30.7,17.5,30.5,0,30
2026-08-22 07:09:15,0,2,2,17.2,31.1,17.5,30.6,0,30
2026-08-22 07:14:15,0,3,4,17.2,31.2,17.5,30.7,0,30
2026-08-22 07:19:16,0,3,3,17.2,31.3,17.5,30.8,0,30
2026-08-22 07:24:16,1,4,4,17.2,30.9,17.5,30.8,0,30
2026-08-22 07:29:15,1,3,5,17.2,31.7,17.5,30.9,0,30
2026-08-22 07:34:15,0,1,1,17.2,31.4,17.5,31,0,30
2026-08-22 07:39:15,0,4,4,17.2,31.5,17.5,31,0,30
2026-08-22 07:44:15,0,2,4,17.2,31.9,17.5,31,0,30
2026-08-22 07:49:16,0,5,5,17.2,31.9,17.5,31.1,0,30
2026-08-22 07:54:16,0,1,1,17.2,31.6,17.6,31.1,0,30
2026-08-22 07:59:16,0,1,1,17.3,31.9,17.6,31.2,0,30
2026-08-22 08:04:16,0,0,0,17.3,31.9,17.6,31.2,0,30
2026-08-22 08:09:16,0,0,0,17.3,32.4,17.7,31.3,0,30
2026-08-22 08:14:16,0,1,1,17.4,32.4,17.7,31.3,0,30
2026-08-22 08:19:16,0,0,0,17.4,32.1,17.7,31.4,0,30
2026-08-22 08:24:16,0,0,0,17.4,32.2,17.8,31.4,0,30
2026-08-22 08:29:16,0,0,0,17.4,32.1,17.8,31.4,0,30
2026-08-22 08:34:15,0,0,0,17.4,32.5,17.8,31.5,0,30
2026-08-22 08:39:16,0,0,0,17.4,32.5,17.9,31.5,0,30
2026-08-22 08:44:16,0,0,0,17.4,32.9,17.9,31.6,0,30
2026-08-22 08:49:16,0,0,0,17.5,33.2,18,31.7,0,30
2026-08-22 08:54:16,0,0,0,17.6,33.4,18,31.8,0,30
2026-08-22 08:59:16,0,0,0,17.6,34,18.1,32,0,30
2026-08-22 09:04:16,0,1,1,17.7,33.8,18.2,32,0,31
2026-08-22 09:09:16,0,0,0,17.8,34.1,18.3,32.1,0,29
2026-08-22 09:14:16,0,0,1,17.9,33.6,18.5,32.1,0,29
2026-08-22 09:19:16,0,0,1,18,33.6,18.6,32.1,0,29
2026-08-22 09:24:16,26,83,117,18.1,33.9,18.8,32.1,0,31
2026-08-22 09:29:16,13,41,60,18.1,33.3,19,32,0,31
2026-08-22 09:34:16,5,27,41,18.3,33.4,19.3,31.9,0,31
2026-08-22 09:39:16,1,12,18,18.5,33.2,19.6,31.8,0,29
2026-08-22 09:44:16,0,14,23,18.7,32.9,20,31.6,0,31
2026-08-22 09:49:16,0,8,14,19,32.9,20.4,31.4,0,31
2026-08-22 09:54:16,0,4,6,19.2,32,20.7,31.2,0,29
2026-08-22 09:59:16,0,5,6,19.5,31.7,21,30.9,0,31
2026-08-22 10:04:16,0,4,4,19.8,31.8,21.3,30.7,0,31
2026-08-22 10:09:16,1,4,5,20,31.3,21.6,30.6,0,31
2026-08-22 10:14:16,0,1,3,20.2,30.7,21.8,30.4,0,31
2026-08-22 10:19:16,0,4,5,20.4,30.4,21.9,30.2,0,31
2026-08-22 10:24:16,0,2,4,20.5,30.3,22.1,30,0,31
2026-08-22 10:29:16,1,4,5,20.7,30,22.4,29.8,0,29
2026-08-22 10:34:16,1,5,5,20.9,30.1,22.5,29.6,0,31
2026-08-22 10:39:16,0,4,4,21,30.2,22.8,29.5,0,31
2026-08-22 10:44:16,3,7,8,21.2,30.2,23,29.4,0,31
2026-08-22 10:49:16,3,7,7,21.4,30.2,23.1,29.4,0,29
2026-08-22 10:54:16,3,8,9,21.5,30.5,23.3,29.3,0,31
2026-08-22 10:59:16,2,6,7,21.7,30.7,23.5,29.3,0,31
2026-08-22 11:04:16,4,12,13,21.8,30.6,23.6,29.3,0,31
2026-08-22 11:09:16,2,9,11,21.9,30.6,23.7,29.3,0,31
2026-08-22 11:14:16,2,10,10,22,30.6,23.7,29.3,0,31
2026-08-22 11:19:16,3,12,15,22,31.2,23.7,29.4,0,31
2026-08-22 11:24:16,5,13,15,22,31.3,23.7,29.5,0,31
2026-08-22 11:29:16,7,19,22,22.1,31.7,23.7,29.6,0,31
2026-08-22 11:34:16,7,19,21,22.1,31.7,23.8,29.7,0,31
2026-08-22 11:39:16,10,24,25,22.1,31.7,23.8,29.8,0,31
2026-08-22 11:44:19,9,25,28,22.2,31.7,23.9,29.8,0,29
2026-08-22 11:49:16,13,24,27,22.3,31.6,24.2,29.7,0,29
2026-08-22 11:54:16,14,30,35,22.4,31.1,24.5,29.6,0,29
2026-08-22 11:59:16,15,29,34,22.7,31.1,24.9,29.3,0,29
2026-08-22 12:04:17,19,33,40,22.9,30.9,25.3,29,0,29
2026-08-22 12:09:16,20,35,41,23.2,30.4,25.6,28.8,0,29
2026-08-22 12:14:16,21,35,40,23.5,30.3,26,28.6,0,29
2026-08-22 12:19:16,16,31,36,23.7,29.1,26.3,28.3,0,29
2026-08-22 12:24:17,6,23,25,24,28.1,26.5,27.6,0,31
2026-08-22 12:29:16,9,25,26,24.2,28.2,26.9,27.2,0,29
2026-08-22 12:34:16,13,24,26,24.5,28.2,27.2,26.9,0,29
2026-08-22 12:39:17,8,25,26,24.8,27.5,27.5,26.6,0,31
2026-08-22 12:44:16,7,21,22,25,26.7,27.7,26.3,0,31
2026-08-22 12:49:17,4,14,14,25.2,25.9,27.9,25.9,0,31
2026-08-22 12:54:16,6,14,16,25.4,25.5,28.2,25.4,0,31
2026-08-22 12:59:16,11,22,23,25.6,26.1,28.4,25.2,0,31
2026-08-22 13:04:16,8,19,22,25.8,25.9,28.7,25,0,31
2026-08-22 13:09:17,9,22,22,25.9,25.7,28.9,24.8,0,31
2026-08-22 13:14:16,11,25,25,26.2,25.7,29,24.7,0,31
2026-08-22 13:19:16,8,18,19,26.3,25.8,29.2,24.5,0,31
2026-08-22 13:24:16,11,22,24,26.4,25.9,29.3,24.4,0,31
2026-08-22 13:29:16,10,24,26,26.6,26.2,29.5,24.3,0,31
2026-08-22 13:34:17,9,24,25,26.7,26,29.6,24.3,0,31
2026-08-22 13:39:17,10,25,26,26.8,26.4,29.8,24.2,0,31
2026-08-22 13:44:17,9,26,27,27,26.2,30,24.1,0,31
2026-08-22 13:49:17,17,30,35,27.1,26.1,30.3,24,0,31
2026-08-22 13:54:17,16,30,33,27.3,25.8,30.7,23.7,0,31
2026-08-22 13:59:17,18,32,38,27.6,25.5,31.1,23.4,0,31
2026-08-22 14:04:17,18,35,40,27.8,25.4,31.4,23.1,0,31
2026-08-22 14:09:17,16,31,35,28.1,25,32,22.7,0,31
2026-08-22 14:14:17,15,33,36,28.4,24.8,32.8,22,0,31
2026-08-22 14:19:17,19,32,37,28.8,24.5,33.4,21.5,0,31
2026-08-22 14:24:17,16,30,35,29.4,24.4,34.6,20.5,0,31
2026-08-22 14:29:17,17,32,36,30.2,23.7,35.5,19.9,0,31
2026-08-22 14:34:17,18,33,35,30.8,23.3,36.4,19.5,0,31
2026-08-22 14:39:17,18,32,37,31.4,22.7,37,19.1,0,31
2026-08-22 14:44:17,20,34,40,32,22,37.4,19,0,31
2026-08-22 14:49:17,21,38,47,32.4,21.6,37.7,18.8,0,31
2026-08-22 14:54:17,24,38,47,32.7,21.4,37.6,18.9,0,31
2026-08-22 14:59:17,23,39,47,32.9,21,37.8,18.7,0,31
2026-08-22 15:04:17,22,39,46,33.1,21,37.1,19,0,31
2026-08-22 15:09:17,24,42,51,32.8,20.7,36.2,19.5,0,31
2026-08-22 15:14:17,25,41,52,32.2,20.8,35.3,19.8,0,31
2026-08-22 15:19:17,24,41,48,31.7,21.2,34.5,20.1,0,31
2026-08-22 15:24:17,23,40,49,31.1,21.6,33.7,20.3,0,31
2026-08-22 15:29:17,24,40,50,30.6,22,33,20.6,0,31
2026-08-22 15:34:17,24,41,52,30.1,22.7,32.4,20.8,0,31
2026-08-22 15:39:17,25,41,51,29.4,22.5,31.8,21,0,31
2026-08-22 15:44:17,26,42,50,28.9,23.1,31.3,21.3,0,31
2026-08-22 15:49:17,25,43,53,28.5,23.7,30.9,21.5,0,31
2026-08-22 15:54:17,24,43,54,28.1,23.7,30.4,21.8,0,31
2026-08-22 15:59:17,26,44,55,27.8,24,30.1,22,0,31
2026-08-22 16:04:17,25,43,53,27.5,24.2,29.8,22.2,0,31
2026-08-22 16:09:17,26,44,54,27.2,24.6,29.4,22.4,0,31
2026-08-22 16:14:17,27,45,55,27,24.6,29.1,22.6,0,31
2026-08-22 16:19:17,27,44,56,26.8,24.9,28.9,22.7,0,31
2026-08-22 16:24:17,27,46,57,26.6,25.2,28.6,22.9,0,31
2026-08-22 16:29:17,25,42,53,26.3,25.6,28.4,23.1,0,31
2026-08-22 16:34:17,25,41,51,26.2,25.7,28.3,23.3,0,31
2026-08-22 16:39:17,25,42,52,26,25.9,28.1,23.4,0,31
2026-08-22 16:44:17,24,41,50,25.8,26,27.9,23.6,0,31
2026-08-22 16:49:17,24,42,51,25.7,26.4,27.7,23.7,0,31
2026-08-22 16:54:17,24,41,49,25.5,26.2,27.5,23.9,0,31
2026-08-22 16:59:17,22,38,46,25.4,26.8,27.4,24,0,31
2026-08-22 17:04:17,22,35,42,25.3,26.8,27.2,24.2,0,31
2026-08-22 17:09:17,23,37,47,25.1,26.7,27,24.4,0,31
2026-08-22 17:14:17,21,36,44,25,26.8,26.9,24.5,0,31
2026-08-22 17:19:17,22,36,41,24.9,26.9,26.7,24.6,0,31
2026-08-22 17:24:17,22,33,36,24.7,27.2,26.5,24.8,0,31
2026-08-22 17:29:17,21,31,35,24.6,27.4,26.4,24.9,0,29
2026-08-22 17:34:17,16,29,34,24.4,27.4,26.2,25.1,0,31
2026-08-22 17:39:17,15,28,29,24.3,27.8,26.1,25.2,0,31
2026-08-22 17:44:17,14,30,33,24.2,27.6,25.9,25.3,0,31
2026-08-22 17:49:17,7,23,25,24,28.1,25.8,25.5,0,31
2026-08-22 17:54:17,10,21,22,23.9,28.3,25.6,25.6,0,31
2026-08-22 17:59:17,9,23,25,23.8,28,25.5,25.7,0,31
2026-08-22 18:04:17,9,20,22,23.7,28.1,25.4,25.9,0,31
2026-08-22 18:09:17,8,17,19,23.6,28.6,25.2,26,0,31
2026-08-22 18:14:17,5,14,16,23.4,28.6,25.1,26.2,0,31
2026-08-22 18:19:17,5,12,15,23.3,28.7,25,26.3,0,31
2026-08-22 18:24:17,5,10,10,23.3,28.4,24.8,26.4,0,31
2026-08-22 18:29:17,5,10,10,23.1,28.7,24.7,26.5,0,31
2026-08-22 18:34:17,5,13,14,23,28.4,24.6,26.6,0,31
2026-08-22 18:39:17,6,13,14,23,28.7,24.5,26.7,0,31
2026-08-22 18:44:17,6,14,15,22.8,29.2,24.3,26.8,0,31
2026-08-22 18:49:17,5,12,12,22.7,29.1,24.2,26.9,0,30
2026-08-22 18:54:17,6,12,13,22.6,29.4,24.1,27.1,0,30
2026-08-22 18:59:17,8,15,16,22.6,29.2,24,27.1,0,30
2026-08-22 19:04:17,5,13,14,22.5,29.3,23.9,27.3,0,30
2026-08-22 19:09:17,6,12,12,22.4,29.4,23.8,27.4,0,30
2026-08-22 19:14:17,7,13,17,22.3,29.3,23.7,27.4,0,30
2026-08-22 19:19:17,5,12,14,22.2,30,23.6,27.5,0,30
2026-08-22 19:24:17,5,13,16,22.2,29.9,23.6,27.6,0,30
2026-08-22 19:29:17,5,12,14,22.1,30.2,23.5,27.8,0,30
2026-08-22 19:34:17,6,15,17,22.1,30.1,23.4,27.8,0,30
2026-08-22 19:39:18,7,13,15,22,30,23.4,27.9,0,30
2026-08-22 19:44:17,6,12,15,21.9,30,23.3,27.9,0,30
2026-08-22 19:49:17,6,12,13,21.9,30.4,23.2,28.1,0,30
2026-08-22 19:54:18,7,13,16,21.9,30.5,23.2,28.2,0,30
2026-08-22 19:59:17,6,12,12,21.7,30.7,23.1,28.2,0,30
2026-08-22 20:04:18,6,12,13,21.7,30.8,23,28.4,0,30
2026-08-22 20:09:17,7,12,15,21.6,30,23,28.3,0,30
2026-08-22 20:14:18,5,13,15,21.6,30.4,22.9,28.4,0,30
2026-08-22 20:19:17,3,7,7,21.5,29.9,22.9,28.4,0,30
2026-08-22 20:24:17,4,8,8,21.5,30.6,22.8,28.5,0,30
2026-08-22 20:29:17,4,13,15,21.4,29,22.8,28.3,0,30
2026-08-22 20:34:17,8,17,19,21.4,29.3,22.7,28.2,0,30
2026-08-22 20:39:17,6,13,15,21.4,29.6,22.7,28.3,0,30
2026-08-22 20:44:18,8,17,19,21.3,29.6,22.6,28.3,0,30
2026-08-22 20:49:18,7,16,18,21.3,29.9,22.6,28.4,0,30
2026-08-22 20:54:17,6,17,19,21.3,30.1,22.5,28.4,0,30
2026-08-22 20:59:18,7,14,16,21.2,29.9,22.5,28.5,0,30
2026-08-22 21:04:18,8,20,20,21.1,30.1,22.4,28.6,0,30
2026-08-22 21:09:18,6,16,19,21.1,29.6,22.3,28.6,0,30
2026-08-22 21:14:18,6,14,18,21.1,30.1,22.2,28.6,0,30
2026-08-22 21:19:18,7,19,19,21,30.3,22.2,28.8,0,30
2026-08-22 21:24:18,8,18,18,20.9,30.4,22.1,28.9,0,30
2026-08-22 21:29:18,7,14,17,20.9,30.7,22,29,0,30
2026-08-22 21:34:18,6,12,13,20.8,30.2,22,28.9,0,30
2026-08-22 21:39:18,7,12,13,20.8,30.5,21.9,29,0,30
2026-08-22 21:44:18,6,18,18,20.8,30.6,21.9,29.1,0,30
2026-08-22 21:49:18,7,14,17,20.7,30.8,21.9,29.2,0,30
2026-08-22 21:54:18,7,18,19,20.7,31,21.8,29.3,0,30
2026-08-22 21:59:18,5,10,13,20.6,31.1,21.8,29.4,0,30
2026-08-22 22:04:18,5,8,13,20.6,31.2,21.7,29.5,0,30
2026-08-22 22:09:18,6,14,17,20.6,31.3,21.7,29.5,0,30
2026-08-22 22:14:18,7,16,18,20.5,31.7,21.6,29.6,0,30
2026-08-22 22:19:18,9,19,24,20.5,31.5,21.6,29.7,0,31
2026-08-22 22:24:18,5,15,16,20.5,31.3,21.5,29.8,0,31
2026-08-22 22:29:18,7,18,19,20.4,31.4,21.5,29.8,0,31
2026-08-22 22:34:18,5,13,14,20.4,31.2,21.5,29.8,0,31
2026-08-22 22:39:18,5,13,17,20.4,31.3,21.4,29.9,0,31
2026-08-22 22:44:18,6,10,14,20.3,31.2,21.4,29.9,0,31
2026-08-22 22:49:18,8,19,20,20.3,31.2,21.3,29.9,0,29
2026-08-22 22:54:18,7,19,20,20.2,31.3,21.3,29.9,0,31
2026-08-22 22:59:18,5,14,17,20.2,31,21.3,29.9,0,29
2026-08-22 23:04:18,11,25,27,20.2,31.5,21.2,30,0,29
2026-08-22 23:09:18,7,18,21,20.1,31.3,21.1,30.1,0,31
2026-08-22 23:14:18,6,17,21,20.1,31.4,21.1,30.1,0,31
2026-08-22 23:19:18,7,19,19,20,31.5,21,30.2,0,31
2026-08-22 23:24:18,8,22,22,19.9,31.2,20.9,30.2,0,31
2026-08-22 23:29:18,8,18,19,19.9,31,20.8,30.1,0,31
2026-08-22 23:34:18,6,15,17,19.8,30.9,20.7,30.1,0,29
2026-08-22 23:39:18,5,14,16,19.8,30.8,20.7,30.1,0,31
2026-08-22 23:44:18,5,14,17,19.7,30.8,20.6,30.1,0,31
2026-08-22 23:49:18,5,12,15,19.7,31.2,20.6,30.2,0,29
2026-08-22 23:54:18,6,11,12,19.6,31,20.5,30.2,0,29
2026-08-22 23:59:18,5,17,18,19.6,31.1,20.5,30.2,0,29
2026-08-23 00:04:18,7,15,20,19.6,31.4,20.5,30.3,0,31
2026-08-23 00:09:18,6,12,17,19.5,31.5,20.4,30.4,0,29
2026-08-23 00:14:18,5,14,15,19.5,31.9,20.3,30.5,0,31
2026-08-23 00:19:18,5,14,15,19.4,31.5,20.2,30.5,0,29
2026-08-23 00:24:18,4,11,13,19.3,31.3,20.1,30.5,0,30
2026-08-23 00:29:18,4,13,14,19.3,31.3,20.1,30.6,0,30
2026-08-23 00:34:19,4,10,11,19.2,31.7,20,30.6,0,30
2026-08-23 00:39:18,4,10,12,19.1,31.7,20,30.7,0,30
2026-08-23 00:44:18,5,13,13,19.1,31.6,19.9,30.7,0,30
2026-08-23 00:49:19,5,12,16,19.1,31.9,19.8,30.8,0,30
2026-08-23 00:54:18,6,19,20,19,31.2,19.7,30.8,0,30
2026-08-23 00:59:18,6,18,18,19,31.4,19.7,30.8,0,30
2026-08-23 01:04:18,8,23,28,18.9,31.7,19.6,30.9,0,30
2026-08-23 01:09:18,6,22,22,18.8,31.7,19.6,30.9,0,30
2026-08-23 01:14:18,8,18,19,18.8,31.4,19.5,30.9,0,30
2026-08-23 01:19:19,7,15,20,18.8,31.7,19.5,30.9,0,30
2026-08-23 01:24:18,6,21,22,18.8,31.8,19.5,30.9,0,30
2026-08-23 01:29:18,6,14,18,18.7,31.9,19.5,30.9,0,30
2026-08-23 01:34:18,6,14,16,18.7,31.8,19.4,31,0,30
2026-08-23 01:39:18,6,14,15,18.7,32,19.4,31.1,0,30
2026-08-23 01:44:18,6,14,16,18.7,31.9,19.4,31.1,0,30
2026-08-23 01:49:18,4,8,9,18.6,31.4,19.3,31,0,30
2026-08-23 01:54:18,5,12,15,18.6,31.8,19.3,31.1,0,30
2026-08-23 01:59:19,4,11,12,18.6,31.8,19.3,31.1,0,30
2026-08-23 02:04:18,5,9,11,18.6,31.9,19.2,31.1,0,30
2026-08-23 02:09:18,5,11,12,18.6,32.4,19.2,31.3,0,30
2026-08-23 02:14:18,3,8,12,18.5,32.9,19.2,31.5,0,30
2026-08-23 02:19:19,5,11,16,18.5,33,19.1,31.6,0,30
2026-08-23 02:24:19,5,11,11,18.5,32.9,19.1,31.7,0,30
2026-08-23 02:29:18,4,9,13,18.4,32.5,19,31.7,0,30
2026-08-23 02:34:18,5,11,11,18.4,32.7,19,31.7,0,30
2026-08-23 02:39:19,5,8,9,18.4,32.8,18.9,31.8,0,30
2026-08-23 02:44:19,5,7,7,18.4,32.6,18.9,31.9,0,30
2026-08-23 02:49:18,4,8,9,18.3,32.6,18.8,31.9,0,30
2026-08-23 02:54:18,4,11,11,18.3,32.7,18.7,32,0,30
2026-08-23 02:59:18,4,8,9,18.2,32.7,18.6,32.1,0,30
2026-08-23 03:04:19,3,7,9,18.1,32.6,18.5,32.1,0,30
2026-08-23 03:09:19,5,6,6,18.1,32.8,18.5,32.2,0,30
2026-08-23 03:14:19,5,8,11,18,32.7,18.4,32.2,0,30
2026-08-23 03:19:19,4,8,12,17.9,32.6,18.3,32.2,0,30
2026-08-23 03:24:19,3,6,6,17.9,32.6,18.2,32.3,0,30
2026-08-23 03:29:19,5,11,14,17.8,32.8,18.2,32.3,0,30
2026-08-23 03:34:19,5,8,11,17.8,33.1,18.1,32.4,0,30
2026-08-23 03:39:19,5,9,12,17.7,32.7,18,32.4,0,30
2026-08-23 03:44:19,5,12,15,17.6,32.7,18,32.4,0,30
2026-08-23 03:49:19,8,18,22,17.6,32.8,18,32.4,0,30
2026-08-23 03:54:19,6,15,18,17.6,32.3,18,32.3,0,30
2026-08-23 03:59:19,6,14,15,17.6,32.9,18,32.4,0,30
2026-08-23 04:04:19,4,8,12,17.6,33.2,18,32.5,0,30
2026-08-23 04:09:19,6,15,17,17.6,32.9,17.9,32.5,0,30
2026-08-23 04:14:19,5,8,9,17.5,33.2,17.9,32.6,0,30
2026-08-23 04:19:19,4,8,11,17.5,33.3,17.8,32.6,0,30
2026-08-23 04:24:19,4,6,6,17.5,33.1,17.8,32.7,0,30
2026-08-23 04:29:19,3,7,7,17.4,33.1,17.7,32.6,0,30
2026-08-23 04:34:19,3,9,9,17.4,33.1,17.7,32.7,0,30
2026-08-23 04:39:19,3,5,5,17.5,32.8,17.9,32.2,0,30
2026-08-23 04:44:19,1,4,4,17.5,31.6,17.8,32.1,0,30
2026-08-23 04:49:19,0,0,0,17.4,31.4,17.7,32,0,30
2026-08-23 04:54:19,0,3,3,17.4,31.6,17.7,31.9,0,30
2026-08-23 04:59:19,0,1,2,17.4,31.5,17.7,31.8,0,30
2026-08-23 05:04:19,0,3,4,17.3,31.7,17.6,31.9,0,30
2026-08-23 05:09:19,0,5,5,17.3,31.9,17.6,31.9,0,30
2026-08-23 05:14:19,1,3,3,17.2,31.9,17.6,31.9,0,30
2026-08-23 05:19:19,1,4,6,17.2,31.7,17.5,31.9,0,30
2026-08-23 05:24:19,0,1,1,19.4,33.4,23.1,26.4,0,30
2026-08-23 05:29:19,0,3,3,21.6,28.2,24.3,23.9,0,30
2026-08-23 05:34:19,0,4,4,21.1,27.7,21.7,26.8,0,30
2026-08-23 05:39:19,0,5,5,20.2,28.1,20.1,28.7,0,29
2026-08-23 05:44:19,2,5,5,19.4,28.7,19.2,29.8,0,29
2026-08-23 05:49:19,1,5,6,18.8,29.7,18.7,30.4,0,29
2026-08-23 05:54:19,1,4,4,18.3,30.4,18.3,30.9,0,29
2026-08-23 05:59:19,1,3,5,18.1,31.1,18.1,31.2,0,29
2026-08-23 06:04:19,0,3,4,20.8,30.9,24.9,24.2,0,29
2026-08-23 06:09:19,0,3,4,23.9,27.7,28.4,20.7,0,29
2026-08-23 06:14:19,0,3,3,25.8,25.4,29.3,19.9,0,29
2026-08-23 06:19:19,0,3,4,26.7,24.2,29.4,19.9,0,29
2026-08-23 06:24:19,0,3,3,25.3,23.8,25.1,23.7,0,29
2026-08-23 06:29:19,0,2,2,23.1,25,22.2,26.8,0,29
2026-08-23 06:34:19,1,3,3,21.4,26.5,20.5,28.6,0,29
2026-08-23 06:39:19,0,3,3,20.6,28.6,20.6,29.2,0,29
2026-08-23 06:44:19,0,4,4,23.5,26.8,27.2,21.6,0,29
2026-08-23 06:49:19,0,4,5,25.6,24.7,28.9,20,0,29
2026-08-23 06:54:20,0,3,4,26.7,23.9,29.6,19.5,0,29
2026-08-23 06:59:19,0,2,2,27.3,23.1,29.8,19.4,0,29
2026-08-23 07:04:20,0,3,4,27,22.6,27.7,20.9,0,29
2026-08-23 07:09:20,0,3,4,24.8,23.6,23.8,24.9,0,29
2026-08-23 07:14:20,0,5,6,22.6,25.2,21.5,27.4,0,29
2026-08-23 07:19:20,1,8,8,21.1,26.4,20.1,28.9,0,29
2026-08-23 07:24:19,1,3,5,19.9,27.4,19.3,29.7,0,29
2026-08-23 07:29:19,1,4,4,19.2,28.7,18.8,30.1,0,29
2026-08-23 07:34:19,1,5,6,18.6,29.9,18.4,30.6,0,31
2026-08-23 07:39:19,1,5,5,18.2,30.1,18.2,30.8,0,31
2026-08-23 07:44:19,1,6,6,17.9,30.3,18,31,0,29
2026-08-23 07:49:20,2,7,8,17.7,30.7,17.8,31.1,0,29
2026-08-23 07:54:19,3,6,6,17.5,31.7,17.7,31.3,0,29
2026-08-23 07:59:19,3,6,7,17.5,31.6,17.6,31.4,0,29
2026-08-23 08:04:19,3,8,8,17.4,32.4,17.6,31.6,0,29
2026-08-23 08:09:20,4,6,7,17.3,32.3,17.5,31.8,0,29
2026-08-23 08:14:19,2,8,9,17.3,33,17.5,32,0,29
2026-08-23 08:19:20,3,6,7,17.2,33.5,17.4,32.2,0,29
2026-08-23 08:24:20,3,8,9,17.2,33.4,17.4,32.3,0,29
2026-08-23 08:29:20,3,7,8,17.1,33.6,17.4,32.4,0,29
2026-08-23 08:34:20,2,9,9,17.2,33.3,17.4,32.5,0,29
2026-08-23 08:39:20,3,7,7,17.2,33.3,17.5,32.5,0,29
2026-08-23 08:44:20,4,9,12,17.2,33.1,17.5,32.5,0,31
2026-08-23 08:49:20,3,6,6,17.2,33.1,17.5,32.4,0,31
2026-08-23 08:54:20,1,6,7,17.2,33.2,17.5,32.4,0,29
2026-08-23 08:59:20,1,3,3,17.2,33,17.6,32.4,0,29
2026-08-23 09:04:20,1,4,5,17.3,33.4,17.6,32.4,0,29
2026-08-23 09:09:19,1,3,3,17.3,33.8,17.8,32.5,0,29
2026-08-23 09:14:20,0,4,4,17.4,31.7,17.9,32.1,0,29
2026-08-23 09:19:20,1,3,5,17.5,31.8,18,32,0,29
2026-08-23 09:24:19,0,5,5,17.6,31.7,18.2,31.8,0,30
2026-08-23 09:29:20,2,5,6,17.7,32,18.5,31.7,0,30
2026-08-23 09:34:20,4,7,7,17.9,32.3,18.8,31.6,0,30
2026-08-23 09:39:20,3,8,8,18.1,32.1,19.1,31.4,0,30
2026-08-23 09:44:20,4,7,7,18.3,32,19.5,31.2,0,30
2026-08-23 09:49:20,3,7,8,18.6,32,19.8,31,0,30
2026-08-23 09:54:20,2,5,5,18.8,31.9,20.2,30.8,0,30
2026-08-23 09:59:20,3,7,7,19,31.5,20.5,30.6,0,29
2026-08-23 10:04:20,4,7,7,19.3,31.4,20.9,30.3,0,31
2026-08-23 10:09:20,1,6,7,19.5,31.2,21.3,30.1,0,31
2026-08-23 10:14:20,4,8,9,19.8,31.3,21.6,29.9,0,31
2026-08-23 10:19:20,4,8,9,20.1,31,22,29.7,0,31
2026-08-23 10:24:20,3,7,8,20.4,30.7,22.4,29.4,0,29
2026-08-23 10:29:20,4,8,8,20.7,30.3,22.7,29.2,0,31
2026-08-23 10:34:20,3,8,8,20.9,30.1,23,29,0,29
2026-08-23 10:39:20,4,7,7,21.1,29.8,23.2,28.8,0,31
2026-08-23 10:44:20,5,14,16,21.4,29.8,23.5,28.5,0,31
2026-08-23 10:49:20,4,9,12,21.7,29.5,23.8,28.3,0,31
2026-08-23 10:54:20,4,8,10,21.9,29,24.1,28,0,29
2026-08-23 10:59:20,3,7,10,22.2,29,24.4,27.7,0,31
2026-08-23 11:04:20,4,7,8,22.4,28.7,24.6,27.5,0,29
2026-08-23 11:09:20,4,7,8,22.7,28.5,24.9,27.2,0,31
2026-08-23 11:14:20,3,6,7,22.8,28.3,25.2,27,0,31
2026-08-23 11:19:20,4,8,8,23,28.2,25.5,26.8,0,28
2026-08-23 11:24:20,3,7,7,23.3,28.1,25.8,26.6,0,28
2026-08-23 11:29:20,3,7,7,23.5,27.8,26,26.4,0,31
2026-08-23 11:34:20,3,8,8,23.7,27.7,26.3,26.2,0,31
2026-08-23 11:39:20,3,7,7,23.9,27.5,26.5,26,0,31
2026-08-23 11:44:20,3,7,7,24.1,27.5,26.8,25.9,0,31
2026-08-23 11:49:20,4,8,8,24.3,27.1,27,25.6,0,28
2026-08-23 11:54:20,5,11,11,24.6,27,27.2,25.5,0,29
2026-08-23 11:59:20,5,8,9,24.8,27,27.4,25.3,0,31
2026-08-23 12:04:20,5,15,18,24.9,27,27.6,25.1,0,31
2026-08-23 12:09:20,6,18,20,25.1,26.9,27.8,25,0,31
2026-08-23 12:14:20,7,20,22,25.3,26.5,28,24.8,0,28
2026-08-23 12:19:20,6,16,18,25.4,26.4,28.2,24.6,0,31
2026-08-23 12:24:20,9,23,23,25.6,25.9,28.4,24.4,0,31
2026-08-23 12:29:20,8,23,24,25.7,26.2,28.6,24.3,0,28
2026-08-23 12:34:20,8,23,24,25.9,26.1,28.8,24.2,0,29
2026-08-23 12:39:20,9,25,25,26,26,28.9,24.1,0,31
2026-08-23 12:44:20,11,24,25,26.1,25.8,29,24,0,29
2026-08-23 12:49:20,11,26,28,26.2,25.9,29.2,23.9,0,31
2026-08-23 12:54:20,16,29,29,26.3,25.8,29.3,23.8,0,31
2026-08-23 12:59:20,19,30,33,26.5,26,29.4,23.7,0,31
2026-08-23 13:04:20,17,32,35,26.5,25.9,29.4,23.7,0,31
2026-08-23 13:09:20,20,31,32,26.6,25.9,29.5,23.7,0,31
2026-08-23 13:14:20,22,33,40,26.7,25.9,29.5,23.7,0,30
2026-08-23 13:19:20,22,36,43,26.7,26,29.5,23.7,0,31
2026-08-23 13:24:20,23,38,47,26.7,25.7,29.5,23.7,0,31
2026-08-23 13:29:20,24,39,46,26.8,25.9,29.5,23.7,0,31
2026-08-23 13:34:20,24,40,48,26.8,26,29.5,23.7,0,31
2026-08-23 13:39:20,26,44,55,26.8,26.1,29.6,23.8,0,31
2026-08-23 13:44:20,26,42,50,26.9,26.2,29.8,23.7,0,31
2026-08-23 13:49:20,27,47,58,27,26.2,29.9,23.7,0,31
2026-08-23 13:54:20,29,48,60,27,26.4,30,23.7,0,31
2026-08-23 13:59:20,31,50,62,27.1,26.4,30.1,23.7,0,30
2026-08-23 14:04:21,32,51,66,27.2,26.9,30.3,23.7,0,30
2026-08-23 14:09:20,30,47,59,27.3,27.6,30.5,23.9,0,30
2026-08-23 14:14:20,30,48,60,27.5,27.8,30.8,23.9,0,30
2026-08-23 14:19:21,30,48,59,27.7,28.3,31.4,23.7,0,30
2026-08-23 14:24:21,28,45,54,28.1,28.2,32.3,23.3,0,30
2026-08-23 14:29:21,29,44,55,28.5,28.1,33.3,22.7,0,30
2026-08-23 14:34:21,28,45,55,29.1,27.9,34.3,22.2,0,30
2026-08-23 14:39:20,29,46,56,29.9,27.5,35.2,21.8,0,30
2026-08-23 14:44:20,29,44,54,30.5,26.8,35.5,21.8,0,30
2026-08-23 14:49:20,29,46,57,30.9,26.4,35.9,21.7,0,30
2026-08-23 14:54:20,30,46,56,31.2,26.1,35.8,21.9,0,30
2026-08-23 14:59:21,29,46,56,31.3,25.9,35.5,22.2,0,30
2026-08-23 15:04:21,30,46,58,31.2,25.8,34.6,22.9,0,31
2026-08-23 15:09:20,29,45,55,30.8,25.8,33.7,23.4,0,31
2026-08-23 15:14:21,29,44,55,30.3,26.2,32.8,23.9,0,30
2026-08-23 15:19:20,29,45,55,29.6,26.9,32.1,24.4,0,31
2026-08-23 15:24:21,28,45,54,29,27.4,31.3,24.8,0,30
2026-08-23 15:29:21,28,45,55,28.4,28.2,30.7,25.3,0,31
2026-08-23 15:34:21,28,43,52,27.9,28.5,30.1,25.7,0,31
2026-08-23 15:39:21,28,44,54,27.4,28.9,29.5,26.1,0,29
2026-08-23 15:44:21,29,46,55,27,29.5,29.1,26.5,0,31
2026-08-23 15:49:21,28,44,54,26.7,30,28.8,26.8,0,31
2026-08-23 15:54:21,28,44,53,26.4,30.3,28.5,27.1,0,31
2026-08-23 15:59:21,29,44,55,26.1,30.6,28.1,27.6,0,31
2026-08-23 16:04:21,29,46,56,25.8,31,27.8,28,0,31
2026-08-23 16:09:21,28,45,54,25.5,31.4,27.5,28.3,0,31
2026-08-23 16:14:21,29,46,56,25.3,32.1,27.2,28.6,0,31
2026-08-23 16:19:21,27,45,54,25,32.6,26.9,29,0,30
2026-08-23 16:24:21,30,48,60,24.8,33,26.6,29.4,0,31
2026-08-23 16:29:21,27,43,52,24.6,33.2,26.4,29.7,0,30
2026-08-23 16:34:21,30,47,57,24.3,33.8,26.2,30.3,0,31
2026-08-23 16:39:21,29,46,56,24.1,34.1,25.9,30.7,0,29
2026-08-23 16:44:21,28,45,55,23.8,34.7,25.6,31.3,0,31
2026-08-23 16:49:21,29,46,60,23.6,35.1,25.3,31.8,0,31
2026-08-23 16:54:21,29,47,57,23.3,35.7,25,32.2,0,31
2026-08-23 16:59:21,31,50,61,23.1,36,24.8,32.6,0,29
2026-08-23 17:04:21,29,47,57,23,36.2,24.6,33.2,0,30
2026-08-23 17:09:21,30,47,57,22.8,36.6,24.4,33.6,0,31
2026-08-23 17:14:21,29,47,59,22.6,36.9,24.1,34.2,0,31
2026-08-23 17:19:21,31,50,61,22.4,37.7,23.9,34.4,0,31
2026-08-23 17:24:21,31,48,60,22.2,38,23.7,34.8,0,30
2026-08-23 17:29:21,30,48,57,22.1,38.3,23.5,35.1,0,31
2026-08-23 17:34:21,30,48,60,21.9,39,23.4,35.5,0,30
2026-08-23 17:39:21,29,47,57,21.8,39.1,23.2,35.9,0,31
2026-08-23 17:44:21,29,47,57,21.6,39.5,23.1,36.3,0,31
2026-08-23 17:49:21,30,47,57,21.5,39.7,22.9,36.7,0,31
2026-08-23 17:54:21,29,46,56,21.4,39.8,22.7,36.9,0,30
2026-08-23 17:59:21,29,46,56,21.2,40,22.5,37.2,0,30
2026-08-23 18:04:21,28,44,54,21.1,40.2,22.4,37.5,0,30
2026-08-23 18:09:21,28,45,55,20.9,40.6,22.2,37.8,0,30
2026-08-23 18:14:21,29,46,55,20.8,40.8,22.1,38,0,30
2026-08-23 18:19:21,28,46,56,20.7,41,21.9,38.5,0,30
2026-08-23 18:24:21,27,45,56,20.6,41.1,21.8,38.9,0,30
2026-08-23 18:29:21,27,46,55,20.5,41.5,21.6,39.2,0,30
2026-08-23 18:34:21,30,48,61,20.4,41.9,21.4,39.4,0,30
2026-08-23 18:39:21,28,47,56,20.2,41.9,21.3,39.7,0,30
2026-08-23 18:44:22,28,47,59,20.2,42.3,21.2,39.9,0,30
2026-08-23 18:49:21,28,46,56,20.1,42.6,21.1,40.3,0,30
2026-08-23 18:54:22,29,48,59,20,42.7,21,40.3,0,30
2026-08-23 18:59:21,29,46,56,20,42.9,21,40.5,0,30
2026-08-23 19:04:21,29,48,60,19.9,43.1,20.9,40.8,0,30
2026-08-23 19:09:21,28,47,58,19.9,43.3,20.9,41,0,30
2026-08-23 19:14:21,29,47,59,19.8,43.3,20.8,40.8,0,30
2026-08-23 19:19:21,31,48,59,19.8,43.3,20.8,41.2,0,30
2026-08-23 19:24:21,29,47,60,19.8,43.6,20.8,41.4,0,30
2026-08-23 19:29:22,29,48,60,19.7,43.7,20.7,41.7,0,30
2026-08-23 19:34:22,30,48,61,19.7,43.8,20.7,41.8,0,30
2026-08-23 19:39:21,31,50,61,19.6,44.1,20.6,42.1,0,30
2026-08-23 19:44:22,29,47,59,19.5,44,20.5,41.9,0,29
2026-08-23 19:49:21,29,47,57,19.5,43.9,20.4,42.2,0,29
2026-08-23 19:54:22,29,47,59,19.4,43.7,20.3,42.1,0,29
2026-08-23 19:59:21,28,46,58,19.4,43.8,20.2,42.3,0,31
2026-08-23 20:04:22,30,49,60,19.3,44.4,20.1,42.8,0,30
2026-08-23 20:09:22,31,51,63,19.3,44.7,20.1,43.1,0,31
2026-08-23 20:14:22,31,50,63,19.2,44.7,20,43.3,0,30
2026-08-23 20:19:21,30,49,61,19.2,44.8,20,43.3,0,29
2026-08-23 20:24:21,31,50,62,19.2,44.5,20,43.4,0,31
2026-08-23 20:29:22,31,51,63,19.2,44.8,20,43.6,0,29
2026-08-23 20:34:22,31,51,62,19.1,45,20,43.7,0,29
2026-08-23 20:39:22,31,48,62,19.1,44.9,19.9,43.9,0,29
2026-08-23 20:44:22,29,46,59,19.1,45,19.9,44.1,0,29
2026-08-23 20:49:22,26,41,47,20.4,47.3,23.6,39,0,29
2026-08-23 20:54:22,26,40,49,23.9,40.2,29,29.8,0,31
2026-08-23 20:59:22,27,43,53,25.6,35.3,28.6,29.9,0,29
2026-08-23 21:04:22,27,44,54,24.4,35.4,25.1,35,0,31
2026-08-23 21:09:22,28,44,54,22.9,36.8,22.9,38.5,0,30
2026-08-23 21:14:22,23,39,46,22.4,40.4,23.9,38,0,31
2026-08-23 21:19:22,24,39,47,25.2,36.7,29.2,29.8,0,29
2026-08-23 21:24:22,23,39,48,26.9,33.5,30.7,27.8,0,29
2026-08-23 21:29:22,25,39,46,27.9,31.7,31.2,27.2,0,29
2026-08-23 21:34:22,24,39,46,28.5,31,31.3,27.2,0,30
2026-08-23 21:39:22,25,42,50,27.7,30.3,28.5,30.2,0,29
2026-08-23 21:44:22,27,44,54,26.3,32.9,27.3,32.4,0,31
2026-08-23 21:49:23,25,41,49,27.5,31.6,30.5,27.9,0,31
2026-08-23 21:54:22,23,36,42,28.3,30.9,31.2,27.1,0,31
2026-08-23 21:59:22,24,39,46,28.7,30.1,31.5,26.7,0,29
2026-08-23 22:04:22,24,39,46,29,29.7,31.5,26.8,0,29
2026-08-23 22:09:22,26,42,49,29.1,29.1,31,27.1,0,29
2026-08-23 22:14:22,26,41,49,29.1,29.2,31.4,26.7,0,29
2026-08-23 22:19:22,27,43,53,27.6,29.6,27.6,31.1,0,29
2026-08-23 22:24:22,28,45,54,25.4,31.9,24.5,35.7,0,29
2026-08-23 22:29:22,28,44,53,25.5,32.8,26.9,32,0,29
2026-08-23 22:34:22,26,40,47,25.7,33.3,28,30.7,0,31
2026-08-23 22:39:22,27,41,50,27.2,31.6,30.5,27.3,0,30
2026-08-23 22:44:22,29,45,55,26.6,31.1,27.3,31,0,29
2026-08-23 22:49:22,30,47,59,24.7,32.7,24.2,35.7,0,29
2026-08-23 22:54:22,29,47,60,23,34.9,22.4,38.5,0,30
2026-08-23 22:59:22,30,49,61,21.8,36.9,21.4,40,0,30
2026-08-23 23:04:22,29,47,59,20.9,38.6,20.7,41.1,0,31
2026-08-23 23:09:22,30,49,62,20.2,39.8,20.2,41.8,0,29
2026-08-23 23:14:22,32,50,62,19.7,41.2,19.9,42.3,0,30
2026-08-23 23:19:22,30,49,62,19.4,41.7,19.6,42.7,0,30
2026-08-23 23:24:22,30,48,61,19.1,42.3,19.4,43,0,30
2026-08-23 23:29:22,30,50,61,18.8,42.3,19.3,43.1,0,29
2026-08-23 23:34:22,28,45,55,18.7,42.2,19.2,43.4,0,29
2026-08-23 23:39:22,28,44,53,18.6,42.4,19.1,43.3,0,29
2026-08-23 23:44:22,27,43,54,18.5,42.2,19,43.3,0,29
2026-08-23 23:49:22,28,44,53,18.4,42.4,19,43.2,0,29
2026-08-23 23:54:22,28,44,53,18.4,42.1,18.9,43.1,0,29
2026-08-23 23:59:22,24,40,48,18.4,41.6,18.9,43,0,29
2026-08-24 00:04:22,25,41,49,18.3,41.7,18.8,42.9,0,29
2026-08-24 00:09:22,26,43,50,18.3,42.3,18.8,43,0,29
2026-08-24 00:14:22,26,43,53,18.2,42.7,18.7,43.2,0,29
2026-08-24 00:19:22,24,40,48,18.1,42.5,18.6,43.3,0,29
2026-08-24 00:24:22,24,39,47,18.1,42.3,18.5,43.2,0,30
2026-08-24 00:29:22,26,40,49,18,42.2,18.5,43.2,0,30
2026-08-24 00:34:22,24,41,49,18,42.5,18.4,43.3,0,30
2026-08-24 00:39:22,26,41,50,17.9,43.1,18.3,43.6,0,30
2026-08-24 00:44:22,26,41,50,17.9,43.4,18.3,43.7,0,30
2026-08-24 00:49:22,24,40,48,17.8,43.5,18.2,43.8,0,30
2026-08-24 00:54:22,24,36,46,17.7,43.4,18.1,43.9,0,30
2026-08-24 00:59:22,23,40,47,17.6,43.4,18,43.9,0,30
2026-08-24 01:04:22,24,41,49,17.6,43.4,17.9,44,0,30
2026-08-24 01:09:22,26,41,50,17.5,43.2,17.9,44,0,30
2026-08-24 01:14:22,24,38,47,17.5,43.5,17.8,44.1,0,30
2026-08-24 01:19:25,23,37,47,17.4,43.4,17.7,44.1,0,30
2026-08-24 01:24:22,23,36,43,17.3,43.3,17.7,44.1,0,30
2026-08-24 01:29:23,23,40,47,17.3,43.4,17.6,44.1,0,29
2026-08-24 01:34:22,19,28,30,17.6,47.2,19,43.5,0,31
2026-08-24 01:39:22,18,32,35,20.9,38.3,24.3,32.7,0,29
2026-08-24 01:44:23,20,33,39,20.9,36.4,21.9,36,0,29
2026-08-24 01:49:23,21,33,38,20,36.8,20.2,38.9,0,29
2026-08-24 01:54:23,22,34,38,22.3,36.7,26,31,0,29
2026-08-24 01:59:22,23,40,48,23.6,33.5,25.6,30.7,0,29
2026-08-24 02:04:22,23,41,48,22.5,34.2,22.5,35.4,0,29
2026-08-24 02:09:22,27,43,53,21.1,35.8,20.6,38.4,0,29
2026-08-24 02:14:22,21,33,37,20.8,38.5,21.9,37.7,0,29
2026-08-24 02:19:22,23,36,43,23.7,34.4,27.5,28.7,0,29
2026-08-24 02:24:23,22,35,40,25.6,31.7,29,27.1,0,29
2026-08-24 02:29:22,22,35,39,26.7,30.3,29.7,26.3,0,29
2026-08-24 02:34:23,22,35,40,27.3,29.2,30,25.9,0,29
2026-08-24 02:39:23,23,38,45,27.6,29,29.5,26.4,0,29
2026-08-24 02:44:22,24,38,47,27,29.4,27.6,28.9,0,29
2026-08-24 02:49:23,21,33,40,27.4,29.1,29.4,26.9,0,29
2026-08-24 02:54:23,21,36,42,27.8,28.6,30,26.1,0,29
2026-08-24 02:59:22,26,42,50,28.2,28,30.2,25.7,0,29
2026-08-24 03:04:22,22,35,41,28.2,27.7,30,26,0,29
2026-08-24 03:09:23,21,35,40,28.2,27.4,30.1,25.7,0,29
2026-08-24 03:14:23,24,38,46,28.3,27.7,30,25.8,0,29
2026-08-24 03:19:23,25,39,47,28.4,27.9,30.2,25.5,0,29
2026-08-24 03:24:23,24,40,48,28.4,27.6,30.3,25.4,0,29
2026-08-24 03:29:23,20,33,39,28.3,27.6,30.1,25.7,0,29
2026-08-24 03:34:22,22,34,38,28.4,27.5,30.2,25.4,0,29
2026-08-24 03:39:23,23,37,46,28.4,27.2,30.3,25.2,0,29
2026-08-24 03:44:23,24,38,44,28.4,27.2,30.1,25.4,0,29
2026-08-24 03:49:23,23,38,46,28.4,27.1,30.1,25.3,0,29
2026-08-24 03:54:23,24,39,46,28.4,27.2,30.1,25.2,0,29
2026-08-24 03:59:23,23,39,45,28.2,27.4,29.8,25.5,0,29
2026-08-24 04:04:23,24,40,47,28.2,27.1,29.9,25.4,0,29
2026-08-24 04:09:23,23,39,45,28.2,27.1,29.7,25.5,0,29
2026-08-24 04:14:23,24,40,48,28,27.3,29.8,25.4,0,29
2026-08-24 04:19:23,24,39,47,28,27.1,29.7,25.3,0,29
2026-08-24 04:24:23,22,35,40,28,27.1,29.6,25.4,0,29
2026-08-24 04:29:23,23,36,42,28,26.9,29.7,25.1,0,29
2026-08-24 04:34:23,25,41,47,28,26.9,29.6,25,0,29
2026-08-24 04:39:23,24,39,45,28.1,27.6,29.6,25.2,0,29
2026-08-24 04:44:23,23,39,46,28.1,27.7,29.6,25.3,0,29
2026-08-24 04:49:23,26,40,49,27.9,27.7,29.4,25.5,0,29
2026-08-24 04:54:23,24,40,49,27.9,28.3,29.5,25.7,0,29
2026-08-24 04:59:23,26,44,53,27.9,28.4,29.5,25.7,0,29
2026-08-24 05:04:23,27,43,53,27.9,28.5,29.5,25.9,0,29
2026-08-24 05:09:23,25,41,49,28,28.6,29.7,25.8,0,29
2026-08-24 05:14:23,25,43,54,27.8,28.7,29.4,26.1,0,29
2026-08-24 05:19:23,23,39,48,27.8,29.1,29.3,26.3,0,29
2026-08-24 05:24:23,25,40,49,27.7,29.2,29.3,26.3,0,29
2026-08-24 05:29:23,23,41,50,27.7,29.1,29.4,26.3,0,29
2026-08-24 05:34:23,24,41,50,27.6,29.4,29.1,26.8,0,29
2026-08-24 05:39:23,25,42,51,27.6,29.3,29.3,26.5,0,29
2026-08-24 05:44:23,26,43,53,27.6,29.2,29.3,26.5,0,29
2026-08-24 05:49:23,26,42,50,27.5,29.5,28.9,27,0,29
2026-08-24 05:54:23,23,40,49,27.4,29.4,28.9,27,0,29
2026-08-24 05:59:23,24,42,52,27.3,29.5,28.7,27.3,0,29
2026-08-24 06:04:23,26,42,51,27.4,29.7,28.9,27.1,0,29
2026-08-24 06:09:23,26,42,51,27.4,29.2,29,26.9,0,31
2026-08-24 06:14:23,23,39,48,27.4,29.2,28.7,27.4,0,29
2026-08-24 06:19:23,22,36,44,27.4,29.1,28.9,27,0,29
2026-08-24 06:24:23,27,42,50,27.3,29.1,,,,29
2026-08-24 06:29:23,25,40,49,27.3,29.3,28.8,27.2,0,29
2026-08-24 06:34:23,24,41,48,27.4,29.1,29,26.8,0,29
2026-08-24 06:39:23,26,44,53,27.2,29.4,28.6,27.4,0,29
2026-08-24 06:44:23,24,39,47,27.3,29.3,28.8,27.2,0,29
2026-08-24 06:49:23,26,41,49,27.3,29.1,28.8,27.1,0,29
2026-08-24 06:54:23,24,39,45,27.3,29.2,28.7,27.3,0,29
2026-08-24 06:59:23,24,42,49,27.4,29,28.9,26.9,0,30
2026-08-24 07:04:23,24,41,48,27.1,29,28.3,27.5,0,29
2026-08-24 07:09:23,21,35,41,27,29.1,28.3,27.5,0,29
2026-08-24 07:14:23,26,42,50,27,29,28.4,27.3,0,30
2026-08-24 07:19:23,25,43,52,27.1,29,28.4,27.1,1,30
2026-08-24 07:24:23,23,40,49,27.1,29.2,28.4,27.3,0,30
2026-08-24 07:29:23,23,42,49,27.2,29.1,28.7,26.9,0,31
2026-08-24 07:34:23,24,40,48,27.2,29.1,28.3,27.4,0,31
2026-08-24 07:39:23,24,41,48,27.2,28.9,28.6,27.2,0,31
2026-08-24 07:44:23,25,41,50,27.2,29,28.6,27,0,31
2026-08-24 07:49:23,26,43,53,27.1,29,28.5,27.2,0,30
2026-08-24 07:54:23,24,40,48,27,29.3,28.5,27.3,0,31
2026-08-24 07:59:23,26,43,51,27.1,29.2,28.6,27.1,0,31
2026-08-24 08:04:23,26,45,54,27.1,29.3,28.3,27.5,0,31
2026-08-24 08:09:23,23,40,49,27,29.5,28.4,27.4,0,31
2026-08-24 08:14:23,26,43,53,27,29,28.2,27.5,1,29
2026-08-24 08:19:23,24,42,52,27,29.5,28.4,27.5,0,31
2026-08-24 08:24:23,25,42,52,27.1,29.3,28.6,27.2,0,31
2026-08-24 08:29:24,22,39,47,26.9,29.4,28.3,27.8,0,31
2026-08-24 08:34:23,23,40,49,26.9,29.3,28.4,27.5,0,31
2026-08-24 08:39:23,26,43,52,27,29.1,28.5,27.4,0,31
2026-08-24 08:44:24,24,41,50,27,29.4,28.3,27.6,0,31
2026-08-24 08:49:23,24,42,50,27.1,29.2,28.5,27.4,0,31
2026-08-24 08:54:23,25,43,52,27,29.2,28.4,27.5,0,31
2026-08-24 08:59:24,23,41,49,27.1,29,28.5,27.3,0,31
2026-08-24 09:04:23,24,40,52,27.1,28.9,28.5,27.3,0,31
2026-08-24 09:09:23,24,41,48,27.1,28.9,28.7,27.4,0,31
2026-08-24 09:14:24,23,40,47,27.1,28.7,28.7,27.3,0,31
2026-08-24 09:19:23,24,39,46,27.1,29,28.7,27.4,0,31
2026-08-24 09:24:23,24,41,50,27.3,28.8,29,27.1,0,31
2026-08-24 09:29:24,25,41,49,27.3,28.7,28.9,27.1,0,31
2026-08-24 09:34:24,24,40,49,27.4,28.7,29.1,27,0,31
2026-08-24 09:39:23,25,42,51,27.6,28.6,29.3,26.9,0,31
2026-08-24 09:44:23,26,42,52,27.7,28.4,29.2,27,0,31
2026-08-24 09:49:24,26,41,51,27.8,28.3,29.6,26.7,0,31
2026-08-24 09:54:24,25,42,51,27.9,28,29.6,26.6,0,31
2026-08-24 09:59:23,26,45,53,28,28.3,29.5,26.8,0,31
2026-08-24 10:04:23,25,42,52,28,28.4,29.8,26.7,0,31
2026-08-24 10:09:23,27,45,55,28,28.4,29.8,26.8,0,31
2026-08-24 10:14:24,26,41,50,28.1,28.6,29.9,26.9,0,31
2026-08-24 10:19:24,25,43,54,28.2,28.6,30.1,26.6,0,31
2026-08-24 10:24:24,29,47,58,28.2,28.5,,,,31
2026-08-24 10:29:23,28,44,55,28.2,28.7,30.1,26.8,0,31
2026-08-24 10:34:23,25,43,51,28.2,28.4,30,26.8,0,31
2026-08-24 10:39:23,26,43,51,28.1,28.6,29.9,27.1,0,31
2026-08-24 10:44:24,27,45,55,28.1,28.7,30.1,26.8,0,31
2026-08-24 10:49:23,28,47,57,28.2,28.9,30.3,26.5,0,31
2026-08-24 10:54:24,30,50,62,28.3,28.7,30.1,26.7,1,31
2026-08-24 10:59:24,28,44,53,28.3,29,30.1,26.9,0,31
2026-08-24 11:04:24,29,47,58,28.3,28.8,30.2,26.8,0,31
2026-08-24 11:09:24,28,47,59,28.3,28.7,30.2,26.9,0,31
2026-08-24 11:14:23,26,43,53,28.4,28.9,30.4,26.8,0,31
2026-08-24 11:19:24,29,50,62,28.6,28.8,30.7,26.5,0,31
2026-08-24 11:24:24,30,51,63,28.7,28.6,30.7,26.5,0,31
2026-08-24 11:29:24,26,42,51,28.7,29,30.6,26.8,0,31
2026-08-24 11:34:24,30,48,60,28.8,28.8,30.9,26.6,0,31
2026-08-24 11:39:24,28,49,59,28.9,28.6,31,26.6,0,31
2026-08-24 11:44:23,30,51,63,28.8,28.7,30.6,27,0,29
2026-08-24 11:49:24,32,53,66,27,29.9,26.5,32.3,0,31
2026-08-24 11:54:24,34,58,71,24.7,32.4,23.6,37,0,31
2026-08-24 11:59:24,31,51,65,25.7,32.9,28.2,30.4,0,31
2026-08-24 12:04:24,29,49,60,27,31.4,30,28,0,31
2026-08-24 12:09:24,29,47,61,27.9,30.3,30.8,27.2,0,31
2026-08-24 12:14:24,33,57,69,28,29.7,29.9,28,0,31
2026-08-24 12:19:24,33,59,69,26.2,31.2,25.9,33.6,0,31
2026-08-24 12:24:24,38,68,76,24.1,33.7,23.3,37.8,0,31
2026-08-24 12:29:24,35,64,74,22.5,36.2,21.9,40.4,0,31
2026-08-24 12:34:24,36,66,73,21.4,38.1,21,42,0,31
2026-08-24 12:39:24,31,52,64,22.3,40.2,25.1,35.8,0,31
2026-08-24 12:44:24,30,51,64,25.1,35.2,29.3,29.2,0,31
2026-08-24 12:49:24,31,52,64,26.7,32.6,30.3,28,0,29
2026-08-24 12:54:24,32,52,64,27.7,31.3,30.8,27.5,0,31
2026-08-24 12:59:24,31,51,65,28.3,30.3,31.2,27,0,31
2026-08-24 13:04:24,32,55,68,28.2,29.8,29.5,29,0,29
2026-08-24 13:09:24,33,59,71,26.1,31.7,25.6,34.5,0,31
2026-08-24 13:14:24,35,65,74,24,34,23.3,38.5,0,31
2026-08-24 13:19:24,33,58,70,23.7,36.6,,,,31
2026-08-24 13:24:24,30,52,67,26.1,33.5,29.7,29.1,0,31
2026-08-24 13:29:24,33,57,68,27.5,31.4,30.8,27.5,0,31
2026-08-24 13:34:24,33,58,70,28.2,30.5,31,27.3,0,31
2026-08-24 13:39:24,31,53,67,28.6,30,31.2,27.2,0,31
2026-08-24 13:44:24,32,51,66,29,29.4,31.5,26.8,0,31
2026-08-24 13:49:24,33,56,68,29.2,29.1,31.5,26.7,0,31
2026-08-24 13:54:29,33,58,69,29.3,28.9,31.5,26.8,0,31
2026-08-24 13:59:24,31,52,65,29.3,28.9,31.5,26.9,0,31
2026-08-24 14:04:39,31,52,63,29.4,28.9,31.3,27.2,0,31
2026-08-24 14:09:24,33,57,70,29.1,29.1,30.9,27.6,0,31
2026-08-24 14:14:24,30,51,66,29.3,28.9,31.5,26.9,0,31
2026-08-24 14:19:24,33,59,71,29.5,28.8,31.5,26.9,0,31
2026-08-24 14:24:24,35,65,75,28.8,29.2,30.7,27.9,0,31
2026-08-24 14:29:24,33,56,69,29.1,29.1,31.2,27.2,0,31
2026-08-24 14:34:24,30,50,63,29.3,28.8,31.7,26.7,0,31
2026-08-24 14:39:24,32,53,66,29.2,29.2,31.3,27.3,0,31
2026-08-24 14:44:24,32,51,64,29.4,28.7,31.7,26.7,0,31
2026-08-24 14:49:24,32,57,69,29.5,28.8,31.8,26.6,0,31
2026-08-24 14:54:24,34,58,70,29.7,28.6,31.9,26.4,0,31
2026-08-24 14:59:24,33,57,69,29.7,28.5,31.7,26.5,0,31
2026-08-24 15:04:25,34,57,68,29.6,28.5,31.5,26.8,0,31
2026-08-24 15:09:24,33,58,69,29.7,28.6,31.7,26.7,0,31
2026-08-24 15:14:24,35,62,73,29.8,28.6,31.9,26.5,0,31
2026-08-24 15:19:24,33,59,69,29.9,28.4,31.8,26.5,0,31
2026-08-24 15:24:24,33,59,71,29.8,28.4,31.6,26.7,0,31
2026-08-24 15:29:24,38,68,74,29.8,28.5,,,,31
2026-08-24 15:34:31,33,58,69,29.8,28.6,31.7,26.8,0,31
2026-08-24 15:39:24,32,58,70,30,28.4,31.9,26.4,0,31
2026-08-24 15:44:35,32,56,68,30,28.4,32,26.3,0,31
2026-08-24 15:49:25,32,56,68,29.7,28.4,31.6,26.7,0,31
2026-08-24 15:54:33,31,52,65,29.6,28.5,31.6,26.8,0,31
2026-08-24 15:59:24,28,49,62,29.6,28.5,31.5,26.7,0,31
2026-08-24 16:04:34,32,58,70,29.5,28.5,31.4,26.7,0,31
2026-08-24 16:09:25,34,62,73,29.4,28.5,31.3,26.8,0,31
2026-08-24 16:14:34,33,56,69,29.4,28.8,31.4,26.8,0,31
2026-08-24 16:19:25,32,55,68,29.4,28.8,31.5,26.6,0,31
2026-08-24 16:24:33,33,59,70,29.4,28.7,31.5,26.5,0,31
2026-08-24 16:29:24,32,59,69,29.4,28.8,31.2,26.9,0,31
2026-08-24 16:34:24,32,54,67,29.3,28.7,31.3,26.9,0,31
2026-08-24 16:39:24,31,53,68,29.4,28.8,31.4,26.5,0,31
2026-08-24 16:44:24,33,59,71,29.3,28.5,31.1,26.8,0,31
2026-08-24 16:49:24,33,67,76,29.2,28.6,31.1,26.9,0,31
2026-08-24 16:54:25,31,51,63,29.1,28.7,31,26.9,0,31
2026-08-24 16:59:24,31,51,65,29.1,28.6,30.8,26.9,0,31
2026-08-24 17:04:24,29,49,61,28.9,29,30.6,27.3,0,31
2026-08-24 17:09:25,30,52,66,28.9,29.1,30.8,26.9,0,31
2026-08-24 17:14:25,30,55,67,28.8,29.2,30.7,27,0,31
2026-08-24 17:19:25,28,49,59,28.8,29.3,30.5,27.3,0,31
2026-08-24 17:24:25,27,47,59,28.6,29.1,30.6,27.2,0,31
2026-08-24 17:29:25,28,50,63,28.7,29.1,30.7,26.9,0,31
2026-08-24 17:34:25,31,54,69,28.5,29,30.3,27.3,0,31
2026-08-24 17:39:25,29,51,64,28.5,29.5,30.2,27.4,0,31
2026-08-24 17:44:25,29,52,65,28.4,29.3,30.2,27.3,0,31
2026-08-24 17:49:25,30,54,67,28.4,29.3,30.2,27.2,0,31
2026-08-24 17:54:24,30,51,64,28.3,29.5,29.9,27.7,0,31
2026-08-24 17:59:25,30,53,67,28.4,29.4,30.2,27.3,0,31
2026-08-24 18:04:25,27,49,60,28.2,29.3,29.9,27.6,0,31
2026-08-24 18:09:25,30,50,62,28.1,29.9,29.7,28,0,31
2026-08-24 18:14:25,29,50,63,27.9,29.7,29.5,28.1,0,31
2026-08-24 18:19:25,33,59,70,27.9,29.8,29.5,28,0,31
2026-08-24 18:24:24,23,41,51,27.9,29.7,29.7,28.2,0,31
2026-08-24 18:29:25,27,46,58,27.7,29.8,29.5,28.1,0,31
2026-08-24 18:34:25,30,52,64,27.8,29.8,29.5,28,0,31
2026-08-24 18:39:25,30,50,62,27.7,30.1,29.4,28.3,0,31
2026-08-24 18:44:25,30,50,62,27.7,30,29.5,28.2,0,31
2026-08-24 18:49:25,29,51,66,27.7,29.9,29.3,28.2,0,31
2026-08-24 18:54:25,27,46,55,27.8,30.1,29.5,28.1,0,31
2026-08-24 18:59:25,27,46,59,27.7,30,29.4,28.3,0,31
2026-08-24 19:04:25,20,35,44,27.7,29.6,29.5,28.2,0,31
2026-08-24 19:14:25,26,48,60,27.7,29.2,29.6,27.9,0,31
2026-08-24 19:19:25,28,46,59,27.7,28.8,29.3,28.2,0,31
2026-08-24 19:24:25,26,42,50,27.8,29.1,29.4,28,0,31
2026-08-24 19:29:25,28,48,61,27.9,29.1,29.5,27.8,0,31
2026-08-24 19:34:25,26,46,57,27.8,29.3,29.7,27.8,0,31
2026-08-24 19:39:25,28,50,63,27.9,28.9,29.7,27.7,0,31
2026-08-24 19:44:25,30,50,63,28.1,29,30,27.3,0,31
2026-08-24 19:49:25,25,45,55,28,29,29.7,27.8,0,31
2026-08-24 19:54:25,29,51,64,28.1,28.5,29.9,27.4,0,31
2026-08-24 19:59:25,25,43,54,28,28.5,29.9,27.3,0,31
2026-08-24 20:04:25,28,48,61,27.9,28.4,29.6,27.5,0,31
2026-08-24 20:09:25,26,46,55,28.1,28.3,29.9,27.4,0,31
2026-08-24 20:14:25,32,58,70,27,28,26.9,30.7,0,31
2026-08-24 20:19:25,29,50,63,24.6,30.1,23.3,36.1,0,29
2026-08-24 20:24:25,25,43,53,22.5,32.2,21.1,39.5,0,31
2026-08-24 20:29:25,24,41,50,24,31.9,26.2,31.2,0,31
2026-08-24 20:34:25,20,35,41,23.6,33.2,24.5,33.9,0,31
2026-08-24 20:39:25,25,44,55,25.2,31.4,27.9,28.8,0,29
2026-08-24 20:44:25,27,47,59,24.3,31,24.6,33,0,31
2026-08-24 20:49:25,24,42,53,22.6,32.4,21.8,37.5,0,30
2026-08-24 20:54:25,5,14,14,21.1,29.8,20.2,39.3,0,29
2026-08-24 20:59:25,2,5,6,19.9,31.3,19.4,40.3,0,29
2026-08-24 21:04:33,0,4,5,19.2,32.3,18.9,40.2,0,29
2026-08-24 21:09:25,0,2,2,18.8,30.6,18.7,39,0,29
2026-08-24 21:14:26,12,26,28,18.5,34,18.7,39,0,29
2026-08-24 21:19:25,11,25,27,18.3,34.9,18.6,39.4,0,29
2026-08-24 21:24:25,9,23,26,18.2,35.5,18.5,39.6,0,31
2026-08-24 21:29:25,1,4,5,18.1,34,18.5,39.3,0,29
2026-08-24 21:34:25,0,0,0,18.1,33.7,18.5,38.4,0,31
2026-08-24 21:39:25,0,0,0,18.1,33.5,18.6,38.2,0,31
2026-08-24 21:44:25,0,0,0,18.1,32.8,18.7,37,0,31
2026-08-24 21:49:25,0,0,0,18.2,32.9,18.9,36.7,0,29
2026-08-24 21:54:26,0,0,0,18.3,32.6,19.1,36.1,0,31
2026-08-24 21:59:26,0,0,0,18.5,32.5,19.3,34.7,0,29
2026-08-24 22:04:25,0,0,0,18.6,32.1,19.4,34.9,0,29
2026-08-24 22:09:26,0,0,0,18.7,31.4,19.6,34.2,0,29
2026-08-24 22:14:25,0,0,0,18.8,31.3,19.7,34.7,0,30
2026-08-24 22:19:25,0,0,0,18.8,31.2,19.8,34.6,0,30
2026-08-24 22:24:25,0,0,0,18.9,31.2,19.8,34.5,0,30
2026-08-24 22:29:26,0,0,0,19,31.6,19.9,33.9,0,30
2026-08-24 22:34:26,0,0,0,19.1,31.2,20,32.5,0,30
2026-08-24 22:39:25,0,0,0,19.1,30.5,20.1,32.5,0,30
2026-08-24 22:44:25,0,0,0,19.2,30.1,20.2,32.6,0,30
2026-08-24 22:49:25,0,0,0,19.3,30.3,20.3,32.5,0,30
2026-08-24 22:54:25,0,0,0,19.4,30.6,20.4,31.5,0,30
2026-08-24 22:59:25,0,0,0,19.5,30.2,20.5,30.6,0,29
2026-08-24 23:04:25,0,0,0,19.5,29.6,20.6,30.8,0,29
2026-08-24 23:09:25,0,0,0,19.6,29.7,20.6,30.9,0,30
2026-08-24 23:14:25,0,0,0,19.7,30,20.6,31,0,30
2026-08-24 23:19:25,0,0,0,19.6,29.5,20.7,31.1,0,30
2026-08-24 23:24:25,0,0,0,19.7,29.7,20.7,31,0,30
2026-08-24 23:29:26,0,0,0,19.7,29.9,20.7,31.4,0,30
2026-08-24 23:34:26,0,0,0,19.7,29.8,20.7,31,0,30
2026-08-24 23:39:26,0,0,0,19.7,30,20.7,30.9,0,30
2026-08-24 23:44:26,0,0,0,19.7,29.8,20.7,30.4,0,30
2026-08-24 23:49:26,5,11,11,19.8,31.3,20.8,30.7,0,30
2026-08-24 23:54:26,0,0,0,19.8,30.3,20.8,30.8,0,30
2026-08-24 23:59:26,0,0,0,19.8,29.7,20.8,30.9,0,30
2026-08-25 00:04:26,0,0,0,19.8,30,20.7,31,0,30
2026-08-25 00:09:26,0,0,0,19.8,29.9,20.8,30.5,0,30
2026-08-25 00:14:26,0,0,0,19.8,30.1,20.8,30.2,0,30
2026-08-25 00:19:26,0,0,0,19.8,29.6,20.8,30.3,0,30
2026-08-25 00:24:26,0,0,0,19.8,30.1,20.8,30.6,0,30
2026-08-25 00:29:26,0,0,0,19.8,30.1,20.8,30.7,0,29
2026-08-25 00:34:26,0,0,0,19.8,29.7,20.7,30.6,0,29
2026-08-25 00:39:26,0,0,0,19.7,30.2,20.7,30.9,0,29
2026-08-25 00:44:26,0,3,4,19.7,30.6,20.7,31.1,0,29
2026-08-25 00:49:26,26,43,53,19.7,35.3,20.6,32.4,0,29
2026-08-25 00:54:26,24,43,52,19.6,36.7,20.4,33.4,0,29
2026-08-25 00:59:26,26,46,55,19.5,37.2,20.2,34.3,0,29
2026-08-25 01:04:26,24,42,50,19.3,37.3,19.9,35,0,29
2026-08-25 01:09:26,25,42,51,19.1,37.3,19.7,35.8,0,29
2026-08-25 01:14:26,25,44,56,19,38.7,19.5,36.5,0,29
2026-08-25 01:19:26,24,42,52,18.8,38.9,19.2,37,0,31
2026-08-25 01:24:26,24,41,51,18.6,38.7,19,37.5,0,29
2026-08-25 01:29:26,26,44,55,18.5,39.9,18.9,38.1,0,29
2026-08-25 01:34:26,26,44,55,18.3,40.3,18.7,38.7,0,29
2026-08-25 01:39:26,25,43,53,19.1,43.6,21.3,36.6,0,30
2026-08-25 01:44:26,25,43,53,22.8,37.2,27.5,27.3,0,31
2026-08-25 01:49:26,23,42,52,24.2,34.5,27.5,27.3,0,29
2026-08-25 01:54:26,26,44,53,25.6,32.1,29,26.3,0,29
2026-08-25 01:59:26,26,45,56,26.8,30.4,29.5,25.1,0,29
2026-08-25 02:04:26,26,44,55,26.8,29.6,28.5,26.4,0,29
2026-08-25 02:09:26,28,46,57,25.1,30.5,24.7,31.1,0,29
2026-08-25 02:14:26,23,39,48,23.1,31.6,22.1,34.7,0,29
2026-08-25 02:19:26,22,38,46,21.5,33.5,20.7,36.8,0,29
2026-08-25 02:24:26,23,40,50,20.3,35,19.8,38,0,29
2026-08-25 02:29:26,21,35,43,19.5,35.5,19.3,38.5,0,29
2026-08-25 02:34:26,16,29,33,19,35.7,18.9,38.9,0,29
2026-08-25 02:39:26,0,4,7,18.6,34.7,18.7,38.9,0,29
2026-08-25 02:44:26,0,0,0,18.4,34.3,18.6,37.5,0,29
2026-08-25 02:49:26,0,0,0,18.3,32.8,18.7,37.1,0,29
2026-08-25 02:54:26,0,0,0,18.3,33.5,18.9,36.1,0,29
2026-08-25 02:59:26,0,0,0,18.4,32.8,19.1,35.3,0,29
2026-08-25 03:04:26,6,15,18,18.5,34.5,19.2,35.4,0,29
2026-08-25 03:09:26,6,20,20,18.5,35,19.3,35.7,0,29
2026-08-25 03:14:26,2,7,8,18.6,34.6,19.3,35.8,0,29
2026-08-25 03:19:26,3,7,8,18.6,34.5,19.3,35.9,0,29
2026-08-25 03:24:26,2,4,5,18.6,33.7,19.3,35.8,0,29
2026-08-25 03:29:26,0,4,4,18.6,33.9,19.3,35.8,0,29
2026-08-25 03:34:26,0,2,2,18.6,33.4,19.3,35.8,0,29
2026-08-25 03:39:26,0,0,0,18.6,32.9,19.3,35.4,0,29
2026-08-25 03:44:26,0,0,0,18.7,33.4,19.4,34.5,0,29
2026-08-25 03:49:26,0,0,0,18.7,32.6,19.5,34.5,0,29
2026-08-25 03:54:26,0,0,0,18.8,32.7,19.6,34,0,29
2026-08-25 03:59:26,0,0,0,18.9,32.5,19.6,33.4,0,29
2026-08-25 04:04:26,0,0,0,18.9,32.7,19.7,33.4,0,29
2026-08-25 04:09:26,0,0,0,18.9,32.3,19.8,33.4,0,29
2026-08-25 04:14:26,0,0,0,19,32.3,19.8,33.2,0,29
2026-08-25 04:19:27,0,0,0,19,32.6,19.8,33.2,0,29
2026-08-25 04:24:27,0,0,0,19,33.6,19.8,33.6,0,29
2026-08-25 04:29:26,0,0,0,19,33.9,19.8,34,0,29
2026-08-25 04:34:27,0,0,0,19,34.2,19.8,34.3,0,29
2026-08-25 04:39:26,0,0,0,19,34.4,19.8,34.5,0,29
2026-08-25 04:44:26,0,0,0,18.9,34.3,19.7,34.5,0,29
2026-08-25 04:49:27,0,0,0,18.9,34.5,19.7,34.8,0,29
2026-08-25 04:54:26,0,0,0,18.9,33.9,19.6,34.7,0,29
2026-08-25 04:59:26,0,0,0,18.9,32.8,19.6,34.1,0,29
2026-08-25 05:04:27,0,0,0,18.9,33.1,19.6,34.2,0,29
2026-08-25 05:09:26,0,0,0,18.9,33.6,19.6,34.3,0,29
2026-08-25 05:14:27,0,0,0,18.9,33.2,19.6,34.2,0,29
2026-08-25 05:19:27,0,0,0,18.9,32.8,19.6,34.1,0,29
2026-08-25 05:24:26,0,0,0,18.9,32.9,19.6,33.9,0,29
2026-08-25 05:29:26,0,0,0,18.9,32.6,19.7,33.6,0,31
2026-08-25 05:34:26,0,0,0,18.9,32.6,19.7,33.7,0,29
2026-08-25 05:39:27,0,0,0,19,32.4,19.8,33.7,0,29
2026-08-25 05:44:27,0,0,0,19,32.6,19.8,33.7,0,29
2026-08-25 05:49:27,0,0,0,19,32.7,19.8,33.6,0,29
2026-08-25 05:54:27,0,0,0,19,32.5,19.8,33.4,0,29
2026-08-25 05:59:27,0,0,0,19,32,19.8,32.6,0,30
2026-08-25 06:04:27,0,0,0,19.1,31.6,19.9,32.4,0,30
2026-08-25 06:09:27,0,0,0,19.1,31.8,20,32.6,0,30
2026-08-25 06:14:27,0,0,0,19.1,31.9,20,32.6,0,30
2026-08-25 06:19:27,0,0,0,19.3,32.2,20.1,32.4,0,30
2026-08-25 06:24:26,0,0,0,19.3,31.7,20.1,31.6,0,30
2026-08-25 06:29:27,0,0,0,19.3,31.7,20.1,32.3,0,30
2026-08-25 06:34:27,0,0,0,19.3,31.7,20.2,32.4,0,30
2026-08-25 06:39:27,0,0,0,19.3,31.9,20.2,32.4,0,30
2026-08-25 06:44:27,0,0,0,19.3,31.9,20.2,32.2,0,30
2026-08-25 06:49:27,0,0,0,19.3,31.8,20.2,32.4,0,30
2026-08-25 06:54:27,0,0,0,19.4,32.1,20.2,32.3,0,30
2026-08-25 06:59:27,0,0,0,19.4,32,20.2,32.3,0,29
2026-08-25 07:04:27,0,0,0,19.4,32.1,20.2,32.1,0,29
2026-08-25 07:09:27,0,0,0,19.5,32,20.2,32.1,0,29
2026-08-25 07:14:27,0,0,0,19.4,32,20.2,32.1,0,29
2026-08-25 07:19:27,0,0,0,19.5,31.9,20.3,31.9,0,29
2026-08-25 07:24:27,0,0,0,19.5,31.8,20.3,31.9,0,29
2026-08-25 07:29:27,0,0,0,19.4,31.8,20.4,32,0,29
2026-08-25 07:34:27,0,0,0,19.5,31.4,20.4,31.8,0,29
2026-08-25 07:39:27,0,0,0,19.5,30.9,20.4,31.4,0,31
2026-08-25 07:44:27,0,0,0,19.5,31,20.5,31.5,0,31
2026-08-25 07:49:27,0,0,0,19.5,31.4,20.5,31.5,0,31
2026-08-25 07:54:27,0,0,0,19.6,31.5,20.5,31.3,0,31
2026-08-25 07:59:27,0,0,0,19.7,31.9,20.5,31.6,0,31
2026-08-25 08:04:27,0,0,0,19.6,32.1,20.4,31.8,0,31
2026-08-25 08:09:27,0,0,0,19.6,32.1,20.3,32,0,31
2026-08-25 08:14:27,0,0,0,19.5,32.3,20.2,32.3,0,31
2026-08-25 08:19:27,0,0,0,19.4,33,20.2,32.5,0,31
2026-08-25 08:24:27,0,0,0,19.4,32.7,20.1,32.6,0,31
2026-08-25 08:29:27,0,0,0,19.4,32.8,20,32.7,0,31
2026-08-25 08:34:27,0,0,0,19.3,33.1,20,32.8,0,31
2026-08-25 08:39:27,0,0,0,19.2,33.2,20,32.9,0,31
2026-08-25 08:44:27,0,0,0,19.3,33.3,19.9,33.2,0,31
2026-08-25 08:49:27,0,0,0,19.2,33.4,19.9,33.4,0,31
2026-08-25 08:54:27,0,0,0,19.1,33.4,19.8,33.5,0,31
2026-08-25 08:59:27,0,0,0,19.1,33.9,19.8,33.6,0,31
2026-08-25 09:04:27,0,0,0,19,34,19.8,33.7,0,31
2026-08-25 09:09:27,0,0,0,19.1,33.5,19.7,33.8,0,31
2026-08-25 09:14:27,0,0,0,19,33.5,19.7,33.7,0,31
2026-08-25 09:19:27,0,0,0,19,33.6,19.7,33.8,0,31
2026-08-25 09:24:27,0,0,0,19,33.9,19.8,33.8,0,31
2026-08-25 09:29:27,0,0,0,19,33.9,19.7,33.9,0,31
2026-08-25 09:34:27,0,0,0,19,34,19.7,33.9,0,31
2026-08-25 09:39:27,0,0,0,19,34,19.7,34,0,31
2026-08-25 09:44:27,0,0,0,19,34,19.8,34,0,31
2026-08-25 09:49:27,0,0,0,18.9,34.6,19.8,34.1,0,31
2026-08-25 09:54:27,0,0,0,19,34.6,19.8,34.2,0,31
2026-08-25 09:59:27,0,0,0,19,34.5,19.8,34.2,0,31
2026-08-25 10:04:27,0,0,0,19,34.5,19.9,34.2,0,31
2026-08-25 10:09:27,0,0,0,19.1,34.6,19.9,34.2,0,31
2026-08-25 10:14:27,0,0,0,19.1,35.4,20,34.4,0,31
2026-08-25 10:19:27,0,1,1,19.1,34.7,20,34.4,0,31
2026-08-25 10:24:27,0,0,0,19.2,34.7,20,34.4,0,31
2026-08-25 10:29:28,0,0,0,19.1,34.5,20,34.4,0,31
2026-08-25 10:34:28,0,0,0,19.2,34.5,20.1,34.4,0,31
2026-08-25 10:39:28,1,2,3,19.2,35,20.1,34.4,0,31
2026-08-25 10:44:27,0,0,0,19.3,34.5,20.2,34.4,0,31
2026-08-25 10:49:27,0,0,0,19.3,34.1,20.2,34.3,0,31
2026-08-25 10:54:27,0,0,0,19.3,34.5,20.3,34.3,0,31
2026-08-25 10:59:28,0,0,0,19.4,34.1,20.3,34.3,0,31
2026-08-25 11:04:28,0,0,0,19.4,34.2,20.4,34.3,0,31
2026-08-25 11:09:27,0,0,0,19.4,34.1,20.4,34.2,0,31
2026-08-25 11:14:28,0,0,0,19.5,34,20.5,34.1,0,31
2026-08-25 11:19:27,0,0,0,19.6,34.1,20.6,34.1,0,31
2026-08-25 11:24:27,0,0,0,19.6,33.9,20.6,34,0,31
2026-08-25 11:29:27,0,0,0,19.7,34,20.7,34,0,31
2026-08-25 11:34:27,2,36,58,19.7,33.9,20.8,34,0,31
2026-08-25 11:39:27,0,0,1,19.8,33.4,20.8,33.8,0,31
2026-08-25 11:44:28,0,0,0,19.9,33.5,20.9,33.7,0,31
2026-08-25 11:49:28,0,0,1,19.9,33.8,21,33.7,0,31
2026-08-25 11:54:28,0,19,30,20,33.3,21.1,33.7,0,31
2026-08-25 11:59:28,0,0,0,20,33.1,21.2,33.6,0,31
2026-08-25 12:04:27,0,0,0,20.1,32.9,21.2,33.3,0,31
2026-08-25 12:09:28,0,0,0,20.2,33,21.3,33.3,0,31
2026-08-25 12:14:28,0,0,0,20.2,32.8,21.3,33.2,0,31
2026-08-25 12:19:28,0,0,0,20.3,32.5,21.4,32.7,0,31
2026-08-25 12:24:27,0,0,0,20.3,32.4,21.4,32.6,0,31
2026-08-25 12:29:28,0,0,0,20.3,32.2,21.5,32.4,0,31
2026-08-25 12:34:28,0,0,0,20.4,32.9,21.6,32.6,0,31
2026-08-25 12:39:28,0,0,0,20.5,32.7,21.6,32.6,0,31
2026-08-25 12:44:28,0,0,0,20.5,32.9,21.7,32.6,0,31
2026-08-25 12:49:28,0,9,15,20.5,32.5,21.7,32.7,0,31
2026-08-25 12:54:28,0,7,16,20.6,32.2,21.7,32.6,0,31
2026-08-25 12:59:27,0,0,0,20.6,31.7,21.8,32.5,0,31
2026-08-25 13:04:28,0,0,0,20.6,32.3,21.8,32.5,0,31
2026-08-25 13:09:28,0,6,12,20.6,31.6,21.8,32.4,0,31
2026-08-25 13:14:28,0,0,0,20.6,32.1,21.9,32.3,0,31
2026-08-25 13:19:28,0,0,0,20.7,32,21.9,32.2,0,31
2026-08-25 13:24:28,3,32,49,20.8,32,21.9,32.1,0,31
2026-08-25 13:29:28,0,0,0,20.7,32.4,22,32.2,0,31
2026-08-25 13:34:28,0,0,0,20.8,32.3,22,32.3,0,31
2026-08-25 13:39:28,0,0,0,20.8,31.7,22,32.1,0,31
2026-08-25 13:44:28,0,7,17,20.8,31.9,22,32,0,31
2026-08-25 13:49:28,0,0,0,20.8,32.8,22,32.2,0,31
2026-08-25 13:54:28,0,0,0,20.8,31.9,22,32.2,0,31
2026-08-25 13:59:28,0,0,0,20.8,32.7,22,32.3,0,31
2026-08-25 14:04:28,0,1,1,20.8,33,22,32.5,0,31
2026-08-25 14:09:28,0,0,0,20.8,34.5,21.9,32.9,0,31
2026-08-25 14:14:28,0,0,1,20.7,35.3,21.9,33.1,0,31
2026-08-25 14:19:28,0,0,0,20.7,33.4,21.8,33.2,0,31
2026-08-25 14:24:28,0,0,0,20.6,33.3,21.8,33.2,0,31
2026-08-25 14:29:28,0,0,0,20.6,32.9,21.7,33.1,0,31
2026-08-25 14:34:28,0,0,0,20.6,32.6,21.6,32.8,0,31
2026-08-25 14:39:28,0,0,0,20.6,32.6,21.6,32.6,0,31
2026-08-25 14:44:28,0,0,0,20.6,32.3,21.5,32.3,0,31
2026-08-25 14:49:28,0,0,0,20.6,32.4,21.5,32.3,0,31
2026-08-25 14:54:28,0,0,0,20.5,32.2,21.5,32.4,0,31
2026-08-25 14:59:28,0,0,0,20.5,33.2,21.5,32.6,0,31
2026-08-25 15:04:28,0,0,1,20.5,35.7,21.5,34.4,0,31
2026-08-25 15:09:28,0,2,2,20.3,36.4,21.3,34,0,31
2026-08-25 15:14:28,0,3,3,20.2,36.8,21.2,34.4,0,31
2026-08-25 15:19:28,1,3,4,20.1,37.5,21.1,34.9,0,31
2026-08-25 15:24:28,2,7,7,20.1,38.1,21,37.2,0,31
2026-08-25 15:29:28,1,3,3,20,38.6,20.8,36,0,31
2026-08-25 15:34:28,1,3,4,19.8,38.5,20.6,37,0,31
2026-08-25 15:39:28,3,6,6,19.7,38.4,20.4,37,0,31
2026-08-25 15:44:28,0,2,2,19.5,38.3,20.2,37.1,0,31
2026-08-25 15:49:28,1,1,1,19.4,38.2,20,37.8,0,31
2026-08-25 15:54:28,0,0,0,19.3,36,19.9,37.1,0,31
2026-08-25 15:59:29,0,0,0,19.2,36.4,19.9,36.8,0,31
2026-08-25 16:04:28,0,0,0,19.2,35.3,19.9,36.2,0,31
2026-08-25 16:09:28,0,0,0,19.2,36.2,20,36.2,0,31
2026-08-25 16:14:29,0,0,0,19.2,36.9,20.1,36.3,0,31
2026-08-25 16:19:29,0,1,1,19.2,36.2,20.1,36.1,0,31
2026-08-25 16:24:29,0,0,0,19.3,36.2,20.1,36.1,0,31
2026-08-25 16:29:29,0,0,0,19.2,36.4,20.2,36,0,31
2026-08-25 16:34:29,0,0,0,19.3,36.3,20.2,36,0,31
2026-08-25 16:39:28,1,5,7,19.3,36.8,20.3,36.3,0,31
2026-08-25 16:44:29,0,2,3,19.4,38.9,20.3,36.7,0,31
2026-08-25 16:49:29,1,3,3,19.3,39.9,20.2,37.2,0,31
2026-08-25 16:54:28,8,22,24,19.3,40.6,20.1,37.7,0,31
2026-08-25 16:59:29,1,5,5,19.3,40.5,20,38.1,0,31
2026-08-25 17:04:29,2,9,9,19.2,40.8,19.9,39.8,0,31
2026-08-25 17:09:28,0,3,3,19.1,40.1,19.8,39.1,0,31
2026-08-25 17:14:28,0,0,0,19,39.8,19.6,39.3,0,31
2026-08-25 17:19:28,0,2,2,18.9,39.4,19.5,39.1,0,31
2026-08-25 17:24:28,0,2,2,18.9,39.4,19.5,39,0,31
2026-08-25 17:29:28,0,2,2,18.8,39.9,19.4,39.1,0,31
2026-08-25 17:34:29,0,1,1,18.8,41.4,19.4,39.3,0,31
2026-08-25 17:39:29,5,11,12,18.7,41,19.4,39.6,0,31
2026-08-25 17:44:29,11,26,30,18.7,41.3,19.3,39.6,0,31
2026-08-25 17:49:28,0,1,1,18.7,41.5,19.3,39.9,0,31
2026-08-25 17:54:29,0,0,0,18.7,40.9,19.3,39.9,0,31
2026-08-25 17:59:29,0,0,1,18.7,40.3,19.3,39.9,0,31
2026-08-25 18:04:28,0,0,0,18.6,39.3,19.2,39.6,0,31
2026-08-25 18:09:30,0,0,0,18.6,38.9,19.2,39.4,0,31
2026-08-25 18:14:29,0,0,0,18.6,39.9,19.2,39.5,0,31
2026-08-25 18:19:29,0,0,1,18.6,41.1,19.1,39.8,0,31
2026-08-25 18:24:29,0,0,0,18.5,42.7,19.1,40.4,0,31
2026-08-25 18:29:29,0,0,0,18.5,41.7,19,40.5,0,31
2026-08-25 18:34:29,0,0,0,18.4,42.7,19,40.9,0,31
2026-08-25 18:39:29,0,0,0,18.4,42.7,18.9,41.3,0,31
2026-08-25 18:44:29,0,0,0,18.3,42.2,18.8,41.2,0,31
2026-08-25 18:49:29,0,0,0,18.3,41.9,18.7,41.2,0,31
2026-08-25 18:54:29,0,0,0,18.2,40.8,18.7,41,0,31
2026-08-25 18:59:29,0,0,0,18.2,40.4,18.6,40.8,0,31
2026-08-25 19:04:29,0,0,0,18.1,40.3,18.6,40.6,0,31
2026-08-25 19:09:29,0,0,0,18.1,40.3,18.6,40.6,0,31
2026-08-25 19:14:29,0,0,0,18.1,39.6,18.6,40.5,0,31
2026-08-25 19:19:28,0,0,0,18.1,38.5,18.5,40.3,0,31
2026-08-25 19:24:29,0,0,0,18.1,38.1,18.4,39.9,0,31
2026-08-25 19:29:29,0,0,0,18.1,37.3,18.4,39.5,0,31
2026-08-25 19:34:29,0,0,0,18,36.6,18.4,39.3,0,31
2026-08-25 19:39:29,0,0,0,18,36.8,18.4,39.1,0,31
2026-08-25 19:44:29,0,0,0,18,36.3,18.5,38.3,0,31
2026-08-25 19:49:29,0,0,0,18,37.8,18.5,38.6,0,31
2026-08-25 19:54:29,0,0,0,18.1,37.6,18.6,38.5,0,31
2026-08-25 19:59:29,0,0,0,18.1,38.2,18.6,38.7,0,31
2026-08-25 20:04:29,0,0,0,18.1,39,18.6,38.9,0,31
2026-08-25 20:09:29,0,3,3,18.1,41.8,18.6,41.5,0,31
2026-08-25 20:14:29,4,8,11,18.1,43.5,18.5,40.8,0,31
2026-08-25 20:19:29,2,6,6,19.7,46.2,23.3,35.1,0,31
2026-08-25 20:24:29,1,6,6,23.5,38.5,28.5,27.5,0,31
2026-08-25 20:29:29,4,7,8,26,34.3,30,25.9,0,31
2026-08-25 20:34:29,1,4,6,27.2,31.8,30.6,25.4,0,31
2026-08-25 20:39:29,3,7,7,27.4,30.7,29.2,27.2,0,31
2026-08-25 20:44:29,3,6,6,28,30.7,30.5,26.1,0,31
2026-08-25 20:49:29,2,5,5,28.4,29.2,30.6,25.9,0,31
2026-08-25 20:54:29,5,8,8,28.4,29.8,30.7,26.1,0,31
2026-08-25 20:59:29,4,7,8,28.3,28.7,29.8,26.7,0,31
2026-08-25 21:04:29,3,6,6,26.3,29.5,25.6,31.9,0,31
2026-08-25 21:09:29,0,2,2,24,29.5,22.9,35.7,0,31
2026-08-25 21:14:29,0,0,1,22.3,30.3,,,0,31
2026-08-25 21:19:29,4,8,9,21.1,35,,,0,31
2026-08-25 21:24:29,5,9,11,20.1,37.5,,,0,31
2026-08-25 21:29:29,5,14,14,22.7,37.3,,,0,31
2026-08-25 21:34:29,5,9,9,25.4,33.3,,,0,31
2026-08-25 21:39:29,4,8,8,26.8,31.5,,,0,31
2026-08-25 21:44:29,4,7,7,27.6,30,,,0,31
2026-08-25 21:49:29,6,11,12,28,29.2,,,0,31
2026-08-25 21:54:29,4,8,8,28.3,28.8,,,0,31
2026-08-25 21:59:29,4,8,11,28.4,28.6,,,0,31
2026-08-25 22:04:29,4,10,10,28.6,28.3,,,,31
2026-08-25 22:09:29,4,7,8,28.7,28.4,30.5,25.6,0,31
2026-08-25 22:14:29,4,8,11,28.7,28.4,30.5,25.6,0,31
2026-08-25 22:19:29,3,7,7,28.7,28.3,30.6,25.5,0,31
2026-08-25 22:24:29,3,7,8,28.8,28.2,30.5,25.5,0,31
2026-08-25 22:29:29,5,8,11,28.8,28.1,30.7,25.4,0,31
2026-08-25 22:34:29,4,6,8,28.8,28.1,30.7,25.3,0,31
2026-08-25 22:39:30,2,5,6,28.7,27.9,30.4,25.5,0,31
2026-08-25 22:44:29,4,7,8,28.5,27.9,30.4,25.6,0,31
2026-08-25 22:49:29,3,8,8,28.4,27.6,25,1,1,31
2026-08-25 22:54:29,2,6,6,28.5,27.8,30.1,25.8,0,31
2026-08-25 22:59:29,2,5,5,28.6,27.6,30.4,25.4,0,31
2026-08-25 23:04:29,0,5,5,28.6,27.2,30.4,25.3,0,31
2026-08-25 23:09:29,2,4,4,28.6,26.6,30,25.5,0,31
2026-08-25 23:14:30,1,4,4,26.4,27.8,25.4,30.8,0,31
2026-08-25 23:19:30,0,1,1,23.9,29.6,22.4,35.4,0,31
2026-08-25 23:24:29,0,2,2,22,30.7,20.6,37.8,0,31
2026-08-25 23:29:29,0,1,1,20.6,33.3,19.6,38.8,0,31
2026-08-25 23:34:30,0,0,1,19.6,34.5,19,39.7,0,31
2026-08-25 23:39:29,0,0,0,21.2,34.5,23.6,32.4,0,31
2026-08-25 23:44:29,0,2,2,21.3,33.5,22,34.2,0,31
2026-08-25 23:49:29,0,2,3,23.3,32.9,26.8,28.3,0,31
2026-08-25 23:54:30,0,0,0,23.4,30.4,24.4,30.7,0,31
2026-08-25 23:59:30,0,1,1,22,31.8,21.6,34.6,0,31
2026-08-26 00:04:29,1,5,6,20.7,34,20.1,37.1,0,31
2026-08-26 00:09:29,2,4,5,19.7,36.1,19.2,38.7,0,31
2026-08-26 00:14:29,0,3,3,18.9,37.6,18.6,39.7,0,31
2026-08-26 00:19:29,2,5,5,18.5,39.8,18.5,40.6,0,31
2026-08-26 00:24:29,1,3,3,21.8,36.9,25.8,29.7,0,31
2026-08-26 00:29:30,1,5,6,24.5,33.5,28.6,26.5,0,31
2026-08-26 00:34:30,4,8,10,26.2,31.3,29.5,25.4,0,31
2026-08-26 00:39:30,4,10,10,27.1,30.1,29.9,25.1,0,31
2026-08-26 00:44:30,3,7,7,27.7,29.2,30.1,25.1,1,31
2026-08-26 00:49:30,3,7,7,27.9,28.7,30,25.5,0,31
2026-08-26 00:54:30,4,7,7,28.3,28.5,30.2,25.4,0,31
2026-08-26 00:59:30,3,7,8,28.3,28.4,30.3,25.5,0,31
2026-08-26 01:04:30,4,8,9,28.4,28.5,30.2,25.5,0,31
2026-08-26 01:09:30,4,8,8,28.3,28.6,30.2,25.5,0,31
2026-08-26 01:14:30,5,12,13,28.4,28.5,30.2,25.5,0,31
2026-08-26 01:19:30,2,6,6,28.3,28.5,30,25.7,0,31
2026-08-26 01:24:30,2,7,7,28.3,28.6,30,25.8,0,31
2026-08-26 01:29:30,4,7,7,28.3,28.5,30,25.8,0,31
2026-08-26 01:34:30,2,8,8,28,28.4,29.6,26.2,0,31
2026-08-26 01:39:30,5,11,12,28.1,28.4,29.8,25.9,0,31
2026-08-26 01:44:30,5,10,11,28,28.4,29.5,26.2,0,31
2026-08-26 01:49:30,4,8,9,28,28.5,29.5,26.2,0,31
2026-08-26 01:54:30,5,8,11,28,28.4,29.6,26.5,0,31
2026-08-26 01:59:30,4,11,11,28,28.3,29.7,26.1,0,31
2026-08-26 02:04:30,5,13,13,28,28.3,29.6,26,0,31
2026-08-26 02:09:30,4,12,13,28,28.2,29.6,26,0,31
2026-08-26 02:14:30,5,9,9,28.1,28.2,29.6,26.1,0,31
2026-08-26 02:19:30,3,7,7,28.1,28.3,29.9,25.9,0,31
2026-08-26 02:24:30,5,12,12,28.1,28.2,29.9,26,0,31
2026-08-26 02:29:30,7,14,17,28.2,28.3,29.9,25.9,0,31
2026-08-26 02:34:30,5,11,12,28.1,28.4,29.8,26,0,31
2026-08-26 02:39:30,3,8,8,28,27.9,29.8,26,0,31
2026-08-26 02:44:30,4,12,12,28.1,27.8,29.7,26.1,0,31
2026-08-26 02:49:30,1,5,5,28.1,27.7,29.7,26.2,0,31
2026-08-26 02:54:30,4,7,7,28.1,28.2,29.7,26.1,0,31
2026-08-26 02:59:30,6,11,12,28.1,28.4,29.6,26.2,0,31
2026-08-26 03:04:30,4,8,8,27.9,28.1,29.6,26.3,0,31
2026-08-26 03:09:30,5,10,11,28.1,28.1,29.9,25.8,0,31
2026-08-26 03:14:30,5,11,11,28.1,28.2,29.8,25.8,0,31
2026-08-26 03:19:30,8,16,18,28.2,28.2,,,,31
2026-08-26 03:24:30,5,15,17,28,28.3,29.4,26.5,0,31
2026-08-26 03:29:30,7,20,20,28.1,28.3,29.6,26.3,0,31
2026-08-26 03:34:30,6,19,19,28.1,28.3,29.6,26.3,0,31
2026-08-26 03:39:30,6,17,19,28.1,28.6,29.5,26.4,0,31
2026-08-26 03:44:30,7,17,19,28,28.4,29.5,26.4,0,31
2026-08-26 03:49:30,9,20,22,27.9,28.6,29.5,26.3,0,31
2026-08-26 03:54:30,5,8,8,27.9,28.4,29.6,26.1,0,31
2026-08-26 03:59:30,2,6,10,27.9,28.3,29.4,26.3,0,31
2026-08-26 04:04:30,3,7,8,28,28.3,29.7,25.9,0,31
2026-08-26 04:09:30,3,8,11,27.9,28.3,29.4,26.2,1,31
2026-08-26 04:14:30,3,7,7,27.9,28.2,29.4,26.1,0,31
2026-08-26 04:19:30,3,6,6,27.9,28.4,29.2,26.5,0,31
2026-08-26 04:24:30,3,6,6,27.8,28.4,29.2,26.6,0,31
2026-08-26 04:29:30,2,4,4,27.7,28.3,29.2,26.5,0,31
2026-08-26 04:34:30,0,1,1,27.7,28.3,29.3,26.3,0,31
2026-08-26 04:39:30,0,3,5,27.5,28.4,29.1,26.4,0,31
2026-08-26 04:44:30,0,5,5,27.7,28.3,29.3,26.1,0,31
2026-08-26 04:49:30,1,4,4,27.6,28.4,28.9,26.5,0,31
2026-08-26 04:54:30,0,1,1,27.5,28.5,28.8,26.8,0,31
2026-08-26 04:59:30,0,3,3,27.5,28.5,29,26.5,0,31
2026-08-26 05:04:30,1,2,3,27.6,28.5,29.2,26.3,0,31
2026-08-26 05:09:30,0,2,2,27.6,28.4,29.4,26.1,0,31
2026-08-26 05:14:30,0,2,2,27.6,28.4,29.1,26.4,0,31
2026-08-26 05:19:30,0,1,1,27.6,28.3,29,26.5,0,31
2026-08-26 05:24:30,0,2,2,27.4,28.5,28.7,26.9,0,31
2026-08-26 05:29:30,0,1,2,27.5,28.7,28.9,26.7,0,31
2026-08-26 05:34:30,0,1,1,27.5,28.7,29,26.6,0,31
2026-08-26 05:39:30,0,2,2,27.5,28.7,29.2,26.3,0,31
2026-08-26 05:44:30,0,1,1,27.6,28.7,29.2,26.3,0,31
2026-08-26 05:49:30,0,1,2,27.5,28.5,29,26.5,0,31
2026-08-26 05:54:30,0,1,2,27.5,28.5,,,,31
2026-08-26 05:59:30,0,1,1,27.5,28.7,28.9,26.8,0,31
2026-08-26 06:04:30,0,0,0,27.4,29.1,29,26.7,0,31
2026-08-26 06:09:30,0,1,2,27.5,28.9,29,26.6,0,31
2026-08-26 06:14:30,1,2,2,27.4,28.7,28.7,26.9,0,31
2026-08-26 06:19:30,0,2,3,27.3,29,28.6,27,0,31
2026-08-26 06:24:30,0,3,3,27.3,29,28.6,27.2,0,31
2026-08-26 06:29:30,0,1,1,27.3,29,28.7,27,0,31
2026-08-26 06:34:30,0,0,0,27.4,29.1,29,26.8,0,31
2026-08-26 06:39:30,0,1,1,27.4,29,28.9,26.7,0,31
2026-08-26 06:44:30,1,3,3,27.4,28.9,28.9,26.8,0,31
2026-08-26 06:49:30,0,2,2,27.4,28.7,28.7,27,0,31
2026-08-26 06:54:30,0,2,3,27.4,28.8,28.6,27.1,0,31
2026-08-26 06:59:30,0,2,3,27.4,29,28.8,27.2,0,31
2026-08-26 07:04:30,1,3,3,27.5,28.9,28.9,27,0,31
2026-08-26 07:09:30,0,2,3,27.4,28.8,29,26.9,0,31
2026-08-26 07:14:30,0,1,3,27.3,29,28.9,27,0,31
2026-08-26 07:20:20,0,4,5,27.4,28.8,28.8,27,0,31
2026-08-26 07:24:30,0,2,2,27.4,28.8,,,,31
2026-08-26 07:29:30,0,3,3,27.4,29,28.8,27.2,0,31
2026-08-26 07:34:30,0,1,1,27.5,29,28.9,27.1,0,31
2026-08-26 07:39:31,1,3,3,27.5,28.9,29,27,0,31
2026-08-26 07:44:30,0,4,4,27.5,28.9,29,26.9,0,31
2026-08-26 07:49:31,1,3,3,27.5,28.8,28.9,26.9,0,31
2026-08-26 07:54:31,0,2,2,27.5,28.7,29,26.8,0,31
2026-08-26 07:59:31,0,5,6,27.5,28.7,29,26.9,0,31
2026-08-26 08:04:31,0,3,3,27.5,28.9,28.8,27.2,0,31
2026-08-26 08:09:30,0,2,4,27.5,28.9,28.8,27.3,0,31
2026-08-26 08:14:31,0,2,2,27.5,29,29,27,0,31
2026-08-26 08:19:31,0,3,3,27.5,28.7,29.1,26.9,0,31
2026-08-26 08:24:31,0,3,4,27.6,28.7,29.2,26.7,0,31
2026-08-26 08:29:31,1,2,2,27.5,28.5,28.8,27.1,0,31
2026-08-26 08:34:31,1,2,3,27.6,28.7,28.9,27.1,0,31
2026-08-26 08:39:30,0,1,1,27.5,28.6,29,27.1,0,31
2026-08-26 08:44:30,1,3,3,27.6,28.8,29.1,26.9,0,31
2026-08-26 08:49:31,1,2,2,27.6,28.7,29.1,26.8,0,31
2026-08-26 08:54:31,0,2,2,27.6,28.6,29,27,1,31
2026-08-26 08:59:31,0,2,2,27.7,28.5,29.1,26.9,0,31
2026-08-26 09:04:31,0,1,1,27.6,28.7,29,27.2,0,31
2026-08-26 09:09:31,1,2,2,27.6,28.8,29.1,26.9,0,31
2026-08-26 09:14:31,0,2,2,27.6,28.7,28.9,27.1,0,31
2026-08-26 09:19:31,0,0,1,27.5,28.8,28.8,27.3,0,31
2026-08-26 09:24:31,0,3,3,27.5,29.1,29,27.3,0,31
2026-08-26 09:29:31,5,17,18,27.5,29.1,29,27.1,0,31
2026-08-26 09:34:31,4,7,7,27.6,28.8,29.2,26.9,0,31
2026-08-26 09:39:31,0,3,3,27.6,28.7,29,27,1,31
2026-08-26 09:44:31,1,4,5,27.6,28.8,28.9,27.4,0,31
2026-08-26 09:49:31,0,2,2,27.6,28.8,29,27.3,0,31
2026-08-26 09:54:31,1,2,4,27.6,29,29.2,27,0,31
2026-08-26 09:59:31,2,3,3,27.6,28.8,29,27.2,0,31
2026-08-26 10:04:30,1,5,5,27.6,28.8,29,27.2,0,31
2026-08-26 10:09:31,1,4,4,27.6,28.9,29,27.2,0,31
2026-08-26 10:14:31,1,2,2,27.6,28.8,29,27.4,0,31
2026-08-26 10:19:31,3,7,8,27.7,28.8,29.2,27.2,0,31
2026-08-26 10:24:31,0,2,3,27.7,28.8,29.3,27,0,31
2026-08-26 10:29:31,0,2,4,27.7,28.8,29.5,26.8,0,31
2026-08-26 10:34:31,1,4,4,27.7,28.4,29.2,27,0,31
2026-08-26 10:39:31,2,4,4,27.7,28.4,29.1,27,0,31
2026-08-26 10:44:31,1,3,3,27.6,28.5,29,27.3,0,31
2026-08-26 10:49:31,1,3,3,27.6,28.8,29,27.4,0,31
2026-08-26 10:54:31,0,3,3,27.6,28.7,29.1,27.3,0,31
2026-08-26 10:59:31,3,6,6,27.7,28.6,29.4,27.1,0,31
2026-08-26 11:04:31,2,4,4,27.7,28.4,29.2,27.1,0,31
2026-08-26 11:09:31,0,6,6,27.6,28.6,29,27.2,0,31
2026-08-26 11:14:16,5,7,7,27.4,28.7,28.6,27.6,0,12
2026-08-26 11:19:16,2,5,5,27.4,28.9,28.8,27.6,0,13
2026-08-26 11:24:18,2,6,6,27.6,28.7,29.2,27.1,0,30
2026-08-26 11:29:16,3,8,15,27.7,28.5,29.4,26.9,0,30
2026-08-26 11:34:17,0,7,8,27.8,28.2,29.4,26.9,0,30
2026-08-26 11:39:16,2,18,22,27.9,28.1,29.5,26.7,0,30
2026-08-26 11:44:17,0,5,6,27.8,28.1,29.2,27,0,30
2026-08-26 11:49:17,2,7,15,27.9,28.1,29.2,27.1,0,30
2026-08-26 11:54:17,3,7,13,27.9,28.5,29.3,27.1,0,30
2026-08-26 11:59:17,1,3,4,28,28.3,29.5,26.9,0,30
2026-08-26 12:04:17,3,7,7,28,28.3,29.7,26.8,0,30
2026-08-26 12:09:17,5,12,15,28.1,28.3,29.7,26.7,0,30
2026-08-26 12:14:17,5,8,9,28.1,28.4,29.6,26.8,0,30
2026-08-26 12:19:17,5,8,11,28,28.6,29.6,26.9,0,30
2026-08-26 12:24:17,4,12,12,28,28.4,,,,30
2026-08-26 12:29:17,3,7,7,27.9,28.8,29.2,27.4,0,30
2026-08-26 12:34:17,2,8,8,27.9,28.7,29.3,27.2,0,30
2026-08-26 12:39:17,2,6,6,27.9,28.6,29.4,27.1,0,30
2026-08-26 12:44:18,6,20,25,27.9,28.9,29.3,27.2,0,30
2026-08-26 12:49:16,5,11,12,27.9,29.1,29.4,27,0,30
2026-08-26 12:54:17,4,9,13,27.9,29.3,29.3,27.5,0,30
2026-08-26 12:59:17,4,8,10,27.9,29.1,29.5,27.4,0,30
2026-08-26 13:04:17,6,13,16,28,29.4,29.6,27.3,0,30
2026-08-26 13:09:16,6,15,18,28.1,29.2,29.6,27.3,0,30
2026-08-26 13:14:17,12,31,38,28.1,29,29.6,27.3,0,30
2026-08-26 13:19:17,5,13,16,28.1,29,29.5,27.6,0,30
2026-08-26 13:24:17,13,34,47,28.1,29.2,29.6,27.5,0,30
2026-08-26 13:29:17,6,13,15,28.1,28.9,29.8,27.3,0,30
2026-08-26 13:34:17,6,14,14,28.2,28.6,29.8,27.1,0,30
2026-08-26 13:39:17,7,20,22,28.2,28.9,29.8,27.1,0,30
2026-08-26 13:44:17,6,16,17,28.1,28.8,29.5,27.4,0,30
2026-08-26 13:49:17,6,16,17,28,28.9,29.3,27.7,0,30
2026-08-26 13:54:17,5,9,11,28,28.9,29.3,27.7,0,30
2026-08-26 13:59:17,4,10,10,28.1,28.7,29.6,27.3,0,30
2026-08-26 14:04:17,6,15,18,28,28.7,29.4,27.3,0,30
2026-08-26 14:09:17,6,18,18,27.9,28.8,29.3,27.4,0,30
2026-08-26 14:14:17,1,4,4,27.9,28.2,29.2,27.7,0,30
2026-08-26 14:19:17,1,6,6,27.9,27.8,29.4,27.3,0,30
2026-08-26 14:24:17,0,1,1,28,26.8,29.6,26.7,0,30
2026-08-26 14:29:17,0,0,0,27.9,25,29.8,24.5,0,30
2026-08-26 14:34:17,0,0,0,27.6,25.2,29.3,25.2,0,30
2026-08-26 14:39:17,0,0,0,27.5,26,29,25,0,30
2026-08-26 14:44:17,0,0,0,27.2,25.7,28.4,25.2,0,30
2026-08-26 14:49:17,0,0,0,27,25.5,28.2,25,0,30
2026-08-26 14:54:17,0,0,0,26.4,25.4,27.8,24.8,0,30
2026-08-26 14:59:17,0,0,0,26.3,25.8,,,,30
2026-08-26 15:04:17,0,0,0,26.4,25.4,27.8,24.4,0,30
2026-08-26 15:09:17,0,0,0,26.3,25.5,27.4,24.6,0,30
2026-08-26 15:14:17,0,0,0,26.1,25.4,27.3,24.2,0,30
2026-08-26 15:19:17,0,0,0,26.1,25.3,27.5,23.9,0,30
2026-08-26 15:24:17,0,0,0,26,25.7,27.6,23.9,0,30
2026-08-26 15:29:17,0,0,0,26.1,25.6,27.8,23.8,0,30
2026-08-26 15:34:17,0,0,0,26.1,25.5,27.5,23.6,0,30
2026-08-26 15:39:17,0,0,0,26,25.5,27.5,23.8,0,30
2026-08-26 15:44:17,0,0,0,25.9,25.4,27.5,23.7,0,30
2026-08-26 15:49:17,0,0,0,26,24.9,27.9,23.2,0,30
2026-08-26 15:54:17,0,0,0,26.3,24.8,28.3,22.7,0,30
2026-08-26 15:59:17,0,0,0,26.5,24.8,28.4,22.8,0,30
2026-08-26 16:04:17,0,0,0,26.9,25,28.6,22.7,0,30
2026-08-26 16:09:17,15,24,26,27.3,27.6,28.9,23,0,30
2026-08-26 16:14:17,12,22,24,27.5,28.4,28.9,23.8,0,30
2026-08-26 16:19:17,20,29,30,27.6,29,29.1,24.4,0,30
2026-08-26 16:24:17,17,25,26,27.7,28.9,29.2,24.7,0,30
2026-08-26 16:29:17,12,25,26,27.8,28.9,29.4,24.9,0,30
2026-08-26 16:34:17,11,23,25,27.8,28.8,29.5,25,0,30
2026-08-26 16:39:17,12,23,23,27.9,28.5,29.6,25,0,30
2026-08-26 16:44:17,14,27,28,27.9,28.8,29.4,25.4,0,30
2026-08-26 16:49:18,13,25,26,28,28.8,29.5,25.3,0,30
2026-08-26 16:54:17,13,23,24,27.8,29,29.2,26,0,30
2026-08-26 16:59:17,11,23,24,27.9,29,29.4,25.9,0,30
2026-08-26 17:04:17,17,25,26,27.9,28.9,29.6,25.8,0,30
2026-08-26 17:09:17,15,27,29,27.9,28.8,29.5,26,0,30
2026-08-26 17:14:18,14,26,28,28,28.6,29.4,26.1,1,30
2026-08-26 17:19:17,8,21,21,27.9,29.2,29.3,26.6,0,30
2026-08-26 17:24:18,13,25,25,27.9,28.9,29.5,26.4,0,30
2026-08-26 17:29:18,12,22,22,28,28.9,29.7,26.2,0,30
2026-08-26 17:34:18,9,19,20,27.9,28.6,29.6,26.3,0,30
2026-08-26 17:39:17,10,23,23,27.8,28.7,29.3,26.5,0,30
2026-08-26 17:44:18,9,23,23,27.7,28.6,29.1,26.7,0,30
2026-08-26 17:49:17,10,22,23,27.4,29,28.5,27.5,0,30
2026-08-26 17:54:18,14,23,26,27.6,29.2,29,27,0,30
2026-08-26 17:59:17,16,27,29,27.6,29,29.1,27.4,0,30
2026-08-26 18:04:17,7,18,19,27.7,29.1,29.2,26.7,0,30
2026-08-26 18:09:17,7,19,19,27.5,29,29,27,0,30
2026-08-26 18:14:17,11,23,25,27.5,29.1,29.1,26.9,0,30
2026-08-26 18:19:18,11,23,23,27.7,29.1,29.3,26.6,0,30
2026-08-26 18:24:17,11,25,26,27.7,29,29.1,26.9,0,30
2026-08-26 18:29:18,8,22,22,27.7,28.7,,,,30
2026-08-26 18:34:17,5,15,18,27.7,28,,,,30
2026-08-26 18:39:18,4,10,11,27.7,27.6,29.1,26.9,0,30
2026-08-26 18:44:17,7,20,20,27.7,28.5,29,27,0,30
2026-08-26 18:49:18,11,23,23,27.8,28.8,29.2,26.8,0,30
2026-08-26 18:54:17,8,23,23,27.8,29.1,29.2,26.8,0,30
2026-08-26 18:59:18,11,25,25,27.8,29,29.4,26.6,0,30
2026-08-26 19:04:22,19,32,35,27.8,29.2,29.3,26.8,0,30
2026-08-26 19:09:17,17,27,29,27.8,29.2,29,27.2,1,30
2026-08-26 19:19:18,7,19,21,27.8,29.3,29.1,27.4,0,30
2026-08-26 19:24:18,11,22,22,27.7,29.2,29.2,27.2,0,30
2026-08-26 19:29:19,11,22,23,27.8,29.2,29.1,27.2,0,30
2026-08-26 19:34:18,14,27,29,27.8,29,29.5,26.7,0,30
2026-08-26 19:39:21,11,24,24,27.7,29,29.1,27.2,0,30
2026-08-26 19:44:17,11,21,24,27.7,29,,,,30
2026-08-26 19:49:18,8,22,26,27.7,29.1,,,,30
2026-08-26 19:54:18,7,19,21,27.7,29.4,28.8,27.8,0,30
2026-08-26 19:59:18,8,19,19,27.6,29.6,28.9,27.7,0,30
2026-08-26 20:04:18,5,19,19,27.4,29.5,28.8,27.8,0,30
2026-08-26 20:09:18,9,19,20,27.4,29.5,28.9,27.7,0,30
2026-08-26 20:14:18,11,22,22,27.4,29.1,28.7,27.8,1,30
2026-08-26 20:19:18,6,17,17,27.3,29.7,28.5,28.2,0,30
2026-08-26 20:24:18,9,22,22,27.4,29.6,28.7,27.9,0,30
2026-08-26 20:29:18,11,21,23,27.4,29.6,28.8,27.8,0,30
2026-08-26 20:34:18,8,22,22,27.4,29.5,28.9,27.6,0,30
2026-08-26 20:39:17,8,22,24,27.4,29.7,,,,30
2026-08-26 20:44:18,8,17,17,27.4,29.5,28.8,27.9,0,30
2026-08-26 20:49:17,5,15,17,27.4,29.4,28.6,28,0,30
2026-08-26 20:54:18,8,20,20,27.3,29.9,28.5,28.1,0,30
2026-08-26 20:59:17,7,17,17,27.3,29.7,28.7,27.9,0,30
2026-08-26 21:04:18,6,14,14,27.5,29.2,29.1,27.5,0,30
2026-08-26 21:09:18,6,14,16,27.5,28.9,29,27.4,0,30
2026-08-26 21:14:18,10,19,19,27.5,29.1,28.8,27.6,0,30
2026-08-26 21:19:18,7,19,19,27.5,29.5,28.8,27.9,0,30
2026-08-26 21:24:18,4,14,15,27.5,29.1,28.9,27.7,0,30
2026-08-26 21:29:18,7,17,21,27.5,29.1,29,27.5,0,30
2026-08-26 21:34:18,6,17,19,27.5,28.6,,,,30
2026-08-26 21:39:18,5,11,13,27.4,29,28.5,28,0,30
2026-08-26 21:44:18,6,12,13,27.4,29.2,28.7,27.9,0,29
2026-08-26 21:49:18,5,15,19,27.5,29.3,28.8,27.7,0,29
2026-08-26 21:54:18,6,19,19,27.5,29.3,29,27.5,0,29
2026-08-26 21:59:18,8,17,18,27.4,29.2,28.7,27.7,0,31
2026-08-26 22:04:18,7,16,16,27.4,28.9,28.7,27.7,0,31
2026-08-26 22:09:18,9,20,22,27.4,29.2,28.5,27.9,0,29
2026-08-26 22:14:18,7,19,21,27.3,29.4,28.5,28.1,0,30
2026-08-26 22:19:18,6,14,14,27.2,29.3,28.5,28,0,30
2026-08-26 22:24:18,6,13,16,27.1,29.4,28.4,28.1,0,30
2026-08-26 22:29:18,5,9,11,27.2,29.1,28.6,27.8,0,30
2026-08-26 22:34:18,1,3,3,27.1,27.5,28.3,27.9,0,30
2026-08-26 22:39:18,7,18,18,27.2,29.1,28.3,27.9,0,30
2026-08-26 22:44:18,3,8,13,27.2,29.1,28.5,27.7,0,31
2026-08-26 22:49:18,6,13,16,27.2,29.2,28.5,27.7,0,30
2026-08-26 22:54:18,6,12,14,27.2,29.1,28.6,27.6,0,30
2026-08-26 22:59:18,7,15,17,27.2,29.2,,,,30
2026-08-26 23:04:19,6,14,17,27.2,29.4,28.5,27.9,0,29
2026-08-26 23:09:18,5,13,15,27.2,29.1,28.5,27.7,0,30
2026-08-26 23:14:19,5,13,13,27.2,29.2,28.5,27.7,0,30
2026-08-26 23:19:18,4,10,10,27.2,29.2,28.4,27.9,0,30
2026-08-26 23:24:18,3,6,6,27.3,29,28.4,28,0,30
2026-08-26 23:29:18,5,13,13,27.3,29.1,28.6,27.7,0,30
2026-08-26 23:34:18,6,15,18,27.3,29,28.7,27.6,0,30
2026-08-26 23:39:18,5,11,12,27.3,29.2,28.8,27.4,0,30
2026-08-26 23:44:18,5,13,13,27.3,29.1,28.7,27.6,0,30
2026-08-26 23:49:19,5,9,9,27.2,29.1,28.4,28,0,30
2026-08-26 23:54:18,2,6,6,27.3,29.1,28.5,28,0,30
2026-08-26 23:59:18,4,7,7,27.3,28.9,28.7,27.8,0,30
2026-08-27 00:04:19,5,18,18,27.3,29,28.7,27.6,0,30
2026-08-27 00:09:18,4,13,14,27.3,29.3,28.7,27.6,0,30
2026-08-27 00:14:18,4,14,14,27.3,29.3,28.6,27.9,0,30
2026-08-27 00:19:19,5,13,13,27.2,29.4,28.5,28.1,0,30
2026-08-27 00:24:18,5,15,15,27.2,29.6,28.6,27.9,0,30
2026-08-27 00:29:18,6,14,15,27.3,29.5,28.6,27.8,0,30
2026-08-27 00:34:18,8,16,17,27.3,29.2,28.7,27.7,0,30
2026-08-27 00:39:19,6,14,16,27.2,29.3,28.4,28.3,0,30
2026-08-27 00:44:18,7,16,17,27.2,29.5,28.5,28.1,0,30
2026-08-27 00:49:18,6,13,17,27.2,29.4,28.5,28,0,30
2026-08-27 00:54:18,7,20,23,27.2,29.3,28.7,27.7,0,30
2026-08-27 00:59:18,7,19,19,27.2,29.4,28.6,27.8,0,30
2026-08-27 01:04:18,7,22,23,27.2,29.6,28.3,28.2,0,30
2026-08-27 01:09:19,11,24,25,27.2,29.8,28.5,28.2,0,30
2026-08-27 01:14:19,9,22,22,27.3,29.7,28.7,27.9,0,30
2026-08-27 01:19:18,11,24,24,27.3,29.5,28.8,27.8,0,30
2026-08-27 01:24:18,5,19,21,27.3,29.6,28.5,28.1,0,30
2026-08-27 01:29:18,9,24,24,27.3,29.6,28.6,28,0,30
2026-08-27 01:34:19,6,18,19,27.2,29.5,28.4,28.4,0,30
2026-08-27 01:39:19,6,17,18,27.1,29.7,28.4,28.4,0,30
2026-08-27 01:44:19,8,21,21,27.2,29.5,28.5,28.1,0,30
2026-08-27 01:49:19,8,19,20,27.2,29.7,28.4,28.3,0,30
2026-08-27 01:54:18,7,18,21,27.2,29.8,28.5,28.2,0,30
2026-08-27 01:59:18,8,19,21,27.2,29.6,28.6,28,0,30
2026-08-27 02:04:19,7,19,22,27.2,29.8,28.5,28,0,30
2026-08-27 02:09:18,9,19,19,27.1,29.7,28.2,28.5,0,30
2026-08-27 02:14:19,7,18,18,27.1,29.7,28.3,28.5,0,30
2026-08-27 02:19:18,8,20,22,27.1,29.9,28.3,28.5,0,30
2026-08-27 02:24:19,7,19,22,27.1,29.6,28.6,28.1,0,30
2026-08-27 02:29:18,7,18,20,27.1,29.6,28.3,28.4,0,30
2026-08-27 02:34:19,7,19,19,27,29.7,28.1,28.7,0,30
2026-08-27 02:39:18,6,18,18,27,29.8,28.2,28.6,0,30
2026-08-27 02:44:19,7,20,22,27.1,29.7,28.5,28.3,0,30
2026-08-27 02:49:19,7,17,19,27.1,29.5,28.5,28.2,0,30
2026-08-27 02:54:19,8,19,19,27.1,29.5,28.5,28.1,0,30
2026-08-27 02:59:19,8,19,22,27,29.7,28.1,28.7,0,30
2026-08-27 03:04:19,7,20,20,27.1,29.5,28.5,28.3,0,30
2026-08-27 03:09:19,8,20,20,27.1,29.5,28.4,28.2,0,30
2026-08-27 03:14:19,17,29,30,26.9,29.5,27.8,29,0,30
2026-08-27 03:19:18,6,16,17,26.9,29.8,28.2,28.6,0,30
2026-08-27 03:24:19,6,17,18,27,29.4,28.5,28.2,0,30
2026-08-27 03:29:19,4,17,18,27.1,29.2,28.5,28,0,30
2026-08-27 03:34:19,6,19,21,27,29.1,28.1,28.4,1,30
2026-08-27 03:39:19,5,16,18,27.1,29.1,28.3,28.3,0,30
2026-08-27 03:44:19,6,15,17,27.1,29,28.3,28.2,0,30
2026-08-27 03:49:19,6,14,15,27.1,28.9,28.4,27.9,0,30
2026-08-27 03:54:19,5,15,18,27,29,28.1,28.2,0,30
2026-08-27 03:59:19,6,17,19,27.1,28.9,28.2,28.1,0,30
2026-08-27 04:04:19,5,13,13,26.9,29,28.1,28.2,0,30
2026-08-27 04:09:19,6,16,17,26.9,29.1,28.2,27.9,0,30
2026-08-27 04:14:19,7,16,18,27,28.7,28.3,27.7,0,30
2026-08-27 04:19:19,5,17,17,26.9,29,28,28.2,0,30
2026-08-27 04:24:19,3,8,11,26.8,29.1,27.9,28.3,0,30
2026-08-27 04:29:19,5,14,14,26.8,29,27.9,28.2,0,30
2026-08-27 04:34:19,4,9,11,26.8,28.8,27.9,28,0,30
2026-08-27 04:39:19,5,12,13,26.7,28.5,27.7,28.2,0,30
2026-08-27 04:44:19,3,10,12,26.8,28.7,27.8,28.1,0,30
2026-08-27 04:49:19,3,8,8,26.7,28.7,27.8,28,0,30
2026-08-27 04:54:19,4,8,8,26.6,28.7,27.5,28.2,0,30
2026-08-27 04:59:19,4,8,11,26.5,28.6,,,,30
2026-08-27 05:04:19,3,8,11,26.7,28.5,27.7,28,0,30
2026-08-27 05:09:19,4,9,9,26.7,28.5,27.8,27.8,0,30
2026-08-27 05:14:19,5,11,13,26.7,28.4,27.8,27.6,0,30
2026-08-27 05:19:19,4,11,12,26.6,28.3,27.7,27.7,0,30
2026-08-27 05:24:19,5,11,11,26.6,28.6,27.7,27.8,0,30
2026-08-27 05:29:19,6,11,14,26.6,28.4,27.7,27.7,0,30
2026-08-27 05:34:19,4,11,11,26.7,28.4,27.9,27.4,0,30
2026-08-27 05:39:19,4,11,13,26.6,28.3,27.5,27.6,0,30
2026-08-27 05:44:19,3,8,11,26.6,28.1,27.6,27.6,0,30
2026-08-27 05:49:19,3,6,8,26.5,28.2,27.5,27.6,0,30
2026-08-27 05:54:19,4,9,9,26.5,28,27.6,27.4,0,30
2026-08-27 05:59:20,4,9,9,26.4,28.1,27.4,27.4,0,30
2026-08-27 06:04:19,3,8,11,26.4,28,27.4,27.5,0,30
2026-08-27 06:09:19,4,9,9,26.4,28,27.5,27.4,0,30
2026-08-27 06:14:19,4,9,9,26.4,28.1,27.5,27.3,0,30
2026-08-27 06:19:20,4,14,16,26.4,28.2,27.5,27.2,0,30
2026-08-27 06:24:19,3,10,13,26.3,28.3,27.3,27.5,0,30
2026-08-27 06:29:20,4,11,13,26.4,28.3,27.6,27.1,0,30
2026-08-27 06:34:19,5,18,19,26.5,28.2,27.5,27.1,0,30
2026-08-27 06:39:19,7,18,23,26.5,28.3,27.5,27.2,0,30
2026-08-27 06:44:19,7,16,19,26.5,28,27.4,27.2,0,30
2026-08-27 06:49:20,6,17,19,26.4,27.9,27.3,27.3,0,30
2026-08-27 06:54:19,3,14,14,26.4,28.2,27.4,27.4,0,30
2026-08-27 06:59:19,5,14,14,26.5,28.1,27.5,27.2,0,30
2026-08-27 07:04:19,5,16,21,26.4,28.1,27.5,27.1,0,30
2026-08-27 07:09:20,6,15,18,26.3,28.1,27.2,27.3,1,30
2026-08-27 07:14:19,7,22,23,26.2,28.3,27.1,27.6,0,30
2026-08-27 07:19:20,6,15,19,26.3,28.3,27.4,27.2,0,30
2026-08-27 07:24:19,6,19,19,26.2,28.3,27.3,27.2,0,30
2026-08-27 07:29:19,4,17,19,26.4,28,27.6,26.9,0,30
2026-08-27 07:34:19,6,19,21,26.3,28.2,27.3,27.2,0,30
2026-08-27 07:39:19,4,19,21,26.3,28.4,27.2,27.5,0,30
2026-08-27 07:44:19,5,17,19,26.3,28.4,27.4,27.3,0,30
2026-08-27 07:49:20,7,17,19,26.4,28.3,27.5,27.1,0,30
2026-08-27 07:54:20,5,15,15,26.1,28.3,27.2,27.3,0,30
2026-08-27 07:59:19,7,22,24,26.2,28.3,27,27.5,0,30
2026-08-27 08:04:19,4,14,17,26.2,28.5,27.2,27.5,0,30
2026-08-27 08:09:20,3,12,12,26.3,28.5,27.3,27.3,0,30
2026-08-27 08:14:19,7,13,15,26.3,28.5,27.4,27.2,0,30
2026-08-27 08:19:20,7,17,19,26.3,28.4,27.3,27.3,0,30
2026-08-27 08:24:19,2,12,13,26.3,28.5,27.2,27.6,0,30
2026-08-27 08:29:19,4,12,14,26.4,28.4,27.5,27.4,0,30
2026-08-27 08:34:20,4,7,8,26.6,28.7,27.8,27.2,0,30
2026-08-27 08:39:19,3,11,11,26.6,28.7,27.8,27.2,0,30
2026-08-27 08:44:19,5,11,14,26.7,28.4,27.8,27.2,0,30
2026-08-27 08:49:19,5,9,9,26.7,28.5,27.6,27.5,0,30
2026-08-27 08:54:20,2,10,11,26.7,28.6,27.9,27.6,0,30
2026-08-27 08:59:20,4,9,9,26.8,28.5,27.9,27.4,0,30
2026-08-27 09:04:19,5,11,12,26.8,28.5,28.1,27.3,0,30
2026-08-27 09:09:19,3,10,10,26.7,28.6,27.9,27.7,0,30
2026-08-27 09:14:20,5,11,14,26.9,28.7,28.1,27.6,0,30
2026-08-27 09:19:20,3,10,10,27,28.7,28.5,27.2,0,30
2026-08-27 09:24:19,4,11,11,27.1,28.4,28.6,27.2,0,30
2026-08-27 09:29:20,6,22,23,27.2,28.3,28.8,27.2,0,30
2026-08-27 09:34:20,5,18,19,27.4,28.4,28.8,27.3,0,30
2026-08-27 09:39:20,6,18,19,27.5,28.5,29.1,27.3,0,30
2026-08-27 09:44:19,8,24,25,27.6,28.6,29.3,27.2,0,30
2026-08-27 09:49:20,6,21,21,27.6,28.5,29.5,27.1,0,30
2026-08-27 09:54:20,9,25,26,26.3,29.3,26,31.6,0,30
2026-08-27 09:59:20,11,27,30,23.8,31.5,22.5,37.2,0,30
2026-08-27 10:04:20,10,27,29,21.8,34.4,20.5,40.8,0,30
2026-08-27 10:09:20,17,32,36,20.3,37.4,19.3,43.1,0,30
2026-08-27 10:14:20,13,26,27,22.7,36.8,26,32.5,0,30
2026-08-27 10:19:20,8,22,25,25.1,33.1,28.6,28.7,0,30
2026-08-27 10:24:20,11,25,27,26.3,31.4,29.4,27.8,0,30
2026-08-27 10:29:20,12,28,32,27.1,30.3,29.7,27.5,0,30
2026-08-27 10:34:20,17,28,29,27.6,29.5,29.9,27.2,0,30
2026-08-27 10:39:20,17,32,34,27.9,29.1,29.9,27.3,0,30
2026-08-27 10:44:21,18,29,32,28,28.9,29.9,27.3,0,30
2026-08-27 10:49:20,14,27,28,28,28.9,29.8,27.7,0,30
2026-08-27 10:54:20,18,29,34,28.1,28.8,29.9,27.5,0,30
2026-08-27 10:59:20,17,31,33,28.2,28.7,30.1,27.2,0,30
2026-08-27 11:04:20,20,34,37,28.2,28.7,30,27.2,0,30
2026-08-27 11:09:20,15,28,30,28.2,28.8,30,27.6,0,30
2026-08-27 11:14:20,18,34,39,28.3,28.3,29.9,27.6,0,30
2026-08-27 11:19:20,22,35,39,26.3,29.7,25.6,33.4,0,30
2026-08-27 11:24:20,22,41,55,23.9,32.7,22.7,38.3,0,30
2026-08-27 11:29:20,21,33,37,22.1,35.2,21.1,41.3,0,31
2026-08-27 11:34:20,21,35,41,20.8,37.7,20.2,43.2,0,30
2026-08-27 11:39:20,20,32,38,20,40,19.8,44.2,0,30
2026-08-27 11:44:20,19,31,35,19.4,42,19.7,44.9,0,30
2026-08-27 11:49:20,18,27,28,19.1,42.7,19.7,45.3,0,30
2026-08-27 11:54:20,17,29,32,19,42.8,19.7,45.5,0,30
2026-08-27 11:59:20,21,35,40,18.9,43.2,19.6,45.6,0,31
2026-08-27 12:04:20,22,37,45,18.8,43.3,19.5,45.8,0,31
2026-08-27 12:09:20,21,36,46,18.7,44.5,19.4,45.8,0,31
2026-08-27 12:14:20,22,35,40,18.7,44.7,19.4,46.1,0,31
2026-08-27 12:19:21,22,34,41,18.6,44.6,19.5,46.1,0,30
2026-08-27 12:24:21,23,36,42,18.7,44.9,19.6,46.2,0,30
2026-08-27 12:29:20,22,34,39,18.7,44.9,19.8,46.1,0,30
2026-08-27 12:34:20,23,37,45,18.8,44.8,19.9,46.1,0,30
2026-08-27 12:39:20,23,39,47,18.9,44,20,45.9,0,30
2026-08-27 12:44:20,22,36,41,18.9,44.2,20,45.8,0,30
2026-08-27 12:49:20,22,34,38,19.1,44.5,20.2,45.6,0,30
2026-08-27 12:54:20,17,28,28,19.1,43.4,20.4,45.3,0,30
2026-08-27 12:59:21,18,29,30,19.3,43.3,20.6,44.9,0,30
2026-08-27 13:04:21,19,29,33,19.4,42.8,20.7,44.7,0,31
2026-08-27 13:09:20,20,31,36,19.5,42.3,20.6,44.4,0,31
2026-08-27 13:14:21,21,32,37,19.4,42.4,20.5,44.4,0,31
2026-08-27 13:19:20,22,35,39,19.4,42.6,20.4,44.4,0,30
2026-08-27 13:24:21,21,31,36,19.3,43,20.4,44.4,0,31
2026-08-27 13:29:20,22,35,39,19.3,43.2,20.4,44.4,0,31
2026-08-27 13:34:21,21,33,37,19.3,42.9,20.5,44.4,0,31
2026-08-27 13:39:21,20,32,38,19.4,42.7,20.7,44.2,0,31
2026-08-27 13:44:20,18,30,33,19.5,41.9,20.8,43.9,0,31
2026-08-27 13:49:21,20,32,35,19.5,41.1,20.7,43.7,0,31
2026-08-27 13:54:21,20,32,33,19.5,41.4,20.7,43.6,0,31
2026-08-27 13:59:21,22,33,37,19.5,41.7,20.6,43.4,0,31
2026-08-27 14:04:21,20,32,37,19.5,41.6,20.6,43.4,0,31
2026-08-27 14:09:20,20,29,33,19.5,41.8,20.7,43.3,0,31
2026-08-27 14:14:21,21,32,36,19.5,42.2,20.7,43.3,0,31
2026-08-27 14:19:20,22,33,36,19.5,42.6,20.7,43.4,0,31
2026-08-27 14:24:21,19,32,35,19.5,42.3,20.6,43.5,0,31
2026-08-27 14:29:21,22,33,38,19.4,41.7,20.5,43.5,0,31
2026-08-27 14:34:21,22,35,42,19.3,41.8,20.3,43.6,0,31
2026-08-27 14:39:20,20,31,35,19.2,42.1,20.1,43.7,0,31
2026-08-27 14:44:21,22,35,40,19.1,42.9,20,43.8,0,31
2026-08-27 14:49:21,21,33,36,19,43.1,19.9,44.2,0,31
2026-08-27 14:54:20,21,34,38,18.9,43.4,19.9,44.2,0,31
2026-08-27 14:59:21,20,32,37,18.8,43.7,19.8,44.5,0,31
2026-08-27 15:04:21,22,34,41,18.8,43.7,19.7,44.6,0,31
2026-08-27 15:09:20,23,36,45,18.7,44.3,19.5,45,0,31
2026-08-27 15:14:21,20,33,36,18.6,44.6,19.4,45.2,0,31
2026-08-27 15:19:21,21,33,36,18.5,44.3,19.3,45.4,0,31
2026-08-27 15:24:21,19,30,31,18.4,44.2,19.1,45.6,0,31
2026-08-27 15:29:24,21,33,39,18.3,44.4,19,45.8,0,31
2026-08-27 15:34:20,21,34,37,18.2,44.7,18.8,45.9,0,31
2026-08-27 15:39:21,19,30,35,18.1,44.4,18.8,46,0,31
2026-08-27 15:44:21,20,32,37,18.1,44.4,18.7,46,0,31
2026-08-27 15:49:21,18,32,36,18,44.2,18.6,46.1,0,31
2026-08-27 15:54:21,19,32,34,17.9,44.4,18.5,46.1,0,31
2026-08-27 15:59:21,17,28,29,17.9,44.3,18.5,46.1,0,31
2026-08-27 16:04:21,14,27,29,17.9,43.7,18.4,46,0,31
2026-08-27 16:09:21,17,30,34,17.8,43.9,18.4,46.1,0,31
2026-08-27 16:14:21,18,30,31,17.8,44.6,18.3,46.1,0,31
2026-08-27 16:19:21,19,32,33,17.7,44.3,18.2,46.2,0,31
2026-08-27 16:24:21,20,33,38,17.6,44.9,18.1,46.5,0,31
2026-08-27 16:29:21,14,26,29,17.8,49.4,18.6,47.9,0,31
2026-08-27 16:34:21,14,26,27,21.4,42.7,25.8,34.3,0,31
2026-08-27 16:39:21,16,28,31,24,37.4,28.2,30.7,0,31
2026-08-27 16:44:21,11,25,26,25.9,33.7,29.6,28.8,0,31
2026-08-27 16:49:21,13,28,30,25.3,32.6,25.9,33.5,0,31
2026-08-27 16:54:21,12,24,26,23.3,33.9,22.7,38.6,0,31
2026-08-27 16:59:21,20,30,34,21.7,36.1,20.9,41.7,0,31
2026-08-27 17:04:21,8,23,23,20.5,37.5,19.9,43.4,0,31
2026-08-27 17:09:21,11,26,26,19.6,39.8,19.3,44.4,0,31
2026-08-27 17:14:21,7,21,22,19,40.8,18.8,45,0,31
2026-08-27 17:19:21,6,17,18,18.5,41.9,18.5,45.4,0,31
2026-08-27 17:24:21,5,8,10,21.1,41.1,25.2,34.7,0,31
2026-08-27 17:29:21,1,4,4,23.8,36.4,28,30.3,0,31
2026-08-27 17:34:21,4,12,13,25.2,32.7,27.6,30.4,0,31
2026-08-27 17:39:21,3,4,5,23.9,33.3,24.1,35.6,0,31
2026-08-27 17:44:21,1,4,4,22.6,34.6,22.4,38.5,0,31
2026-08-27 17:49:21,0,3,3,24.5,33.7,27.5,30.9,0,31
2026-08-27 17:54:21,0,1,1,26.1,32.2,29.2,28.7,0,31
2026-08-27 17:59:21,0,2,3,27.1,31,29.8,28,0,31
2026-08-27 18:04:21,0,1,1,27.7,30,30,27.8,0,31
2026-08-27 18:09:21,0,0,1,28,29.5,30.3,27.4,0,31
2026-08-27 18:14:21,0,1,1,28.2,29.3,30.4,27.3,0,31
2026-08-27 18:19:21,0,1,1,28.4,29.1,30.5,27.1,0,31
2026-08-27 18:24:21,0,2,2,28.6,28.9,30.7,26.9,0,31
2026-08-27 18:29:21,0,0,1,28.5,28.6,30.4,27.1,0,31
2026-08-27 18:34:21,0,2,2,28.5,28.4,30.4,27.1,0,31
2026-08-27 18:39:21,0,1,2,28.5,28.2,30.3,27.1,0,31
2026-08-27 18:44:21,0,0,0,28.6,28.3,30.4,27.1,0,31
2026-08-27 18:49:21,1,3,4,28.6,28.5,30.5,27,0,31
2026-08-27 18:54:21,0,0,0,28.6,28.3,30.5,26.9,0,31
2026-08-27 18:59:21,0,0,1,28.7,28,30.5,26.9,0,31
2026-08-27 19:04:21,0,0,0,28.6,28.2,30.4,26.9,0,31
2026-08-27 19:09:21,0,0,1,28.6,27.9,30.5,26.7,0,31
2026-08-27 19:14:21,0,0,0,28.5,28,30.2,26.8,0,31
2026-08-27 19:19:21,0,1,1,28.4,27.9,30.2,26.7,0,31
2026-08-27 19:24:21,0,0,0,28.5,27.8,30.3,26.4,0,31
2026-08-27 19:29:21,0,0,0,28.5,27.6,30.2,26.4,0,31
2026-08-27 19:34:21,0,0,0,28.4,27.6,30,26.7,0,31
2026-08-27 19:39:21,0,0,0,28.2,27.8,29.7,27,0,31
2026-08-27 19:44:21,0,0,0,28.2,27.7,29.7,26.8,0,31
2026-08-27 19:49:21,0,0,0,28.2,27.8,29.9,26.5,0,31
2026-08-27 19:54:21,0,0,0,28.2,27.5,30,26.2,0,31
2026-08-27 19:59:21,0,0,0,28.1,27.4,29.8,26.4,0,31
2026-08-27 20:04:21,0,0,1,28,27.5,29.5,26.6,0,29
2026-08-27 20:09:21,0,0,1,28,27.5,29.5,26.7,0,31
2026-08-27 20:14:21,0,0,0,27.9,27.4,29.5,26.6,0,31
2026-08-27 20:19:21,0,0,1,27.9,27.2,29.5,26.4,0,29
2026-08-27 20:24:21,0,0,0,27.9,26.9,29.5,26.1,0,31
2026-08-27 20:29:22,0,0,0,27.8,26.9,29.4,26,0,31
2026-08-27 20:34:21,0,0,0,27.7,27.2,29,26.4,0,30
2026-08-27 20:39:22,0,0,0,27.7,27.2,29.1,26.3,0,30
2026-08-27 20:44:21,0,0,0,27.7,27.3,29.1,26.2,0,29
2026-08-27 20:49:22,0,0,0,27.7,27.3,29.2,26,0,30
2026-08-27 20:54:22,0,0,2,27.7,27.2,29.1,26,0,30
2026-08-27 20:59:21,0,0,0,27.7,27.3,29,26.2,0,30
2026-08-27 21:04:21,0,1,2,27.6,27.4,29,26.3,0,30
2026-08-27 21:09:22,0,0,0,27.6,27.5,29,26.2,0,30
2026-08-27 21:14:22,0,0,0,27.6,27.4,29,26.1,0,30
