fecha,pm1_ugm3,pm25_ugm3,pm10_ugm3,temperatura_c,humedad_pct,temperatura_interna_c,humedad_interna_pct,relay,senal
2026-08-01 00:03:47,0,0,0,23.2,31.2,28.1,22.5,0,20
2026-08-01 00:08:47,0,0,0,23.2,31.2,28,22.5,0,20
2026-08-01 00:13:47,0,0,0,23.1,31.1,28,22.5,0,20
2026-08-01 00:18:47,0,0,0,23.1,31,27.9,22.6,0,20
2026-08-01 00:23:46,0,0,0,23,31.4,27.9,22.7,0,20
2026-08-01 00:28:46,0,0,0,23,31,27.9,22.4,0,20
2026-08-01 00:33:46,0,0,0,23,30.9,28,22.1,0,20
2026-08-01 00:38:46,0,0,0,23,30.6,27.9,22.2,0,20
2026-08-01 00:43:46,0,0,0,23,30.7,27.8,22.1,0,20
2026-08-01 00:48:47,0,0,0,23,30.7,27.8,22,0,20
2026-08-01 00:53:46,0,0,0,23,30,27.8,21.8,0,20
2026-08-01 00:58:47,0,0,0,23,30,27.8,21.5,0,20
2026-08-01 01:03:46,0,0,0,23,30.1,27.8,21.5,0,20
2026-08-01 01:08:47,0,0,0,22.9,30.3,27.7,21.7,0,20
2026-08-01 01:13:47,0,0,0,23,30.5,27.7,22,0,20
2026-08-01 01:18:47,0,0,0,22.9,30.5,27.7,22.1,0,20
2026-08-01 01:23:47,0,0,0,22.9,30.5,27.7,22,0,20
2026-08-01 01:28:46,0,0,0,22.9,30.6,27.7,22.1,0,20
2026-08-01 01:33:47,0,0,0,22.8,30.7,27.7,22.3,1,20
2026-08-01 01:38:47,0,0,0,22.8,30.9,27.7,22.2,0,20
2026-08-01 01:43:47,0,0,0,22.8,30.7,27.6,22.1,0,20
2026-08-01 01:48:47,0,0,0,22.8,30.9,27.6,22.1,0,20
2026-08-01 01:53:46,0,0,0,22.8,30.5,27.6,21.9,0,20
2026-08-01 01:58:47,0,0,0,22.8,30.5,27.6,21.9,0,20
2026-08-01 02:03:46,0,0,0,22.8,30.2,27.6,21.7,0,20
2026-08-01 02:08:47,0,0,0,22.9,30.4,27.6,21.9,0,18
2026-08-01 02:13:47,0,0,0,22.8,30.5,27.7,21.9,0,18
2026-08-01 02:18:47,0,0,0,22.9,30.6,27.6,22.2,0,18
2026-08-01 02:23:47,0,0,0,22.8,30.7,27.6,22,1,18
2026-08-01 02:28:47,0,0,0,22.8,30.1,27.6,21.6,0,18
2026-08-01 02:33:47,0,0,0,22.8,29.9,27.5,21.5,0,18
2026-08-01 02:38:47,0,0,0,22.8,29.9,27.5,21.5,0,18
2026-08-01 02:43:47,0,0,0,22.8,29.9,27.5,21.5,0,18
2026-08-01 02:48:47,0,0,0,22.8,29.7,27.5,21.4,0,18
2026-08-01 02:53:47,0,0,0,22.9,29.2,27.5,21,0,18
2026-08-01 02:58:47,0,0,0,22.7,29.1,27.4,21,0,18
2026-08-01 03:03:47,0,0,0,22.8,29.3,27.5,21.1,0,18
2026-08-01 03:08:47,0,0,0,22.8,29.8,27.5,21.4,0,18
2026-08-01 03:13:47,0,0,0,22.8,28.7,27.6,20.5,0,18
2026-08-01 03:18:47,0,0,0,22.8,28.9,27.5,20.5,0,18
2026-08-01 03:23:47,0,0,0,22.8,27.4,27.5,19.2,0,18
2026-08-01 03:28:47,0,0,0,22.8,27,27.5,18.8,0,18
2026-08-01 03:33:47,0,0,0,22.8,26.5,27.5,18.5,1,18
2026-08-01 03:38:47,0,0,0,22.7,26.2,27.4,18,0,17
2026-08-01 03:43:47,0,0,0,22.7,25.5,27.5,17.8,0,17
2026-08-01 03:48:47,0,0,0,22.7,25.6,27.3,18,0,17
2026-08-01 03:53:47,0,0,0,22.7,25.5,27.4,17.5,0,17
2026-08-01 03:58:47,0,0,0,22.7,25.6,27.5,17.7,0,17
2026-08-01 04:03:47,0,0,0,22.9,26.5,27.6,18.5,0,16
2026-08-01 04:08:47,0,0,0,23,27.1,27.6,19.3,0,16
2026-08-01 04:13:47,0,0,0,23.1,27.1,27.8,19.1,0,16
2026-08-01 04:18:47,0,0,0,23.1,27.7,27.8,19.6,0,16
2026-08-01 04:23:47,0,0,0,23.1,27.6,27.9,19.4,0,16
2026-08-01 04:28:47,0,0,0,23.2,27.9,27.9,19.8,0,16
2026-08-01 04:33:47,0,0,0,23.2,27.9,28,19.7,1,16
2026-08-01 04:38:48,0,0,0,23.1,28.2,28,19.9,0,16
2026-08-01 04:43:47,0,0,0,23.1,28,27.8,20.1,0,16
2026-08-01 04:48:48,0,0,0,23.1,28.4,27.9,20.1,0,16
2026-08-01 04:53:47,0,0,0,23,28.2,27.7,20,0,16
2026-08-01 04:58:47,0,0,0,23,28.6,27.7,20.3,0,15
2026-08-01 05:03:47,0,0,0,22.9,28.5,27.7,20,0,15
2026-08-01 05:08:47,0,0,0,22.9,28.3,27.7,20,0,15
2026-08-01 05:13:47,0,0,0,22.9,28.5,27.6,20.2,0,15
2026-08-01 05:18:47,0,0,0,22.8,28.4,27.6,20.1,0,15
2026-08-01 05:23:48,0,0,0,22.7,28.3,27.5,20.1,0,15
2026-08-01 05:28:48,0,0,0,22.7,28.6,27.5,20.3,0,19
2026-08-01 05:33:47,0,0,0,22.7,28.5,27.4,20.3,0,19
2026-08-01 05:38:47,0,0,0,22.7,28.4,27.5,19.9,0,19
2026-08-01 05:43:47,0,0,0,22.6,28.4,27.4,20.1,1,19
2026-08-01 05:48:48,0,0,0,22.6,28.5,27.4,20.1,0,19
2026-08-01 05:53:47,0,0,0,22.6,28.7,27.4,20.3,0,19
2026-08-01 05:58:47,0,0,0,22.6,28.6,27.3,20.2,0,17
2026-08-01 06:03:47,0,0,0,22.6,28.4,27.3,20.1,0,17
2026-08-01 06:08:48,0,0,0,22.5,28.7,27.3,20.4,0,17
2026-08-01 06:13:47,0,0,0,22.4,28.6,27.2,20.2,0,17
2026-08-01 06:18:48,0,0,0,22.5,28.5,27.3,20.1,0,15
2026-08-01 06:23:48,0,0,0,22.5,28.4,27.3,19.8,0,18
2026-08-01 06:28:48,0,0,0,22.5,28.5,27.3,20.2,0,17
2026-08-01 06:33:48,0,0,0,22.6,28.4,27.4,20.1,0,17
2026-08-01 06:38:47,0,0,0,22.6,28.6,27.3,20.1,0,17
2026-08-01 06:43:47,0,0,0,22.6,28.3,27.3,20,1,17
2026-08-01 06:48:47,0,0,0,22.6,28.4,27.3,20.1,0,17
2026-08-01 06:53:47,0,0,0,22.6,28.3,27.3,20,0,17
2026-08-01 06:58:48,0,0,0,22.6,28.4,27.4,20,0,17
2026-08-01 07:03:47,0,0,0,22.6,27.7,27.4,19.4,1,20
2026-08-01 07:08:48,0,0,0,22.6,27.4,27.3,19.2,0,19
2026-08-01 07:13:48,0,0,0,22.5,27.6,27.2,19.4,0,19
2026-08-01 07:18:48,0,0,0,22.5,26.9,27.3,18.8,0,19
2026-08-01 07:23:48,0,0,0,22.5,26.2,27.3,18.3,0,19
2026-08-01 07:28:48,0,0,0,22.5,26.6,27.2,18.5,0,19
2026-08-01 07:33:48,0,0,0,22.4,26.8,27.2,18.7,0,22
2026-08-01 07:38:48,0,0,0,22.5,26.9,27.2,18.9,0,22
2026-08-01 07:43:48,0,0,0,22.5,27.1,27.2,19,0,22
2026-08-01 07:48:48,0,0,0,22.5,27.1,27.3,19,0,19
2026-08-01 07:53:47,0,0,0,22.5,27.4,27.2,19.3,0,19
2026-08-01 07:58:48,0,0,0,22.5,27.4,27.3,19.2,0,19
2026-08-01 08:03:48,0,0,0,22.5,27.3,27.3,19.3,0,19
2026-08-01 08:08:48,0,0,0,22.5,27.5,27.3,19.1,0,19
2026-08-01 08:13:47,0,0,0,22.6,28.3,27.4,19.9,0,19
2026-08-01 08:18:48,0,0,0,22.6,28,27.4,20,0,19
2026-08-01 08:23:48,0,0,0,22.7,28.4,27.5,20,0,20
2026-08-01 08:28:48,0,0,0,22.8,27.8,27.5,19.7,0,20
2026-08-01 08:33:48,0,0,0,22.8,27.8,27.6,19.5,0,23
2026-08-01 08:38:48,0,0,0,22.9,27.4,27.6,19.5,0,20
2026-08-01 08:43:48,0,0,0,22.9,27.2,27.7,19.2,0,20
2026-08-01 08:48:48,0,0,0,23,28.1,27.7,20,0,20
2026-08-01 08:53:48,0,0,0,23,27.6,27.8,19.2,0,23
2026-08-01 08:58:48,0,0,0,23.1,27.2,27.9,19.2,0,20
2026-08-01 09:03:48,0,0,0,23.2,27.1,28,18.8,0,20
2026-08-01 09:08:48,0,0,0,23.3,26.2,28,18.1,0,20
2026-08-01 09:13:48,0,0,0,23.3,25.9,28,18.2,0,20
2026-08-01 09:18:48,0,0,0,23.3,27.5,28.1,19.6,0,20
2026-08-01 09:23:48,0,0,0,23.4,27.8,28.1,19.7,0,20
2026-08-01 09:28:48,0,0,0,23.5,27.9,28.3,19.7,0,20
2026-08-01 09:33:48,0,0,0,23.5,27.5,28.3,19.5,0,20
2026-08-01 09:38:48,0,0,0,23.6,27.2,28.4,19.3,0,20
2026-08-01 09:43:48,0,0,0,23.7,27.7,28.5,19.7,0,20
2026-08-01 09:48:48,0,1,1,23.7,28.3,28.5,20,0,23
2026-08-01 09:53:48,0,0,0,23.7,27.9,28.6,19.7,0,23
2026-08-01 09:58:48,0,0,0,23.8,28.3,28.6,20,0,20
2026-08-01 10:03:49,0,0,0,23.8,27.8,28.6,19.6,0,23
2026-08-01 10:08:48,0,0,0,23.8,28.3,28.8,19.9,1,21
2026-08-01 10:13:48,0,0,0,23.8,27.9,28.6,19.7,0,21
2026-08-01 10:18:48,0,0,0,23.9,27.3,28.7,19.1,0,24
2026-08-01 10:23:48,0,0,0,23.9,27.7,28.7,19.4,0,20
2026-08-01 10:28:48,0,0,0,24,27.3,28.8,19.3,0,21
2026-08-01 10:33:48,0,1,4,24,26.8,28.9,18.8,0,22
2026-08-01 10:38:48,0,0,0,24.1,26.8,28.9,18.7,0,22
2026-08-01 10:43:49,0,1,1,24,26.6,28.8,18.5,0,22
2026-08-01 10:48:48,0,0,0,24,26.1,28.9,18.3,0,22
2026-08-01 10:53:48,0,0,0,24.1,26.3,28.9,18.3,0,22
2026-08-01 10:58:49,0,0,0,24.1,26.5,28.8,18.5,0,22
2026-08-01 11:03:48,0,0,0,24,26.5,28.8,18.4,1,22
2026-08-01 11:08:48,0,0,0,24.1,26.3,29,18.2,0,23
2026-08-01 11:13:49,0,0,0,24.1,26.9,28.9,18.9,0,20
2026-08-01 11:18:48,0,0,0,24.2,27.3,29,19.2,0,21
2026-08-01 11:23:48,0,0,0,24.2,27,29,18.8,0,23
2026-08-01 11:28:49,0,0,0,24.2,26.7,29,18.7,0,23
2026-08-01 11:33:48,0,0,0,24.3,27.4,29.2,19.1,0,23
2026-08-01 11:38:48,0,0,0,24.4,27.6,29.3,19.5,0,21
2026-08-01 11:43:48,0,2,2,24.4,27.5,29.2,19.4,0,21
2026-08-01 11:48:48,0,0,0,24.4,27.5,29.3,19.4,0,21
2026-08-01 11:53:48,0,0,0,24.5,27.9,29.2,19.7,1,21
2026-08-01 11:58:48,0,0,0,24.5,27.3,29.3,19,0,22
2026-08-01 12:03:49,0,0,0,24.6,27.8,29.5,19.6,0,22
2026-08-01 12:08:49,0,0,0,24.6,27.7,29.4,19.5,0,22
2026-08-01 12:13:49,0,0,0,24.6,27.6,29.4,19.5,0,22
2026-08-01 12:18:48,0,0,0,24,27.8,27.8,20.7,0,22
2026-08-01 12:23:49,0,0,0,24.1,27.5,28.6,19.4,0,22
2026-08-01 12:28:49,0,0,0,24.2,27.2,29.1,19.1,0,22
2026-08-01 12:33:49,0,0,0,24,27.6,28.2,20,0,22
2026-08-01 12:38:48,0,0,0,24.1,27.8,28.7,19.8,0,21
2026-08-01 12:43:49,0,0,0,24.3,27.8,29.1,19.4,0,22
2026-08-01 12:48:49,0,0,0,24.3,27.6,29.1,19.4,0,21
2026-08-01 12:53:49,0,0,0,24.4,27,29.2,18.8,0,22
2026-08-01 12:58:49,0,0,0,24.5,27.4,29.3,19.3,0,22
2026-08-01 13:03:49,0,0,0,24,26.6,27.8,19.4,0,22
2026-08-01 13:08:49,0,0,0,23.2,28.1,26.8,21.3,0,22
2026-08-01 13:13:49,0,0,0,23.7,28.2,28.5,20.3,0,22
2026-08-01 13:18:49,0,1,1,23.9,28.3,29,19.7,0,22
2026-08-01 13:23:49,0,0,0,24,27.4,29.1,18.9,0,22
2026-08-01 13:28:49,0,0,0,24.1,26.4,29.2,18.3,0,22
2026-08-01 13:33:49,0,0,0,24.3,26.3,29.2,17.9,0,22
2026-08-01 13:38:48,0,0,0,24.2,24.1,29.1,15.8,0,22
2026-08-01 13:43:49,0,0,0,22.9,24.8,24.9,19.7,0,22
2026-08-01 13:48:49,0,0,0,21,26,21.3,22.6,0,22
2026-08-01 13:53:49,0,0,0,19.5,27.6,19.1,24.9,0,22
2026-08-01 13:58:49,0,0,0,19.4,29.1,21.9,23.7,0,22
2026-08-01 14:03:48,0,0,0,21,29.3,26.7,20.4,0,22
2026-08-01 14:08:49,0,1,1,21.6,29.2,25.6,21.3,0,22
2026-08-01 14:13:49,0,0,0,20.4,28.7,21.6,23.3,0,22
2026-08-01 14:18:49,0,0,0,21.1,28.1,25.8,20.3,0,22
2026-08-01 14:23:49,0,0,0,21.6,27,25.4,19.5,0,22
2026-08-01 14:28:49,0,0,0,20.4,27.7,21.6,22.7,0,22
2026-08-01 14:33:49,0,0,0,19.3,28.9,19.4,25.4,0,22
2026-08-01 14:38:49,0,0,0,18.4,29.6,18.1,27,0,22
2026-08-01 14:43:49,0,0,0,17.8,30.5,17.4,28.1,0,22
2026-08-01 14:48:49,0,0,0,17.3,30.5,17,28,0,22
2026-08-01 14:53:49,0,0,0,17,30.9,16.8,28.5,0,22
2026-08-01 14:58:49,0,0,0,16.8,31.1,16.7,28.4,0,22
2026-08-01 15:03:49,0,0,0,16.8,30.8,16.6,28.1,0,22
2026-08-01 15:08:49,0,0,0,16.7,31.1,16.7,28.1,0,22
2026-08-01 15:13:49,0,0,0,16.7,31.3,16.7,28.4,0,22
2026-08-01 15:18:49,0,0,0,16.7,33.7,16.7,31,0,22
2026-08-01 15:23:49,0,0,0,16.7,33.1,16.7,30.2,0,22
2026-08-01 15:28:49,0,0,0,16.6,32.2,16.6,29.3,0,22
2026-08-01 15:33:49,0,2,2,16.6,34.1,16.6,31.6,0,22
2026-08-01 15:38:49,0,0,0,16.6,34,16.5,31.5,0,22
2026-08-01 15:43:49,0,0,0,16.5,34.5,16.4,31.5,0,22
2026-08-01 15:48:49,0,1,2,16.3,34.6,16.2,32.1,0,22
2026-08-01 15:53:49,0,2,2,16.3,36.8,16.3,36.1,0,22
2026-08-01 15:58:49,0,1,1,18.8,35.6,24.6,25,0,22
2026-08-01 16:04:02,0,0,0,20.8,32.3,27.3,21.3,0,22
2026-08-01 16:08:49,0,1,2,20.7,30.6,23.9,23.1,0,22
2026-08-01 16:13:49,0,0,0,19.6,30.5,20.6,25.5,0,22
2026-08-01 16:18:49,0,0,0,18.6,30.7,18.7,27.3,0,22
2026-08-01 16:23:49,0,0,0,19.1,32,22.5,25.7,0,22
2026-08-01 16:28:49,0,0,0,21.1,30.7,27.1,20.9,0,22
2026-08-01 16:33:49,0,0,0,21.1,28.9,24.4,21.5,0,22
2026-08-01 16:38:49,0,0,0,19.9,29.5,,,0,22
2026-08-01 16:43:49,0,0,2,18.8,30.4,,,0,22
2026-08-01 16:48:49,0,0,0,20.1,31.3,,,1,22
2026-08-01 16:53:49,0,1,2,21.8,29.7,,,0,22
2026-08-01 16:58:49,0,0,0,22,28,,,0,22
2026-08-01 17:03:49,0,0,0,20.7,27.9,,,0,22
2026-08-01 17:08:49,0,0,0,19.4,28.9,,,0,22
2026-08-01 17:13:50,0,0,0,20.8,28.7,,,0,22
2026-08-01 17:18:50,0,0,0,22.2,27.8,,,0,22
2026-08-01 17:23:50,0,0,0,22,26.7,,,0,21
2026-08-01 17:28:49,0,0,0,20.5,26.5,,,0,21
2026-08-01 17:33:50,0,0,0,20.9,27.5,,,0,21
2026-08-01 17:38:49,0,0,0,21.2,26.7,,,0,21
2026-08-01 17:43:50,0,0,0,20,26.6,,,0,21
2026-08-01 17:48:49,0,0,0,19,27.7,19.1,24.1,0,21
2026-08-01 17:53:49,0,0,0,18.2,28.5,18,25.5,0,21
2026-08-01 17:58:50,0,0,0,17.6,30.1,17.3,27.2,0,20
2026-08-01 18:03:49,0,0,0,17.2,30.4,16.9,27.5,0,20
2026-08-01 18:08:50,0,0,0,16.9,30.9,16.6,28,0,22
2026-08-01 18:13:49,0,0,0,16.8,30.9,16.5,28.3,0,22
2026-08-01 18:18:49,0,0,0,16.6,31.1,16.4,28.2,0,22
2026-08-01 18:23:49,0,0,0,16.5,30.4,16.3,27.4,0,22
2026-08-01 18:28:49,0,0,0,16.5,30.6,16.3,27.4,0,22
2026-08-01 18:33:50,0,0,0,16.5,31.4,16.4,28.5,0,22
2026-08-01 18:38:49,0,0,0,16.4,31.3,16.3,28.3,0,22
2026-08-01 18:43:49,0,0,0,16.4,31,16.3,27.6,0,22
2026-08-01 18:48:50,0,0,0,16.4,31,16.4,27.6,0,22
2026-08-01 18:53:49,0,0,0,16.4,31.1,16.4,27.8,0,22
2026-08-01 18:58:49,0,0,0,16.4,31.1,16.4,28,0,22
2026-08-01 19:03:50,0,0,0,16.3,31.2,16.4,28,0,28
2026-08-01 19:08:49,0,0,0,16.4,30.7,16.4,27.6,0,23
2026-08-01 19:13:50,0,0,0,16.4,30.6,16.3,27.6,0,20
2026-08-01 19:18:50,0,0,0,16.3,30.7,16.3,27.2,0,20
2026-08-01 19:23:50,0,0,0,16.4,30.8,16.4,27.7,0,20
2026-08-01 19:28:49,0,0,0,16.4,30.7,16.4,27.5,0,22
2026-08-01 19:33:50,0,0,0,16.4,31,16.4,27.8,0,22
2026-08-01 19:38:50,0,0,0,16.4,30.9,16.4,27.6,0,22
2026-08-01 19:43:50,0,0,0,16.5,31.3,16.5,28,0,22
2026-08-01 19:48:50,0,0,0,16.5,30.9,16.5,27.5,0,21
2026-08-01 19:53:50,0,0,0,16.5,30.5,16.5,27.2,0,24
2026-08-01 19:58:50,0,0,0,16.5,30.5,16.5,27.1,0,21
2026-08-01 20:03:49,0,0,0,16.5,30.4,16.5,27.3,0,21
2026-08-01 20:08:50,0,0,0,16.5,31.6,16.5,28.5,0,21
2026-08-01 20:13:50,0,2,2,16.5,33,16.5,30.3,0,21
2026-08-01 20:18:50,1,3,3,16.5,34.1,16.5,31.4,0,21
2026-08-01 20:23:50,0,3,3,16.4,34.6,16.4,31.8,0,21
2026-08-01 20:28:50,1,3,4,16.4,35.1,16.3,32.2,0,21
2026-08-01 20:33:50,0,1,1,16.3,36.4,16.5,34.7,0,21
2026-08-01 20:38:49,0,0,0,18.9,34.7,24.7,24.3,0,21
2026-08-01 20:43:50,0,0,0,20.1,31,24.7,21.8,0,21
2026-08-01 20:48:50,0,0,0,19.5,30.7,21.3,24.6,0,21
2026-08-01 20:53:50,0,0,0,18.7,30.7,19.2,26.6,0,21
2026-08-01 20:58:50,0,0,0,17.9,31.9,18,28.7,0,21
2026-08-01 21:03:50,0,0,0,18.6,33.2,21.9,26.5,0,21
2026-08-01 21:08:50,0,0,0,20.3,30,25.5,20.4,0,21
2026-08-01 21:13:50,0,0,0,20,29.4,22.3,22.9,0,21
2026-08-01 21:18:50,0,0,0,19,30.1,19.8,25.7,0,21
2026-08-01 21:23:50,0,0,0,18.2,31,18.3,28,0,21
2026-08-01 21:28:50,0,0,0,17.6,32.8,17.5,30.1,0,21
2026-08-01 21:33:50,0,0,0,18.6,33.9,22.4,26.7,0,21
2026-08-01 21:38:50,0,0,0,20.5,31.2,26.2,21.4,0,21
2026-08-01 21:43:50,0,0,0,20.3,30.6,22.8,23.8,0,21
2026-08-01 21:48:50,0,0,0,19.3,30.6,20.1,26.2,0,21
2026-08-01 21:53:50,0,0,0,18.4,31.9,18.5,28.9,0,21
2026-08-01 21:58:50,0,0,0,18.2,32,19.9,27.4,0,21
2026-08-01 22:03:50,0,0,0,20.2,30.2,25.6,20.7,0,21
2026-08-01 22:08:50,0,0,0,20,27.8,22.7,21,0,21
2026-08-01 22:13:50,0,0,0,19.2,28.5,20,23.5,0,21
2026-08-01 22:18:50,0,0,0,18.3,28.5,18.4,24.8,0,21
2026-08-01 22:23:50,0,0,0,17.7,28,17.5,24.6,0,20
2026-08-01 22:28:50,0,0,0,17.2,28.9,16.9,25.3,0,20
2026-08-01 22:33:50,0,0,0,16.9,29,16.5,26,0,20
2026-08-01 22:38:50,0,0,0,16.6,29.3,16.3,26.3,0,21
2026-08-01 22:43:50,0,0,0,16.4,29.5,16.2,26.5,0,24
2026-08-01 22:48:50,0,0,0,16.3,29.9,16.1,26.9,0,20
2026-08-01 22:53:50,0,0,0,16.2,30.7,16,27.5,0,20
2026-08-01 22:58:50,0,0,0,17.1,32.2,20.3,25.8,0,21
2026-08-01 23:03:50,0,0,0,19,29.2,23.7,20.3,0,21
2026-08-01 23:08:50,0,0,0,18.8,28.4,20.8,22.6,0,21
2026-08-01 23:13:50,0,0,0,18.1,29.5,18.6,25.1,0,20
2026-08-01 23:18:50,0,0,0,17.7,31.4,18.2,28,0,20
2026-08-01 23:23:51,0,0,0,19.6,30.5,25.1,21.1,0,20
2026-08-01 23:28:51,0,0,0,21,28.5,27.1,18.8,0,23
2026-08-01 23:33:51,0,0,0,22.1,27.5,28.1,17.9,0,23
2026-08-01 23:38:51,0,0,0,21.8,26.8,25,19.5,0,23
2026-08-01 23:43:50,0,0,0,20.7,28,22.7,22.6,0,20
2026-08-01 23:48:50,0,0,0,21.9,27.6,26.8,19.3,0,20
2026-08-01 23:53:51,0,0,0,22.8,27.1,28.1,18.2,0,20
2026-08-01 23:58:50,0,0,0,21.9,26.6,24.3,20.2,0,20
2026-08-02 00:03:51,0,0,0,20.3,27.4,20.6,23.3,0,20
2026-08-02 00:08:50,0,0,0,21,27.5,25.2,19.7,1,21
2026-08-02 00:13:50,0,0,0,22,26.3,27.1,17.8,0,21
2026-08-02 00:18:50,0,0,0,21.1,26,23.1,20.2,0,21
2026-08-02 00:23:51,0,0,0,19.7,27.1,20,23.3,0,21
2026-08-02 00:28:50,0,0,0,18.7,28.4,18.5,26,0,22
2026-08-02 00:33:51,0,0,0,20.3,28.5,25.3,19.7,0,23
2026-08-02 00:38:50,0,0,0,20.7,26.8,24,19.4,0,21
2026-08-02 00:43:51,0,0,0,19.7,26.7,20.7,22,0,21
2026-08-02 00:48:50,0,0,0,18.6,27.9,18.7,24.3,0,20
2026-08-02 00:53:50,0,0,0,17.9,28.8,17.6,25.3,0,20
2026-08-02 00:58:50,0,0,0,17.7,30,18.8,26.3,0,21
2026-08-02 01:03:51,0,0,0,19.7,31.3,24.7,22.2,0,21
2026-08-02 01:08:50,0,1,1,19.6,31.8,22.1,25.6,0,21
2026-08-02 01:13:51,0,0,0,18.8,32.9,19.6,29.1,0,21
2026-08-02 01:18:51,0,0,0,20.1,33.7,25.1,24.6,0,20
2026-08-02 01:23:51,0,0,0,21.8,31.5,27.9,21.2,0,20
2026-08-02 01:28:51,0,0,0,22.6,29.9,27.7,20.6,0,20
2026-08-02 01:33:51,0,0,0,21.3,30.1,23.2,24.2,0,20
2026-08-02 01:38:50,0,0,0,21.3,31.5,25.3,23.9,0,20
2026-08-02 01:43:51,0,0,0,22.6,30,28.1,20.8,0,20
2026-08-02 01:48:51,0,0,0,23.4,29.1,28.9,19.9,0,20
2026-08-02 01:53:51,0,0,0,23.7,28.4,28.8,19.4,0,20
2026-08-02 01:58:50,0,0,0,22.4,27.7,24.4,22,0,20
2026-08-02 02:03:51,0,0,0,21.5,30.1,24.3,24.2,1,20
2026-08-02 02:08:51,0,0,0,22.7,29.8,27.9,21,0,22
2026-08-02 02:13:51,0,0,0,23.4,28.7,28.9,19.7,0,19
2026-08-02 02:18:51,0,4,4,22.7,28.5,25.4,22.1,0,22
2026-08-02 02:23:51,0,0,0,21.2,31,22.8,26.3,0,19
2026-08-02 02:28:51,0,0,0,22.3,30.7,27.4,22,0,19
2026-08-02 02:33:51,0,0,0,23.2,29.8,28.7,20.6,0,19
2026-08-02 02:38:51,0,0,0,23.7,29.9,29.2,20.5,0,19
2026-08-02 02:43:51,0,0,0,23.5,29.4,27.3,21.9,0,19
2026-08-02 02:48:51,0,0,0,22.5,30.8,25.8,24.1,0,19
2026-08-02 02:53:51,0,0,0,23.3,29.5,28.4,20.8,0,19
2026-08-02 02:58:51,0,0,0,23.8,28.5,29.1,19.6,0,19
2026-08-02 03:03:51,0,0,0,24.1,28.2,29.2,19.4,0,19
2026-08-02 03:08:51,0,0,0,24.3,27.7,29.2,19.2,0,19
2026-08-02 03:13:51,0,0,0,24.3,26.8,29,18.5,0,19
2026-08-02 03:18:51,0,0,0,24.3,26.9,29,18.6,0,19
2026-08-02 03:23:51,0,0,0,24.2,26.4,28.8,18.2,0,19
2026-08-02 03:28:51,0,0,0,24.2,26,28.8,18,1,19
2026-08-02 03:33:51,0,0,0,24.2,25.8,28.9,17.6,0,15
2026-08-02 03:38:51,0,0,0,24,25.4,28.7,17.4,0,15
2026-08-02 03:43:51,0,0,0,24.1,25.5,28.9,17.5,0,15
2026-08-02 03:48:51,0,0,0,24,25.5,28.9,17.5,0,15
2026-08-02 03:53:51,0,0,0,24.1,25.2,29,17.3,0,15
2026-08-02 03:58:51,0,0,0,24.1,25.6,29,17.4,0,18
2026-08-02 04:03:51,0,0,0,23.9,26,28,18,0,18
2026-08-02 04:08:51,0,0,0,23.7,27.2,28.1,19.5,0,15
2026-08-02 04:13:51,0,0,0,23.6,27.6,27.7,19.7,0,15
2026-08-02 04:18:51,0,0,0,23.4,27.3,27.6,20,0,15
2026-08-02 04:23:51,0,0,0,23.5,26.6,28.6,18.3,0,15
2026-08-02 04:28:51,0,0,0,23.7,26.9,28.9,18.4,0,15
2026-08-02 04:33:51,0,0,0,23.7,26.9,28.6,18.4,0,15
2026-08-02 04:38:51,0,0,0,23,26.4,26,20.1,0,15
2026-08-02 04:43:51,0,0,0,22.9,27.4,27.2,19.9,0,15
2026-08-02 04:48:52,0,0,0,23.3,27.5,28.3,19.1,0,15
2026-08-02 04:53:51,0,0,0,23,27.9,26.8,20.6,0,15
2026-08-02 04:58:51,0,0,0,23.4,28.5,28.4,20.1,0,19
2026-08-02 05:03:51,0,0,0,23.8,28.1,29,19.5,0,19
2026-08-02 05:08:51,0,0,0,24.1,27.9,29.3,19.4,0,17
2026-08-02 05:13:51,0,0,0,23.2,28.3,26,21.7,0,17
2026-08-02 05:18:51,0,0,0,22.8,29.1,26.9,21.4,0,17
2026-08-02 05:23:51,0,0,0,23.4,28.4,28.6,19.7,0,17
2026-08-02 05:28:51,0,0,0,23.7,27.8,29,19,0,17
2026-08-02 05:33:51,0,0,0,23.8,27.5,29,19,0,17
2026-08-02 05:38:52,0,0,0,24,28,29.2,19.2,0,17
2026-08-02 05:43:51,0,0,0,24.4,28.1,29.4,19.6,0,17
2026-08-02 05:48:51,0,0,0,24.4,28.5,29.4,19.8,0,17
2026-08-02 05:53:52,0,0,0,24.5,28.4,29.4,19.7,0,17
2026-08-02 05:58:51,0,0,0,24.5,28.3,29.4,20,0,17
2026-08-02 06:03:52,0,0,0,24.5,28.2,29.4,19.9,0,17
2026-08-02 06:08:52,0,0,0,24.5,28.7,29.4,20.2,0,20
2026-08-02 06:13:52,0,0,0,24.4,29.1,29.4,20.4,0,17
2026-08-02 06:18:51,0,0,0,24.3,29.6,29.3,20.8,0,18
2026-08-02 06:23:52,0,0,0,24.2,30,29.2,21.2,0,18
2026-08-02 06:28:52,0,0,0,24.1,30.3,29,21.5,0,18
2026-08-02 06:33:52,0,0,0,23.9,30.6,29,21.8,0,18
2026-08-02 06:38:51,0,0,0,23.9,30.7,29,21.8,0,19
2026-08-02 06:43:52,0,0,1,23.9,30.8,29.1,21.8,0,18
2026-08-02 06:48:51,0,0,0,23.9,31,29,22.1,0,19
2026-08-02 06:53:51,0,0,0,23.8,30.9,28.9,22,0,18
2026-08-02 06:58:51,0,0,0,23.8,31.6,28.7,22.5,0,18
2026-08-02 07:03:52,0,0,0,23.7,31.3,28.6,22.7,0,18
2026-08-02 07:08:51,0,0,1,23.6,31.3,28.5,22.7,0,20
2026-08-02 07:13:51,0,1,1,23.6,31.7,28.6,23,0,20
2026-08-02 07:18:51,0,2,2,23.6,31.5,28.5,22.9,0,20
2026-08-02 07:23:51,0,1,1,23.6,31.2,28.4,22.9,0,20
2026-08-02 07:28:51,0,0,0,23.6,31.7,28.3,23.2,0,20
2026-08-02 07:33:52,0,0,0,23.6,31.3,28.3,22.9,0,20
2026-08-02 07:38:52,0,0,0,23.5,31.2,28.3,22.9,0,19
2026-08-02 07:43:52,0,0,0,23.6,31.2,28.3,22.8,0,19
2026-08-02 07:48:52,0,0,0,23.5,31.2,28.3,22.6,0,20
2026-08-02 07:53:52,0,0,0,23.5,31.4,28.3,22.8,0,20
2026-08-02 07:58:52,0,0,0,23.5,31.4,28.4,22.9,0,23
2026-08-02 08:03:51,0,0,0,23.5,31.5,28.4,22.9,0,22
2026-08-02 08:08:52,0,0,0,23.5,31.5,28.5,22.9,0,20
2026-08-02 08:13:51,0,0,0,23.5,31.3,28.5,22.6,0,19
2026-08-02 08:18:52,0,0,0,23.6,31.3,28.4,22.8,0,22
2026-08-02 08:23:51,0,0,0,23.5,31.3,28.4,22.8,0,22
2026-08-02 08:28:52,0,0,0,23.6,31.4,28.5,22.5,0,22
2026-08-02 08:33:52,0,0,0,23.5,31.3,28.4,23,0,22
2026-08-02 08:38:52,0,0,0,23.6,31.3,28.4,22.8,0,22
2026-08-02 08:43:52,0,0,0,23.6,31.2,28.5,22.6,0,22
2026-08-02 08:48:52,0,0,0,23.6,31.5,28.4,23,0,20
2026-08-02 08:53:52,0,0,0,23.7,31.4,28.5,22.9,0,20
2026-08-02 08:58:52,0,0,0,23.7,31.7,28.6,22.8,0,23
2026-08-02 09:03:52,0,0,0,23.7,31.6,28.6,22.9,1,20
2026-08-02 09:08:52,0,0,0,23.7,31.5,28.6,22.8,0,20
2026-08-02 09:13:52,0,0,0,23.8,31.5,28.7,22.7,0,20
2026-08-02 09:18:52,0,0,0,23.7,31.8,28.7,23,0,21
2026-08-02 09:23:52,0,0,0,23.8,31.9,28.7,23.1,0,22
2026-08-02 09:28:52,0,0,0,23.8,31.4,28.7,22.8,0,22
2026-08-02 09:33:52,0,0,0,23.8,31.5,28.8,22.8,0,21
2026-08-02 09:38:52,0,0,0,23.9,31.1,28.9,22.5,0,23
2026-08-02 09:43:52,0,0,0,23.9,31.1,28.9,22.4,0,21
2026-08-02 09:48:52,0,0,0,23.9,31.4,28.8,22.6,0,21
2026-08-02 09:53:52,0,0,0,23.9,31.7,28.9,22.8,0,21
2026-08-02 09:58:52,0,0,0,23.9,31.5,28.9,22.7,0,21
2026-08-02 10:03:52,0,0,0,24,31.7,28.9,22.9,0,20
2026-08-02 10:08:52,0,0,2,23.9,32.6,28.9,23.8,1,20
2026-08-02 10:13:52,0,1,1,23.9,32.7,28.8,23.8,0,20
2026-08-02 10:18:52,0,0,0,23.9,33,28.8,24.2,0,22
2026-08-02 10:23:52,0,1,2,23.9,33.2,28.7,24.4,0,20
2026-08-02 10:28:52,0,0,1,23.8,33.3,28.6,24.5,1,20
2026-08-02 10:33:52,0,1,2,23.8,33.4,28.6,24.8,0,20
2026-08-02 10:38:52,0,1,1,23.8,33.3,28.8,24.6,0,21
2026-08-02 10:43:52,0,0,0,23.8,33.4,28.8,24.3,0,21
2026-08-02 10:48:52,0,0,0,23.8,33.4,28.8,24.6,0,22
2026-08-02 10:53:52,0,0,0,23.8,33.2,28.8,24.5,0,21
2026-08-02 10:58:52,0,0,0,23.9,33.4,28.7,24.7,0,20
2026-08-02 11:03:52,0,0,0,23.9,33.1,28.8,24.2,0,21
2026-08-02 11:08:52,0,0,0,23.8,33.1,28.7,24.4,0,21
2026-08-02 11:13:52,0,0,0,23.8,33.3,28.8,24.5,0,20
2026-08-02 11:18:52,0,0,0,23.8,33.4,28.7,24.5,0,20
2026-08-02 11:23:52,0,0,0,23.8,33.2,28.7,24.4,0,20
2026-08-02 11:28:52,0,0,0,23.8,32.9,28.8,24.2,0,20
2026-08-02 11:33:52,0,0,0,23.9,32.5,28.8,23.7,0,22
2026-08-02 11:38:52,0,0,1,23.9,32.3,28.9,23.5,0,20
2026-08-02 11:43:52,0,0,0,23.9,32.1,28.8,23.3,0,27
2026-08-02 11:48:52,0,0,0,23.9,32,28.9,23.4,0,20
2026-08-02 11:53:52,0,0,0,23.9,31.9,28.8,23.3,0,20
2026-08-02 11:58:52,0,0,0,24,31.8,28.9,23.2,0,20
2026-08-02 12:03:52,0,0,0,24,31.7,28.9,23.1,0,21
2026-08-02 12:08:52,0,0,1,24.1,32.1,28.9,23.5,0,21
2026-08-02 12:13:53,0,1,1,24.1,32.1,28.9,23.6,0,23
2026-08-02 12:18:52,0,0,0,24.1,31.9,28.9,23.4,0,20
2026-08-02 12:23:52,0,0,0,24.2,32,29,23.4,0,21
2026-08-02 12:28:52,0,1,1,24.3,32.3,29,23.7,0,22
2026-08-02 12:33:52,0,0,0,24.3,32.4,29.1,23.6,0,22
2026-08-02 12:38:52,0,0,0,24.4,31.4,29.2,22.8,0,21
2026-08-02 12:43:53,0,1,1,24.4,31.7,29.3,23.1,0,21
2026-08-02 12:48:53,0,0,0,24.4,31.5,29.2,22.9,0,20
2026-08-02 12:53:53,0,0,0,24.4,31.4,29.3,22.7,0,21
2026-08-02 12:58:53,0,1,1,24.4,31.6,29.3,23,0,21
2026-08-02 13:03:53,0,2,3,24.4,32.9,29.3,24.1,0,22
2026-08-02 13:08:52,1,3,3,24.4,33.3,29.3,24.5,0,20
2026-08-02 13:13:52,0,2,2,24.3,33.5,29.2,24.6,0,21
2026-08-02 13:18:53,1,3,3,24.2,33.6,29.2,24.7,0,23
2026-08-02 13:23:52,2,6,6,24.1,34,29.1,24.9,0,22
2026-08-02 13:28:53,2,3,3,24.1,33.9,29.1,24.7,1,21
2026-08-02 13:33:53,4,5,5,24,34,29,25,1,22
2026-08-02 13:38:52,2,3,3,24,34,28.9,25.1,0,21
2026-08-02 13:43:52,1,3,4,24,34.2,28.9,25.3,0,21
2026-08-02 13:48:53,3,5,6,24,34.6,28.8,25.5,0,22
2026-08-02 13:53:53,3,6,6,24,34.5,28.9,25.5,0,20
2026-08-02 13:58:53,3,4,4,24,33.6,28.9,24.7,0,22
2026-08-02 14:03:53,1,4,4,24,34,28.8,25.2,0,20
2026-08-02 14:08:53,2,5,5,24,34.1,28.9,25.1,1,22
2026-08-02 14:13:53,4,7,7,24,33.8,29,24.8,0,22
2026-08-02 14:18:53,4,7,8,24,33.8,29,25,0,21
2026-08-02 14:23:53,4,7,7,24.1,34.3,29,25.4,0,21
2026-08-02 14:28:53,2,5,5,24.1,33.7,29,25,1,21
2026-08-02 14:33:53,1,4,4,24.2,33.7,29,24.8,0,20
2026-08-02 14:38:53,3,6,6,24.2,33.6,29.1,24.7,0,20
2026-08-02 14:43:53,5,8,8,24.2,33.3,29,24.6,0,21
2026-08-02 14:48:53,3,5,5,24.2,33.2,29,24.5,0,21
2026-08-02 14:53:53,0,4,4,24.3,32.9,29.1,24.3,0,21
2026-08-02 14:58:53,2,3,3,24.4,32.3,29.2,23.8,0,21
2026-08-02 15:03:53,2,4,4,24.4,32.4,29.2,23.9,0,20
2026-08-02 15:08:53,1,5,5,24.4,32.5,29.1,24,0,21
2026-08-02 15:13:53,3,5,5,24.4,33,29.2,24.5,0,20
2026-08-02 15:18:53,1,5,6,24.5,32.6,29.3,24.1,0,22
2026-08-02 15:23:53,2,5,6,24.5,32.1,29.3,23.8,0,23
2026-08-02 15:28:53,3,6,6,24.5,33,29.3,24.5,1,23
2026-08-02 15:33:53,1,4,5,24.5,33.1,29.4,24.6,0,22
2026-08-02 15:38:53,3,8,8,24.6,33.3,29.5,24.5,0,22
2026-08-02 15:43:53,1,5,5,24.6,32.9,29.4,24.4,0,22
2026-08-02 15:48:53,5,9,9,24.6,33.4,29.4,24.8,0,22
2026-08-02 15:53:53,4,8,9,24.6,33.3,29.5,24.6,1,21
2026-08-02 15:58:53,2,5,6,24.6,32.5,29.4,23.9,0,21
2026-08-02 16:04:03,3,6,6,23.2,34.1,25.6,28.9,0,21
2026-08-02 16:08:53,1,3,3,23.6,34,28.2,25.8,0,21
2026-08-02 16:13:53,0,3,4,24,33.3,29.1,24.4,0,21
2026-08-02 16:18:53,1,3,3,24.3,32.9,29.3,24.1,0,23
2026-08-02 16:23:53,0,5,5,24.4,33.2,29.3,24.5,0,23
2026-08-02 16:28:53,4,7,8,24.6,33.3,29.4,24.7,0,20
2026-08-02 16:33:53,6,12,13,24.2,33.9,28.5,25.8,0,23
2026-08-02 16:38:53,8,19,20,24.3,34.6,29.1,25.8,0,20
2026-08-02 16:43:53,8,16,17,24.4,34.6,29.3,25.7,0,20
2026-08-02 16:48:53,6,16,16,24.4,34.7,29.4,25.5,0,20
2026-08-02 16:53:53,7,19,21,24.4,34.8,29.3,25.7,0,22
2026-08-02 16:58:53,11,20,20,24.3,34.7,29.3,25.8,0,22
2026-08-02 17:03:53,9,20,23,24.4,34.8,29.3,25.7,0,22
2026-08-02 17:08:53,16,25,25,24.3,35.3,29.2,26,0,23
2026-08-02 17:13:53,12,22,23,24.3,34.8,29.1,25.9,0,20
2026-08-02 17:18:53,7,17,18,24.2,34.6,29.1,25.6,0,20
2026-08-02 17:23:54,11,20,22,24.3,35.3,29.1,26,0,20
2026-08-02 17:28:54,7,14,15,24.2,34.9,29.1,25.9,0,23
2026-08-02 17:33:53,9,23,23,24.2,35,29.1,25.9,0,21
2026-08-02 17:38:53,10,18,19,24.2,34.9,29.1,25.9,0,21
2026-08-02 17:43:53,9,17,17,24.2,34.9,29,25.9,0,21
2026-08-02 17:48:53,6,13,16,24.2,34.5,29,25.7,0,22
2026-08-02 17:53:53,10,18,18,24.2,34.7,29.1,25.8,0,23
2026-08-02 17:58:53,8,16,17,24.1,34.5,29.1,25.6,0,22
2026-08-02 18:03:54,6,11,11,24.2,34.7,29.1,25.6,0,22
2026-08-02 18:08:54,7,9,9,24.2,34.3,29.1,25.5,0,22
2026-08-02 18:13:53,4,10,11,24.2,33.9,29.1,25.1,0,22
2026-08-02 18:18:53,4,7,7,24.2,34.3,29.1,25.3,0,21
2026-08-02 18:23:54,5,8,9,24.2,34.3,29,25.4,0,21
2026-08-02 18:28:53,8,11,12,24.2,34.4,29,25.5,0,22
2026-08-02 18:33:53,7,15,16,24.2,34.2,29.1,25.3,0,21
2026-08-02 18:38:53,6,7,7,24.2,33.9,29.1,25.2,1,21
2026-08-02 18:43:53,15,28,31,24.3,34.3,29.1,25.4,0,21
2026-08-02 18:48:53,22,36,44,24.3,33.6,29.2,24.9,0,21
2026-08-02 18:53:53,14,30,31,24.4,33.1,29.2,24.6,0,21
2026-08-02 18:58:53,4,6,6,24.3,33.1,29.2,24.5,0,21
2026-08-02 19:03:53,1,3,4,24.4,32.6,29.3,23.9,0,21
2026-08-02 19:08:53,0,2,2,24.4,32.2,29.2,23.7,0,21
2026-08-02 19:13:53,0,0,1,24.4,32.1,29.3,23.5,0,21
2026-08-02 19:18:54,0,0,0,24.4,32,29.3,23.6,0,22
2026-08-02 19:23:53,0,1,1,24.5,32,29.4,23.4,0,22
2026-08-02 19:28:54,0,0,0,24.5,31.9,29.4,23.4,0,22
2026-08-02 19:33:54,0,2,4,24.5,31.7,29.4,23.3,0,22
2026-08-02 19:38:54,0,2,3,24.6,32,29.4,23.4,0,22
2026-08-02 19:43:54,0,2,2,24.5,32,29.4,23.5,0,22
2026-08-02 19:48:54,1,4,5,24.5,31.9,29.3,23.3,0,21
2026-08-02 19:53:54,1,3,3,24.6,31.9,29.4,23.3,0,21
2026-08-02 19:58:54,0,2,2,24.6,32.3,29.5,23.6,0,21
2026-08-02 20:03:54,1,2,3,24.6,31.6,29.5,23.2,0,21
2026-08-02 20:08:54,0,1,1,24.6,31.6,29.5,23.1,0,22
2026-08-02 20:13:54,1,1,2,24.6,32,29.5,23.5,0,20
2026-08-02 20:18:54,0,3,3,24.6,31.7,29.5,23.2,0,21
2026-08-02 20:23:54,0,0,0,24.6,32.1,29.4,23.6,0,21
2026-08-02 20:28:53,0,1,2,24.6,31.8,29.5,23.4,0,23
2026-08-02 20:33:54,4,7,7,24.6,32.6,29.5,23.9,0,23
2026-08-02 20:38:54,4,11,11,24.6,32.9,29.4,24.1,0,21
2026-08-02 20:43:54,5,13,13,24.5,33,29.5,24.3,0,21
2026-08-02 20:48:54,5,9,11,24.5,33,29.4,24.2,0,21
2026-08-02 20:53:54,4,8,10,24.4,32.9,29.3,24.3,0,21
2026-08-02 20:58:53,3,6,6,24.4,32.6,29.4,23.9,0,21
2026-08-02 21:03:54,3,5,6,24.4,32.6,29.3,23.9,0,21
2026-08-02 21:08:54,2,4,4,24.4,32.6,29.3,24,0,21
2026-08-02 21:13:53,2,4,4,24.4,32.5,29.3,24,0,21
2026-08-02 21:18:54,0,3,3,24.4,32.4,29.2,23.7,0,21
2026-08-02 21:23:54,0,1,3,24.4,32.5,29.3,23.8,1,21
2026-08-02 21:28:54,0,1,2,24.4,32.3,29.3,23.6,0,21
2026-08-02 21:33:54,0,0,0,24.5,32.3,29.4,23.5,0,21
2026-08-02 21:38:54,0,4,5,24.5,32.2,29.4,23.6,0,21
2026-08-02 21:43:54,1,4,5,24.5,32.4,29.4,23.7,0,21
2026-08-02 21:48:54,1,4,4,24.5,32.3,29.2,23.7,0,21
2026-08-02 21:53:54,1,3,3,24.4,32.5,29.2,23.8,0,21
2026-08-02 21:58:54,1,6,7,24.4,32.3,29.3,23.7,0,21
2026-08-02 22:03:54,0,2,3,24.4,31.8,29.2,23.3,0,21
2026-08-02 22:08:54,0,0,0,24.3,31.7,29.1,23.2,0,21
2026-08-02 22:13:54,0,1,1,24.4,32.2,29.3,23.5,0,21
2026-08-02 22:18:54,0,0,0,24.5,32.3,29.3,23.8,0,21
2026-08-02 22:23:54,0,0,0,24.5,31.6,29.4,23.2,0,21
2026-08-02 22:28:54,0,0,0,24.5,31.9,29.4,23.4,0,21
2026-08-02 22:33:54,0,0,0,24.6,31.9,29.4,23.3,0,21
2026-08-02 22:38:54,0,0,0,24.6,31.7,29.5,23.2,1,21
2026-08-02 22:43:54,0,0,0,24.6,32,29.5,23.4,0,21
2026-08-02 22:48:54,0,0,0,24.7,31.5,29.5,22.9,0,21
2026-08-02 22:53:54,0,0,0,23.4,32.4,26.1,26.7,0,21
2026-08-02 22:58:54,0,0,0,23.8,32.9,28.4,24.8,0,21
2026-08-02 23:03:54,0,0,0,24.2,32.3,29.1,23.6,0,21
2026-08-02 23:08:54,0,0,0,24.4,32.1,29.3,23.6,0,20
2026-08-02 23:13:54,0,0,0,24.4,31.8,29,23.6,0,20
2026-08-02 23:18:54,0,0,0,23.9,32.7,28.1,25.1,0,20
2026-08-02 23:23:54,0,0,0,24.2,32.1,29,23.5,0,23
2026-08-02 23:28:54,0,0,0,24.2,30.8,28.5,22.8,0,20
2026-08-02 23:33:54,0,0,0,22.5,32.1,24,27.6,0,20
2026-08-02 23:38:54,0,0,0,22.4,34.1,26.1,26.9,0,23
2026-08-02 23:43:54,0,0,0,23.2,32.5,28.4,23.9,0,21
2026-08-02 23:48:54,0,0,0,23.4,32.1,27.8,24,0,21
2026-08-02 23:53:54,0,0,0,22,33.1,23.5,28.4,0,21
2026-08-02 23:58:54,0,0,0,21.6,35.3,24.9,28.7,0,21
2026-08-03 00:03:55,0,0,0,22.7,33.8,28,24.6,0,21
2026-08-03 00:08:54,0,0,0,23.2,32.8,27.9,24.1,0,21
2026-08-03 00:13:55,0,0,0,21.8,33.3,23.4,28.4,0,21
2026-08-03 00:18:54,0,0,0,21.2,35.5,24.4,29.2,0,21
2026-08-03 00:23:54,0,0,0,22.5,34.4,27.8,25.1,0,21
2026-08-03 00:28:54,0,0,0,23.2,33.1,28.7,23.9,0,21
2026-08-03 00:33:54,0,0,0,22.5,32.7,25.2,26.3,0,21
2026-08-03 00:38:55,0,0,0,21.6,34.7,24.4,28.9,0,21
2026-08-03 00:43:54,0,0,0,22.6,34.2,27.9,24.8,0,21
2026-08-03 00:48:55,0,0,0,23.4,32.7,28.9,23.4,0,21
2026-08-03 00:53:55,0,0,0,23.8,32.6,29.2,23.3,0,21
2026-08-03 00:58:54,0,0,0,24,32,29,23.2,0,21
2026-08-03 01:03:55,0,0,0,22.7,32.4,24.9,27.1,0,19
2026-08-03 01:08:54,0,0,0,23.2,32.5,27.9,24.2,0,20
2026-08-03 01:13:55,0,0,0,23.7,32,29,23.1,0,20
2026-08-03 01:18:55,0,0,0,23.9,30.9,28.6,22.3,0,20
2026-08-03 01:23:55,0,0,0,22.5,31.9,24.5,26.9,0,20
2026-08-03 01:28:55,0,0,0,23.1,32.1,27.8,23.9,0,19
2026-08-03 01:33:55,0,0,0,23.7,31.6,28.9,22.7,0,22
2026-08-03 01:38:55,0,0,0,22.9,31.1,25.6,24.7,0,19
2026-08-03 01:43:55,0,0,0,22.3,33.1,25.7,26.6,0,20
2026-08-03 01:48:55,0,0,0,23.1,32,28.3,23.2,0,21
2026-08-03 01:53:55,0,0,0,23.7,32,29.1,22.8,0,19
2026-08-03 01:58:54,0,0,0,24,31.2,29.1,22.3,0,22
2026-08-03 02:03:55,0,0,0,22.8,31.3,25.1,25.6,0,20
2026-08-03 02:08:55,0,0,0,23,32.3,27.5,24.4,0,18
2026-08-03 02:13:54,0,0,0,23.6,31.7,28.9,23.1,0,18
2026-08-03 02:18:55,0,0,0,24,31.4,29.3,22.3,0,18
2026-08-03 02:23:55,0,0,0,24.3,30.9,29.3,22.1,0,18
2026-08-03 02:28:55,0,0,0,24.4,30.7,29.3,22.2,0,18
2026-08-03 02:33:54,0,0,0,24.5,31,29.4,22.2,0,18
2026-08-03 02:38:55,0,0,0,24.5,31,29.2,22.6,0,17
2026-08-03 02:43:55,0,0,0,24,31.2,28,23.5,0,17
2026-08-03 02:48:55,0,0,0,24.1,30.9,28.8,22.5,0,17
2026-08-03 02:53:55,0,0,0,24.4,30.6,29.2,22.1,0,17
2026-08-03 02:58:55,0,0,0,24.3,30.4,28.8,22.1,0,17
2026-08-03 03:03:55,0,0,0,23.3,31,26.7,24.5,0,17
2026-08-03 03:08:55,0,0,0,23.8,31.2,28.7,22.8,0,17
2026-08-03 03:13:55,0,0,0,24.1,31.1,29.3,22.2,0,17
2026-08-03 03:18:55,0,0,0,24.3,31.1,29,22.5,0,17
2026-08-03 03:23:55,0,0,0,23.8,31,27.7,23.7,0,17
2026-08-03 03:28:55,0,0,0,24.1,31.7,28.9,23.2,0,17
2026-08-03 03:33:55,0,0,0,24.2,30.4,29.1,21.8,0,17
2026-08-03 03:38:55,0,0,0,23.7,31.4,27.8,23.8,0,17
2026-08-03 03:43:55,0,0,0,24,30.9,28.9,22.3,0,17
2026-08-03 03:48:55,0,0,0,24,30.5,28.5,22.3,0,17
2026-08-03 03:53:55,0,0,0,22.7,31.7,25.2,26.3,0,17
2026-08-03 03:58:55,0,0,0,23.3,31.7,28.2,23.5,0,17
2026-08-03 04:03:55,0,0,0,23.8,31.6,29,22.8,0,17
2026-08-03 04:08:55,0,0,0,24.1,31.4,29,22.5,0,17
2026-08-03 04:13:55,0,0,0,23,31.4,25.5,25.6,0,17
2026-08-03 04:18:55,0,0,0,22.4,33.5,25.7,27,0,17
2026-08-03 04:23:55,0,0,0,23.2,32.7,28.3,24,0,17
2026-08-03 04:28:55,0,0,0,23.8,32.2,29.1,23,0,17
2026-08-03 04:33:55,0,0,0,23.4,31.7,26.9,24.4,0,17
2026-08-03 04:38:55,0,0,0,22.3,33.6,25.2,27.8,0,17
2026-08-03 04:43:55,0,0,0,23.1,33.3,28.1,24.6,0,17
2026-08-03 04:48:55,0,0,0,23.7,32.7,29.1,23.3,0,17
2026-08-03 04:53:55,0,0,0,24.1,32.3,29.3,23.1,0,17
2026-08-03 04:58:55,0,0,0,24.3,32.1,29.4,23.2,0,17
2026-08-03 05:03:55,0,0,0,23.4,32.3,26.4,25.8,0,17
2026-08-03 05:08:55,0,0,0,23.4,32.7,27.8,25.1,0,17
2026-08-03 05:13:55,0,0,0,23.8,32.3,29,23.3,0,17
2026-08-03 05:18:55,0,0,0,23.2,32.5,26.5,25.7,0,17
2026-08-03 05:23:55,0,0,0,22.5,33.9,26,27,0,17
2026-08-03 05:28:55,0,0,0,23.2,33.3,28.4,24.5,0,17
2026-08-03 05:33:55,0,0,0,23.7,32.6,29.1,23.4,0,17
2026-08-03 05:38:55,0,0,0,23.9,32.1,28.5,23.7,0,17
2026-08-03 05:43:55,0,0,0,22.5,33.6,24.8,28.4,0,17
2026-08-03 05:48:55,0,0,0,23.1,33.5,28,25,0,17
2026-08-03 05:53:55,0,0,0,23.7,32.8,29,23.7,1,17
2026-08-03 05:58:55,0,0,0,23.8,32.7,28.3,24.2,0,17
2026-08-03 06:03:55,0,0,0,22.5,33.8,24.6,28.8,1,17
2026-08-03 06:08:55,0,0,0,23.1,33.4,27.9,25,0,17
2026-08-03 06:13:56,0,0,0,23.6,32.8,28.9,23.8,0,17
2026-08-03 06:18:55,0,0,0,24,32.2,29.3,23.2,0,17
2026-08-03 06:23:55,0,0,0,23.3,32,26.4,25.4,0,17
2026-08-03 06:28:55,0,0,0,22.7,33.8,26.4,26.8,0,17
2026-08-03 06:33:55,0,0,1,23.5,33.1,28.6,24.2,0,17
2026-08-03 06:38:55,0,0,0,23.7,32.1,28.4,23.6,0,21
2026-08-03 06:43:55,0,0,0,22.3,33,23.9,28.3,0,21
2026-08-03 06:48:55,0,0,0,22.6,34.5,27.1,26.3,0,21
2026-08-03 06:53:56,0,0,0,23.3,33,28.6,24,0,21
2026-08-03 06:58:55,0,0,0,23.8,32.8,29.1,23.6,0,21
2026-08-03 07:03:55,0,0,0,23.1,32.7,26.1,26.1,0,21
2026-08-03 07:08:55,0,0,0,22.5,34.4,26,27.5,0,20
2026-08-03 07:13:56,0,0,0,23.3,33.8,28.4,24.9,0,20
2026-08-03 07:18:55,0,0,0,23.7,33.2,29.1,24,0,20
2026-08-03 07:23:56,0,0,0,24.1,32.5,29.3,23.4,0,20
2026-08-03 07:28:55,0,0,0,23.1,32.2,25.7,26.2,0,22
2026-08-03 07:33:56,0,0,0,23.2,33.3,27.7,25.3,0,22
2026-08-03 07:38:56,0,0,0,23.7,32.7,29,23.9,1,22
2026-08-03 07:43:56,0,0,0,24,32.1,28.8,23.6,0,21
2026-08-03 07:48:56,0,0,0,22.5,33,24.3,28.4,0,22
2026-08-03 07:53:56,0,0,0,22.8,34.1,27.3,26,0,22
2026-08-03 07:58:56,0,0,0,23.5,33.7,28.8,24.6,0,22
2026-08-03 08:03:56,0,0,0,23.4,32.6,27.4,24.9,0,21
2026-08-03 08:08:56,0,0,0,21.9,34.7,23.6,30.3,0,22
2026-08-03 08:13:56,0,0,0,22.7,33.8,27.6,25.3,0,27
2026-08-03 08:18:56,1,3,3,23.4,33.5,28.8,24.4,0,27
2026-08-03 08:23:56,0,0,0,23.3,32.7,27.1,25.1,0,30
2026-08-03 08:28:56,0,1,1,21.9,35.3,23.6,30.9,0,29
2026-08-03 08:33:56,0,0,0,22.7,33.9,27.6,25.2,0,23
2026-08-03 08:38:56,0,1,1,23.4,33.1,28.7,23.9,0,28
2026-08-03 08:43:56,0,0,0,22.4,33.3,24.6,27.7,0,28
2026-08-03 08:48:56,0,0,0,20.8,36.6,21.5,33.9,0,28
2026-08-03 08:53:55,0,2,2,21.9,36.6,26.8,27.5,0,27
2026-08-03 08:58:56,0,0,0,22.9,35.3,28.5,25.2,0,30
2026-08-03 09:03:56,0,0,0,22.4,34.6,25.3,27.5,0,28
2026-08-03 09:08:56,2,8,9,20.7,36.4,21.5,33.2,0,29
2026-08-03 09:13:56,0,0,0,21.7,37,26.4,28,0,28
2026-08-03 09:18:56,0,0,0,22.7,35.6,28.3,25.5,0,30
2026-08-03 09:23:56,0,0,2,22.2,35.1,25.1,28.1,0,30
2026-08-03 09:28:56,0,0,0,20.6,36.9,21.4,33.5,0,27
2026-08-03 09:33:56,0,0,0,20.7,39,24.2,32,0,28
2026-08-03 09:38:56,0,3,5,22.1,37.1,27.8,26.7,0,29
2026-08-03 09:43:56,0,2,2,21.8,36.1,24.9,28.8,0,28
2026-08-03 09:48:56,0,4,4,20.4,37.6,21.3,34,0,30
2026-08-03 09:53:56,5,9,14,19.2,39.3,19.2,37.7,0,31
2026-08-03 09:58:56,2,7,7,20.1,40.5,24.4,32.3,0,31
2026-08-03 10:03:56,3,9,9,21.5,38.1,26.6,27.9,0,31
2026-08-03 10:08:56,5,14,18,20.8,37.8,22.9,32,0,22
2026-08-03 10:13:56,32,52,67,19.6,39.6,20.1,36.6,0,31
2026-08-03 10:18:56,26,45,54,18.6,41.3,18.5,40.1,0,30
2026-08-03 10:23:56,16,29,32,19.1,43.7,22.4,36.9,0,30
2026-08-03 10:28:56,11,25,25,20.8,40.2,26,29.7,0,31
2026-08-03 10:33:56,7,19,19,20.3,39.6,22.6,33.3,0,28
2026-08-03 10:38:56,5,17,18,19.3,40.9,20,37.7,0,27
2026-08-03 10:43:56,25,44,53,18.4,42.1,18.4,40.8,0,30
2026-08-03 10:48:56,13,26,32,17.7,43.8,17.5,43,0,31
2026-08-03 10:53:56,0,1,1,17.6,47.5,18.5,46.7,0,23
2026-08-03 10:58:56,0,0,0,19.8,44.3,25.6,32.7,0,28
2026-08-03 11:03:56,3,7,8,21.2,41.1,26.9,29.8,0,28
2026-08-03 11:08:56,3,7,8,21,39.7,23.9,32.5,0,27
2026-08-03 11:13:56,3,6,7,19.9,40.6,20.9,36.9,0,28
2026-08-03 11:18:56,2,7,8,19,41.8,19.2,40.1,0,29
2026-08-03 11:23:56,5,14,15,18.3,43.4,18.2,42.5,0,27
2026-08-03 11:28:56,2,7,8,17.8,44.3,17.6,43.7,0,30
2026-08-03 11:33:56,0,4,4,17.4,45.1,17.2,44.8,0,28
2026-08-03 11:38:56,5,10,10,17.2,46.2,17,45.9,0,31
2026-08-03 11:43:56,1,6,6,16.9,47.1,16.9,46.8,0,27
2026-08-03 11:48:56,0,2,3,16.8,47.1,16.8,47,0,30
2026-08-03 11:53:56,3,6,6,16.8,47.6,16.7,47.6,0,29
2026-08-03 11:58:56,2,6,6,16.7,48.2,16.6,48.1,0,28
2026-08-03 12:03:56,2,6,8,16.6,48.3,16.5,48.4,0,29
2026-08-03 12:08:56,2,4,4,16.5,48,16.5,47.5,0,22
2026-08-03 12:13:57,4,6,6,16.5,48.4,16.5,48.3,0,28
2026-08-03 12:18:56,3,6,6,16.5,48.5,16.5,48.3,0,27
2026-08-03 12:23:56,4,10,13,16.5,48.8,16.5,48.8,0,27
2026-08-03 12:28:56,3,8,8,16.5,48.5,16.5,48.3,0,27
2026-08-03 12:33:56,2,4,4,16.6,48.6,16.5,48.4,0,27
2026-08-03 12:38:57,1,5,5,16.6,48.8,16.6,48.7,0,28
2026-08-03 12:43:56,2,4,5,16.7,48.7,16.7,48.2,0,26
2026-08-03 12:48:57,2,6,6,16.7,48.6,16.8,48.2,0,28
2026-08-03 12:53:56,3,4,6,16.8,48.7,16.8,48.4,0,31
2026-08-03 12:58:56,3,6,8,16.8,48.9,16.9,48.4,0,27
2026-08-03 13:03:56,1,2,2,16.9,48.7,17.2,48.1,0,30
2026-08-03 13:08:56,2,4,4,17.2,48.9,17.9,47.3,0,30
2026-08-03 13:13:56,1,4,4,17.7,48.5,18.5,46.3,0,23
2026-08-03 13:18:56,0,4,4,18,47.6,18.8,45.5,0,28
2026-08-03 13:23:56,4,6,7,18.2,47.3,19,45,0,22
2026-08-03 13:28:56,4,7,7,18.4,46.5,19.1,44.6,0,28
2026-08-03 13:33:56,4,7,8,18.5,46.7,19.1,44.8,0,22
2026-08-03 13:38:56,3,6,7,18.5,46.2,19.1,44.3,0,27
2026-08-03 13:43:57,1,2,2,18.5,45.6,19.1,43.7,0,30
2026-08-03 13:48:57,0,4,6,18.5,46.1,19,44.3,0,30
2026-08-03 13:53:57,0,3,4,18.4,45.7,19,43.8,0,24
2026-08-03 13:58:57,2,3,4,18.4,45.7,19,44,0,27
2026-08-03 14:03:57,0,3,4,18.4,45.7,19,43.8,0,29
2026-08-03 14:08:57,2,5,5,18.4,45.9,18.9,44.3,0,29
2026-08-03 14:13:56,3,6,6,18.3,45.8,18.9,43.9,0,30
2026-08-03 14:18:56,4,7,7,18.3,45.4,18.8,43.8,0,28
2026-08-03 14:23:57,4,8,8,18.3,45.4,18.7,43.9,0,23
2026-08-03 14:28:57,4,6,7,18.2,45.5,18.7,43.7,0,23
2026-08-03 14:33:57,7,15,18,18.2,45.5,18.6,43.8,0,23
2026-08-03 14:38:57,8,24,25,18.1,45.2,18.6,43.5,0,27
2026-08-03 14:43:57,15,26,29,18.1,45.6,18.5,44.1,0,29
2026-08-03 14:48:57,20,28,30,18.1,45.8,18.5,44.4,0,31
2026-08-03 14:53:56,15,29,29,18.1,45.5,18.5,43.9,0,27
2026-08-03 14:58:57,23,33,36,18,46,18.4,44.6,0,31
2026-08-03 15:03:57,25,38,41,18,46.2,18.4,44.8,0,30
2026-08-03 15:08:57,23,35,40,18,46.3,18.4,44.8,0,31
2026-08-03 15:13:56,20,29,32,17.9,46,18.3,44.7,0,31
2026-08-03 15:18:57,18,29,32,17.9,45.4,18.3,43.6,0,27
2026-08-03 15:23:57,18,30,30,17.8,45.1,18.2,43.4,0,27
2026-08-03 15:28:57,23,38,42,17.8,45.4,18.2,43.7,0,27
2026-08-03 15:33:57,20,28,32,17.8,45.4,18.1,43.6,0,28
2026-08-03 15:38:57,13,28,28,17.7,45.3,18,43.7,0,28
2026-08-03 15:43:57,20,30,30,17.7,45.4,18,43.8,0,27
2026-08-03 15:48:56,14,28,29,17.6,45.4,18,43.8,0,27
2026-08-03 15:53:57,15,28,30,17.6,45.4,17.9,43.9,0,26
2026-08-03 15:58:57,10,22,22,17.6,45.3,17.9,43.7,0,27
2026-08-03 16:04:11,10,22,24,17.5,45.1,17.8,43.5,0,27
2026-08-03 16:08:57,7,16,18,17.5,45.2,17.8,43.7,0,23
2026-08-03 16:13:57,5,7,7,17.5,44.9,17.7,43.3,0,29
2026-08-03 16:18:57,4,9,9,17.4,45.1,17.7,43.6,0,28
2026-08-03 16:23:57,2,3,3,17.4,45,17.6,43.4,0,27
2026-08-03 16:28:57,4,6,6,17.4,45.3,17.6,43.9,0,29
2026-08-03 16:33:57,2,6,6,17.4,45.5,17.6,44.3,0,22
2026-08-03 16:38:57,1,4,5,17.4,45.5,17.6,44,0,23
2026-08-03 16:43:57,2,4,5,17.4,45.3,17.6,43.7,0,23
2026-08-03 16:48:57,3,6,7,17.4,45,17.6,43.4,0,25
2026-08-03 16:53:57,2,4,4,17.4,44.7,17.6,42.8,0,23
2026-08-03 16:58:57,13,24,28,17.4,45.1,17.6,43.5,0,23
2026-08-03 17:03:57,3,5,6,17.4,44.9,17.6,43.1,0,31
2026-08-03 17:08:57,2,5,5,17.4,45,17.6,43.7,0,24
2026-08-03 17:13:57,0,2,2,17.4,44.5,17.6,42.8,0,21
2026-08-03 17:18:57,0,1,1,17.3,44.6,17.6,42.7,0,22
2026-08-03 17:23:57,0,1,1,17.3,44.8,17.5,43.1,0,30
2026-08-03 17:28:57,0,1,1,17.3,44.2,17.5,42.5,0,22
2026-08-03 17:33:57,0,1,1,17.3,44.4,17.5,42.6,0,28
2026-08-03 17:38:57,0,0,1,17.3,44.3,17.4,42.6,0,29
2026-08-03 17:43:57,0,1,1,17.2,44.6,17.4,43,0,25
2026-08-03 17:48:57,0,0,0,17.2,45,17.3,43.6,0,23
2026-08-03 17:53:57,0,1,1,17.2,45.1,17.3,43.7,0,27
2026-08-03 17:58:57,0,0,0,17.1,44.9,17.2,43.6,0,27
2026-08-03 18:03:57,0,0,1,17.1,45.2,17.1,43.9,0,24
2026-08-03 18:08:57,0,1,1,17,44.9,17.1,43.7,0,26
2026-08-03 18:13:57,0,1,1,17,45.4,17,44.1,0,22
2026-08-03 18:18:57,0,1,1,16.9,45.7,17,44.7,0,22
2026-08-03 18:23:57,0,5,5,16.9,46.5,17,45.4,0,22
2026-08-03 18:28:58,0,3,3,16.9,46.2,16.9,45.5,0,30
2026-08-03 18:33:57,0,1,1,16.9,46.6,16.9,45.9,0,23
2026-08-03 18:38:57,0,1,1,16.8,46.9,16.8,46.3,0,23
2026-08-03 18:43:57,0,2,2,16.8,46.9,16.8,46.2,0,23
2026-08-03 18:48:57,0,0,1,16.7,46.6,16.7,45.8,0,23
2026-08-03 18:53:58,0,1,1,16.7,46.2,16.6,45,0,23
2026-08-03 18:58:58,0,2,2,16.6,46.3,16.6,45.3,0,23
2026-08-03 19:03:57,0,1,1,16.6,46.5,16.5,45.9,0,23
2026-08-03 19:08:57,1,1,2,16.6,46.8,16.5,46,0,29
2026-08-03 19:13:57,0,0,1,16.5,46.9,16.5,46.2,0,24
2026-08-03 19:18:57,0,1,1,16.5,46.5,16.4,45.7,0,24
2026-08-03 19:23:58,0,0,1,16.4,46.1,16.4,45.3,0,21
2026-08-03 19:28:57,0,0,1,16.4,46.1,16.3,45.4,0,21
2026-08-03 19:33:57,0,0,0,17.8,48.7,21.8,40.1,0,23
2026-08-03 19:38:57,0,1,1,18.8,44,22,35.7,0,23
2026-08-03 19:43:58,0,1,1,18.5,43.4,19.8,38.8,0,21
2026-08-03 19:48:57,2,5,5,18,44.3,18.4,41.8,0,21
2026-08-03 19:53:57,1,2,2,17.6,44.9,17.6,43.2,0,21
2026-08-03 19:58:58,0,0,0,17.2,45.3,17.1,44.3,0,27
2026-08-03 20:03:57,0,1,2,16.9,46.4,16.8,45.7,0,21
2026-08-03 20:08:57,0,1,3,17.8,48.6,20.9,42.4,0,28
2026-08-03 20:13:58,0,1,1,19,43.7,22.5,35.1,0,21
2026-08-03 20:18:58,0,1,1,18.7,42.8,20.1,37.9,0,22
2026-08-03 20:23:58,0,1,1,18.1,43.6,18.6,40.8,0,21
2026-08-03 20:28:58,0,2,2,17.6,44.2,17.7,42.5,0,21
2026-08-03 20:33:58,0,3,3,17.2,45,17.1,44,0,21
2026-08-03 20:38:58,0,2,2,18.8,46.1,23.5,36.4,0,21
2026-08-03 20:43:57,0,1,1,19.6,42.1,23,33.6,0,21
2026-08-03 20:48:58,0,0,1,19,42.1,20.4,37.6,0,21
2026-08-03 20:53:58,0,2,2,18.4,42.9,18.7,40.3,0,21
2026-08-03 20:58:58,0,2,2,17.8,44.4,17.8,43.1,0,21
2026-08-03 21:03:57,0,2,2,17.4,44.8,17.2,43.8,0,21
2026-08-03 21:08:58,0,1,2,19.1,45.5,24.3,35.4,0,21
2026-08-03 21:13:58,0,1,2,20.1,41.7,24.1,32.3,0,21
2026-08-03 21:18:58,0,2,3,19.4,41.5,21,36.5,0,21
2026-08-03 21:23:58,0,0,0,18.6,42.2,19.1,39.6,0,21
2026-08-03 21:28:58,0,1,1,17.9,43.9,18,42.9,0,21
2026-08-03 21:33:58,0,0,0,19.7,44.5,24.9,33.9,0,21
2026-08-03 21:38:58,0,0,0,20.5,40.8,24.3,31.8,0,21
2026-08-03 21:43:58,0,0,0,19.7,40.8,21.1,35.7,0,21
2026-08-03 21:48:58,0,3,3,18.8,41.6,19.2,39.3,0,21
2026-08-03 21:53:58,0,1,1,18.1,42.9,18,41.4,0,21
2026-08-03 21:58:58,0,2,2,17.5,44.2,17.4,44.2,0,21
2026-08-03 22:03:58,0,1,1,19.5,44.9,24.8,34.1,0,21
2026-08-03 22:08:58,0,1,1,20.2,40.8,24,31.9,0,21
2026-08-03 22:13:58,0,1,1,19.5,41.3,20.9,36.6,0,21
2026-08-03 22:18:58,0,1,2,18.6,42.5,19,40.2,0,21
2026-08-03 22:23:58,0,0,1,18,43.6,17.9,42.2,0,21
2026-08-03 22:28:58,0,1,1,18.3,46.4,20.9,41.1,0,21
2026-08-03 22:33:58,0,0,0,20.4,42.6,26.2,30.7,0,21
2026-08-03 22:38:58,0,1,2,20.3,40.3,23.4,32.7,0,21
2026-08-03 22:43:58,0,1,1,19.4,41.2,20.5,37,0,21
2026-08-03 22:48:58,0,1,1,18.6,42.5,18.7,40.6,0,21
2026-08-03 22:53:58,0,0,1,17.9,43.6,17.7,42.3,0,21
2026-08-03 22:58:58,0,0,0,18.7,45.4,22.5,37.9,0,21
2026-08-03 23:03:58,0,0,0,20.5,41.5,26,30.5,0,21
2026-08-03 23:08:58,0,1,1,20.1,40.2,22.7,33.4,0,21
2026-08-03 23:13:58,0,2,2,19.2,41.2,20,37.6,0,21
2026-08-03 23:18:58,0,1,1,18.4,42.5,18.5,40.6,0,21
2026-08-03 23:23:58,0,0,0,18.1,45.2,19.3,43,0,21
2026-08-03 23:28:58,0,0,0,20.3,42.9,26.1,31.1,0,21
2026-08-03 23:33:58,0,1,1,20.7,39.5,24.3,31,0,21
2026-08-03 23:38:58,0,0,0,19.7,40.2,21,35.6,0,21
2026-08-03 23:43:59,0,0,1,18.8,41.9,19,39.6,0,21
2026-08-03 23:48:58,0,0,0,18,43,17.9,41.6,0,21
2026-08-03 23:53:58,0,0,0,19.2,44.3,23.7,35.2,0,21
2026-08-03 23:58:58,0,0,0,20.6,40.5,25.5,30.4,0,21
2026-08-04 00:03:58,0,0,1,20,40.3,22,34.4,0,21
2026-08-04 00:08:58,0,1,1,19,41.5,19.6,38.7,0,21
2026-08-04 00:13:58,0,2,2,18.2,43.2,18.2,41.5,0,21
2026-08-04 00:18:58,0,2,2,19.1,44.5,23.1,36.6,0,21
2026-08-04 00:23:58,0,2,2,20.8,41,26.1,30.1,0,21
2026-08-04 00:28:58,0,4,4,20.3,40.3,22.5,33.9,0,21
2026-08-04 00:33:58,1,4,4,19.2,41.4,19.9,38.2,0,21
2026-08-04 00:38:58,0,3,4,18.4,42.9,18.4,41.3,0,21
2026-08-04 00:43:58,1,1,1,18.1,45.5,19.2,43.7,0,21
2026-08-04 00:48:58,0,3,3,20.3,43.1,26,31.6,0,21
2026-08-04 00:53:58,0,4,4,20.5,40.4,23.8,32.3,0,21
2026-08-04 00:58:58,2,4,4,19.6,41.3,20.7,37,0,21
2026-08-04 01:03:58,1,3,3,18.7,42.3,18.9,40.3,0,21
2026-08-04 01:08:58,1,3,3,18,43.7,17.8,42.6,0,21
2026-08-04 01:13:58,1,3,3,18.8,45.5,22.5,38.1,0,21
2026-08-04 01:18:58,0,1,2,20.7,41.8,26.3,30.4,0,21
2026-08-04 01:23:58,1,4,5,20.3,40.9,22.8,34,0,21
2026-08-04 01:28:58,2,4,4,19.3,41.9,20.1,38.4,0,21
2026-08-04 01:33:58,0,3,3,18.4,42.4,18.4,40.8,0,21
2026-08-04 01:38:59,0,2,2,19.8,43.9,24.5,34.2,0,21
2026-08-04 01:43:58,0,2,2,21.3,40.4,26.9,29.2,0,21
2026-08-04 01:48:58,0,3,3,20.8,39.7,23.2,33.2,0,21
2026-08-04 01:53:58,3,4,5,19.6,41.4,20.3,38.1,0,21
2026-08-04 01:58:58,3,5,6,18.6,43.3,18.7,43.1,1,21
2026-08-04 02:03:58,1,3,3,20.4,43.2,25.6,32.8,0,21
2026-08-04 02:08:59,0,5,5,21.9,40.5,27.9,28.7,0,19
2026-08-04 02:13:58,3,7,7,21.7,38.7,24.8,30.9,0,19
2026-08-04 02:18:58,2,4,4,20.3,39.7,21.3,36,0,19
2026-08-04 02:23:58,1,4,5,19.2,41.8,19.2,41.8,0,19
2026-08-04 02:28:58,0,1,1,20.8,41.4,25.9,31.5,0,19
2026-08-04 02:33:58,0,1,2,21.7,38.6,26,29.2,0,19
2026-08-04 02:38:58,0,2,2,20.6,38.8,22.2,33.9,0,19
2026-08-04 02:43:58,1,3,3,19.4,40.8,19.7,38.5,0,19
2026-08-04 02:48:58,0,2,2,18.4,42.1,18.3,41.1,0,19
2026-08-04 02:53:58,0,1,1,20,43.2,24.8,33.4,0,19
2026-08-04 02:58:59,0,0,0,21.1,39.9,25.7,30.2,0,19
2026-08-04 03:03:59,0,1,1,20.2,39.8,22,34.5,0,19
2026-08-04 03:08:59,0,0,1,19.2,41.5,19.6,38.7,0,19
2026-08-04 03:13:58,0,0,0,19.2,43.9,22,38,0,19
2026-08-04 03:18:59,0,0,0,21.1,40.5,26.9,29.3,0,20
2026-08-04 03:23:59,0,0,1,21,38.9,24,31.4,0,20
2026-08-04 03:28:59,0,0,1,19.8,40,20.8,36.2,0,20
2026-08-04 03:33:59,0,1,1,18.8,41.3,18.9,39.8,0,20
2026-08-04 03:38:59,0,1,1,19.5,43.6,23.5,35.4,0,20
2026-08-04 03:43:59,0,0,1,21.3,40.5,27.3,29.1,0,20
2026-08-04 03:48:58,0,3,3,21.1,39.3,24.2,31.7,0,19
2026-08-04 03:53:59,0,2,3,19.9,40.2,20.9,36.3,0,19
2026-08-04 03:58:59,0,1,1,18.9,43.1,19.4,41.9,0,19
2026-08-04 04:03:59,0,1,1,20.7,41.6,26,31.2,0,19
2026-08-04 04:08:59,0,2,2,21.9,38.8,27.4,28,0,19
2026-08-04 04:13:59,0,3,3,21,38.6,23.4,32.4,0,19
2026-08-04 04:18:59,0,3,3,19.7,40.1,20.3,37.1,0,19
2026-08-04 04:23:59,0,3,3,20.3,41.9,24.5,33.5,0,19
2026-08-04 04:28:59,0,4,4,21.9,39.7,27.7,28.7,0,19
2026-08-04 04:33:59,0,2,3,22.5,37.8,27.1,28.1,0,19
2026-08-04 04:38:59,0,4,5,21.1,38.1,22.8,33.1,0,19
2026-08-04 04:43:59,1,2,2,19.9,41.3,20.7,39,0,19
2026-08-04 04:48:59,1,4,4,21.4,40.1,26.5,30.3,0,19
2026-08-04 04:53:59,1,2,3,22.5,37.8,28,27.2,0,19
2026-08-04 04:58:59,1,3,3,21.7,37.7,23.9,31.4,0,19
2026-08-04 05:03:59,0,4,4,20.2,39.3,20.7,36.3,0,19
2026-08-04 05:08:59,0,1,3,19.9,42,22.4,36.7,0,19
2026-08-04 05:13:59,0,1,1,21.6,39.6,27.2,29.1,0,19
2026-08-04 05:18:59,0,2,2,21.9,37.5,25.7,28.9,0,19
2026-08-04 05:23:59,0,1,1,20.6,38.5,21.8,34.2,0,19
2026-08-04 05:28:59,0,1,1,19.5,41.7,20.1,40,0,19
2026-08-04 05:33:59,0,0,0,21.1,40,26.3,30.3,0,17
2026-08-04 05:38:59,0,1,1,21.9,38.2,26.5,28.5,0,17
2026-08-04 05:43:59,0,3,3,20.8,38.6,22.5,33.4,0,17
2026-08-04 05:48:59,0,4,4,19.5,40.5,19.9,37.9,0,17
2026-08-04 05:53:59,0,1,3,20.7,41.2,25.5,31.9,0,17
2026-08-04 05:58:59,0,0,1,22,38.6,27.7,27.5,0,17
2026-08-04 06:03:59,0,1,2,21.3,38,24,31.3,0,17
2026-08-04 06:08:59,0,0,0,20,39.4,20.7,36,0,17
2026-08-04 06:13:59,0,0,0,19.6,42,22.2,36.6,0,17
2026-08-04 06:18:59,0,0,0,21.3,39.7,27,29.1,0,17
2026-08-04 06:23:59,0,1,1,21.6,38,25.5,29.3,0,17
2026-08-04 06:28:59,0,3,3,20.4,38.8,21.7,34.3,0,17
2026-08-04 06:33:59,0,1,1,19.2,40.9,19.5,39.7,0,17
2026-08-04 06:38:59,0,1,1,20.8,40.7,25.8,30.9,1,17
2026-08-04 06:43:59,0,1,1,22.2,38.6,28.1,27.6,0,17
2026-08-04 06:48:59,0,2,2,22.2,37.5,25.9,29,0,17
2026-08-04 06:54:00,0,3,3,20.7,38.2,21.9,34,0,17
2026-08-04 06:58:59,0,2,2,19.4,40,19.5,38.1,0,17
2026-08-04 07:03:59,0,0,0,20.4,41.1,24.9,32.3,0,20
2026-08-04 07:08:59,0,0,0,22,38.9,27.9,27.8,0,20
2026-08-04 07:13:59,1,4,4,21.8,37.7,25,29.9,0,20
2026-08-04 07:18:59,1,1,1,20.4,38.6,21.3,34.8,0,20
2026-08-04 07:23:59,0,1,1,19.3,42.2,19.8,40.6,0,20
2026-08-04 07:28:59,0,2,3,20.9,40.8,26.2,30.7,0,20
2026-08-04 07:33:59,0,2,2,22.2,38.2,27.5,27.5,0,20
2026-08-04 07:39:02,0,4,4,21.2,38,23.4,32.2,0,20
2026-08-04 07:43:59,0,3,3,19.9,39.5,20.4,36.6,0,20
2026-08-04 07:48:59,0,2,3,19.3,42.4,21.2,38.5,0,20
2026-08-04 07:54:00,0,3,3,21.1,40.4,26.8,29.7,0,23
2026-08-04 07:58:59,1,4,4,21.8,38.2,26.1,28.9,0,20
2026-08-04 08:04:00,1,3,4,20.6,38.9,22.2,34.1,0,23
2026-08-04 08:08:59,5,15,15,19.4,40.5,19.6,38.2,0,20
2026-08-04 08:13:59,9,23,26,19.1,43.7,21.5,39.1,0,23
2026-08-04 08:18:59,3,6,6,21,41.2,26.8,30.3,0,23
2026-08-04 08:23:59,6,11,11,21.5,39.5,25.4,30.6,0,24
2026-08-04 08:28:59,20,31,32,20.3,40.4,21.6,35.8,0,30
2026-08-04 08:34:00,5,8,8,19.5,43.7,21.4,39.6,0,29
2026-08-04 08:38:59,3,6,6,21.2,41.4,26.8,30.7,0,28
2026-08-04 08:43:59,3,7,7,22.4,39.2,28.3,28.1,0,30
2026-08-04 08:49:00,4,5,5,22.4,37.6,25.9,29.4,0,30
2026-08-04 08:53:59,3,4,4,20.9,38.7,21.8,34.8,0,26
2026-08-04 08:58:59,2,5,6,20.6,41.2,23.7,34.8,0,28
2026-08-04 09:04:00,2,6,6,21.9,39.7,27.3,29.3,0,29
2026-08-04 09:09:00,2,2,2,22.7,38.2,28.4,27.5,0,28
2026-08-04 09:14:00,2,3,4,22.7,36.5,26.5,28.3,0,29
2026-08-04 09:18:59,2,4,4,21.1,38,22.3,33.7,0,30
2026-08-04 09:24:00,2,4,5,19.9,41.3,20.7,39.1,0,30
2026-08-04 09:29:00,2,5,5,21.4,40.1,26.5,30.5,0,30
2026-08-04 09:33:59,4,7,8,22.2,38.3,27.1,28.5,0,24
2026-08-04 09:39:00,3,7,7,21.1,38.3,22.9,33.3,0,21
2026-08-04 09:44:00,4,8,9,19.8,40.6,20.1,38.3,0,26
2026-08-04 09:49:00,4,7,7,18.7,42.1,18.5,41.3,0,30
2026-08-04 09:54:00,17,30,33,17.9,44.1,17.6,43.7,0,30
2026-08-04 15:03:16,31,47,56,16.9,53.6,20.4,44.6,0,15
2026-08-04 15:08:16,29,45,52,18.2,50.7,20.3,44.9,0,15
2026-08-04 15:13:17,30,45,56,18.6,49.4,20.1,45.1,0,15
2026-08-04 15:18:16,30,47,55,18.8,48.7,19.9,45.6,0,15
2026-08-04 15:23:17,28,43,50,19.4,50.8,22.3,44.8,0,15
2026-08-04 15:28:16,27,40,47,21.9,47,28.4,33.8,0,15
2026-08-04 15:33:17,29,44,53,23.7,42.8,30.5,30,0,15
2026-08-04 15:38:16,29,45,55,25,40.3,31.3,28.3,0,15
2026-08-04 15:43:17,27,39,46,25.8,38.4,31.8,27.3,0,15
2026-08-04 15:53:17,28,41,49,26.7,36.4,32.3,26.2,0,15
2026-08-04 15:58:16,25,39,46,26.9,35.9,32.3,26.2,0,15
2026-08-04 16:03:17,27,40,48,27,35.4,32.5,25.7,0,15
2026-08-04 16:08:16,28,40,47,27.1,34.8,32.5,25.6,0,15
2026-08-04 16:13:17,26,38,45,27.2,34.7,32.5,25.5,0,15
2026-08-04 16:18:16,28,41,49,27.2,34.5,32.6,25.6,0,15
2026-08-04 16:23:17,27,39,46,27.3,34.2,32.6,25.2,0,15
2026-08-04 16:28:16,26,39,46,27.3,34.2,32.6,25.3,0,15
2026-08-04 16:33:17,23,36,43,27.3,34.2,32.6,25.2,0,15
2026-08-04 16:38:16,26,38,43,27.3,34.2,32.7,25.2,0,15
2026-08-04 16:43:17,26,39,47,27.3,34,32.7,25.1,0,15
2026-08-04 16:48:17,26,40,46,27.4,34,32.7,25.2,0,15
2026-08-04 16:53:17,24,36,42,27.4,33.9,32.7,25,0,15
2026-08-04 16:58:16,24,35,41,27.4,33.9,32.7,25.1,1,15
2026-08-04 17:03:17,23,35,42,27.3,33.7,32.7,25.1,0,15
2026-08-04 17:08:17,23,34,38,27.4,33.8,32.7,25,0,15
2026-08-04 17:13:17,23,36,40,27.3,33.7,32.6,25,0,15
2026-08-04 17:18:16,24,36,41,27.4,33.7,32.7,24.9,1,15
2026-08-04 17:23:17,24,36,41,27.3,33.6,32.6,24.9,0,15
2026-08-04 17:28:17,22,32,36,27.3,33.5,32.6,24.8,0,15
2026-08-04 17:33:17,23,35,40,27.2,33.8,32.5,24.9,0,15
2026-08-04 17:38:17,24,36,41,27.2,33.8,32.6,24.9,0,15
2026-08-04 17:43:17,24,36,40,27.2,33.6,32.6,24.8,0,15
2026-08-04 17:48:17,22,32,34,27.2,33.6,32.5,24.8,0,15
2026-08-04 17:53:17,24,36,41,27.2,33.6,32.5,24.9,0,15
2026-08-04 17:58:17,25,38,45,27.2,33.6,32.5,25,0,15
2026-08-04 18:03:17,26,39,45,27.1,33.8,32.4,24.9,0,15
2026-08-04 18:08:17,24,37,44,27.1,33.7,32.4,24.9,1,15
2026-08-04 18:13:17,25,38,43,27.1,33.8,32.4,25,1,15
2026-08-04 18:18:17,26,38,43,27.1,33.9,32.4,25,0,15
2026-08-04 18:23:17,24,38,46,27,34,32.3,25,0,15
2026-08-04 18:28:17,26,39,46,27,33.7,32.3,25,0,15
2026-08-04 18:33:17,24,35,38,27,33.8,32.3,25.1,0,15
2026-08-04 18:38:17,22,32,36,26.9,33.8,32.1,25.1,0,15
2026-08-04 18:43:17,21,32,33,27,33.9,32.2,25,0,15
2026-08-04 18:48:17,22,31,36,26.9,33.8,32.2,25.1,0,15
2026-08-04 18:53:17,21,32,34,26.9,34.1,32.1,25.1,0,15
2026-08-04 18:58:17,23,33,37,26.9,33.9,32.1,25.1,0,15
2026-08-04 19:03:17,23,35,40,26.9,34,32.1,25.1,0,15
2026-08-04 19:08:17,23,33,39,26.9,34.1,32,25.2,0,15
2026-08-04 19:13:17,24,35,40,26.8,34.1,32.1,25.1,0,15
2026-08-04 19:18:17,23,34,38,26.7,34.2,32,25.1,0,15
2026-08-04 19:23:17,24,35,40,26.7,34.1,31.9,25.2,0,15
2026-08-04 19:28:17,25,39,46,26.6,34.1,31.8,25.2,0,15
2026-08-04 19:33:17,25,38,44,26.7,34.2,31.9,25.2,0,15
2026-08-04 19:38:17,26,40,46,26.6,34.2,31.8,25.3,0,15
2026-08-04 19:43:18,25,36,42,26.6,34.1,31.8,25.2,0,15
2026-08-04 19:48:17,26,39,45,26.6,34.2,31.7,25.2,0,15
2026-08-04 19:53:17,24,36,42,26.5,34.1,31.7,25.3,0,15
2026-08-04 19:58:17,25,39,46,26.5,34.3,31.7,25.4,0,15
2026-08-04 20:03:17,25,36,41,26.5,34.3,31.7,25.4,0,15
2026-08-04 20:08:17,25,36,42,26.4,34.4,31.6,25.4,0,15
2026-08-04 20:13:17,25,39,45,26.5,34.1,31.6,25.4,0,15
2026-08-04 20:18:17,26,40,47,26.5,34.4,31.6,25.5,0,15
2026-08-04 20:23:17,26,38,43,26.4,34.3,31.6,25.4,0,15
2026-08-04 20:28:17,25,36,42,26.4,34.4,31.6,25.4,0,15
2026-08-04 20:33:17,22,34,38,26.5,34.2,31.7,25.4,0,15
2026-08-04 20:38:17,24,36,41,26.4,34.3,31.5,25.6,0,15
2026-08-04 20:43:17,24,36,42,26.4,34.3,31.5,25.5,0,15
2026-08-04 20:48:17,24,37,45,26.4,34.4,31.6,25.5,0,15
2026-08-04 20:53:17,23,35,38,26.4,34.5,31.6,25.4,0,15
2026-08-04 20:58:17,23,33,36,26.4,34.4,31.5,25.5,0,15
2026-08-04 21:03:17,22,33,38,26.3,34.5,31.4,25.6,0,15
2026-08-04 21:08:17,22,33,37,26.3,34.5,31.4,25.5,0,15
2026-08-04 21:13:17,21,33,37,26.3,34.4,31.4,25.5,0,15
2026-08-04 21:18:18,21,34,38,26.3,34.5,31.4,25.5,0,15
2026-08-04 21:23:17,24,35,42,26.3,34.2,31.4,25.4,0,15
2026-08-04 21:28:17,24,36,41,26.3,34.4,31.4,25.5,0,15
2026-08-04 21:33:17,21,33,38,26.2,34.2,31.3,25.5,0,15
2026-08-04 21:38:17,22,34,39,26.1,34.2,31.3,25.4,0,15
2026-08-04 21:43:17,22,32,36,26.1,34.4,31.2,25.4,0,15
2026-08-04 21:48:18,21,32,36,26.1,34.4,31.3,25.5,0,15
2026-08-04 21:53:17,24,36,41,26.1,34.3,31.3,25.4,0,15
2026-08-04 21:58:17,23,34,40,26.2,34.2,31.3,25.4,0,15
2026-08-04 22:03:17,22,34,38,26.2,34.4,31.3,25.4,0,15
2026-08-04 22:08:17,24,34,40,26.2,34.2,31.3,25.4,1,15
2026-08-04 22:13:17,23,35,39,26.2,34.2,31.3,25.3,0,15
2026-08-04 22:18:18,20,29,30,26.1,34.2,31.2,25.1,0,15
2026-08-04 22:23:17,18,26,27,26.1,33.7,31.2,25,0,15
2026-08-04 22:28:18,22,33,35,26.1,33.9,31.2,25.1,0,15
2026-08-04 22:33:17,21,30,31,26.1,34,31.2,25.1,0,15
2026-08-04 22:38:17,20,30,30,26.1,34,31.3,25,0,15
2026-08-04 22:43:18,19,29,30,26.1,33.7,31.2,25,0,15
2026-08-04 22:48:17,19,28,30,26.1,33.8,31.2,25,0,15
2026-08-04 22:53:18,18,26,27,26.1,33.5,31.2,24.8,0,15
2026-08-04 22:58:17,13,24,24,26.1,33.6,31.2,24.7,0,15
2026-08-04 23:03:18,8,18,18,26.1,33.3,31.1,24.6,0,15
2026-08-04 23:08:18,6,15,19,26.1,33.2,31.2,24.5,0,15
2026-08-04 23:13:17,7,17,17,26.1,33.2,31.2,24.5,0,15
2026-08-04 23:18:18,8,18,19,26.1,33.1,31.1,24.4,0,15
2026-08-04 23:23:18,7,14,15,26.1,33.3,31.1,24.5,0,15
2026-08-04 23:28:18,7,9,9,26.1,33.1,31.1,24.5,0,15
2026-08-04 23:33:17,5,13,15,26.1,33,31.1,24.4,0,15
2026-08-04 23:38:19,4,8,8,26.1,32.8,31.1,24.3,0,15
2026-08-04 23:43:17,4,8,10,26,32.9,31.1,24.1,0,15
2026-08-04 23:48:18,5,8,9,26.1,32.6,31.1,24.2,1,15
2026-08-04 23:53:17,7,12,12,26.1,33.2,31.1,24.4,0,15
2026-08-04 23:58:18,5,13,14,26.1,32.8,31.2,24.3,0,15
2026-08-05 00:03:17,6,14,15,26.1,32.9,31.1,24.2,0,15
2026-08-05 00:08:18,8,18,18,26,33,31,24.4,0,15
2026-08-05 00:13:17,6,16,19,26,32.9,31.1,24.2,0,15
2026-08-05 00:18:18,6,16,18,26,32.8,31.1,24.2,0,15
2026-08-05 00:23:18,4,8,8,26,32.4,31.1,23.8,0,15
2026-08-05 00:28:18,4,7,7,26,32.2,31,23.7,0,15
2026-08-05 00:33:17,4,10,10,26,32.4,31.1,23.7,0,15
2026-08-05 00:38:18,4,8,10,26,32.7,31,24.1,0,15
2026-08-05 00:43:18,7,9,12,26,32.6,31.1,24,0,15
2026-08-05 00:48:18,5,7,7,26,32.5,31.1,23.8,0,15
2026-08-05 00:53:18,3,8,8,26,32.6,31,23.9,0,15
2026-08-05 00:58:18,3,13,13,25.9,32.3,31,23.9,0,15
2026-08-05 01:03:18,6,9,9,26,32.5,31,23.9,0,15
2026-08-05 01:08:18,3,6,6,25.9,32.5,30.9,24,0,15
2026-08-05 01:13:18,4,7,7,25.9,32.5,30.9,23.9,0,15
2026-08-05 01:18:18,4,10,10,25.9,32.5,31,23.9,0,15
2026-08-05 01:23:18,6,11,12,25.9,32.4,31,23.7,0,15
2026-08-05 01:28:18,5,11,12,25.9,32.3,30.9,23.8,1,15
2026-08-05 01:33:18,6,14,15,25.9,32.5,30.9,23.8,1,15
2026-08-05 01:38:18,9,19,20,25.9,32.3,30.9,23.8,0,15
2026-08-05 01:43:18,8,20,22,25.9,32.6,31,23.9,0,15
2026-08-05 01:48:18,8,18,18,25.9,32.5,30.9,23.9,0,15
2026-08-05 01:53:18,8,16,19,25.9,32.1,30.9,23.8,0,15
2026-08-05 01:58:17,8,18,19,25.9,32.5,30.9,24.1,0,15
2026-08-05 02:03:18,16,28,28,25.9,33.2,30.9,24.6,0,15
2026-08-05 02:08:18,20,30,31,25.9,33.4,30.8,24.8,0,15
2026-08-05 02:13:18,14,25,25,25.9,33.3,31,24.5,0,15
2026-08-05 02:18:18,11,22,23,25.8,33.2,30.9,24.4,0,15
2026-08-05 02:23:18,8,20,20,25.8,32.8,30.8,24.1,0,15
2026-08-05 02:28:18,5,9,11,25.8,32.2,30.8,23.8,0,15
2026-08-05 02:33:18,7,16,17,25.8,32.6,30.9,23.9,1,15
2026-08-05 02:38:18,8,19,21,25.8,32.8,30.9,24.3,0,15
2026-08-05 02:43:18,12,22,24,25.8,32.9,30.8,24.4,0,15
2026-08-05 02:48:18,15,24,26,25.8,33,30.9,24.4,0,15
2026-08-05 02:53:18,12,23,24,25.7,33.1,30.8,24.5,1,15
2026-08-05 02:58:18,11,23,23,25.7,32.8,30.8,24.2,0,15
2026-08-05 03:03:18,9,22,22,25.7,32.9,30.8,24.2,0,15
2026-08-05 03:08:18,12,23,26,25.7,32.9,30.7,24.4,0,15
2026-08-05 03:13:18,18,30,34,25.7,33.4,30.8,24.8,0,15
2026-08-05 03:18:18,13,25,26,25.7,33.2,30.8,24.6,0,15
2026-08-05 03:23:18,17,26,27,25.7,33.2,30.8,24.7,1,15
2026-08-05 03:28:18,15,23,24,25.7,33.3,30.7,24.8,0,15
2026-08-05 03:33:18,11,23,24,25.7,33.2,30.7,24.6,0,15
2026-08-05 03:38:18,8,21,22,25.7,32.8,30.7,24.4,0,15
2026-08-05 03:43:18,7,18,18,25.7,33.1,30.7,24.4,0,15
2026-08-05 03:48:18,5,15,16,25.7,32.2,30.7,23.6,0,15
2026-08-05 03:53:18,6,13,16,25.7,32.1,30.7,23.7,0,15
2026-08-05 03:58:18,5,11,11,25.7,32.1,30.7,23.7,1,15
2026-08-05 04:03:18,4,11,11,25.7,32.2,30.8,23.6,0,15
2026-08-05 04:08:19,4,6,6,25.8,31.7,30.8,23.3,0,15
2026-08-05 04:13:18,2,5,6,25.8,31.8,30.8,23.3,0,15
2026-08-05 04:18:18,1,4,4,25.8,31.3,30.8,23,0,15
2026-08-05 04:23:18,0,2,2,25.8,31.4,30.7,23.1,0,15
2026-08-05 04:28:18,0,2,2,25.8,31.4,30.8,23.1,0,15
2026-08-05 04:33:18,0,0,1,25.9,31.1,30.9,22.8,0,15
2026-08-05 04:38:18,0,0,0,25.9,31.1,30.9,22.6,0,15
2026-08-05 04:43:19,0,0,0,25.9,30.7,30.8,22.5,0,15
2026-08-05 04:48:18,0,0,0,25.9,30.7,30.9,22.4,0,15
2026-08-05 04:53:18,0,0,0,25.9,30.6,31,22.2,1,15
2026-08-05 04:58:18,0,0,0,25.9,30.5,30.9,22.1,0,15
2026-08-05 05:03:18,0,0,0,26,30.5,31,22.1,0,15
2026-08-05 05:08:19,0,0,0,26,30.5,30.9,22.2,0,15
2026-08-05 05:13:18,0,0,0,26,30.6,31,22.2,0,15
2026-08-05 05:18:18,0,0,1,26,30.6,31,22.2,0,15
2026-08-05 05:23:19,0,0,0,26,30.8,31,22.1,0,15
2026-08-05 05:28:18,0,0,0,26,30.7,30.9,22.2,0,15
2026-08-05 05:33:19,0,0,0,26,30.8,31,22.4,0,15
2026-08-05 05:38:18,0,0,0,26,30.9,31,22.4,0,15
2026-08-05 05:43:18,0,0,1,26,31,31,22.5,0,15
2026-08-05 05:48:18,0,0,0,26,30.8,31,22.4,0,15
2026-08-05 05:53:19,0,0,0,26,30.3,31,21.8,0,15
2026-08-05 05:58:18,0,0,0,26,30.3,31,21.7,1,15
2026-08-05 06:03:18,0,0,0,26,30.1,31,21.6,0,15
2026-08-05 06:08:18,0,0,0,26,30.1,31,21.6,0,15
2026-08-05 06:13:19,0,0,0,26,29.3,31,20.8,0,15
2026-08-05 06:18:18,0,0,0,26,29.5,31.1,21,0,15
2026-08-05 06:23:19,0,0,0,26,29.7,31,21.2,0,15
2026-08-05 06:28:18,0,0,0,26.1,29.5,31.1,21.1,0,15
2026-08-05 06:33:19,0,0,0,26.1,29.7,31.1,21.2,0,15
2026-08-05 06:38:18,0,0,0,26.1,29.7,31.1,21.3,0,15
2026-08-05 06:43:19,0,0,0,26.1,29.7,31.1,21.2,0,15
2026-08-05 06:48:18,0,0,0,26.1,29.7,31,21.4,1,15
2026-08-05 06:53:19,0,0,0,26.1,29.6,31.1,21.2,0,15
2026-08-05 06:58:18,0,0,0,26.1,29.5,31,21.2,0,15
2026-08-05 07:03:19,0,0,0,26.1,29.3,31.1,21,0,15
2026-08-05 07:08:18,0,0,0,26.1,29.4,31.1,21,0,15
2026-08-05 07:13:19,0,0,0,26.1,29.5,31.1,21,0,15
2026-08-05 07:18:18,0,0,0,26.1,29,31.1,20.6,0,15
2026-08-05 07:23:19,0,0,0,26.1,29.3,31.1,20.9,0,15
2026-08-05 07:28:19,0,0,0,26.1,29.5,31.2,21,0,15
2026-08-05 07:33:19,0,0,0,26.1,28.9,31.2,20.6,1,15
2026-08-05 07:38:18,0,0,0,26.1,29.1,31.1,20.9,0,15
2026-08-05 07:43:19,0,0,0,26.2,29.4,31.2,20.8,1,15
2026-08-05 07:48:18,0,0,0,26.2,29.1,31.2,20.7,0,15
2026-08-05 07:53:19,0,0,0,26.1,28.6,31.1,20.5,0,15
2026-08-05 07:58:18,0,0,0,26.1,29,31.1,20.5,0,15
2026-08-05 08:03:19,2,6,6,26.1,29.8,31.2,21.6,0,15
2026-08-05 08:08:18,11,24,25,26.1,31.1,31.2,22.5,0,15
2026-08-05 08:13:19,17,30,33,26.1,31.5,31.2,22.8,0,15
2026-08-05 08:18:18,19,28,30,26.1,31.5,31.2,22.8,0,15
2026-08-05 08:23:19,17,24,26,26.1,31,31.1,22.4,0,15
2026-08-05 08:28:18,3,5,5,26.1,30,31.1,21.4,0,15
2026-08-05 08:33:19,1,4,4,26,29.5,31.1,20.9,1,15
2026-08-05 08:38:18,0,2,2,26,28.8,31,20.6,1,15
2026-08-05 08:43:19,0,4,4,26,29.4,31.1,21,0,15
2026-08-05 08:48:19,6,16,18,26.1,29.8,31.1,21.4,0,15
2026-08-05 08:53:19,10,24,24,26.1,30.1,31.1,21.6,0,15
2026-08-05 08:58:19,12,25,25,26.1,30.3,31.2,21.8,1,15
2026-08-05 09:03:19,13,25,27,26.1,30.5,31.1,21.9,1,15
2026-08-05 09:08:19,11,24,25,26.1,30.6,31.2,22,0,15
2026-08-05 09:13:19,5,18,22,26.1,30.3,31.1,21.8,0,15
2026-08-05 09:18:19,5,9,11,26.1,30.3,31.2,21.7,0,15
2026-08-05 09:23:19,6,13,16,26.1,30.2,31.2,21.6,0,15
2026-08-05 09:28:19,8,20,23,26.1,30.3,31.2,21.8,0,15
2026-08-05 09:33:19,3,8,8,26.1,30.1,31.3,21.5,0,15
2026-08-05 09:38:19,4,10,10,26.2,30.1,31.3,21.6,0,15
2026-08-05 09:43:19,4,8,9,25.4,30.6,28.5,23.8,0,15
2026-08-05 09:48:19,3,8,8,23.3,31.8,24.4,28.3,0,15
2026-08-05 09:53:19,8,20,23,21.7,34,21.9,31.8,0,15
2026-08-05 09:58:19,22,37,43,20.4,36.1,20.4,34.6,0,15
2026-08-05 10:03:18,25,39,47,19.5,37.7,19.4,36.2,0,15
2026-08-05 10:08:19,18,32,33,18.8,38.8,18.8,37.7,0,15
2026-08-05 10:13:19,20,35,39,18.4,39.8,18.4,38.2,0,15
2026-08-05 10:18:19,3,8,12,18.1,40.3,18.1,38.8,0,15
2026-08-05 10:23:19,3,8,8,17.8,40.9,17.9,39.5,0,15
2026-08-05 10:28:19,24,35,42,17.6,41.4,17.7,39.7,0,15
2026-08-05 10:33:19,13,29,29,17.5,42.6,17.6,40.9,0,15
2026-08-05 10:38:19,15,29,30,17.3,42.8,17.5,41.1,0,15
2026-08-05 10:43:20,6,22,24,17.3,43.4,17.4,41.9,0,15
2026-08-05 10:48:19,7,22,22,17.2,44,17.4,42.7,0,15
2026-08-05 10:53:19,6,15,20,17.1,43.4,17.3,41.8,0,15
2026-08-05 10:58:19,4,13,15,17.1,42.9,17.3,40.7,0,15
2026-08-05 11:03:19,1,3,4,17.1,41.6,17.3,39.4,0,15
2026-08-05 11:08:20,1,3,3,17.1,41.9,17.3,40,0,15
2026-08-05 11:13:19,0,3,3,17.1,41.8,17.3,40.3,0,15
2026-08-05 11:18:20,0,4,4,17.1,43.4,17.3,41.6,0,15
2026-08-05 11:23:19,2,6,7,17.1,43.5,17.4,41.6,0,15
2026-08-05 11:28:19,2,5,6,17.2,43.8,17.5,42,0,15
2026-08-05 11:33:19,1,5,6,17.3,44,17.5,42.2,0,15
2026-08-05 11:38:19,2,6,7,17.3,43.6,17.6,41.5,0,15
2026-08-05 11:43:19,5,13,15,17.3,44.1,17.7,42,0,15
2026-08-05 11:48:20,2,6,6,17.4,43.7,17.7,41.6,0,15
2026-08-05 11:53:19,1,4,4,17.5,43,17.8,40.6,0,15
2026-08-05 11:58:20,2,4,4,17.5,42.9,17.9,40.4,0,15
2026-08-05 12:03:19,3,6,7,17.6,43,17.9,40.6,0,15
2026-08-05 12:08:19,5,19,21,17.6,43.3,18,41.1,0,15
2026-08-05 12:13:19,13,24,26,17.6,44.3,18.1,42.2,0,15
2026-08-05 12:18:19,7,19,19,17.7,44.2,18.2,42.4,0,15
2026-08-05 12:23:19,7,22,24,17.8,44.3,18.3,42.1,0,15
2026-08-05 12:28:19,14,26,32,17.9,44.5,18.3,42.6,0,15
2026-08-05 12:33:19,13,27,27,17.9,44.5,18.4,42.4,0,15
2026-08-05 12:38:20,25,38,45,17.9,45.4,18.4,43.7,0,15
2026-08-05 12:43:20,28,43,51,18,46.2,18.5,44.3,0,15
2026-08-05 12:48:20,33,52,67,18,47,18.6,45.3,0,15
2026-08-05 12:53:19,37,60,74,18.1,47.3,18.7,45.8,0,15
2026-08-05 12:58:20,38,61,76,18.2,47.5,18.8,45.7,0,15
2026-08-05 13:03:21,41,70,81,18.2,47.8,18.9,46.2,0,15
2026-08-05 13:08:19,39,65,76,18.2,47.8,18.9,46.2,0,15
2026-08-05 13:13:20,35,60,72,20.2,48.1,25.4,37.2,0,15
2026-08-05 13:18:19,34,56,67,22.2,43.9,28.6,31.2,0,15
2026-08-05 13:23:20,44,78,82,22.4,40.5,26,32,0,15
2026-08-05 13:28:19,32,52,65,21.5,39.3,23.3,34.3,0,15
2026-08-05 13:33:20,34,60,71,20.7,40.6,21.7,37.4,0,15
2026-08-05 13:38:19,34,55,70,20.2,40.6,20.9,38,0,15
2026-08-05 13:43:20,30,49,61,19.7,40.1,20.4,37.6,0,15
2026-08-05 13:48:19,29,48,58,19.4,39.2,20.1,36.4,0,15
2026-08-05 13:53:20,27,43,51,19.2,38.2,19.8,35.3,0,15
2026-08-05 13:58:19,23,38,43,19,37.6,19.7,34.4,0,15
2026-08-05 14:03:21,23,36,43,18.9,37.5,19.7,34.7,0,15
2026-08-05 14:08:20,25,42,52,18.8,37.4,19.6,34.1,0,15
2026-08-05 14:13:20,24,42,49,18.8,37.4,19.5,34.2,0,15
2026-08-05 14:18:20,27,45,53,18.7,37.7,19.5,34.5,0,15
2026-08-05 14:23:19,28,44,53,18.7,37.7,19.4,34.6,0,15
2026-08-05 14:28:20,25,43,52,18.7,37.4,19.4,34.3,0,15
2026-08-05 14:33:19,25,42,50,18.6,37.9,19.3,34.9,0,15
2026-08-05 14:38:20,28,43,51,18.6,38,19.2,35.1,0,15
2026-08-05 14:43:20,28,45,56,18.6,37.6,19.2,34.4,0,15
2026-08-05 14:48:20,27,42,52,18.5,37.2,19.1,34.2,0,15
2026-08-05 14:53:19,27,44,52,18.5,37.2,19.1,34.3,0,15
2026-08-05 14:58:20,29,48,56,18.4,36.8,19,34,0,15
2026-08-05 15:03:19,25,43,49,18.4,36.9,19,33.8,0,15
2026-08-05 15:08:21,24,39,46,18.4,36.8,18.9,33.5,0,15
2026-08-05 15:13:19,25,39,45,18.3,36.6,18.9,33.2,0,15
2026-08-05 15:18:20,29,45,56,18.3,36.6,18.8,33.6,0,15
2026-08-05 15:23:20,26,42,50,18.2,37,18.8,34.1,0,15
2026-08-05 15:28:20,25,41,48,18.2,36.6,18.7,33.2,0,15
2026-08-05 15:33:20,26,40,47,18.2,36.7,18.7,33.7,0,15
2026-08-05 15:38:20,25,40,46,18.1,36.7,18.7,33.7,0,15
2026-08-05 15:43:20,24,37,44,18.1,36.8,18.6,33.3,0,15
2026-08-05 15:48:20,26,40,49,18.1,36.6,18.6,33.5,0,15
2026-08-05 15:53:19,26,40,49,18.1,36.7,18.6,33.6,0,15
2026-08-05 15:58:21,25,39,45,18.1,37.1,18.5,33.8,0,15
2026-08-05 16:03:19,26,42,51,18.1,37.2,18.5,34,0,15
2026-08-05 16:08:20,26,42,52,18,37.2,18.5,34.2,0,15
2026-08-05 16:13:19,25,42,51,18,37.1,18.5,33.8,0,15
2026-08-05 16:18:20,25,38,48,18,37.9,18.4,34.9,0,15
2026-08-05 16:23:20,25,40,50,18,38.1,18.4,35.1,0,15
2026-08-05 16:28:20,27,43,53,18,38.1,18.4,35.2,0,15
2026-08-05 16:33:20,28,44,52,17.9,38.3,18.4,35.4,0,15
2026-08-05 16:38:20,26,44,51,17.9,38,18.3,35.2,0,15
2026-08-05 16:43:20,26,43,51,17.9,38.6,18.3,35.8,0,15
2026-08-05 16:48:20,27,43,51,17.9,38.7,18.3,35.9,0,15
2026-08-05 16:53:20,26,42,52,17.9,38.6,18.3,35.7,0,15
2026-08-05 16:58:20,25,40,49,17.9,38.2,18.2,35.4,0,15
2026-08-05 17:03:20,24,40,46,17.8,38,18.2,35.1,0,15
2026-08-05 17:08:20,21,32,39,17.8,37.6,18.1,34.5,0,15
2026-08-05 17:13:20,16,31,33,17.8,37.3,18.1,34.3,0,15
2026-08-05 17:18:20,9,23,23,17.8,37.2,18,34.1,0,15
2026-08-05 17:23:20,8,23,23,17.7,37.3,18,34.2,0,15
2026-08-05 17:28:21,8,21,25,17.6,37.4,17.9,34.3,0,15
2026-08-05 17:33:20,7,20,23,17.6,37.5,17.9,34.4,0,15
2026-08-05 17:38:21,24,41,49,17.5,37.6,17.8,34.6,0,15
2026-08-05 17:43:20,26,43,54,17.5,37.7,17.7,34.8,0,15
2026-08-05 17:48:20,15,27,30,17.4,38.1,17.7,35.3,0,15
2026-08-05 17:53:20,7,19,20,18.5,39.7,22.1,32.7,0,15
2026-08-05 17:58:20,6,13,16,21.1,36.1,27.6,24.5,0,15
2026-08-05 18:03:20,4,8,8,22.7,33.2,29.2,22.5,0,15
2026-08-05 18:08:20,5,11,12,23.6,30.8,28.8,21.7,0,15
2026-08-05 18:13:20,6,18,18,22.8,31.6,25.7,25.6,0,15
2026-08-05 18:18:20,6,13,16,24,31,29.5,21.9,0,15
2026-08-05 18:23:20,7,18,21,24.2,30.1,28.1,22.2,0,15
2026-08-05 18:28:20,6,15,17,22.7,30.5,24.2,25.5,0,15
2026-08-05 18:33:21,8,20,23,21.2,32,21.8,28.6,0,15
2026-08-05 18:38:20,5,13,15,22,33.2,26.2,25.5,0,15
2026-08-05 18:43:21,5,13,13,23.6,30.9,29.6,21.4,0,15
2026-08-05 18:48:20,5,8,11,24.7,29.8,30.6,20.2,0,15
2026-08-05 18:53:21,4,9,12,25.3,29.5,30.9,20.2,0,15
2026-08-05 18:58:20,5,7,8,25.6,28.6,31.1,19.9,0,15
2026-08-05 19:03:21,4,8,8,25.8,28,31.3,19.3,0,15
2026-08-05 19:08:20,6,9,9,26,27.6,31.4,19,0,15
2026-08-05 19:13:21,4,7,8,26.2,27.3,31.5,18.9,0,15
2026-08-05 19:18:21,3,5,5,26.2,27.3,31.5,18.8,0,15
2026-08-05 19:23:20,3,7,9,26.2,27,31.5,18.7,0,15
2026-08-05 19:28:20,3,6,6,26.2,27.2,31.5,18.6,0,15
2026-08-05 19:33:20,3,7,7,26.3,27,31.5,18.4,0,15
2026-08-05 19:38:20,5,10,10,26.3,26.6,31.5,18.2,0,15
2026-08-05 19:43:20,3,9,9,26.3,26.8,31.5,18.5,0,15
2026-08-05 19:48:21,5,11,12,26.3,27.2,31.5,18.8,0,15
2026-08-05 19:53:20,4,7,8,26.4,27.1,31.6,18.6,0,15
2026-08-05 19:58:21,5,8,9,26.4,26.9,31.6,18.5,0,15
2026-08-05 20:03:20,2,5,5,26.4,26.9,31.5,18.6,0,15
2026-08-05 20:08:20,5,11,13,26.4,26.8,31.6,18.5,0,15
2026-08-05 20:13:20,3,6,6,26.4,26.9,31.6,18.6,0,15
2026-08-05 20:18:21,3,7,7,26.4,26.7,31.6,18.4,0,15
2026-08-05 20:23:20,3,6,7,26.4,26.9,31.5,18.6,0,15
2026-08-05 20:28:21,5,9,11,26.4,26.7,31.6,18.4,0,15
2026-08-05 20:33:20,3,8,10,26.4,26.8,31.5,18.4,0,15
2026-08-05 20:38:21,4,6,6,26.4,26.6,31.6,18.4,0,15
2026-08-05 20:43:20,3,7,7,26.3,26.8,31.5,18.3,0,15
2026-08-05 20:48:21,3,8,8,26.3,26.6,31.5,18.3,0,15
2026-08-05 20:53:21,3,7,8,26.3,26.4,31.5,18.2,0,15
2026-08-05 20:58:20,5,9,9,26.3,26.7,31.4,18.3,0,15
2026-08-05 21:03:20,5,11,11,26.2,26.9,31.3,18.6,0,15
2026-08-05 21:08:21,6,8,8,26.1,26.9,31.3,18.6,0,15
2026-08-05 21:13:20,5,8,8,26.2,26.8,31.4,18.5,0,15
2026-08-05 21:18:21,4,8,10,26.2,26.9,31.3,18.7,0,15
2026-08-05 21:23:21,4,10,10,26.2,27.1,31.3,18.7,0,15
2026-08-05 21:28:21,5,8,10,26.2,27.2,31.3,18.9,0,15
2026-08-05 21:33:21,7,15,16,26.2,27.5,31.3,19,0,15
2026-08-05 21:38:21,8,16,19,26.2,27.5,31.3,19.3,0,15
2026-08-05 21:43:21,6,13,17,26.1,27.6,31.2,19.2,0,15
2026-08-05 21:48:21,3,8,8,26.1,27.6,31.2,19.1,0,15
2026-08-05 21:53:21,3,7,8,26.1,27.5,31.2,19,0,15
2026-08-05 21:58:21,4,10,10,26.1,27.3,31.2,19.1,0,15
2026-08-05 22:03:21,5,7,7,26.1,27.9,31.3,19.4,0,15
2026-08-05 22:08:20,5,8,9,26.2,27.7,31.3,19.2,0,15
2026-08-05 22:13:21,2,5,7,26.2,27.5,31.4,19,0,15
2026-08-05 22:18:20,3,6,6,26.2,27.5,31.3,19,0,15
2026-08-05 22:23:21,0,3,4,26.2,27.1,31.3,18.7,0,15
2026-08-05 22:28:21,2,4,5,26.2,27.1,31.3,18.8,0,15
2026-08-05 22:33:21,1,2,2,26.2,27.1,31.3,18.7,0,15
2026-08-05 22:38:21,0,2,2,26.2,26.8,31.3,18.5,0,15
2026-08-05 22:43:21,0,0,0,26.2,26.7,31.3,18.4,0,15
2026-08-05 22:48:21,0,1,2,26.2,26.6,31.3,18.3,0,15
2026-08-05 22:53:21,0,0,0,26.2,26.6,31.4,18.3,0,15
2026-08-05 22:58:20,0,0,1,26.2,26.3,31.3,18.1,0,15
2026-08-05 23:03:21,0,0,1,26.2,26.3,31.3,18.1,0,15
2026-08-05 23:08:21,0,0,0,26.2,26.3,31.3,18.2,0,15
2026-08-05 23:13:21,0,0,0,26.2,26.1,31.4,18,0,15
2026-08-05 23:18:21,0,0,0,26.3,26.1,31.4,17.9,0,15
2026-08-05 23:23:21,0,0,0,26.3,26.1,31.3,18.1,0,15
2026-08-05 23:28:21,0,0,0,26.2,26.1,31.3,18,0,15
2026-08-05 23:33:22,0,0,0,26.2,26.5,31.3,18.1,0,15
2026-08-05 23:38:21,0,0,0,26.2,26.2,31.3,18,0,15
2026-08-05 23:43:21,0,0,0,26.2,26.3,31.3,17.9,0,15
2026-08-05 23:48:20,0,0,0,26.2,26.2,31.3,17.9,0,15
2026-08-05 23:53:21,0,0,0,26.2,26.3,31.4,18.1,0,15
2026-08-05 23:58:21,0,0,0,26.2,26.1,31.4,17.9,1,15
2026-08-06 00:03:21,0,0,0,26.3,26.3,31.3,18.1,0,15
2026-08-06 00:08:21,0,0,0,26.2,26,31.3,18,0,15
2026-08-06 00:13:21,0,0,0,26.2,26.4,31.3,17.9,0,15
2026-08-06 00:18:21,0,0,0,26.2,26.1,31.2,18,0,15
2026-08-06 00:23:22,0,0,0,26.2,26.5,31.2,18.2,0,15
2026-08-06 00:28:21,0,1,2,26.2,26.7,31.3,18.5,0,15
2026-08-06 00:33:22,5,8,11,26.2,27.8,31.2,19.5,0,15
2026-08-06 00:38:21,3,7,8,26.2,28.3,31.3,19.7,0,15
2026-08-06 00:43:21,3,6,6,26.2,28,31.3,19.7,0,15
2026-08-06 00:48:21,1,3,3,26.2,28.3,31.2,19.8,0,15
2026-08-06 00:53:21,1,3,4,26.1,28.4,31.1,19.9,0,15
2026-08-06 00:58:21,0,5,5,26,28.6,31,20,0,15
2026-08-06 01:03:22,0,3,4,26,28.8,31,20.4,0,15
2026-08-06 01:08:21,4,8,8,25.9,29.8,31,20.8,0,15
2026-08-06 01:13:21,2,4,5,25.9,30.2,31,21.6,0,15
2026-08-06 01:18:21,0,2,3,25.8,30.5,30.9,21.7,0,15
2026-08-06 01:23:22,0,1,1,25.7,30.9,30.8,22.2,0,15
2026-08-06 01:28:21,0,0,0,25.6,31.2,30.7,22.6,0,15
2026-08-06 01:33:22,0,0,0,25.5,31.3,30.5,22.7,0,15
2026-08-06 01:38:21,0,0,0,25.4,31.5,30.5,22.9,1,15
2026-08-06 01:43:22,0,0,0,25.3,31.5,30.4,22.8,0,15
2026-08-06 01:48:21,0,0,0,25.3,31.6,30.4,22.9,0,15
2026-08-06 01:53:22,0,0,0,25.3,31.8,30.3,23.1,0,15
2026-08-06 01:58:21,0,0,0,25.1,32.2,30.2,23.4,0,15
2026-08-06 02:03:22,0,0,0,25.1,32.2,30.1,23.2,0,15
2026-08-06 02:08:21,0,0,0,25,32.2,30,23.4,0,15
2026-08-06 02:13:21,0,0,0,25,32.3,30,23.5,0,15
2026-08-06 02:18:21,0,0,0,25,32.7,30,23.8,0,15
2026-08-06 02:23:21,0,0,0,25,32.6,29.9,23.7,0,15
2026-08-06 02:28:21,0,0,0,24.9,32.6,29.8,24,0,15
2026-08-06 02:33:21,0,0,0,24.8,32.8,29.8,24,0,15
2026-08-06 02:38:21,0,0,0,24.9,33.1,29.8,24.4,0,15
2026-08-06 02:43:22,0,0,0,24.8,32.9,29.7,24,0,15
2026-08-06 02:48:21,0,0,0,24.8,32.7,29.7,23.8,0,15
2026-08-06 02:53:21,0,0,0,24.7,32.7,29.7,23.7,0,15
2026-08-06 02:58:23,0,0,0,24.7,32.4,29.7,23.5,0,15
2026-08-06 03:03:21,0,0,0,24.6,32.4,29.6,23.6,0,15
2026-08-06 03:08:21,0,0,0,24.6,32.4,29.5,23.6,0,15
2026-08-06 03:13:22,0,0,0,24.6,32.6,29.5,23.6,0,15
2026-08-06 03:18:21,0,0,0,24.5,32,29.4,23.3,0,15
2026-08-06 03:23:22,0,0,0,24.5,32,29.3,23.2,0,15
2026-08-06 03:28:21,0,0,0,24.4,31.9,29.4,23.3,0,15
2026-08-06 03:33:22,0,0,0,24.4,31.7,29.4,23.1,0,15
2026-08-06 03:38:21,0,0,0,24.4,31.5,29.3,22.7,0,15
2026-08-06 03:43:22,0,0,0,24.3,31.4,29.1,22.7,0,15
2026-08-06 03:48:21,0,0,0,24.2,31.7,29,23.2,0,15
2026-08-06 03:53:22,0,0,0,24.1,31.8,29,23.3,0,15
2026-08-06 03:58:22,0,0,0,24.2,32.3,29,23.6,0,15
2026-08-06 04:03:22,0,0,0,24.1,31.9,29,23.3,0,15
2026-08-06 04:08:22,0,0,0,24,31.7,28.9,23.1,0,15
2026-08-06 04:13:21,0,0,0,23.9,31.7,28.9,23,0,15
2026-08-06 04:18:26,0,0,0,23.9,31.9,28.9,23.4,0,15
2026-08-06 04:23:22,0,0,0,23.9,31.9,29,23.2,0,15
2026-08-06 04:28:23,0,0,0,23.9,32.2,29,23.1,1,15
2026-08-06 04:33:22,0,0,0,23.9,31.6,28.9,22.8,0,15
2026-08-06 04:38:22,0,0,0,23.8,31.7,28.8,23,0,15
2026-08-06 04:43:22,0,0,0,23.9,31.9,28.9,23,0,15
2026-08-06 04:48:22,0,0,0,23.9,31.6,28.9,22.9,0,15
2026-08-06 04:53:22,0,0,0,23.8,31.4,28.7,22.7,0,15
2026-08-06 04:58:21,0,0,0,23.5,31.2,28.4,22.7,0,15
2026-08-06 05:03:22,0,0,0,23.4,31.3,28.4,22.6,0,15
2026-08-06 05:08:21,0,0,0,23.3,31.4,28.2,22.8,0,15
2026-08-06 05:13:22,0,0,0,23.3,31.5,28.3,22.8,0,15
2026-08-06 05:18:22,0,0,0,23.2,31.7,28.1,23.1,0,15
2026-08-06 05:23:22,0,0,0,23.2,31.8,28.1,23.1,0,15
2026-08-06 05:28:22,0,0,0,23.2,31.4,28.1,22.9,0,15
2026-08-06 05:33:22,0,0,0,23.1,31.5,28.1,22.9,0,15
2026-08-06 05:38:23,0,0,0,23.2,31.6,28.1,23.1,0,15
2026-08-06 05:43:22,0,0,0,23.2,32.2,28.1,23.5,0,15
2026-08-06 05:48:22,0,0,0,23.3,31.9,28.1,23.1,0,15
2026-08-06 05:53:22,0,0,0,23.3,31.7,28.2,23.2,0,15
2026-08-06 05:58:22,0,0,0,23.3,31.9,28.1,23.4,0,15
2026-08-06 06:03:22,0,0,0,23.2,31.8,28.1,23.2,0,15
2026-08-06 06:08:22,0,0,0,23.2,31.9,28.1,23.6,0,15
2026-08-06 06:13:22,0,0,0,23.2,32.2,28,23.6,0,15
2026-08-06 06:18:22,0,0,0,23.3,32,28.1,23.5,0,15
2026-08-06 06:23:22,0,0,0,23.3,32.1,28.1,23.6,0,15
2026-08-06 06:28:23,0,0,0,23.2,32.1,28,23.7,0,15
2026-08-06 06:33:22,0,0,0,23.2,32,28,23.5,0,15
2026-08-06 06:38:22,0,0,0,23.3,32,28,23.4,0,15
2026-08-06 06:43:22,0,0,0,23.2,31.9,28,23.3,0,15
2026-08-06 06:48:22,0,0,0,23.3,31.5,28.1,23.1,0,15
2026-08-06 06:53:22,0,0,0,23.2,31.4,28,22.9,0,15
2026-08-06 06:58:22,0,0,0,23.1,31.6,27.9,23,0,15
2026-08-06 07:03:22,0,0,0,23.1,31.6,27.9,23.2,0,15
2026-08-06 07:08:22,0,0,0,23.1,31.9,28,23.5,0,15
2026-08-06 07:13:22,0,0,0,23.2,31.6,28,23.1,1,15
2026-08-06 07:18:23,0,0,0,23,31.9,27.8,23.4,0,15
2026-08-06 07:23:23,0,0,0,22.9,31.6,27.7,23.2,0,15
2026-08-06 07:28:22,0,0,0,23,31.7,27.8,23.3,0,15
2026-08-06 07:33:23,0,0,0,23,31.5,27.8,23,0,15
2026-08-06 07:38:23,0,0,0,23,31.8,27.8,23.3,0,15
2026-08-06 07:43:22,0,0,0,23,31.8,27.8,23.3,0,15
2026-08-06 07:48:22,0,0,0,23,31.8,27.7,23.4,0,15
2026-08-06 07:53:23,0,0,0,22.9,31.5,27.6,23.1,0,15
2026-08-06 07:58:23,0,0,0,22.9,31.6,27.6,23.1,0,15
2026-08-06 08:03:23,0,0,0,22.9,31.8,27.7,23.2,0,15
2026-08-06 08:08:23,0,0,0,22.9,31.8,27.7,23.3,0,15
2026-08-06 08:13:23,0,0,0,22.9,31.7,27.6,23.4,0,15
2026-08-06 08:18:23,0,0,0,22.9,31.7,27.6,23.3,0,15
2026-08-06 08:23:23,0,4,4,22.9,31.9,27.7,23.3,0,15
2026-08-06 08:28:23,0,0,0,22.9,31.9,27.6,23.4,0,15
2026-08-06 08:33:22,0,0,0,22.8,32.4,27.6,23.8,0,15
2026-08-06 08:38:23,0,0,0,22.8,32.1,27.6,23.4,0,15
2026-08-06 08:43:22,0,0,0,22.9,31.9,27.5,23.4,0,15
2026-08-06 08:48:23,0,0,0,22.9,31.6,27.6,23.2,0,15
2026-08-06 08:53:22,0,0,0,22.8,31.8,27.6,23.4,0,15
2026-08-06 08:58:23,0,0,0,22.8,32,27.6,23.5,0,15
2026-08-06 09:03:23,0,0,0,22.9,32.2,27.7,23.7,0,15
2026-08-06 09:08:23,0,0,0,22.9,31.9,27.7,23.4,0,15
2026-08-06 09:13:23,0,0,0,23,32,27.8,23.3,0,15
2026-08-06 09:18:23,0,0,0,23,31.9,27.8,23.5,0,15
2026-08-06 09:23:23,0,0,0,23,31.8,27.8,23.4,0,15
2026-08-06 09:28:23,0,0,0,23.2,32.1,28,23.6,0,15
2026-08-06 09:33:23,0,1,3,23.3,32.5,28.1,24,0,15
2026-08-06 09:38:23,0,0,0,23.4,32.4,28.2,23.9,0,15
2026-08-06 09:43:23,0,0,0,23.5,32.4,28.3,23.8,0,15
2026-08-06 09:48:23,0,0,0,23.6,32,28.6,23.5,0,15
2026-08-06 09:53:23,0,0,0,23.8,32,28.7,23.4,0,15
2026-08-06 09:58:23,0,0,0,23.7,32,28.1,24,0,15
2026-08-06 10:03:24,0,0,0,22.2,32.6,23.7,28.2,0,15
2026-08-06 10:08:23,0,0,0,20.4,34.3,20.6,32.6,0,15
2026-08-06 10:13:23,0,0,0,19.2,36.7,18.9,35.3,0,15
2026-08-06 10:18:23,0,0,0,18.3,38.5,18,37.6,0,15
2026-08-06 10:23:23,0,0,0,17.7,40.1,17.6,39.4,0,15
2026-08-06 10:28:23,0,0,0,17.4,41.4,17.4,40.2,0,15
2026-08-06 10:33:23,0,0,0,17.2,41.8,17.4,40.3,0,15
2026-08-06 10:38:23,0,0,0,17.2,41.7,17.5,40,0,15
2026-08-06 10:43:23,0,0,0,17.2,42.6,17.6,40.6,0,15
2026-08-06 10:48:23,0,0,0,17.2,42.8,17.7,40.6,0,15
2026-08-06 10:53:23,0,0,1,17.3,42.4,17.9,40,0,15
2026-08-06 10:58:23,0,0,0,17.4,42.7,18,39.9,0,15
2026-08-06 11:03:23,0,0,0,17.5,43.2,18.2,40.5,0,15
2026-08-06 11:08:23,0,0,0,17.7,43.3,18.4,40.6,0,15
2026-08-06 11:13:23,2,3,3,17.8,43.7,18.6,40.8,0,15
2026-08-06 11:18:23,1,5,5,18,44,18.8,41.1,0,15
2026-08-06 11:23:24,1,3,3,18.1,44.1,19,41.1,0,15
2026-08-06 11:28:23,2,5,5,18.2,44,19.2,40.9,0,15
2026-08-06 11:33:23,2,5,5,18.4,44.3,19.5,41.3,0,15
2026-08-06 11:38:23,2,3,4,18.6,43.7,19.6,40.4,0,15
2026-08-06 11:43:23,1,4,5,18.7,43.8,19.9,40.4,0,15
2026-08-06 11:48:24,2,4,5,18.8,43.4,20,40.1,0,15
2026-08-06 11:53:24,1,5,6,19,43.3,20.2,40,0,15
2026-08-06 11:58:23,1,4,4,19.1,43.5,20.4,39.8,0,15
2026-08-06 12:03:24,1,4,4,19.2,43.1,20.6,39.2,0,15
2026-08-06 12:08:24,1,4,4,19.4,42,20.8,38.1,0,15
2026-08-06 12:13:24,0,4,4,19.5,41.9,21,38.1,0,15
2026-08-06 12:18:24,2,5,5,19.7,42.2,21.1,38.3,0,15
2026-08-06 12:23:23,2,6,7,19.8,41.9,21.3,38,0,15
2026-08-06 12:28:24,4,8,8,19.9,42.4,21.5,38.3,0,15
2026-08-06 12:33:23,3,7,7,20,42,21.7,37.9,0,15
2026-08-06 12:38:23,3,6,6,20.2,42.3,,,0,15
2026-08-06 12:43:23,2,5,6,20.4,41.8,,,0,15
2026-08-06 12:48:23,2,7,7,20.6,41.3,,,0,15
2026-08-06 12:58:24,3,5,7,21,41,,,0,15
2026-08-06 13:03:23,3,7,7,21.3,40.4,,,0,15
2026-08-06 13:08:23,3,7,7,21.6,40.3,,,0,15
2026-08-06 13:13:24,11,20,22,21.8,40.2,,,0,15
2026-08-06 13:18:23,5,8,8,22.1,39.5,,,0,15
2026-08-06 13:23:24,4,8,13,22.4,39.4,,,0,15
2026-08-06 13:28:23,3,7,7,22.8,38.7,,,0,15
2026-08-06 13:33:24,3,6,7,23.2,38.2,,,0,15
2026-08-06 13:38:23,5,7,8,23.7,38.2,,,0,15
2026-08-06 13:43:23,18,31,33,24.3,37.1,,,0,15
2026-08-06 13:48:23,13,24,25,25,36.4,,,0,15
2026-08-06 13:53:24,5,12,12,25.6,35.4,,,0,15
2026-08-06 13:58:24,6,15,15,26.3,34.6,,,0,15
2026-08-06 14:03:23,7,17,18,26.9,33.6,,,0,15
2026-08-06 14:08:24,7,19,19,27.6,32.8,,,0,15
2026-08-06 14:13:24,8,21,21,28.3,31.9,,,0,15
2026-08-06 14:18:23,8,18,19,28.9,31.2,,,0,15
2026-08-06 14:23:24,11,23,24,29.7,30.5,,,0,15
2026-08-06 14:28:24,13,22,22,29.7,30.2,,,0,15
2026-08-06 14:33:24,12,24,24,29.1,29.8,,,0,15
2026-08-06 14:38:23,11,21,21,28.4,30.1,,,0,15
2026-08-06 14:43:24,15,25,25,27.6,30.5,,,0,15
2026-08-06 14:48:24,20,25,26,26.8,31.1,,,0,15
2026-08-06 14:53:23,16,25,25,26,31.6,,,0,15
2026-08-06 14:58:25,19,28,28,25.3,32.7,,,0,15
2026-08-06 15:03:24,18,31,32,24.6,33.2,26.7,28.5,0,15
2026-08-06 15:08:24,19,29,30,23.9,33.6,26,28.9,0,15
2026-08-06 15:13:24,19,30,33,23.4,34.4,25.4,30,0,15
2026-08-06 15:18:24,21,32,35,22.9,35.6,24.9,30.8,0,15
2026-08-06 15:23:24,22,32,36,22.5,36.3,24.4,31.7,0,15
2026-08-06 15:28:23,21,29,30,22.2,36.6,24,31.9,0,15
2026-08-06 15:33:24,21,29,31,21.9,36.9,23.6,32.2,0,15
2026-08-06 15:38:24,18,28,29,21.6,37.4,23.3,33.1,0,15
2026-08-06 15:43:24,17,26,26,21.3,37.7,22.9,33.2,0,15
2026-08-06 15:48:24,17,26,28,21.1,38.2,22.6,34.1,0,15
2026-08-06 15:53:24,15,26,27,20.9,38.5,22.4,34.3,0,15
2026-08-06 15:58:24,17,28,28,20.7,38.8,22.1,34.7,0,15
2026-08-06 16:03:24,17,28,29,20.5,39.1,21.9,35.1,0,15
2026-08-06 16:08:25,14,28,28,20.4,38.8,,,0,15
2026-08-06 16:13:24,11,23,24,20.2,39.1,,,0,15
2026-08-06 16:18:24,13,26,26,20,39.5,,,0,15
2026-08-06 16:23:24,15,27,28,19.9,40,,,0,15
2026-08-06 16:28:24,12,25,25,19.8,40.7,,,0,15
2026-08-06 16:33:24,12,24,24,19.7,40.3,,,0,15
2026-08-06 16:38:24,12,21,23,19.5,41,,,0,15
2026-08-06 16:43:24,13,25,25,19.4,41.3,,,0,15
2026-08-06 16:48:24,11,25,26,19.4,41.9,,,0,15
2026-08-06 16:53:24,7,21,21,19.3,41.4,,,0,15
2026-08-06 16:58:24,7,19,20,19.2,41.5,,,0,15
2026-08-06 17:03:24,7,20,20,19.1,41.7,,,0,15
2026-08-06 17:08:25,8,21,21,19,41.9,,,0,15
2026-08-06 17:13:24,8,21,21,18.9,42,,,0,15
2026-08-06 17:18:24,8,19,21,18.9,42.7,,,0,15
2026-08-06 17:23:24,7,18,21,18.8,42.7,,,0,15
2026-08-06 17:28:24,6,18,21,18.7,43.3,,,0,15
2026-08-06 17:33:24,6,17,18,18.6,43.2,,,0,15
2026-08-06 17:38:25,7,17,23,18.6,43.6,,,0,15
2026-08-06 17:43:24,6,18,24,18.5,43.6,,,0,15
2026-08-06 17:48:24,8,21,21,18.4,43.8,,,0,15
2026-08-06 17:53:25,8,20,23,18.3,43.8,,,0,15
2026-08-06 17:58:24,8,20,21,18.3,43.8,,,0,15
2026-08-06 18:03:24,5,18,18,18.2,44.2,,,0,15
2026-08-06 18:08:24,7,15,19,18.1,44.3,,,0,15
2026-08-06 18:13:25,4,7,7,18.9,46.5,,,0,15
2026-08-06 18:18:24,2,6,7,21.5,42.7,,,0,15
2026-08-06 18:23:24,2,7,7,23.2,39,,,0,15
2026-08-06 18:28:25,3,7,7,24.6,36.8,,,0,15
2026-08-06 18:33:24,4,9,11,24.7,34.7,,,0,15
2026-08-06 18:38:24,3,5,5,24.3,36.2,,,0,15
2026-08-06 18:43:25,4,8,8,25.1,34.8,,,0,15
2026-08-06 18:48:24,2,7,7,25.7,33.4,,,0,15
2026-08-06 18:53:24,3,5,5,26.1,33.1,,,0,15
2026-08-06 18:58:25,3,5,8,26.3,32.7,,,0,15
2026-08-06 19:03:24,2,6,6,26.4,32.1,31.9,22.9,0,15
2026-08-06 19:08:24,1,5,5,26.6,31.7,32.1,22.5,0,15
2026-08-06 19:13:24,0,2,3,26.6,31.4,32.1,22.3,0,15
2026-08-06 19:18:24,1,4,4,26.7,31,32.2,21.9,1,15
2026-08-06 19:23:24,0,2,2,26.7,30.5,32.2,21.8,0,15
2026-08-06 19:28:24,0,3,3,26.7,30.7,32.1,21.7,0,15
2026-08-06 19:33:25,0,2,2,26.7,30.4,32,21.6,0,15
2026-08-06 19:38:24,0,2,3,26.6,30.3,32,21.5,0,15
2026-08-06 19:43:25,0,3,3,26.6,30.5,32,21.5,0,15
2026-08-06 19:48:24,1,3,3,26.6,30.3,32,21.3,0,15
2026-08-06 19:53:25,0,2,2,26.5,30.1,31.9,21.3,0,15
2026-08-06 19:58:24,1,3,4,26.5,30.5,31.9,21.4,0,15
2026-08-06 20:03:25,0,2,3,26.5,30.4,31.8,21.7,0,15
2026-08-06 20:08:25,1,3,3,26.5,30.6,31.8,21.7,0,15
2026-08-06 20:13:24,0,3,4,26.5,30.5,31.9,21.5,0,15
2026-08-06 20:18:25,1,5,5,26.5,30.2,31.8,21.4,0,15
2026-08-06 20:23:24,2,4,4,26.4,30.3,31.7,21.5,0,15
2026-08-06 20:28:24,2,5,5,26.4,30.6,31.7,21.7,0,15
2026-08-06 20:33:25,3,8,9,26.3,30.8,31.6,22,0,15
2026-08-06 20:38:25,4,8,9,26.3,31.1,31.6,22.1,0,15
2026-08-06 20:43:24,4,10,10,26.3,31.1,31.6,22.2,0,15
2026-08-06 20:48:25,5,9,9,26.3,31.1,31.6,22.1,0,15
2026-08-06 20:53:24,1,4,4,26.2,30.8,31.5,22,0,15
2026-08-06 20:58:25,0,3,4,26.1,30.6,31.4,21.8,0,15
2026-08-06 21:03:24,0,4,4,26,30.4,31.3,21.8,1,15
2026-08-06 21:08:25,0,2,2,26,30.5,31.2,21.6,0,15
2026-08-06 21:13:25,0,6,6,26,30.5,31.2,21.7,0,15
2026-08-06 21:18:25,1,4,5,26,30.5,31.2,21.8,0,15
2026-08-06 21:23:24,1,7,7,25.9,30.5,31.1,22,0,15
2026-08-06 21:28:25,2,5,5,25.9,30.5,31.1,21.9,0,15
2026-08-06 21:33:25,3,8,8,25.9,30.5,31.1,22,0,15
2026-08-06 21:38:25,3,8,8,25.9,30.8,31.1,22.1,0,15
2026-08-06 21:43:24,2,3,4,25.9,30.7,31,22.1,1,15
2026-08-06 21:48:25,2,6,6,25.9,30.7,31.1,22,0,15
2026-08-06 21:53:25,0,5,5,25.9,30.5,31.1,21.8,0,15
2026-08-06 21:58:25,3,6,7,25.9,30.7,31,22,0,15
2026-08-06 22:03:25,3,7,7,25.8,30.4,31,22,0,15
2026-08-06 22:08:24,3,8,8,25.8,30.6,31,22.1,0,15
2026-08-06 22:13:25,5,9,11,25.8,30.8,31,22.3,0,15
2026-08-06 22:18:25,4,8,8,25.8,30.9,31,22.1,1,15
2026-08-06 22:23:25,5,9,9,25.7,30.9,30.9,22.3,0,15
2026-08-06 22:28:24,4,8,8,25.7,31,30.9,22.3,0,15
2026-08-06 22:33:25,3,8,8,25.8,31.1,30.8,22.5,0,15
2026-08-06 22:38:25,3,7,8,25.7,31,30.9,22.2,1,15
2026-08-06 22:43:25,4,6,6,25.7,31,30.8,22.4,0,15
2026-08-06 22:48:25,2,4,4,25.7,31.1,30.8,22.4,0,15
2026-08-06 22:53:25,3,7,7,25.6,31.1,30.8,22.3,0,15
2026-08-06 22:58:25,2,5,5,25.6,31.1,30.8,22.4,0,15
2026-08-06 23:03:25,1,5,5,25.6,31.1,30.6,22.4,0,15
2026-08-06 23:08:25,1,7,8,25.6,31.2,30.7,22.6,0,15
2026-08-06 23:13:25,4,7,7,25.6,31.1,30.6,22.6,0,15
2026-08-06 23:18:25,4,6,7,25.5,31.1,30.6,22.6,0,15
2026-08-06 23:23:25,2,6,6,25.5,31.4,30.6,22.8,0,15
2026-08-06 23:28:25,3,6,7,25.5,31.5,30.6,22.8,0,15
2026-08-06 23:33:25,4,6,6,25.5,31.5,30.6,22.8,0,15
2026-08-06 23:38:24,2,7,8,25.5,31.4,30.6,22.7,0,15
2026-08-06 23:43:25,1,6,7,25.5,31.3,30.6,22.6,0,15
2026-08-06 23:48:25,4,9,9,25.5,31.4,30.5,22.8,0,15
2026-08-06 23:53:25,3,8,11,25.5,31.3,30.5,22.7,0,15
2026-08-06 23:58:25,4,8,9,25.5,31.5,30.6,22.7,0,15
2026-08-07 00:03:25,4,7,7,25.5,31.3,30.6,22.6,0,15
2026-08-07 00:08:25,4,8,9,25.5,31.2,30.6,22.6,0,15
2026-08-07 00:13:25,4,9,9,25.5,31.6,30.5,22.9,0,15
2026-08-07 00:18:25,3,7,7,25.5,31.4,30.5,22.8,0,15
2026-08-07 00:23:25,1,6,6,25.4,31.6,30.4,23,0,15
2026-08-07 00:28:25,3,8,9,25.4,31.5,30.5,22.8,1,15
2026-08-07 00:33:26,4,11,12,25.4,31.6,30.5,22.9,0,15
2026-08-07 00:38:25,3,7,7,25.4,31.5,30.5,22.8,0,15
2026-08-07 00:43:25,3,7,8,25.4,31.6,30.4,22.9,0,15
2026-08-07 00:48:25,3,8,8,25.4,31.7,30.4,23,0,15
2026-08-07 00:53:25,3,6,6,25.3,31.7,30.3,23.1,0,15
2026-08-07 00:58:25,5,11,11,25.3,31.7,30.4,23.2,0,15
2026-08-07 01:03:25,4,8,9,25.3,32,30.4,23.2,0,15
2026-08-07 01:08:25,5,8,9,25.3,31.7,30.4,23,0,15
2026-08-07 01:13:25,4,7,8,25.3,31.6,30.4,22.9,0,15
2026-08-07 01:18:25,4,7,7,25.3,31.6,30.4,22.9,0,15
2026-08-07 01:23:25,3,10,10,25.3,31.6,30.4,22.9,0,15
2026-08-07 01:28:25,5,11,11,25.3,31.4,30.3,22.9,0,15
2026-08-07 01:33:25,4,8,9,25.3,31.7,30.3,23,0,15
2026-08-07 01:38:25,7,16,16,25.3,31.7,30.3,23.1,0,15
2026-08-07 01:43:25,6,14,17,25.3,31.6,30.3,23.1,0,15
2026-08-07 01:48:25,5,12,13,25.3,31.8,30.2,23.3,0,15
2026-08-07 01:53:25,4,15,15,25.3,32,30.3,23.2,0,15
2026-08-07 01:58:25,6,10,11,25.3,31.9,30.3,23.2,1,15
2026-08-07 02:03:25,5,12,13,25.3,31.8,30.2,23.3,0,15
2026-08-07 02:08:25,4,8,8,25.3,31.9,30.3,23.3,0,15
2026-08-07 02:13:26,5,10,11,25.2,31.9,30.3,23.3,0,15
2026-08-07 02:18:26,4,10,13,25.2,32.2,30.2,23.5,0,15
2026-08-07 02:33:26,4,8,9,25.2,31.9,30.2,23.3,0,15
2026-08-07 02:38:25,6,13,13,25.2,32,30.2,23.4,0,15
2026-08-07 02:43:25,5,11,13,25.2,32.1,30.2,23.4,0,15
2026-08-07 02:48:25,2,7,7,25.2,32,30.2,23.3,0,15
2026-08-07 02:53:25,4,9,12,25.2,32,30.2,23.6,0,15
2026-08-07 02:58:25,4,10,11,25.2,32.3,30.1,23.5,0,15
2026-08-07 03:03:25,4,11,12,25.2,32.1,30.2,23.5,0,15
2026-08-07 03:08:25,4,10,11,25.1,32.2,30.1,23.6,0,15
2026-08-07 03:13:25,5,8,11,25.1,32.3,30.1,23.7,0,15
2026-08-07 03:18:25,5,12,12,25.1,32.4,30.1,23.7,0,15
2026-08-07 03:23:25,6,15,15,25,32.4,30.1,23.8,0,15
2026-08-07 03:28:25,5,11,13,25.1,32.3,30,23.7,0,15
2026-08-07 03:33:25,5,12,15,25,32.2,30.1,23.6,0,15
2026-08-07 03:38:26,6,14,16,25,32.4,30,23.7,0,15
2026-08-07 03:43:26,4,11,13,25,32.5,29.9,23.8,0,15
2026-08-07 03:48:26,5,11,11,24.9,32.6,30,23.8,0,15
2026-08-07 03:53:25,4,9,9,24.9,32.5,29.9,23.7,0,15
2026-08-07 03:58:25,5,17,17,24.9,32.6,29.9,23.9,0,15
2026-08-07 04:03:26,6,17,18,24.8,32.7,29.8,23.9,0,15
2026-08-07 04:08:25,7,19,19,24.8,32.8,29.7,24,0,15
2026-08-07 04:13:25,4,8,11,24.7,32.9,29.7,24,0,15
2026-08-07 04:18:26,6,13,13,24.7,32.8,29.6,24.1,0,15
2026-08-07 04:23:26,7,15,16,24.7,32.9,29.6,24.1,0,15
2026-08-07 04:28:25,7,18,18,24.7,33,29.7,24.1,1,15
2026-08-07 04:33:25,4,16,16,24.7,32.9,29.5,24.3,0,15
2026-08-07 04:38:26,6,17,18,24.7,33,29.6,24.2,0,15
2026-08-07 04:43:26,6,17,17,24.7,33.1,29.6,24.2,0,15
2026-08-07 04:48:26,7,17,18,24.7,33,29.6,24.3,0,15
2026-08-07 04:53:25,6,11,13,24.7,32.9,29.6,24.2,0,15
2026-08-07 04:58:26,4,12,13,24.6,32.9,29.6,24.2,0,15
2026-08-07 05:03:26,4,7,8,24.6,33,29.5,24.3,0,15
2026-08-07 05:08:26,3,11,13,24.6,32.8,29.4,24.4,0,15
2026-08-07 05:13:25,7,17,19,24.6,33,29.5,24.4,0,15
2026-08-07 05:18:26,6,13,15,24.7,33.1,29.6,24.4,0,15
2026-08-07 05:23:25,4,13,15,24.6,33.1,29.5,24.4,0,15
2026-08-07 05:28:26,5,16,18,24.6,33,29.6,24.3,0,15
2026-08-07 05:33:26,5,11,11,24.6,32.9,29.5,24.3,0,15
2026-08-07 05:38:25,5,15,18,24.6,33.1,29.5,24.5,0,15
2026-08-07 05:43:26,4,13,14,24.6,33.3,29.4,24.5,0,15
2026-08-07 05:48:26,6,17,19,24.6,33.2,29.6,24.4,0,15
2026-08-07 05:53:26,6,15,16,24.6,33.2,29.5,24.4,0,15
2026-08-07 05:58:26,7,19,19,24.5,33.2,29.5,24.5,0,15
2026-08-07 06:03:26,7,22,23,24.5,33.4,29.4,24.6,0,15
2026-08-07 06:08:26,7,18,18,24.4,33.2,29.3,24.5,0,15
2026-08-07 06:13:26,8,18,19,24.4,33.5,29.3,24.7,0,15
2026-08-07 06:18:26,6,16,19,24.4,33.5,29.2,24.7,0,15
2026-08-07 06:23:26,6,15,16,24.4,33.4,29.2,24.7,0,15
2026-08-07 06:28:26,7,19,19,24.3,33.5,29.2,24.7,0,15
2026-08-07 06:33:26,6,16,17,24.4,33.3,29.3,24.7,0,15
2026-08-07 06:38:26,6,19,19,24.4,33.5,29.4,24.6,0,15
2026-08-07 06:43:26,6,15,16,24.4,33.2,29.3,24.5,0,15
2026-08-07 06:48:26,7,15,17,24.4,33.1,29.3,24.5,0,15
2026-08-07 06:53:26,6,19,19,24.3,33.2,29.3,24.5,0,15
2026-08-07 06:58:26,7,17,17,24.3,32.9,29.2,24.4,0,15
2026-08-07 07:03:26,5,19,19,24.4,33,29.3,24.2,0,15
2026-08-07 07:08:26,8,18,19,24.4,32.9,29.3,24.2,0,15
2026-08-07 07:13:26,8,15,16,24.3,32.9,29.2,24.2,0,15
2026-08-07 07:18:26,6,16,19,24.3,32.8,29.3,24.2,0,15
2026-08-07 07:23:26,7,17,19,24.3,32.8,29.2,24.1,0,15
2026-08-07 07:28:26,7,19,20,24.3,32.9,29.2,24.1,0,15
2026-08-07 07:33:26,6,17,17,24.3,33,29.2,24.3,0,15
2026-08-07 07:38:26,5,15,16,24.3,32.9,29.2,24,0,15
2026-08-07 07:43:26,7,18,20,24.2,32.8,29.1,24.1,0,15
2026-08-07 07:48:26,7,17,18,24.2,32.7,29.1,24.1,0,15
2026-08-07 07:53:26,6,16,18,24.2,32.7,29.1,24.1,0,15
2026-08-07 07:58:27,7,20,20,24.2,32.8,29.1,24.1,0,15
2026-08-07 08:03:26,6,17,18,24.2,32.7,29.1,24.2,1,15
2026-08-07 08:08:27,9,20,20,24.1,33,29,24.4,0,15
2026-08-07 08:13:26,6,16,18,24.1,32.9,29,24.2,0,15
2026-08-07 08:18:26,8,22,24,24.1,33.2,29,24.6,0,15
2026-08-07 08:23:26,8,22,23,24.1,33.6,29,24.7,0,15
2026-08-07 08:28:26,6,18,21,24.1,33.4,29.1,24.6,0,15
2026-08-07 08:33:26,7,18,19,24.2,33.5,29,24.7,0,15
2026-08-07 08:38:28,6,19,19,24.2,33.3,29.1,24.5,0,15
2026-08-07 08:43:27,9,20,22,24.3,33.2,29.1,24.6,0,15
2026-08-07 08:48:26,12,26,26,24.3,33.4,29.1,24.7,0,15
2026-08-07 08:53:26,11,23,24,24.3,33.5,29.2,24.8,0,15
2026-08-07 08:58:26,9,23,24,24.4,33.6,29.2,24.8,0,15
2026-08-07 09:03:26,11,22,23,24.4,33.5,29.2,24.9,0,15
2026-08-07 09:08:26,11,22,22,24.4,33.6,29.2,24.9,0,15
2026-08-07 09:13:26,7,21,21,24.4,33.6,29.3,24.9,0,15
2026-08-07 09:18:26,10,22,23,24.4,33.7,29.3,24.9,0,15
2026-08-07 09:23:26,15,27,27,24.4,33.7,29.3,24.9,0,15
2026-08-07 09:28:26,20,29,31,24.5,33.5,29.3,24.8,0,15
2026-08-07 09:33:26,21,30,33,24.5,33.5,29.3,24.8,0,15
2026-08-07 09:38:26,17,28,30,24.4,33.5,29.2,24.8,0,15
2026-08-07 09:43:27,18,27,29,24.5,33.4,29.4,24.6,0,15
2026-08-07 09:48:26,19,29,29,24.6,33.3,29.5,24.5,0,15
2026-08-07 09:53:27,20,31,33,24.5,33.4,29.3,24.7,0,15
2026-08-07 09:58:26,21,32,37,24.5,33.5,29.3,24.8,0,15
2026-08-07 10:03:26,22,35,39,24.5,33.4,29.4,24.7,0,15
2026-08-07 10:08:26,22,35,40,24.5,33.2,29.3,24.7,0,15
2026-08-07 10:13:27,23,38,44,24.5,33.3,29.3,24.7,0,15
2026-08-07 10:18:26,23,36,42,24.5,33.2,29.4,24.6,0,15
2026-08-07 10:23:26,24,35,42,24.5,33.2,29.5,24.5,0,15
2026-08-07 10:28:27,23,36,42,24.5,33.3,29.5,24.6,0,15
2026-08-07 10:33:27,24,35,42,24.5,33.2,29.5,24.5,0,15
2026-08-07 10:38:27,24,37,45,24.5,33.1,29.4,24.5,0,15
2026-08-07 10:43:26,26,39,47,24.5,33.2,29.5,24.5,0,15
2026-08-07 10:48:27,24,38,46,24.5,33.2,29.5,24.4,0,15
2026-08-07 10:53:27,24,38,43,24.5,33.4,29.4,24.6,0,15
2026-08-07 10:58:27,24,39,45,24.5,33.3,29.5,24.5,0,15
2026-08-07 11:03:26,24,39,46,24.5,33.2,29.4,24.6,0,15
2026-08-07 11:08:27,25,40,49,24.5,33.3,29.5,24.6,0,15
2026-08-07 11:13:27,25,40,48,24.5,33.4,29.4,24.7,0,15
2026-08-07 11:18:26,30,46,57,24.5,33.6,29.4,24.8,0,15
2026-08-07 11:23:27,29,44,54,24.6,33.7,29.5,24.6,0,15
2026-08-07 11:28:27,24,37,45,24.5,33.5,29.5,24.9,0,15
2026-08-07 11:33:27,25,39,46,24.6,33.6,29.5,24.7,0,15
2026-08-07 11:38:27,27,41,49,24.6,33.6,29.5,25,0,15
2026-08-07 11:43:26,25,39,46,24.6,33.6,29.6,24.7,0,15
2026-08-07 11:48:27,25,39,47,24.6,33.3,29.6,24.7,0,15
2026-08-07 11:53:27,27,41,49,24.6,33.5,29.6,24.8,0,15
2026-08-07 11:58:27,26,42,52,24.7,33.5,29.6,24.8,0,15
2026-08-07 12:03:27,25,41,49,24.7,33.5,29.7,24.7,1,15
2026-08-07 12:08:26,26,39,47,24.8,33.6,29.7,24.9,0,15
2026-08-07 12:13:27,23,36,42,24.8,33.7,29.8,24.7,0,15
2026-08-07 12:18:28,22,34,40,24.9,33.4,29.9,24.6,0,15
2026-08-07 12:23:27,24,39,47,25,33.4,30,24.6,0,15
2026-08-07 12:28:27,23,34,40,25.1,33.3,30.2,24.5,0,15
2026-08-07 12:33:27,22,34,39,25.2,32.8,30.3,24.3,0,15
2026-08-07 12:38:27,21,33,36,25.3,33,30.4,24.3,0,15
2026-08-07 12:43:27,20,30,33,25.4,32.6,30.5,24,0,15
2026-08-07 12:48:27,22,33,36,25.5,32.5,30.6,23.9,0,15
2026-08-07 12:53:27,22,34,38,25.5,32.5,30.6,24.1,0,15
2026-08-07 12:58:27,22,33,38,25.6,32.5,30.6,24.1,0,15
2026-08-07 13:03:27,22,34,40,25.6,32.6,30.7,24,0,15
2026-08-07 13:08:27,25,41,48,25.4,32.5,29.6,24.8,0,15
2026-08-07 13:13:27,29,45,55,23.6,33.8,25.2,29.6,0,15
2026-08-07 13:18:27,31,48,61,21.8,36.3,22.3,33.9,0,15
2026-08-07 13:23:28,27,42,51,21.3,38.8,23.9,34.1,0,15
2026-08-07 13:28:27,24,39,46,23,37.2,28.5,27.2,0,15
2026-08-07 13:33:27,27,41,49,24,34.9,29.5,25.2,0,15
2026-08-07 13:38:27,32,50,62,23,35.4,25.6,29.4,0,15
2026-08-07 13:43:27,32,51,63,21.6,37,22.6,33.5,0,15
2026-08-07 13:48:27,34,54,66,20.4,38.7,,,0,15
2026-08-07 13:53:27,31,51,62,19.6,40.1,,,0,15
2026-08-07 13:58:27,31,49,60,19,41.1,,,0,15
2026-08-07 14:03:27,30,48,59,18.6,42.4,,,0,15
2026-08-07 14:08:27,29,45,55,18.2,43.1,,,0,15
2026-08-07 14:13:27,24,39,48,20.2,43.4,,,0,15
2026-08-07 14:18:27,23,36,42,22.2,39.7,,,0,15
2026-08-07 14:23:27,23,38,46,23.5,37.4,,,0,15
2026-08-07 14:28:27,23,35,39,24.4,36.1,,,0,15
2026-08-07 14:33:27,25,40,48,24.9,34.9,,,0,15
2026-08-07 14:38:27,22,34,41,25.2,34.1,,,0,15
2026-08-07 14:43:27,22,37,42,25.5,33.8,,,0,15
2026-08-07 14:48:27,21,33,37,25.6,33.4,,,0,15
2026-08-07 14:53:27,21,32,35,25.7,33.2,,,0,15
2026-08-07 14:58:27,20,32,35,25.7,33.2,,,0,15
2026-08-07 15:03:27,21,32,35,25.7,33.2,31,24.2,0,15
2026-08-07 15:08:27,18,29,34,25.7,32.9,31,24,0,15
2026-08-07 15:13:27,20,32,34,25.7,32.7,31,24,0,15
2026-08-07 15:18:27,21,32,35,25.7,32.9,30.9,24.1,0,15
2026-08-07 15:23:27,22,33,40,25.7,32.9,30.9,24,0,15
2026-08-07 15:28:27,18,30,30,25.6,32.8,30.9,24,0,15
2026-08-07 15:33:27,18,31,34,25.6,32.8,30.7,24,0,15
2026-08-07 15:38:27,15,27,27,25.5,32.6,30.7,24,0,15
2026-08-07 15:43:27,8,22,23,25.5,32.8,30.6,23.9,0,15
2026-08-07 15:48:28,10,21,21,25.4,32.7,30.6,23.8,0,15
2026-08-07 15:53:27,14,26,27,25.3,32.6,30.6,23.8,0,15
2026-08-07 15:58:28,8,21,22,25.3,32.6,30.5,23.7,0,15
2026-08-07 16:03:28,6,19,21,25.2,32.5,30.4,23.6,0,15
2026-08-07 16:08:28,9,23,24,25.1,32.5,30.3,23.7,0,15
2026-08-07 16:13:28,6,20,22,25.1,32.5,30.2,23.7,0,15
2026-08-07 16:18:28,8,16,19,25,32.4,30.1,23.7,0,15
2026-08-07 16:23:27,18,32,35,24.9,32.7,30,23.7,0,15
2026-08-07 16:28:27,8,19,19,24.9,32.6,30,23.6,0,15
2026-08-07 16:33:27,6,15,18,24.8,32.4,29.9,23.5,0,15
2026-08-07 16:38:28,5,12,14,24.7,32.2,29.8,23.5,0,15
2026-08-07 16:43:28,6,11,12,24.7,32.2,29.8,23.3,0,15
2026-08-07 16:48:27,6,15,15,24.7,32.1,29.8,23.2,0,15
2026-08-07 16:53:27,3,9,9,24.6,31.9,29.7,23.1,0,15
2026-08-07 16:58:28,4,7,7,24.5,31.9,29.6,23.1,0,15
2026-08-07 17:03:27,4,8,8,24.4,31.7,29.5,23.1,0,15
2026-08-07 17:08:27,3,7,7,24.4,31.8,29.4,23,0,15
2026-08-07 17:13:28,2,5,6,24.3,31.6,29.3,22.9,0,15
2026-08-07 17:18:27,4,7,8,24.3,31.4,29.3,22.7,0,15
2026-08-07 17:23:28,4,8,9,24.2,31.3,29.2,22.6,0,15
2026-08-07 17:28:27,1,6,6,24.1,31.3,29.2,22.5,0,15
2026-08-07 17:33:28,3,5,5,24.1,31.2,29.3,22.3,0,15
2026-08-07 17:38:27,3,6,6,24.1,31,29.2,22.3,0,15
2026-08-07 17:43:27,2,5,6,24.1,31.5,29.1,22.5,0,15
2026-08-07 17:48:28,3,5,5,24,31,29.1,22.2,0,15
2026-08-07 17:53:27,1,4,4,24,30.6,29,22.1,0,15
2026-08-07 17:58:28,1,5,5,24,30.7,29,22,0,15
2026-08-07 18:03:27,2,5,5,24,30.5,29,21.8,0,15
2026-08-07 18:08:27,1,3,3,23.9,30.5,29,21.9,0,15
2026-08-07 18:13:28,2,7,7,23.9,30.7,29,21.9,0,15
2026-08-07 18:18:28,2,6,7,23.9,30.5,29,21.7,0,15
2026-08-07 18:23:28,2,5,5,23.9,30.2,28.9,21.6,0,15
2026-08-07 18:28:27,0,3,3,23.9,30.1,28.9,21.6,0,15
2026-08-07 18:33:27,2,5,5,23.8,30.2,28.8,21.6,0,15
2026-08-07 18:38:28,2,4,4,23.8,30.1,28.8,21.6,0,15
2026-08-07 18:43:28,3,3,3,23.8,30.2,28.8,21.6,0,15
2026-08-07 18:48:28,3,5,5,23.8,30.2,28.9,21.4,0,15
2026-08-07 18:53:28,2,6,6,23.8,30,28.8,21.4,0,15
2026-08-07 18:58:28,4,4,4,23.7,29.9,28.7,21.3,0,15
2026-08-07 19:03:28,1,4,4,23.7,29.9,28.7,21.2,0,15
2026-08-07 19:08:28,1,4,4,23.7,29.7,28.7,21.2,0,15
2026-08-07 19:13:28,0,3,3,23.7,29.6,28.7,21.1,0,15
2026-08-07 19:18:28,0,3,3,23.7,29.7,28.7,21,0,15
2026-08-07 19:23:28,1,3,3,23.7,28.8,28.7,20.8,0,15
2026-08-07 19:28:28,0,2,3,23.7,29.1,28.7,20.6,0,15
2026-08-07 19:33:28,0,2,2,23.7,28.7,28.6,20.4,0,15
2026-08-07 19:38:28,0,1,1,23.6,29,28.6,20.5,0,15
2026-08-07 19:43:28,0,3,3,23.6,28.6,28.6,20.4,0,15
2026-08-07 19:48:28,0,2,2,23.6,28.9,28.6,20.4,0,15
2026-08-07 19:53:28,0,1,1,23.6,28.6,28.5,20.3,0,15
2026-08-07 19:58:28,0,1,1,23.6,28.5,28.6,20.3,0,15
2026-08-07 20:03:27,0,0,0,23.5,28.6,28.4,20.4,0,15
2026-08-07 20:08:28,0,0,1,23.5,28.8,28.4,20.5,0,15
2026-08-07 20:13:28,0,1,1,23.4,28.7,28.4,20.4,0,15
2026-08-07 20:18:28,0,1,2,23.5,28.6,28.5,20.3,0,15
2026-08-07 20:23:28,0,1,2,23.4,28.7,28.4,20.4,0,15
2026-08-07 20:28:29,0,2,2,23.4,28.4,28.4,20.3,0,15
2026-08-07 20:33:28,0,1,1,23.4,28.6,28.3,20.3,0,15
2026-08-07 20:38:28,0,3,3,23.4,28.6,28.3,20.3,0,15
2026-08-07 20:43:28,0,1,1,23.3,28.6,28.2,20.3,0,15
2026-08-07 20:48:28,0,3,3,23.3,28.5,28.3,20.2,0,15
2026-08-07 20:53:28,0,1,1,23.3,28.9,28.2,20.4,0,15
2026-08-07 20:58:28,0,3,4,23.3,28.7,28.3,20.3,0,15
2026-08-07 21:03:28,0,1,1,23.3,28.5,28.2,20.3,0,15
2026-08-07 21:08:28,0,3,4,23.3,28.7,28.2,20.2,0,15
2026-08-07 21:13:28,0,2,2,23.3,28.5,28.2,20.3,0,15
2026-08-07 21:18:28,0,2,2,23.2,28.6,28.1,20.4,0,15
2026-08-07 21:23:28,1,2,2,23.2,28.6,28.1,20.3,0,15
2026-08-07 21:28:28,1,2,3,23.2,28.5,28.1,20.4,0,15
2026-08-07 21:33:28,1,3,3,23.3,28.7,28.2,20.3,1,15
2026-08-07 21:38:29,0,2,2,23.2,28.6,28.1,20.4,0,15
2026-08-07 21:43:28,0,3,3,23.2,28.6,28.1,20.3,1,15
2026-08-07 21:48:28,0,0,0,23.2,28.8,28.2,20.3,0,15
2026-08-07 21:53:28,0,1,1,23.2,28.5,28.2,20.2,0,15
2026-08-07 21:58:28,0,1,1,23.2,28.8,28.1,20.4,0,15
2026-08-07 22:03:28,0,1,1,23.2,28.9,28.1,20.4,0,15
2026-08-07 22:08:28,0,3,3,23.1,29,28,20.5,0,15
2026-08-07 22:13:28,0,3,4,23.2,28.8,28.1,20.5,0,15
2026-08-07 22:18:28,0,5,5,23.2,28.8,28.1,20.5,0,15
2026-08-07 22:23:28,2,4,4,23.1,29,28,20.6,0,15
2026-08-07 22:28:28,3,5,6,23.1,28.7,28,20.6,0,15
2026-08-07 22:33:29,2,5,5,23.1,28.8,28,20.5,0,15
2026-08-07 22:38:28,2,6,6,23.1,28.9,28,20.6,0,15
2026-08-07 22:43:28,3,5,5,23.1,29,28,20.6,0,15
2026-08-07 22:48:28,3,4,4,23.1,29,28,20.6,0,15
2026-08-07 22:53:28,3,6,7,23,29.3,27.9,20.8,0,15
2026-08-07 22:58:28,2,4,4,23,29.2,27.8,20.8,0,15
2026-08-07 23:03:28,4,6,7,23,29.2,27.8,20.8,0,15
2026-08-07 23:08:29,4,7,8,22.9,29.2,27.8,20.8,0,15
2026-08-07 23:13:28,5,8,8,22.9,29.1,27.8,20.8,0,15
2026-08-07 23:18:29,2,5,5,22.9,29.1,27.8,20.8,0,15
2026-08-07 23:23:28,3,7,7,22.9,29.4,27.7,20.9,0,15
2026-08-07 23:28:28,5,11,11,22.9,29.3,27.8,20.9,0,15
2026-08-07 23:33:28,5,8,9,22.9,29.4,27.8,20.9,0,15
2026-08-07 23:38:29,4,8,8,22.8,29.3,27.7,21,0,15
2026-08-07 23:43:29,4,5,5,22.8,29.5,27.8,20.9,0,15
2026-08-07 23:48:28,1,5,5,22.8,29.3,27.8,20.9,0,15
2026-08-07 23:53:29,2,4,4,22.8,29.4,27.7,21,0,15
2026-08-07 23:58:29,1,5,5,22.8,29.5,27.7,21,0,15
2026-08-08 00:03:28,1,4,6,22.8,29.5,27.7,21.1,0,15
2026-08-08 00:08:29,1,3,3,22.8,29.6,27.7,21.1,0,15
2026-08-08 00:13:28,1,4,5,22.8,29.5,27.6,21.1,0,15
2026-08-08 00:18:29,0,2,2,22.8,29.2,27.7,20.9,0,15
2026-08-08 00:23:29,0,1,1,22.8,29.4,27.7,20.9,0,15
2026-08-08 00:28:28,0,1,1,22.8,29.2,27.7,20.9,0,15
2026-08-08 00:33:29,0,0,1,22.8,29.4,27.6,20.9,0,15
2026-08-08 00:38:28,0,1,1,22.8,29.2,27.6,20.9,0,15
2026-08-08 00:43:28,0,0,0,22.7,29.3,27.6,21,0,15
2026-08-08 00:48:29,0,0,0,22.7,29.4,27.6,21,0,15
2026-08-08 00:53:29,0,0,1,22.7,29.4,27.5,21,0,15
2026-08-08 00:58:29,0,1,1,22.7,29.6,27.5,21.2,0,15
2026-08-08 01:03:29,0,0,1,22.6,29.7,27.5,21.2,0,15
2026-08-08 01:08:28,0,0,1,22.6,29.5,27.4,21.2,0,15
2026-08-08 01:13:29,0,1,1,22.6,29.6,27.3,21.2,0,15
2026-08-08 01:18:29,0,1,1,22.6,29.8,27.4,21.2,0,15
2026-08-08 01:23:29,0,1,1,22.6,29.7,27.3,21.1,0,15
2026-08-08 01:28:29,0,1,1,22.6,29.6,27.4,21,0,15
2026-08-08 01:33:28,0,1,1,22.5,29.6,27.3,21.1,0,15
2026-08-08 01:38:29,0,1,1,22.5,29.5,27.3,21,1,15
2026-08-08 01:43:28,0,0,0,22.5,29.6,27.3,21.1,0,15
2026-08-08 01:48:29,0,1,1,22.5,29.7,27.3,21.3,0,15
2026-08-08 01:53:29,0,0,0,22.5,29.9,27.3,21.3,0,15
2026-08-08 01:58:29,0,0,1,22.5,29.6,27.3,21.2,1,15
2026-08-08 02:03:29,0,0,0,22.5,29.6,27.3,21,0,15
2026-08-08 02:08:29,0,0,0,22.5,29.5,27.4,21,0,15
2026-08-08 02:13:29,0,1,1,22.5,29.4,27.3,21,0,15
2026-08-08 02:18:29,0,1,1,22.4,29.6,27.2,21.2,0,15
2026-08-08 02:23:29,0,2,2,22.4,29.8,27.2,21.4,0,15
2026-08-08 02:28:29,0,2,3,22.4,29.9,27.2,21.3,0,15
2026-08-08 02:33:29,0,1,1,22.4,29.8,27.1,21.4,0,15
2026-08-08 02:38:29,0,1,2,22.4,29.8,27.1,21.4,0,15
2026-08-08 02:43:29,0,1,1,22.4,29.8,27.2,21.5,0,15
2026-08-08 02:48:29,0,1,2,22.3,30.1,27.1,21.6,0,15
2026-08-08 02:53:29,0,1,2,22.4,30,27.2,21.4,1,15
2026-08-08 02:58:29,0,0,2,22.4,29.9,27.1,21.3,0,15
2026-08-08 03:03:29,0,1,1,22.3,29.8,27.1,21.4,0,15
2026-08-08 03:08:29,0,0,0,22.3,29.8,27,21.5,0,15
2026-08-08 03:13:29,0,2,2,22.3,30.2,27.1,21.6,0,15
2026-08-08 03:18:29,0,2,2,22.2,30.2,27.1,21.5,0,15
2026-08-08 03:23:29,0,3,5,22.3,29.9,27.1,21.4,0,15
2026-08-08 03:28:29,1,5,5,22.2,30.1,27,21.4,0,15
2026-08-08 03:33:29,1,3,3,22.2,29.9,27,21.5,0,15
2026-08-08 03:38:29,1,4,4,22.3,30.1,27,21.5,0,15
2026-08-08 03:43:29,0,2,2,22.3,29.9,27,21.4,0,15
2026-08-08 03:48:29,1,1,1,22.3,29.9,27.1,21.4,1,15
2026-08-08 03:53:29,0,1,1,22.2,29.9,27,21.4,0,15
2026-08-08 03:58:29,0,1,1,22.2,30.1,27,21.6,0,15
2026-08-08 04:03:29,0,1,1,22.3,30.2,27,21.5,0,15
2026-08-08 04:08:29,0,2,2,22.3,30.1,27,21.6,0,15
2026-08-08 04:13:29,0,2,3,22.3,30.1,27.1,21.5,0,15
2026-08-08 04:18:29,0,3,3,22.3,30,27,21.6,0,15
2026-08-08 04:23:29,0,1,2,22.3,30.1,27.1,21.5,0,15
2026-08-08 04:28:29,0,0,0,22.3,30.1,27,21.6,0,15
2026-08-08 04:33:29,0,2,2,22.2,30.2,27,21.7,0,15
2026-08-08 04:38:29,0,2,2,22.3,30.1,27,21.6,0,15
2026-08-08 04:43:30,0,0,1,22.2,30,27,21.5,0,15
2026-08-08 04:48:29,0,1,1,22.3,30.1,27.1,21.5,0,15
2026-08-08 04:53:29,0,1,1,22.3,30.1,27,21.5,0,15
2026-08-08 04:58:29,0,0,0,22.3,29.8,27.1,21.4,0,15
2026-08-08 05:03:29,0,0,0,22.3,29.7,27.1,21.2,0,15
2026-08-08 05:08:29,0,0,0,22.3,29.5,27,21.1,0,15
2026-08-08 05:13:29,0,0,0,22.2,29.7,27,21.2,0,15
2026-08-08 05:18:29,0,0,0,22.3,29.5,27.1,21.1,0,15
2026-08-08 05:23:29,0,0,1,22.3,29.8,27,21.2,1,15
2026-08-08 05:28:29,0,2,2,22.3,29.8,27,21.4,0,15
2026-08-08 05:33:29,1,5,5,22.3,30.1,27,21.6,0,15
2026-08-08 05:38:29,2,5,5,22.2,30.2,26.9,21.8,0,15
2026-08-08 05:43:29,1,4,4,22.2,30.3,26.9,21.7,0,15
2026-08-08 05:48:29,1,1,2,22.2,30.2,27,21.6,0,15
2026-08-08 05:53:30,0,2,2,22.2,30.2,26.9,21.6,0,15
2026-08-08 05:58:29,0,2,2,22.1,30.3,27,21.5,0,15
2026-08-08 06:03:30,0,1,1,22.1,30,26.9,21.6,0,15
2026-08-08 06:08:29,0,0,0,22.1,30.1,26.9,21.4,0,15
2026-08-08 06:13:29,0,0,0,22.1,30,26.9,21.5,0,15
2026-08-08 06:18:29,0,0,1,22.1,30.2,26.8,21.5,0,15
2026-08-08 06:23:30,0,0,0,22.1,30.2,26.8,21.7,0,15
2026-08-08 06:28:30,0,0,0,22.1,30.2,26.9,21.6,0,15
2026-08-08 06:33:29,0,0,0,22.1,30.4,26.8,21.7,0,15
2026-08-08 06:38:29,0,1,1,22.1,30.3,26.9,21.6,0,15
2026-08-08 06:43:29,0,1,1,22,30.3,26.8,21.6,0,15
2026-08-08 06:48:29,0,0,0,22.1,30.1,26.8,21.6,0,15
2026-08-08 06:53:29,0,0,0,21.9,30.2,26.7,21.7,0,15
2026-08-08 06:58:29,0,0,0,21.9,30.3,26.7,21.7,0,15
2026-08-08 07:03:29,0,0,0,21.9,30.2,26.7,21.6,0,15
2026-08-08 07:08:29,0,0,0,21.9,30.1,26.7,21.5,0,15
2026-08-08 07:13:29,0,0,0,21.9,30.1,26.7,21.5,0,15
2026-08-08 07:18:29,0,0,0,21.9,30.2,26.7,21.5,0,15
2026-08-08 07:23:30,0,0,0,21.9,30.1,26.7,21.5,0,15
2026-08-08 07:28:30,0,0,0,21.9,30.4,26.6,21.6,0,15
2026-08-08 07:33:30,0,0,0,21.9,30.2,26.6,21.6,0,15
2026-08-08 07:38:30,0,0,0,21.9,30.1,26.6,21.6,0,15
2026-08-08 07:43:30,0,0,0,21.8,30.2,26.6,21.7,0,15
2026-08-08 07:48:30,0,0,0,21.8,30.2,26.6,21.6,0,15
2026-08-08 07:53:30,0,0,0,21.8,30.2,26.6,21.7,0,15
2026-08-08 07:58:30,0,0,0,21.8,30.2,26.7,21.5,0,15
2026-08-08 08:03:29,0,0,0,21.8,30.2,26.5,21.6,0,15
2026-08-08 08:08:30,0,0,0,21.8,30.4,26.5,21.7,1,15
2026-08-08 08:13:30,0,0,0,21.8,30.3,26.5,21.7,0,15
2026-08-08 08:18:29,0,0,0,21.8,30.5,26.6,21.8,0,15
2026-08-08 08:23:30,0,0,0,21.8,30.5,26.6,21.8,0,15
2026-08-08 08:28:30,1,2,3,21.7,30.6,26.5,22,0,15
2026-08-08 08:33:30,0,0,0,21.7,30.7,26.5,21.9,1,15
2026-08-08 08:38:30,0,0,0,21.8,30.5,26.5,21.9,1,15
2026-08-08 08:48:30,0,0,0,21.8,30.7,26.6,22,0,15
2026-08-08 08:53:29,0,0,0,21.8,30.7,26.6,22,1,15
2026-08-08 08:58:30,0,0,0,21.8,30.7,26.7,22,0,15
2026-08-08 09:03:30,0,0,0,21.9,30.7,26.7,22,0,15
2026-08-08 09:08:30,0,0,0,22,30.6,26.7,22,0,15
2026-08-08 09:13:30,0,0,0,22,30.4,26.8,21.8,0,15
2026-08-08 09:18:30,0,0,0,22,30.3,26.8,21.7,0,15
2026-08-08 09:23:30,0,0,0,22,30.3,26.8,21.6,0,15
2026-08-08 09:28:30,0,0,0,22,30.1,26.8,21.6,0,15
2026-08-08 09:33:30,0,0,0,22,30.2,26.8,21.6,0,15
2026-08-08 09:38:30,0,0,0,22.1,30.1,27,21.5,0,15
2026-08-08 09:43:30,0,0,0,22.1,30.4,26.9,21.7,0,15
2026-08-08 09:48:30,0,0,0,22.2,30.2,27,21.6,0,15
2026-08-08 09:53:31,0,0,0,22.2,30.2,27,21.6,0,15
2026-08-08 09:58:30,7,19,19,22.2,30.3,27,21.8,0,15
2026-08-08 10:03:30,0,1,1,22.3,30.3,27.1,21.7,0,15
2026-08-08 10:08:30,0,0,0,22.4,30.2,27.2,21.7,0,15
2026-08-08 10:13:30,0,0,0,22.5,30.2,27.3,21.5,0,15
2026-08-08 10:18:30,0,0,1,22.6,29.9,27.4,21.4,0,15
2026-08-08 10:23:30,0,0,0,22.6,29.6,27.5,21.3,0,15
2026-08-08 10:28:30,0,0,0,22.7,29.5,27.6,21.3,0,15
2026-08-08 10:33:30,0,0,0,22.7,29.6,27.5,21,1,15
2026-08-08 10:38:30,0,1,1,22.8,29.5,27.5,21.2,0,15
2026-08-08 10:43:30,0,0,1,22.8,29.5,27.7,21.1,0,15
2026-08-08 10:48:30,0,0,0,22.9,29.7,27.9,21.2,0,15
2026-08-08 10:53:30,0,1,1,23,29.2,27.9,21,0,15
2026-08-08 10:58:30,0,1,2,23.1,29.1,28.1,20.9,0,15
2026-08-08 11:03:30,0,0,0,23.2,29.1,28.3,20.7,1,15
2026-08-08 11:08:30,0,3,3,23.3,28.9,28.5,20.4,0,15
2026-08-08 11:13:30,1,3,3,22.3,29,24.7,23.3,0,15
2026-08-08 11:18:30,0,4,4,20.5,30.7,21,27.5,0,15
2026-08-08 11:23:31,0,0,0,21.2,31.8,25.7,24.1,1,15
2026-08-08 11:28:30,0,0,0,22.3,30.9,27.7,21.8,1,15
2026-08-08 11:33:30,0,1,1,22.9,30.1,28.4,20.9,0,15
2026-08-08 11:38:30,0,1,1,23.2,29.3,28.6,20.5,0,15
2026-08-08 11:43:30,0,1,1,23.5,28.9,28.8,20,0,15
2026-08-08 11:48:30,0,2,2,23.6,28,28.8,19.6,0,15
2026-08-08 11:53:30,0,1,1,23.7,28.2,28.8,19.6,1,15
2026-08-08 11:58:30,0,2,2,23.7,27.9,28.8,19.8,0,15
2026-08-08 12:03:30,0,2,2,23.7,28.1,28.9,19.5,0,15
2026-08-08 12:08:30,1,5,5,23.1,28,26.6,20.8,0,15
2026-08-08 12:13:30,1,3,3,23.2,28.4,28.2,20.2,0,15
2026-08-08 12:18:31,0,0,0,23.6,27.8,28.9,19.5,0,15
2026-08-08 12:23:30,0,2,2,23.8,28,29,19.5,0,15
2026-08-08 12:28:31,0,2,3,23.9,28,29.2,19.2,0,15
2026-08-08 12:33:30,0,2,2,24.1,27.5,29.4,19.1,0,15
2026-08-08 12:38:30,0,2,2,24.2,27.4,29.3,19,0,15
2026-08-08 12:43:30,0,2,3,24.3,27.4,29.4,19,0,15
2026-08-08 12:48:30,0,3,3,23.9,27.2,28.2,19.5,0,15
2026-08-08 12:53:30,0,1,1,22.3,28.8,24,24.1,0,15
2026-08-08 12:58:30,0,4,4,22.5,28.5,26.2,21.4,0,15
2026-08-08 13:03:30,2,3,3,21.3,29.2,22.8,24.6,0,15
2026-08-08 13:08:30,1,4,4,20,29.8,20.4,26.9,0,15
2026-08-08 13:13:30,2,5,5,19,31.1,19.1,28.9,0,15
2026-08-08 13:18:30,1,6,6,18.4,32.3,18.5,30.1,0,15
2026-08-08 13:23:30,1,5,5,18,32.8,18.3,30.2,0,15
2026-08-08 13:28:30,1,4,4,17.9,32.6,18.2,29.9,0,15
2026-08-08 13:33:31,1,5,5,17.7,32.7,18.2,29.7,0,15
2026-08-08 13:38:31,2,4,4,17.6,33,18.2,29.7,0,15
2026-08-08 13:43:31,2,5,6,17.6,33.5,18.4,30.1,0,15
2026-08-08 13:48:30,2,4,4,17.6,33.8,18.3,30.1,0,15
2026-08-08 13:53:31,3,5,5,17.5,33.7,18.3,30.1,0,15
2026-08-08 13:58:31,2,6,6,17.4,33.9,18.4,30,0,15
2026-08-08 14:03:30,2,5,5,17.5,33.9,18.4,29.8,0,15
2026-08-08 14:08:30,3,5,5,17.5,34.2,18.6,30,0,15
2026-08-08 14:13:30,3,6,6,17.4,34.5,18.5,30.3,0,15
2026-08-08 14:18:31,3,6,6,17.6,34.2,19,29.7,0,15
2026-08-08 14:23:30,3,6,6,17.7,34,18.7,29.8,0,15
2026-08-08 14:28:31,1,5,5,19.6,34.5,25.5,24.2,0,15
2026-08-08 14:33:31,1,3,3,21.8,31.3,28.8,20.3,0,15
2026-08-08 14:38:30,0,2,2,23.1,29.5,29.9,18.9,0,15
2026-08-08 14:43:31,1,3,3,24.1,28.1,30.5,18.3,0,15
2026-08-08 14:48:30,0,3,3,24.8,27.2,30.8,17.9,0,15
2026-08-08 14:53:30,0,2,3,25.1,26.8,31,17.5,0,15
2026-08-08 14:58:31,2,4,4,25.3,26.2,31,17.4,0,15
2026-08-08 15:03:30,0,6,6,25.5,26,31.2,17.2,0,15
2026-08-08 15:08:31,1,5,5,25.6,25.7,31.1,17.1,0,15
2026-08-08 15:13:31,1,3,4,25.6,25.6,31.1,17,0,15
2026-08-08 15:18:30,2,4,4,25.7,25.4,31.2,16.7,0,15
2026-08-08 15:23:31,1,4,4,25.7,25.4,31.1,16.9,0,15
2026-08-08 15:28:31,0,3,3,25.7,25.3,31,17,0,15
2026-08-08 15:33:31,0,4,4,25.6,25.2,31.1,16.9,0,15
2026-08-08 15:38:31,3,6,6,25.6,25.4,31,16.8,0,15
2026-08-08 15:43:31,1,5,5,25.6,25.1,31,16.8,0,15
2026-08-08 15:48:31,0,4,4,25.6,25.3,31,16.8,0,15
2026-08-08 15:53:31,2,4,4,25.6,25.2,31,16.8,0,15
2026-08-08 15:58:31,1,4,4,25.6,25.1,31,16.7,0,15
2026-08-08 16:03:30,1,4,4,25.6,25.1,31,16.7,0,15
2026-08-08 16:08:31,2,4,4,25.6,25,30.9,16.7,0,15
2026-08-08 16:13:31,2,3,3,25.5,25,30.9,16.5,0,15
2026-08-08 16:18:31,3,5,5,25.5,25,30.9,16.6,0,15
2026-08-08 16:23:31,2,4,4,25.4,25.1,30.7,16.8,0,15
2026-08-08 16:28:31,2,6,6,25.4,25.1,30.7,16.7,0,15
2026-08-08 16:33:31,2,5,5,25.4,25.1,30.7,16.7,0,15
2026-08-08 16:38:31,3,6,8,25.3,25.2,30.6,16.8,0,15
2026-08-08 16:43:31,3,7,7,25.3,25.2,30.6,16.8,0,15
2026-08-08 16:48:32,2,3,5,25.3,25.1,30.5,16.8,1,15
2026-08-08 16:53:31,3,4,4,25.2,25.2,30.5,16.9,0,15
2026-08-08 16:58:31,2,4,4,25.3,25.1,30.5,16.9,0,15
2026-08-08 17:03:31,2,6,6,25.2,25.2,30.4,16.9,0,15
2026-08-08 17:08:31,3,6,6,25.1,25.4,30.3,17,0,15
2026-08-08 17:13:31,3,4,4,25.1,25.3,30.3,17,0,15
2026-08-08 17:18:31,3,6,8,25,25.3,30.1,17,0,15
2026-08-08 17:23:31,3,6,7,24.9,25.4,30.1,17.1,0,15
2026-08-08 17:28:31,3,6,6,24.9,25.6,30.1,17.1,0,15
2026-08-08 17:33:31,3,7,7,24.8,25.5,30,17.1,0,15
2026-08-08 17:38:31,2,4,4,24.8,25.8,29.9,17.4,0,15
2026-08-08 17:43:31,4,7,7,24.8,25.6,29.9,17.3,0,15
2026-08-08 17:48:31,2,5,5,24.8,25.8,29.9,17.4,0,15
2026-08-08 17:53:31,3,8,8,24.7,25.7,29.9,17.4,0,15
2026-08-08 17:58:31,1,4,5,24.7,25.7,29.8,17.5,0,15
2026-08-08 18:03:31,3,11,11,24.7,26,29.7,17.6,0,15
2026-08-08 18:08:31,4,7,7,24.6,25.9,29.7,17.6,0,15
2026-08-08 18:13:31,2,4,4,24.5,26.1,29.6,17.7,1,15
2026-08-08 18:18:31,2,3,3,24.5,26.1,29.6,17.8,0,15
2026-08-08 18:23:31,1,4,4,24.5,26.3,29.5,17.9,0,15
2026-08-08 18:28:31,2,4,4,24.4,26.2,29.4,18,0,15
2026-08-08 18:33:31,1,3,3,24.4,26.5,29.5,18.1,0,15
2026-08-08 18:38:31,1,4,4,24.3,26.5,29.4,18.1,0,15
2026-08-08 18:43:31,1,3,3,24.3,26.8,29.3,18.2,0,15
2026-08-08 18:48:32,1,3,4,24.1,26.7,29.2,18.3,0,15
2026-08-08 18:53:31,0,1,1,24,26.9,29.1,18.5,0,15
2026-08-08 18:58:31,0,1,1,24,26.9,29,18.6,0,15
2026-08-08 19:03:31,0,0,0,23.9,27,29,18.6,0,15
2026-08-08 19:08:31,0,1,2,23.8,27.1,28.9,18.8,0,15
2026-08-08 19:13:31,0,1,1,23.8,27.3,28.8,18.9,0,15
2026-08-08 19:18:31,0,1,1,23.7,27.4,28.7,19,0,15
2026-08-08 19:23:31,0,2,2,23.7,27.5,28.7,19,0,15
2026-08-08 19:28:31,0,1,1,23.6,27.5,28.6,19,0,15
2026-08-08 19:33:31,0,1,2,23.6,27.6,28.7,19,0,15
2026-08-08 19:38:32,0,2,3,23.5,27.4,28.6,19.1,0,15
2026-08-08 19:43:31,0,1,1,23.5,27.5,28.5,19.1,0,15
2026-08-08 19:48:31,0,1,1,23.4,27.4,28.4,19.2,0,15
2026-08-08 19:53:32,0,0,0,23.3,27.6,28.4,19.3,0,15
2026-08-08 19:58:31,0,2,2,23.3,27.5,28.3,19.2,0,15
2026-08-08 20:03:32,0,2,2,23.3,27.6,28.3,19.3,0,15
2026-08-08 20:08:32,0,0,0,23.3,27.9,28.3,19.3,0,15
2026-08-08 20:13:31,0,2,2,23.2,27.8,28.2,19.4,0,15
2026-08-08 20:18:32,0,1,2,23.2,27.5,28.3,19.2,0,15
2026-08-08 20:23:32,0,2,2,23.2,27.5,28.2,19.2,0,15
2026-08-08 20:28:32,0,2,2,23.1,27.6,28.1,19.2,0,15
2026-08-08 20:33:32,0,2,2,23,27.5,28,19.2,0,15
2026-08-08 20:38:32,0,2,3,23,27.4,28,19,0,15
2026-08-08 20:43:31,0,1,2,23,27.2,27.9,19,0,15
2026-08-08 20:48:32,0,2,2,22.9,27.3,27.9,19.1,0,15
2026-08-08 20:53:31,0,2,2,22.9,27.5,27.8,19.1,0,15
2026-08-08 20:58:32,0,2,2,22.9,27.2,27.9,19.1,0,15
2026-08-08 21:03:31,0,2,3,22.8,27.4,27.8,19,0,15
2026-08-08 21:08:32,0,0,1,22.8,27.3,27.7,19,0,15
2026-08-08 21:13:31,0,1,1,22.8,27.3,27.7,19,0,15
2026-08-08 21:18:32,0,1,1,22.8,27.3,27.7,19,0,15
2026-08-08 21:23:31,0,1,2,22.8,27,27.7,18.8,0,15
2026-08-08 21:28:32,0,2,2,22.8,27,27.6,18.8,0,15
2026-08-08 21:33:32,0,3,3,22.7,27.1,27.5,18.8,0,15
2026-08-08 21:38:32,0,2,2,22.7,27.4,27.6,18.9,1,15
2026-08-08 21:43:32,0,2,2,22.6,27.2,27.6,18.9,0,15
2026-08-08 21:48:32,1,3,4,22.6,27.4,27.6,18.9,0,15
2026-08-08 21:53:32,0,1,1,22.7,27.2,27.6,18.9,1,15
2026-08-08 21:58:32,1,3,3,22.6,27.2,27.5,18.9,0,15
2026-08-08 22:03:32,0,3,4,22.6,27,27.5,18.9,0,15
2026-08-08 22:08:32,0,3,3,22.7,27.1,27.6,18.8,0,15
2026-08-08 22:13:32,0,2,2,22.7,27,27.6,18.7,0,15
2026-08-08 22:18:32,1,3,3,22.7,26.9,27.6,18.7,0,15
2026-08-08 22:23:32,0,2,3,22.7,27,27.5,18.9,0,15
2026-08-08 22:28:32,0,1,1,22.7,27.2,27.5,19,0,15
2026-08-08 22:33:32,0,2,2,22.7,27.2,27.5,19,0,15
2026-08-08 22:38:32,0,2,2,22.7,27.2,27.5,18.9,0,15
2026-08-08 22:43:32,0,1,1,22.7,27.2,27.4,19,0,15
2026-08-08 22:48:32,0,0,0,22.6,27.5,27.4,19.1,0,15
2026-08-08 22:53:32,0,1,1,22.6,27.4,27.5,19.1,0,15
2026-08-08 22:58:32,0,1,2,22.6,27.3,27.5,19,0,15
2026-08-08 23:03:32,0,2,2,22.6,27.3,27.5,18.9,0,15
2026-08-08 23:08:32,0,1,1,22.6,27.3,27.4,18.9,0,15
2026-08-08 23:13:32,0,2,2,22.6,27,27.4,18.9,0,15
2026-08-08 23:18:32,0,2,2,22.5,27.2,27.3,18.8,0,15
2026-08-08 23:23:32,0,2,2,22.5,27.1,27.4,18.9,0,15
2026-08-08 23:28:32,0,1,2,22.5,27.1,27.5,18.8,0,15
2026-08-08 23:33:32,0,2,2,22.5,27,27.4,19,0,15
2026-08-08 23:38:32,0,2,2,22.5,27.1,27.4,18.9,0,15
2026-08-08 23:43:32,0,1,1,22.5,26.9,27.4,18.9,1,15
2026-08-08 23:48:32,0,2,2,22.5,27.2,27.3,19,0,15
2026-08-08 23:53:32,0,2,3,22.5,27.2,27.3,18.9,0,15
2026-08-08 23:58:32,0,2,2,22.5,27.2,27.3,19,0,15
2026-08-09 00:03:32,0,1,1,22.5,27.2,27.4,19,0,15
2026-08-09 00:08:32,0,1,1,22.5,27.6,27.3,19.3,0,15
2026-08-09 00:13:32,0,3,3,22.5,27.6,27.3,19.4,0,15
2026-08-09 00:18:33,0,1,1,22.5,27.8,27.2,19.7,0,15
2026-08-09 00:23:33,0,1,1,22.4,27.8,27.2,19.6,0,15
2026-08-09 00:28:32,0,1,1,22.4,27.9,27.2,19.6,0,15
2026-08-09 00:33:33,0,2,2,22.4,28,27.2,19.7,0,15
2026-08-09 00:38:32,0,4,4,22.5,27.9,27.4,19.5,0,15
2026-08-09 00:43:32,0,2,2,22.5,27.8,27.3,19.4,0,15
2026-08-09 00:48:32,0,2,2,22.5,27.9,27.3,19.6,0,15
2026-08-09 00:53:33,0,3,3,22.4,27.8,27.2,19.5,0,15
2026-08-09 00:58:33,0,2,2,22.3,28.1,27.1,19.7,0,15
2026-08-09 01:03:33,1,2,3,22.3,28,27.1,19.7,0,15
2026-08-09 01:08:33,1,2,2,22.3,27.7,27,19.4,0,15
2026-08-09 01:13:32,0,2,2,22.2,27.9,26.9,19.7,0,15
2026-08-09 01:18:32,0,3,4,22.2,28,26.9,19.6,0,15
2026-08-09 01:23:33,2,3,3,22.1,28.1,26.9,19.7,0,15
2026-08-09 01:28:34,1,4,4,22,28,26.8,19.7,0,15
2026-08-09 01:33:33,1,4,4,22,28.3,26.8,19.8,0,15
2026-08-09 01:38:33,0,4,4,21.9,27.9,26.8,19.6,0,15
2026-08-09 01:43:32,0,4,4,21.9,28,26.7,19.6,0,15
2026-08-09 01:48:34,0,3,3,21.8,28.2,26.6,19.7,0,15
2026-08-09 01:53:33,0,5,5,21.8,28.1,26.6,19.7,0,15
2026-08-09 01:58:33,2,3,5,21.8,28.1,26.7,19.6,0,15
2026-08-09 02:03:33,1,5,5,21.7,28.3,26.6,19.7,0,15
2026-08-09 02:08:33,1,4,4,21.7,28.3,26.6,19.8,0,15
2026-08-09 02:13:32,1,5,5,21.7,28.1,26.5,19.6,0,15
2026-08-09 02:18:34,1,3,3,21.7,28.3,26.5,19.8,0,15
2026-08-09 02:23:33,1,4,4,21.6,28.2,26.5,19.7,0,15
2026-08-09 02:28:33,1,5,5,21.6,28.1,26.3,19.7,0,15
2026-08-09 02:33:33,0,4,4,21.5,28.2,26.3,19.6,0,15
2026-08-09 02:38:32,2,3,4,21.4,28.4,26.2,19.8,0,15
2026-08-09 02:43:35,2,4,4,21.4,28.2,26.3,19.7,0,15
2026-08-09 02:48:33,2,4,6,21.4,28.1,26.2,19.8,0,15
2026-08-09 02:53:33,1,5,5,21.4,28,26.2,19.7,0,15
2026-08-09 02:58:33,0,5,6,21.3,28,26.1,19.8,0,15
2026-08-09 03:03:33,3,5,5,21.2,28.4,26.1,19.8,0,15
2026-08-09 03:08:33,2,6,6,21.2,28.4,26,19.8,0,15
2026-08-09 03:13:32,2,3,3,21.2,28.4,25.9,20,0,15
2026-08-09 03:18:33,2,4,5,21.2,28.1,26,19.8,1,15
2026-08-09 03:23:33,2,5,5,21.1,28.1,25.9,19.8,0,15
2026-08-09 03:28:33,2,6,6,21.1,28.2,25.9,19.8,0,15
2026-08-09 03:33:34,2,5,5,21,28.2,25.8,19.8,0,15
2026-08-09 03:38:33,3,4,4,20.9,28.3,25.7,19.8,0,15
2026-08-09 03:43:33,4,7,7,20.9,28.5,25.6,20,0,15
2026-08-09 03:48:33,2,7,7,20.8,28.2,25.6,19.9,0,15
2026-08-09 03:53:33,3,7,7,20.8,28.6,25.7,19.8,0,15
2026-08-09 03:58:34,1,6,6,20.8,28.4,25.6,19.8,0,15
2026-08-09 04:03:34,2,7,7,20.8,28.4,25.5,19.8,1,15
2026-08-09 04:08:33,2,6,6,20.7,28.5,25.5,20,0,15
2026-08-09 04:13:33,3,5,5,20.7,28.8,25.4,20.2,0,15
2026-08-09 04:18:32,1,3,5,20.6,28.4,25.4,20,0,15
2026-08-09 04:23:33,2,4,5,20.6,28.6,25.4,20,0,15
2026-08-09 04:28:33,1,5,6,20.6,28.7,25.4,20.2,0,15
2026-08-09 04:33:33,2,5,5,20.6,28.6,25.3,20.1,0,15
2026-08-09 04:38:33,3,4,4,20.6,28.6,25.3,20.2,0,15
2026-08-09 04:43:33,2,4,4,20.6,28.6,25.3,20.3,0,15
2026-08-09 04:48:33,2,5,5,20.5,28.9,25.3,20.4,0,15
2026-08-09 04:53:33,2,5,6,20.5,29.3,25.2,20.6,0,15
2026-08-09 04:58:34,2,4,4,20.5,29.1,25.3,20.4,0,15
2026-08-09 05:03:33,2,6,6,20.5,29.1,25.2,20.5,0,15
2026-08-09 05:08:33,4,7,7,20.5,28.8,25.2,20.2,0,15
2026-08-09 05:13:33,3,6,7,20.5,28.7,25.2,20.2,0,15
2026-08-09 05:18:34,4,7,7,20.5,28.8,25.1,20.2,0,15
2026-08-09 05:23:33,2,7,7,20.5,28.9,25.2,20.3,0,15
2026-08-09 05:28:33,2,6,6,20.5,28.7,25.2,20.2,0,15
2026-08-09 05:33:33,2,7,7,20.5,28.6,25.1,20.3,0,15
2026-08-09 05:38:33,3,6,6,20.4,29,25.2,20.3,0,15
2026-08-09 05:43:33,2,6,6,20.4,28.9,25.1,20.3,0,15
2026-08-09 05:48:33,4,8,8,20.4,28.7,25.1,20.2,0,15
2026-08-09 05:53:33,5,9,9,20.4,28.7,25.1,20.2,0,15
2026-08-09 05:58:33,4,8,8,20.4,28.7,25,20.2,0,15
2026-08-09 06:03:34,4,7,7,20.3,28.9,25,20.3,0,15
2026-08-09 06:08:33,5,8,9,20.3,28.9,25,20.3,0,15
2026-08-09 06:13:33,4,8,8,20.3,28.7,25,20.3,0,15
2026-08-09 06:18:34,5,8,9,20.2,28.8,24.9,20.4,0,15
2026-08-09 06:23:33,3,8,8,20.2,29,24.9,20.3,0,15
2026-08-09 06:28:33,5,11,11,20.2,28.9,24.9,20.4,0,15
2026-08-09 06:33:33,2,7,8,20.1,29,24.9,20.4,0,15
2026-08-09 06:38:33,4,8,8,20.1,29,24.8,20.4,0,15
2026-08-09 06:43:33,3,7,7,20.2,29.1,24.9,20.4,0,15
2026-08-09 06:48:34,4,8,8,20.1,29,24.9,20.2,1,15
2026-08-09 06:53:33,4,8,8,20.1,29,24.9,20.3,0,15
2026-08-09 06:58:33,4,11,11,20.1,28.8,24.8,20.3,0,15
2026-08-09 07:03:34,3,8,8,20.1,28.7,24.8,20.2,0,15
2026-08-09 07:08:34,5,9,9,20,28.8,24.7,20.3,0,15
2026-08-09 07:13:34,3,8,8,19.9,28.8,24.7,20.2,0,15
2026-08-09 07:18:33,3,7,7,20,28.9,24.8,20.2,0,15
2026-08-09 07:23:33,4,9,9,20,29.1,24.8,20.4,0,15
2026-08-09 07:28:33,5,8,8,20,29,24.8,20.3,0,15
2026-08-09 07:33:34,4,7,7,20,28.8,24.8,20.2,0,15
2026-08-09 07:38:33,4,7,7,20.1,28.8,24.7,20.2,0,15
2026-08-09 07:43:33,5,8,8,20,28.8,24.7,20.3,0,15
2026-08-09 07:48:34,3,8,9,20.1,29,24.8,20.3,0,15
2026-08-09 07:53:33,3,11,11,20.1,28.9,24.8,20.3,0,15
2026-08-09 07:58:33,5,8,8,20.1,29.1,24.7,20.4,0,15
2026-08-09 08:03:34,5,9,9,20,28.9,24.7,20.3,0,15
2026-08-09 08:08:34,4,9,9,20.1,29,24.7,20.4,0,15
2026-08-09 08:13:35,4,8,9,20,28.9,24.8,20.4,0,15
2026-08-09 08:18:33,4,8,8,20,29.1,24.7,20.5,0,15
2026-08-09 08:23:34,3,8,8,20,29.4,24.7,20.7,0,15
2026-08-09 08:28:34,4,7,9,20,29.3,24.7,20.9,0,15
2026-08-09 08:33:34,2,8,8,20,29.7,24.7,21,0,15
2026-08-09 08:38:34,4,6,6,20,29.4,24.7,20.8,0,15
2026-08-09 08:43:34,3,6,6,20,28.8,24.7,20.3,0,15
2026-08-09 08:48:34,5,8,9,20,28.9,24.7,20.4,0,15
2026-08-09 08:53:33,4,8,9,20,29.3,24.7,20.8,0,15
2026-08-09 08:58:34,3,9,9,20.1,29.6,24.8,20.9,1,15
2026-08-09 09:03:34,5,8,8,20.1,29.2,24.8,20.8,0,15
2026-08-09 09:08:33,4,7,7,20.2,29.2,24.9,20.5,0,15
2026-08-09 09:13:34,4,7,7,20.2,29.2,24.9,20.5,0,15
2026-08-09 09:18:34,5,8,8,20.3,29.3,25,20.6,0,15
2026-08-09 09:23:34,5,9,9,20.4,29.3,25.1,20.6,0,15
2026-08-09 09:28:34,4,9,9,20.5,29.3,25.2,20.6,0,15
2026-08-09 09:33:34,4,7,7,20.5,29.3,25.4,20.7,0,15
2026-08-09 09:38:34,3,7,7,20.6,29.3,25.4,20.7,0,15
2026-08-09 09:43:34,5,7,7,20.8,29,25.6,20.7,0,15
2026-08-09 09:48:34,5,8,8,20.9,29.7,25.8,20.8,0,15
2026-08-09 09:53:34,4,8,8,21.1,29.4,26,20.8,0,15
2026-08-09 09:58:33,6,9,11,21.2,29.4,26.1,20.8,0,15
2026-08-09 10:03:34,6,11,11,21.3,29.6,26.2,21,0,15
2026-08-09 10:08:34,4,11,11,21.4,29.7,26.4,20.9,0,15
2026-08-09 10:13:34,6,8,11,21.7,29.6,26.5,20.8,0,15
2026-08-09 10:18:34,5,9,9,21.8,29.3,26.8,20.5,0,15
2026-08-09 10:23:34,6,11,11,21.9,29.1,26.8,20.6,0,15
2026-08-09 10:28:34,6,9,9,22,29.4,26.9,20.7,0,15
2026-08-09 10:33:34,6,14,14,22.1,29.3,27.1,20.6,0,15
2026-08-09 10:38:34,6,15,16,22.3,29.2,27.3,20.5,0,15
2026-08-09 10:43:34,5,14,16,22.4,29.1,27.5,20.3,0,15
2026-08-09 10:48:34,6,14,16,22.6,28.8,27.6,20.3,1,15
2026-08-09 10:53:34,7,14,14,22.7,28.8,27.8,20.2,0,15
2026-08-09 10:58:34,7,15,16,22.8,28.8,27.9,20.2,0,15
2026-08-09 11:03:34,8,15,15,22.9,28.7,28,20.1,0,15
2026-08-09 11:08:34,7,16,17,23,28.8,28.2,20,0,15
2026-08-09 11:13:34,6,15,16,23.2,28.2,28.3,19.8,0,15
2026-08-09 11:18:34,7,17,18,23.3,28.1,28.5,19.8,0,15
2026-08-09 11:23:34,8,15,18,23.5,28.2,28.8,19.5,0,15
2026-08-09 11:28:34,6,14,16,23.6,28.1,28.8,19.5,0,15
2026-08-09 11:33:34,8,22,23,22.6,28,25.2,21.9,0,15
2026-08-09 11:38:34,7,20,22,21.8,29.2,24.9,22.4,0,15
2026-08-09 11:43:34,9,23,23,20.7,29.6,22.1,25,0,15
2026-08-09 11:48:34,9,23,24,19.3,30.8,19.6,27.7,0,15
2026-08-09 11:53:34,9,24,26,18.3,32.1,18.2,29.9,0,15
2026-08-09 11:58:35,13,28,28,17.5,33.4,17.4,31.4,0,15
2026-08-09 12:03:35,14,27,27,17,34.3,16.9,32.2,0,15
2026-08-09 12:08:34,10,25,26,17.4,36.5,20.1,30.3,0,15
2026-08-09 12:13:34,12,26,26,18.1,34.3,20.6,28.1,0,15
2026-08-09 12:18:34,14,26,26,17.8,34.3,19,29.7,0,15
2026-08-09 12:23:34,15,27,30,17.4,34.7,17.9,31.2,0,15
2026-08-09 12:28:34,18,29,31,17.1,35.4,17.4,32.1,0,15
2026-08-09 12:33:34,18,30,32,16.9,35.5,17.1,32.5,0,15
2026-08-09 12:38:34,17,32,32,16.8,36.1,17,33.2,0,15
2026-08-09 12:43:35,19,31,32,16.7,36.4,17,33.3,0,15
2026-08-09 12:48:34,18,28,29,16.7,36.5,17.1,33.4,0,15
2026-08-09 12:53:34,18,27,29,16.7,36.5,17.2,33.3,0,15
2026-08-09 12:58:34,21,34,37,16.8,36.4,17.3,33.2,0,15
2026-08-09 13:03:34,21,28,29,16.9,36.9,17.5,33.3,0,15
2026-08-09 13:08:34,21,32,32,17,36.7,17.6,33.1,0,15
2026-08-09 13:13:34,23,33,38,17,36.7,17.7,33,0,15
2026-08-09 13:18:34,20,31,32,17.1,36.6,17.8,32.9,0,15
2026-08-09 13:23:34,19,30,31,17.2,36.6,17.9,32.7,0,15
2026-08-09 13:28:34,20,30,32,17.2,36.5,18,32.6,0,15
2026-08-09 13:33:35,22,32,33,17.3,36,18.1,32.1,0,15
2026-08-09 13:38:34,22,33,33,17.3,36.2,18.1,32.1,0,15
2026-08-09 13:43:34,21,30,30,17.3,36.1,18.1,32,0,15
2026-08-09 13:48:34,21,31,31,17.3,36,18.1,32,0,15
2026-08-09 13:53:34,22,33,33,17.3,36.1,18.2,32.1,0,15
2026-08-09 13:58:35,21,31,31,17.4,36.3,18.7,31.9,0,15
2026-08-09 14:03:34,23,33,34,17.7,36.1,19.5,30.6,0,15
2026-08-09 14:08:34,21,34,38,18.2,35.8,20.6,29.7,0,15
2026-08-09 14:13:34,22,32,35,18.8,35,21.8,28.2,0,15
2026-08-09 14:18:34,23,31,32,19.5,34.3,22.6,27.4,0,15
2026-08-09 14:23:34,21,33,34,19.9,33,22.6,26.7,0,15
2026-08-09 14:28:34,22,35,38,20.1,32.4,22.2,26.9,0,15
2026-08-09 14:33:34,24,33,37,19.9,32.5,21.7,27.5,0,15
2026-08-09 14:38:35,24,36,39,19.6,32.5,21.1,27.7,0,15
2026-08-09 14:43:34,25,35,40,19.3,32.7,20.6,28.2,0,15
2026-08-09 14:48:35,23,37,42,19,32.9,20.1,30.1,1,15
2026-08-09 14:53:34,19,27,28,21.1,33,27.4,22.8,1,15
2026-08-09 14:58:34,18,28,28,22.9,30.5,30,19.8,1,15
2026-08-09 15:03:34,20,29,30,24,29.3,30.8,18.8,0,15
2026-08-09 15:08:34,21,30,31,24.7,28.2,31.2,18.2,0,15
2026-08-09 15:13:36,20,27,27,25.2,27.5,31.4,18,0,15
2026-08-09 15:18:35,20,26,27,25.4,26.8,31.5,17.6,0,15
2026-08-09 15:23:34,19,28,30,25.6,26.6,31.5,17.4,0,15
2026-08-09 15:28:35,20,30,30,25.7,26.3,31.5,17.3,0,15
2026-08-09 15:33:35,19,25,27,25.7,26,31.5,17.3,0,15
2026-08-09 15:38:35,20,29,30,25.7,26.1,31.4,17.2,1,15
2026-08-09 15:43:35,20,30,30,25.7,26,31.3,17.3,0,15
2026-08-09 15:48:34,21,29,30,25.7,25.8,31.3,17.3,0,15
2026-08-09 15:53:35,21,31,33,25.7,26,31.2,17.3,0,15
2026-08-09 15:58:35,20,31,35,25.6,26.1,31.1,17.3,0,15
2026-08-09 16:03:35,22,30,30,25.6,26,31.1,17.3,0,15
2026-08-09 16:08:35,20,27,29,25.6,25.9,31.1,17.2,0,15
2026-08-09 16:13:35,20,28,30,25.5,25.8,31,17.2,0,15
2026-08-09 16:18:35,19,27,28,25.5,25.7,30.9,17.2,0,15
2026-08-09 16:23:35,21,28,29,25.4,25.7,30.8,17.2,0,15
2026-08-09 16:28:35,20,29,29,25.4,25.6,30.8,17.2,0,15
2026-08-09 16:33:35,17,25,25,25.4,25.7,30.8,17.3,0,15
2026-08-09 16:38:35,14,25,26,25.3,25.6,30.7,17.3,0,15
2026-08-09 16:43:35,14,24,24,25.3,25.4,30.7,17.1,0,15
2026-08-09 16:48:35,10,19,19,25.2,25.7,30.6,17.1,0,15
2026-08-09 16:53:35,8,19,20,25.2,25.6,30.5,17.1,0,15
2026-08-09 16:58:35,8,22,22,25.2,25.8,30.5,17.1,0,15
2026-08-09 17:03:35,9,17,19,25.2,25.6,30.5,17.1,0,15
2026-08-09 17:08:35,7,14,15,25.2,25.5,30.6,17.1,0,15
2026-08-09 17:13:35,5,14,16,25.2,25.4,30.5,17.1,0,15
2026-08-09 17:18:35,5,13,14,25.2,25.6,30.5,17,1,15
2026-08-09 17:23:35,6,14,14,25.2,25.4,30.5,17.1,0,15
2026-08-09 17:28:35,7,16,18,25.1,25.4,30.4,17.1,0,15
2026-08-09 17:33:35,7,15,15,25.1,25.5,30.3,17,0,15
2026-08-09 17:38:35,5,11,13,25,25.4,30.4,16.9,0,15
2026-08-09 17:43:35,6,12,15,25.1,25.4,30.3,17,0,15
2026-08-09 17:48:35,7,17,17,25,25.4,30.2,17,0,15
2026-08-09 17:53:35,6,15,16,24.9,25.5,30.1,17.1,0,15
2026-08-09 17:58:35,7,17,17,24.9,25.5,30.1,17.2,0,15
2026-08-09 18:03:35,8,18,18,24.8,25.5,30,17.2,0,15
2026-08-09 18:08:35,7,19,19,24.8,25.6,29.9,17.2,0,15
2026-08-09 18:13:35,4,10,12,24.7,25.7,30,17.2,0,15
2026-08-09 18:18:35,4,6,7,24.7,25.5,29.9,17.2,0,15
2026-08-09 18:23:35,4,8,10,24.7,25.6,29.9,17.2,0,15
2026-08-09 18:28:35,3,6,7,24.6,25.6,29.8,17.2,0,15
2026-08-09 18:33:35,2,7,8,24.6,25.5,29.8,17.2,0,15
2026-08-09 18:38:35,5,7,7,24.5,25.7,29.6,17.3,0,15
2026-08-09 18:43:35,2,5,6,24.5,25.7,29.6,17.4,0,15
2026-08-09 18:48:35,1,4,4,24.4,25.6,29.5,17.4,0,15
2026-08-09 18:53:35,4,7,8,24.4,25.8,29.4,17.5,0,15
2026-08-09 18:58:35,2,6,6,24.3,25.7,29.4,17.5,1,15
2026-08-09 19:03:35,1,6,6,24.3,26.1,29.5,17.5,0,15
2026-08-09 19:08:36,2,5,5,24.2,25.8,29.4,17.5,0,15
2026-08-09 19:13:35,3,5,5,24.2,25.9,29.2,17.6,0,15
2026-08-09 19:18:35,1,4,4,24,26,29.1,17.7,0,15
2026-08-09 19:23:35,2,6,6,24,26.1,29.1,17.8,0,15
2026-08-09 19:28:35,0,3,3,23.9,26.3,28.9,18,0,15
2026-08-09 19:33:35,1,3,3,23.8,26.5,28.9,18.1,0,15
2026-08-09 19:38:35,0,2,2,23.8,26.6,28.9,18.1,0,15
2026-08-09 19:43:35,0,1,1,23.8,26.8,28.9,18.2,0,15
2026-08-09 19:48:36,0,3,3,23.7,26.8,28.8,18.3,0,15
2026-08-09 19:53:36,0,3,3,23.6,26.7,28.7,18.4,0,15
2026-08-09 19:58:35,0,2,2,23.6,26.7,28.6,18.4,0,15
2026-08-09 20:03:36,0,2,3,23.5,26.7,28.5,18.5,0,15
2026-08-09 20:08:35,0,2,2,23.4,26.8,28.5,18.4,0,15
2026-08-09 20:13:36,1,3,3,23.4,26.8,28.5,18.4,0,15
2026-08-09 20:18:36,2,3,4,23.3,26.9,28.3,18.6,0,15
2026-08-09 20:23:35,0,1,1,23.2,27,28.2,18.6,0,15
2026-08-09 20:28:35,0,2,2,23.2,27,28.2,18.7,0,15
2026-08-09 20:33:35,1,4,4,23.1,27.1,28.2,18.8,0,15
2026-08-09 20:38:36,1,4,4,23,27.3,28.1,18.9,0,15
2026-08-09 20:43:35,1,3,3,23,27.1,28,18.8,0,15
2026-08-09 20:48:35,1,3,3,23,27.2,28,18.9,0,15
2026-08-09 20:53:36,1,3,4,23,27.3,28,18.9,0,15
2026-08-09 20:58:36,1,4,4,23,27.2,27.9,18.9,0,15
2026-08-09 21:03:36,1,4,5,23,27.4,27.9,19,0,15
2026-08-09 21:08:36,2,4,4,22.9,27.2,27.8,19,0,15
2026-08-09 21:13:35,0,2,2,22.8,27.3,27.8,18.9,0,15
2026-08-09 21:18:36,1,4,4,22.9,27.3,27.8,18.9,0,15
2026-08-09 21:23:36,1,3,3,22.8,27.3,27.6,18.9,0,15
2026-08-09 21:28:36,0,3,3,22.8,27.4,27.7,18.9,0,15
2026-08-09 21:33:35,0,1,1,22.6,27.2,27.5,19,0,15
2026-08-09 21:38:36,0,4,4,22.6,27.4,27.4,19.1,0,15
2026-08-09 21:43:36,1,3,3,22.5,27.6,27.4,19.3,0,15
2026-08-09 21:48:36,1,4,4,22.5,27.7,27.4,19.2,0,15
2026-08-09 21:53:36,1,3,3,22.6,27.5,27.4,19.1,0,15
2026-08-09 21:58:36,1,4,4,22.6,27.3,27.5,19.1,0,15
2026-08-09 22:03:36,0,5,5,22.6,27.4,27.4,19.2,0,15
2026-08-09 22:08:36,1,4,4,22.5,27.7,27.3,19.3,0,15
2026-08-09 22:13:36,2,7,7,22.5,27.7,27.4,19.4,0,15
2026-08-09 22:18:36,1,3,3,22.5,27.7,27.3,19.4,0,15
2026-08-09 22:23:36,1,4,4,22.4,27.8,27.3,19.6,0,15
2026-08-09 22:28:36,1,5,7,22.5,28,27.3,19.5,1,15
2026-08-09 22:33:36,1,6,6,22.5,28,27.3,19.5,0,15
2026-08-09 22:38:36,1,5,6,22.5,28,27.3,19.5,0,15
2026-08-09 22:43:36,3,7,8,22.5,27.8,27.3,19.5,0,15
2026-08-09 22:48:36,2,5,5,22.5,27.8,27.3,19.6,0,15
2026-08-09 22:53:36,1,4,5,22.5,28,27.3,19.7,0,15
2026-08-09 22:58:36,2,5,5,22.5,28,27.2,19.7,0,15
2026-08-09 23:03:36,1,4,5,22.5,27.9,27.2,19.6,0,15
2026-08-09 23:08:36,2,4,5,22.5,27.9,27.2,19.6,0,15
2026-08-09 23:13:36,2,5,5,22.5,27.9,27.3,19.7,0,15
2026-08-09 23:18:36,1,4,4,22.4,28,27.3,19.6,0,15
2026-08-09 23:23:36,1,4,5,22.4,28.2,27.3,19.7,0,15
2026-08-09 23:28:36,2,4,4,22.4,28.1,27.2,19.7,0,15
2026-08-09 23:33:36,2,4,4,22.4,28,27.2,19.8,0,15
2026-08-09 23:38:37,1,4,4,22.4,28,27.2,19.8,0,15
2026-08-09 23:43:36,2,5,5,22.3,28.1,27.1,19.7,0,15
2026-08-09 23:48:36,1,5,5,22.3,28.2,27.1,19.9,0,15
2026-08-09 23:53:36,1,4,4,22.3,28.3,27,19.9,0,15
2026-08-09 23:58:36,2,5,6,22.3,28.2,27,19.9,0,15
2026-08-10 00:03:36,2,4,4,22.2,28.1,27,19.8,0,15
2026-08-10 00:08:36,1,4,4,22.3,28.2,27,19.9,0,15
2026-08-10 00:13:36,1,4,4,22.3,28.2,27,19.9,0,15
2026-08-10 00:18:36,2,6,6,22.3,28.2,27.1,19.9,0,15
2026-08-10 00:23:36,3,5,5,22.3,28.2,27.1,19.9,0,15
2026-08-10 00:28:37,3,5,6,22.3,28.4,27.1,19.9,0,15
2026-08-10 00:33:36,2,4,4,22.3,28.3,27,20,0,15
2026-08-10 00:38:37,3,4,4,22.3,28.5,27,20,0,15
2026-08-10 00:43:36,3,5,7,22.2,28.5,27,20.1,0,15
2026-08-10 00:48:37,4,6,6,22.3,28.5,27,20.2,0,15
2026-08-10 00:53:36,4,5,5,22.3,28.3,27,20.1,0,15
2026-08-10 00:58:36,2,5,5,22.3,28.4,27,20.1,0,15
2026-08-10 01:03:37,3,7,7,22.3,28.6,27,20.2,0,15
2026-08-10 01:08:37,4,7,7,22.2,28.7,27,20.2,1,15
2026-08-10 01:13:37,3,5,5,22.2,28.5,27,20.1,0,15
2026-08-10 01:18:36,5,8,8,22.2,28.4,27,20.2,0,15
2026-08-10 01:23:37,4,7,7,22.2,28.5,27,20.2,0,15
2026-08-10 01:28:36,3,6,6,22.2,28.5,27,20,0,15
2026-08-10 01:33:36,3,7,7,22.2,28.5,27,20.1,0,15
2026-08-10 01:38:36,3,6,6,22.1,28.6,26.9,20.2,0,15
2026-08-10 01:43:36,5,9,11,22.2,28.8,26.9,20.3,0,15
2026-08-10 01:48:37,4,7,9,22.1,28.8,26.8,20.3,0,15
2026-08-10 01:53:37,3,8,8,22,28.5,26.8,20.3,0,15
2026-08-10 01:58:36,5,7,7,22.1,28.8,26.8,20.4,0,15
2026-08-10 02:03:37,4,8,8,22.1,28.7,26.8,20.4,0,15
2026-08-10 02:08:36,5,11,11,22.1,28.8,26.9,20.4,0,15
2026-08-10 02:13:36,3,6,6,22.1,28.8,26.8,20.3,0,15
2026-08-10 02:18:37,3,6,6,22,28.9,26.8,20.3,0,15
2026-08-10 02:23:36,4,7,7,22,29,26.8,20.5,0,15
2026-08-10 02:28:36,6,8,9,22.1,29.1,26.9,20.5,0,15
2026-08-10 02:33:37,5,12,13,22.1,28.9,26.9,20.4,0,15
2026-08-10 02:38:36,4,8,8,22.1,28.9,26.9,20.3,0,15
2026-08-10 02:43:36,5,7,7,22.1,28.8,26.9,20.3,0,15
2026-08-10 02:48:37,5,9,12,22.1,29,26.8,20.5,0,15
2026-08-10 02:53:37,5,7,8,22,28.9,26.8,20.5,0,15
2026-08-10 02:58:37,4,8,8,22,28.8,26.8,20.4,0,15
2026-08-10 03:03:36,4,7,8,22,29,26.8,20.4,0,15
2026-08-10 03:08:37,6,9,11,22,29.1,26.7,20.6,0,15
2026-08-10 03:13:36,5,8,8,21.9,29.3,26.6,20.7,1,15
2026-08-10 03:18:37,5,9,9,21.9,29.2,26.7,20.6,0,15
2026-08-10 03:23:37,5,8,8,21.9,29.2,26.7,20.5,0,15
2026-08-10 03:28:37,4,7,7,21.9,29.1,26.7,20.5,0,15
2026-08-10 03:33:37,4,8,8,21.9,29,26.6,20.6,0,15
2026-08-10 03:38:37,4,7,7,21.9,28.9,26.6,20.6,1,15
2026-08-10 03:43:37,5,8,8,21.9,29.2,26.7,20.5,0,15
2026-08-10 03:48:37,5,7,7,21.9,29.1,26.7,20.4,0,15
2026-08-10 03:53:37,4,7,8,21.9,29.2,26.6,20.5,0,15
2026-08-10 03:58:37,4,8,8,21.8,29,26.6,20.5,0,15
2026-08-10 04:03:37,5,9,9,21.8,29.2,26.7,20.5,0,15
2026-08-10 04:08:37,5,7,7,21.8,29.2,26.5,20.7,0,15
2026-08-10 04:13:37,5,12,13,21.8,29.4,26.5,20.8,0,15
2026-08-10 04:18:37,4,7,7,21.7,29.4,26.4,20.8,1,15
2026-08-10 04:23:37,5,8,8,21.7,29.3,26.4,20.9,1,15
2026-08-10 04:28:37,6,9,11,21.7,29.5,26.4,20.9,0,15
2026-08-10 04:33:37,5,7,11,21.7,29.4,26.4,20.9,0,15
2026-08-10 04:38:37,4,8,8,21.7,29.5,26.4,20.8,0,15
2026-08-10 04:43:37,5,8,11,21.7,29.4,26.5,20.8,0,15
2026-08-10 04:48:37,5,11,11,21.7,29.5,26.4,20.9,0,15
2026-08-10 04:53:38,5,7,8,21.7,29.4,26.4,21,0,15
2026-08-10 04:58:37,5,9,9,21.6,29.4,26.3,21,0,15
2026-08-10 05:03:39,4,9,9,21.7,29.5,26.4,21,0,15
2026-08-10 05:08:37,3,7,7,21.7,29.6,26.4,21,1,15
2026-08-10 05:13:36,4,8,9,21.7,29.6,26.3,21.2,0,15
2026-08-10 05:18:37,4,7,7,21.7,29.7,26.4,21.1,0,15
2026-08-10 05:23:37,3,9,9,21.7,29.7,26.4,21,0,15
2026-08-10 05:28:37,3,7,7,21.7,29.5,26.3,21,0,15
2026-08-10 05:33:37,3,7,8,21.6,29.7,26.3,21,0,15
2026-08-10 05:38:37,5,9,11,21.6,29.6,26.3,21.1,0,15
2026-08-10 05:43:37,4,11,11,21.6,29.4,26.3,21,0,15
2026-08-10 05:48:37,5,9,9,21.5,29.5,26.3,21,0,15
2026-08-10 05:53:37,6,8,9,21.5,29.6,26.2,21.1,0,15
2026-08-10 05:58:37,5,7,8,21.5,29.6,26.2,21.1,0,15
2026-08-10 06:03:37,5,8,11,21.5,29.8,26.2,21.1,0,15
2026-08-10 06:08:37,4,8,9,21.6,29.7,26.3,21,0,15
2026-08-10 06:13:37,7,11,13,21.5,29.7,26.2,21.2,0,15
2026-08-10 06:18:39,6,11,11,21.4,29.8,26.1,21.2,1,15
2026-08-10 06:23:37,5,11,12,21.5,29.8,26.1,21.2,1,15
2026-08-10 06:28:37,6,13,13,21.5,29.6,26.2,21.1,0,15
2026-08-10 06:33:37,6,9,11,21.5,29.5,26.3,21,0,15
2026-08-10 06:38:37,4,11,11,21.6,29.5,26.2,21,0,15
2026-08-10 06:43:37,5,9,9,21.5,29.5,26.2,21,0,15
2026-08-10 06:48:37,6,13,14,21.5,29.6,26.3,20.8,1,15
2026-08-10 06:53:37,6,12,12,21.6,29.4,26.2,20.9,0,15
2026-08-10 06:58:37,5,9,9,21.5,29.2,26.3,20.8,0,15
2026-08-10 07:03:37,5,11,12,21.6,29.4,26.3,20.8,0,15
2026-08-10 07:08:37,4,7,7,21.6,29.4,26.3,20.9,0,15
2026-08-10 07:13:37,4,7,9,21.6,29.2,26.3,20.8,0,15
2026-08-10 07:18:37,5,12,13,21.7,29.3,26.4,20.9,0,15
2026-08-10 07:23:37,6,13,14,21.6,29.5,26.4,21,0,15
2026-08-10 07:28:38,6,12,13,21.6,29.5,26.3,21,0,15
2026-08-10 07:33:37,6,12,16,21.7,29.5,26.4,21,0,15
2026-08-10 07:38:37,6,12,13,21.7,29.6,26.4,21.1,0,15
2026-08-10 07:43:37,5,13,13,21.7,29.6,26.3,21.1,0,15
2026-08-10 07:48:38,6,8,9,21.6,29.8,26.2,21.2,0,15
2026-08-10 07:53:38,7,13,15,21.5,29.7,26.3,21.2,0,15
2026-08-10 07:58:37,6,15,15,21.6,29.7,26.3,21,0,15
2026-08-10 08:03:38,5,9,9,21.6,29.8,26.2,21.3,0,15
2026-08-10 08:08:38,5,11,11,21.6,30,26.3,21.3,0,15
2026-08-10 08:13:37,8,15,15,21.6,30.1,26.2,21.4,0,15
2026-08-10 08:18:38,6,16,17,21.6,30,26.2,21.5,0,15
2026-08-10 08:23:38,7,17,19,21.6,30.1,26.3,21.4,0,15
2026-08-10 08:28:37,7,19,19,21.5,29.8,26.3,21.4,0,15
2026-08-10 08:33:37,7,17,18,21.6,30.2,26.3,21.5,0,15
2026-08-10 08:38:38,6,16,16,21.6,30.2,26.3,21.5,0,15
2026-08-10 08:43:37,8,19,20,21.6,30.2,26.3,21.6,0,15
2026-08-10 08:48:38,8,17,17,21.5,30.1,26.3,21.4,0,15
2026-08-10 08:53:38,7,19,19,21.5,30.2,26.2,21.5,0,15
2026-08-10 08:58:38,8,20,20,21.5,30.1,26.1,21.6,0,15
2026-08-10 09:03:38,9,19,20,21.4,30,26.1,21.6,0,15
2026-08-10 09:08:37,9,19,19,21.4,30,26.2,21.5,0,15
2026-08-10 09:13:38,8,17,22,21.4,30.1,26.2,21.6,0,15
2026-08-10 09:18:38,9,17,18,21.5,30.3,26.1,21.7,0,15
2026-08-10 09:23:38,9,19,20,21.4,30.4,26.1,21.7,0,15
2026-08-10 09:28:38,8,19,19,21.4,30.2,26.1,21.7,0,15
2026-08-10 09:33:38,9,19,20,21.4,30.3,26.1,21.6,0,15
2026-08-10 09:38:38,11,19,20,21.4,30.2,26.1,21.7,0,15
2026-08-10 09:43:38,8,18,19,21.4,30.1,26.2,21.5,1,15
2026-08-10 09:48:39,8,22,22,21.4,30.3,26.2,21.6,0,15
2026-08-10 09:53:38,8,19,19,21.5,30.3,26.2,21.7,0,15
2026-08-10 09:58:38,7,18,19,21.5,30.1,26.1,21.6,0,15
2026-08-10 10:03:38,12,23,23,21.5,30.3,26.3,21.6,0,15
2026-08-10 10:08:38,11,20,22,21.6,30.3,26.4,21.7,0,15
2026-08-10 10:13:38,9,23,23,21.7,30.1,26.5,21.4,0,15
2026-08-10 10:18:38,9,22,22,21.7,30.3,26.4,21.5,0,15
2026-08-10 10:23:38,8,19,19,21.7,30,26.5,21.3,0,15
2026-08-10 10:28:38,12,20,22,21.8,29.9,26.5,21.4,0,15
2026-08-10 10:33:37,9,20,20,21.8,30.1,26.5,21.6,0,15
2026-08-10 10:38:38,8,19,19,21.8,30,26.5,21.5,0,15
2026-08-10 10:43:40,11,19,22,21.8,30,26.4,21.5,0,15
2026-08-10 10:48:38,11,16,18,21.8,30,26.4,21.5,0,15
2026-08-10 10:53:38,8,20,20,21.8,30.1,26.4,21.6,0,15
2026-08-10 10:58:39,13,22,22,21.8,30,26.5,21.5,0,15
2026-08-10 11:03:38,6,18,19,21.8,30,26.5,21.4,1,15
2026-08-10 11:08:38,11,24,24,21.8,29.9,26.5,21.4,0,15
2026-08-10 11:13:38,11,19,22,21.9,29.9,26.7,21.3,0,15
2026-08-10 11:18:38,12,22,23,21.9,30,26.6,21.4,0,15
2026-08-10 11:23:38,16,26,27,21.9,29.8,26.6,21.5,0,15
2026-08-10 11:28:38,20,29,29,22,30,26.7,21.4,0,15
2026-08-10 11:33:38,22,35,39,22,29.8,26.7,21.3,1,15
2026-08-10 11:38:38,22,34,38,22,29.8,26.7,21.4,0,15
2026-08-10 11:43:38,16,25,25,22,29.8,26.6,21.5,0,15
2026-08-10 11:48:38,14,26,27,22,30,26.7,21.4,0,15
2026-08-10 11:53:38,20,30,35,22.1,30,26.8,21.4,0,15
2026-08-10 11:58:39,25,38,46,22,29.8,26.7,21.5,0,15
2026-08-10 12:03:38,19,27,29,22,29.9,26.8,21.4,0,15
2026-08-10 12:08:38,20,27,28,22,29.9,26.7,21.6,0,15
2026-08-10 12:13:38,19,26,28,22.1,30.1,26.7,21.6,0,15
2026-08-10 12:18:38,19,28,28,22.1,30.1,26.8,21.5,0,15
2026-08-10 12:23:38,20,29,29,22.1,30,26.8,21.5,0,15
2026-08-10 12:28:38,19,28,28,22.2,30,26.9,21.4,0,15
2026-08-10 12:33:39,19,26,26,22.1,29.8,26.9,21.3,0,15
2026-08-10 12:38:38,20,28,29,22.2,29.9,26.9,21.4,0,15
2026-08-10 12:43:39,19,25,26,22.2,29.8,26.9,21.5,0,15
2026-08-10 12:48:38,21,29,30,22.2,30,26.9,21.5,0,15
2026-08-10 12:53:39,21,28,29,22.2,29.9,27,21.5,0,15
2026-08-10 12:58:39,28,41,49,22.4,29.9,27.2,21.4,0,15
2026-08-10 13:03:38,23,33,35,22.4,29.9,27.2,21.4,0,15
2026-08-10 13:08:38,24,35,41,22.5,29.8,27.2,21.4,1,15
2026-08-10 13:13:39,20,28,30,22.5,29.8,27.2,21.4,0,15
2026-08-10 13:18:39,22,30,31,22.5,29.5,27.3,21.4,0,15
2026-08-10 13:23:39,23,34,38,22.6,29.7,27.3,21.3,0,15
2026-08-10 13:28:38,22,32,33,22.6,29.6,27.3,21.3,0,15
2026-08-10 13:33:38,19,31,33,22.7,29.6,27.4,21.3,0,15
2026-08-10 13:38:38,22,32,33,22.6,29.7,27.4,21.2,1,15
2026-08-10 13:43:38,22,28,29,22.7,29.6,27.4,21.2,0,15
2026-08-10 13:48:39,22,29,29,22.7,29.6,27.4,21.2,0,15
2026-08-10 13:53:38,21,30,30,22.7,29.5,27.5,21.2,0,15
2026-08-10 13:58:39,22,32,34,22.7,29.6,27.5,21.2,0,15
2026-08-10 14:03:38,21,29,30,22.8,29.5,27.5,21.1,0,15
2026-08-10 14:08:38,22,30,33,22.8,29.4,27.6,21,0,15
2026-08-10 14:13:39,21,31,32,22.9,29.1,27.7,20.9,0,15
2026-08-10 14:18:39,26,39,48,22.8,29.3,27.5,21,0,15
2026-08-10 14:23:38,21,31,35,22.8,29.4,27.6,21,0,15
2026-08-10 14:28:39,23,32,35,22.8,29.5,27.6,21.1,0,15
2026-08-10 14:33:38,23,35,40,22.9,29.6,27.6,21,0,15
2026-08-10 14:38:39,21,29,29,22.9,29.3,27.7,21,0,15
2026-08-10 14:43:39,22,30,31,22.9,29.3,27.6,21.1,0,15
2026-08-10 14:48:39,21,32,35,22.9,29.4,27.6,21.1,1,15
2026-08-10 14:53:39,21,32,33,22.9,29.3,27.7,21,0,15
2026-08-10 14:58:39,22,34,38,22.9,29.6,27.7,21,0,15
2026-08-10 15:03:39,23,35,41,22.9,29.5,27.6,21.2,0,15
2026-08-10 15:08:38,22,34,37,22.9,29.6,27.7,21.2,0,15
2026-08-10 15:13:39,21,31,33,23,29.6,27.7,21.2,0,15
2026-08-10 15:18:39,21,29,30,23,29.3,27.8,21.1,0,15
2026-08-10 15:23:39,22,30,33,23,29.5,27.8,21,0,15
2026-08-10 15:28:39,23,36,44,23,29.5,27.8,21.1,0,15
2026-08-10 15:33:38,22,32,36,23,29.2,27.9,21,0,15
2026-08-10 15:38:39,20,32,33,23.1,29.5,27.9,21,0,15
2026-08-10 15:43:39,21,29,33,23.1,29.4,27.8,21,0,15
2026-08-10 15:48:40,20,29,30,23.1,29.1,27.9,20.9,0,15
2026-08-10 15:53:39,20,30,34,23.1,29.2,28,20.7,0,15
2026-08-10 15:58:40,18,26,26,23.2,28.9,28,20.5,0,15
2026-08-10 16:03:39,16,24,24,23.2,28.8,28,20.5,0,15
2026-08-10 16:08:39,17,27,27,23.2,28.6,28,20.4,0,15
2026-08-10 16:13:40,17,26,28,23.2,28.8,28,20.5,0,15
2026-08-10 16:18:39,17,26,27,23.2,28.4,28,20.3,0,15
2026-08-10 16:23:39,16,26,26,23.2,28.5,28.1,20.2,0,15
2026-08-10 16:28:39,13,25,25,23.2,28.4,28,20.1,0,15
2026-08-10 16:33:38,12,23,24,23.2,28.2,28.1,20.1,0,15
2026-08-10 16:38:39,14,24,24,23.2,27.9,28,19.9,0,15
2026-08-10 16:43:39,14,23,23,23.2,28.2,28,20,0,15
2026-08-10 16:48:39,12,23,23,23.3,28.3,28,20.1,0,15
2026-08-10 16:53:39,15,22,24,23.3,28.3,28.1,20.1,0,15
2026-08-10 16:58:39,16,24,24,23.3,28.3,28.1,20.1,0,15
2026-08-10 17:03:39,16,25,25,23.3,28.3,28.1,20.1,0,15
2026-08-10 17:08:39,16,24,24,23.2,28.2,28,20.1,0,15
2026-08-10 17:13:39,16,26,27,23.2,28.5,28.1,20.2,0,15
2026-08-10 17:18:39,17,24,26,23.2,28.3,28,20.1,0,15
2026-08-10 17:23:39,16,25,25,23.2,28.5,28,20.1,0,15
2026-08-10 17:28:39,18,25,26,23.2,28.2,28,20.1,0,15
2026-08-10 17:33:39,10,23,24,23.2,28.1,28,20,0,15
2026-08-10 17:38:39,16,26,28,23.2,28.2,28,20,0,15
2026-08-10 17:43:39,12,23,23,23.2,28.1,28,20,0,15
2026-08-10 17:48:39,16,25,26,23.2,28.2,28,20,0,15
2026-08-10 17:53:39,16,25,25,23.1,28.1,28,20,0,15
2026-08-10 17:58:39,16,24,26,23.1,28.3,28,20,0,15
2026-08-10 18:03:39,15,24,24,23.1,28.2,27.8,20.2,0,15
2026-08-10 18:08:39,17,25,26,23,28.4,27.8,20.2,1,15
2026-08-10 18:13:39,15,24,25,23,28.6,27.8,20.2,0,15
2026-08-10 18:18:39,16,25,26,23,28.3,27.8,20.2,0,15
2026-08-10 18:23:39,17,26,26,23,28.5,27.7,20.2,1,15
2026-08-10 18:28:39,16,24,25,23,28.6,27.8,20.2,0,15
2026-08-10 18:33:39,16,28,28,23,28.3,27.7,20.2,0,15
2026-08-10 18:38:39,16,26,27,22.9,28.6,27.8,20.4,0,15
2026-08-10 18:43:39,18,26,27,22.9,28.8,27.8,20.4,0,15
2026-08-10 18:48:39,19,26,27,22.9,28.5,27.8,20.3,1,15
2026-08-10 18:53:39,18,26,26,22.9,28.7,27.7,20.3,0,15
2026-08-10 18:58:39,13,22,22,22.9,28.7,27.7,20.4,0,15
2026-08-10 19:03:39,12,22,24,22.9,28.6,27.7,20.3,0,15
2026-08-10 19:08:39,13,25,27,22.8,28.9,27.6,20.3,0,15
2026-08-10 19:13:39,14,26,26,22.8,28.7,27.6,20.3,0,15
2026-08-10 19:18:39,17,26,26,22.8,28.8,27.7,20.5,0,15
2026-08-10 19:23:40,14,25,26,22.8,28.9,27.5,20.5,0,15
2026-08-10 19:28:39,17,27,27,22.7,29,27.5,20.6,0,15
2026-08-10 19:33:39,15,25,26,22.8,28.9,27.6,20.6,0,15
2026-08-10 19:38:39,15,27,27,22.7,28.9,27.5,20.6,0,15
2026-08-10 19:43:39,13,24,25,22.7,29.1,27.5,20.6,0,15
2026-08-10 19:48:40,16,26,26,22.7,29.1,27.5,20.7,0,15
2026-08-10 19:53:39,15,23,24,22.7,28.9,27.4,20.6,0,15
2026-08-10 19:58:39,18,27,27,22.7,29.1,27.5,20.6,0,15
2026-08-10 20:03:39,12,24,24,22.6,29,27.4,20.6,0,15
2026-08-10 20:08:39,11,24,24,22.5,29,27.3,20.7,0,15
2026-08-10 20:13:39,18,27,28,22.6,29,27.4,20.6,0,15
2026-08-10 20:18:40,16,25,25,22.6,28.9,27.4,20.5,0,15
2026-08-10 20:23:39,17,25,25,22.6,28.8,27.5,20.5,0,15
2026-08-10 20:28:40,18,28,28,22.7,28.8,27.4,20.5,0,15
2026-08-10 20:33:40,19,28,29,22.6,28.6,27.4,20.4,0,15
2026-08-10 20:38:39,20,28,29,22.7,28.7,27.4,20.5,0,15
2026-08-10 20:43:39,20,28,29,22.6,28.8,27.4,20.5,0,15
2026-08-10 20:48:39,19,27,29,22.6,29,27.4,20.5,0,15
2026-08-10 20:53:40,19,26,28,22.6,28.8,27.4,20.6,0,15
2026-08-10 20:58:40,20,28,28,22.6,28.9,27.3,20.6,1,15
2026-08-10 21:03:39,16,26,26,22.5,29.1,27.3,20.6,0,15
2026-08-10 21:08:40,16,24,25,22.5,29.1,27.3,20.8,0,15
2026-08-10 21:13:39,18,26,27,22.4,29.2,27.3,20.8,0,15
2026-08-10 21:18:40,16,26,26,22.4,29.1,27.3,20.6,0,15
2026-08-10 21:23:40,19,28,29,22.5,28.9,27.3,20.6,0,15
2026-08-10 21:28:40,18,27,27,22.5,29.1,27.3,20.7,1,15
2026-08-10 21:33:40,17,26,26,22.5,29.2,27.2,20.8,1,15
2026-08-10 21:38:40,16,26,26,22.4,29.3,27.2,20.8,0,15
2026-08-10 21:43:40,18,27,29,22.4,29.4,27.1,20.9,1,15
2026-08-10 21:48:40,19,30,31,22.4,29.4,27.1,20.9,0,15
2026-08-10 21:53:40,20,28,29,22.4,29.4,27.1,21,0,15
2026-08-10 21:58:40,20,30,31,22.4,29.5,27.1,20.9,0,15
2026-08-10 22:03:40,14,25,26,22.4,29.4,27.1,20.8,0,15
2026-08-10 22:08:40,12,24,24,22.3,29.4,27.1,20.9,0,15
2026-08-10 22:13:40,14,26,26,22.3,29.3,27.1,20.8,0,15
2026-08-10 22:18:40,12,24,25,22.3,29.3,27.1,20.8,0,15
2026-08-10 22:23:40,13,25,25,22.2,29.2,27,20.9,0,15
2026-08-10 22:28:40,14,25,25,22.1,29.5,26.9,21,1,15
2026-08-10 22:33:39,17,27,28,22.2,29.4,26.9,21,0,15
2026-08-10 22:38:40,18,30,33,22.2,29.5,27,21,0,15
2026-08-10 22:43:40,18,27,27,22.2,29.6,27,21,0,15
2026-08-10 22:48:40,15,25,29,22,29.8,26.8,21.1,0,15
2026-08-10 22:53:40,16,27,29,22,29.6,26.8,21,0,15
2026-08-10 22:58:40,19,28,30,22.1,29.6,26.8,21.1,0,15
2026-08-10 23:03:40,12,25,25,22.1,29.5,26.8,20.9,0,15
2026-08-10 23:08:40,16,26,27,22.1,29.3,26.8,20.9,0,15
2026-08-10 23:13:40,12,24,25,22,29.3,26.8,20.9,0,15
2026-08-10 23:18:40,13,23,24,22.1,29.3,26.8,21,0,15
2026-08-10 23:23:40,15,25,27,22.1,29.4,26.7,21,0,15
2026-08-10 23:28:40,16,26,26,22.1,29.3,26.8,20.9,0,15
2026-08-10 23:33:40,13,24,26,22.1,29.4,26.7,21,0,15
2026-08-10 23:38:40,12,24,24,22.1,29.4,26.7,21,0,15
2026-08-10 23:43:40,14,24,25,22,29.5,26.7,21.1,0,15
2026-08-10 23:48:40,15,25,25,22,29.6,26.7,21.1,0,15
2026-08-10 23:53:40,13,23,25,22,29.7,26.7,21.1,0,15
2026-08-10 23:58:40,14,25,28,22,29.4,26.7,21,0,15
2026-08-11 00:03:40,14,24,25,22.1,29.4,26.8,20.9,0,15
2026-08-11 00:08:40,16,26,26,22,29.7,26.7,21.3,0,15
2026-08-11 00:13:41,15,26,27,22,29.8,26.7,21.3,0,15
2026-08-11 00:18:40,15,24,24,22,29.5,26.7,21.1,0,15
2026-08-11 00:23:40,16,26,27,22,29.8,26.7,21.2,0,15
2026-08-11 00:28:40,15,27,28,22,29.8,26.6,21.3,0,15
2026-08-11 00:33:40,14,25,27,22,29.7,26.7,21.3,0,15
2026-08-11 00:38:40,16,26,26,22,29.7,26.7,21.3,0,15
2026-08-11 00:43:40,17,29,29,22,29.8,26.7,21.3,0,15
2026-08-11 00:48:40,18,25,25,22,29.8,26.6,21.4,0,15
2026-08-11 00:53:40,16,25,27,22,29.9,26.6,21.4,0,15
2026-08-11 00:58:40,17,26,26,22,29.8,26.7,21.3,0,15
2026-08-11 01:03:40,17,27,30,21.9,29.8,26.6,21.3,0,15
2026-08-11 01:08:40,18,27,27,22,29.9,26.7,21.3,0,15
2026-08-11 01:13:40,16,27,27,21.9,29.9,26.6,21.3,0,15
2026-08-11 01:18:40,17,27,27,21.9,29.9,26.6,21.3,0,15
2026-08-11 01:23:40,18,25,26,21.9,29.8,26.6,21.4,0,15
2026-08-11 01:28:40,19,27,28,21.9,29.8,26.7,21.3,0,15
2026-08-11 01:33:40,18,27,29,21.9,29.8,26.6,21.3,0,15
2026-08-11 01:38:40,16,26,26,21.9,30,26.6,21.4,0,15
2026-08-11 01:43:40,17,24,25,21.9,30,26.6,21.4,0,15
2026-08-11 01:48:40,16,27,27,21.9,30,26.6,21.4,0,15
2026-08-11 01:53:40,15,26,28,21.8,30,26.5,21.6,0,15
2026-08-11 01:58:40,18,29,29,21.8,30.3,26.5,21.6,0,15
2026-08-11 02:03:41,19,28,29,21.8,30.2,26.5,21.6,0,15
2026-08-11 02:08:41,18,29,30,21.8,30.1,26.6,21.6,1,15
2026-08-11 02:13:41,16,25,26,21.9,30.2,26.6,21.6,0,15
2026-08-11 02:18:40,17,26,28,21.8,30.3,26.6,21.6,1,15
2026-08-11 02:23:40,13,26,26,21.8,30.4,26.6,21.7,0,15
2026-08-11 02:28:41,19,27,27,21.8,30.3,26.5,21.6,0,15
2026-08-11 02:33:40,14,25,26,21.8,30.1,26.5,21.7,0,15
2026-08-11 02:38:40,17,25,27,21.8,30.1,26.5,21.7,0,15
2026-08-11 02:43:41,18,27,28,21.9,30.4,26.7,21.6,0,15
2026-08-11 02:48:40,16,27,27,21.8,30.2,26.5,21.6,0,15
2026-08-11 02:53:40,16,25,28,21.8,30.5,26.5,21.7,0,15
2026-08-11 02:58:40,17,26,27,21.8,30.2,26.5,21.8,0,15
2026-08-11 03:03:40,17,28,32,21.8,30.5,26.4,21.8,0,15
2026-08-11 03:08:40,18,27,29,21.8,30.5,26.6,21.7,0,15
2026-08-11 03:13:41,18,27,27,21.8,30.2,26.5,21.7,0,15
2026-08-11 03:18:40,16,24,26,21.8,30.3,26.5,21.7,0,15
2026-08-11 03:23:40,15,25,26,21.8,30.2,26.4,21.7,0,15
2026-08-11 03:28:40,16,27,28,21.8,30.1,26.6,21.5,0,15
2026-08-11 03:33:40,16,25,27,21.8,30.2,26.7,21.5,0,15
2026-08-11 03:38:41,16,26,26,21.8,30.3,26.5,21.6,0,15
2026-08-11 03:43:41,16,30,31,21.8,30.3,26.5,21.7,0,15
2026-08-11 03:48:40,15,26,26,21.7,30.4,26.5,21.7,0,15
2026-08-11 03:53:40,17,27,27,21.8,30.5,26.5,21.7,0,15
2026-08-11 03:58:40,15,25,28,21.8,30.5,26.5,21.8,0,15
2026-08-11 04:03:41,13,23,24,21.8,30.4,26.5,21.7,0,15
2026-08-11 04:08:41,15,24,24,21.7,30.5,26.4,21.9,0,15
2026-08-11 04:13:40,16,24,24,21.8,30.5,26.5,21.8,0,15
2026-08-11 04:18:40,18,26,26,21.7,30.7,26.5,21.9,0,15
2026-08-11 04:23:40,15,26,27,21.7,30.5,26.3,22,0,15
2026-08-11 04:28:41,17,27,29,21.6,30.8,26.2,22.1,0,15
2026-08-11 04:33:41,20,28,28,21.5,30.8,26.2,22.1,0,15
2026-08-11 04:38:41,15,25,28,21.5,30.6,26.2,22.1,0,15
2026-08-11 04:43:41,16,25,26,21.5,30.8,26.2,22.1,0,15
2026-08-11 04:48:41,14,23,24,21.5,30.5,26.2,22,0,15
2026-08-11 04:53:40,15,27,29,21.3,30.9,26.2,22.1,0,15
2026-08-11 04:58:41,15,25,25,21.4,30.6,26.2,22,0,15
2026-08-11 05:03:41,16,26,30,21.5,30.7,26.2,22.1,0,15
2026-08-11 05:08:41,16,26,26,21.5,30.6,26.2,22,0,15
2026-08-11 05:13:41,16,28,28,21.5,30.7,26.2,22.1,0,15
2026-08-11 05:18:41,17,27,27,21.5,30.6,26.2,22.1,0,15
2026-08-11 05:23:41,16,25,25,21.5,30.7,26.1,22.1,0,15
2026-08-11 05:28:41,15,25,27,21.4,30.8,26.1,22.1,0,15
2026-08-11 05:33:41,18,27,28,21.4,30.9,26.1,22.2,0,15
2026-08-11 05:38:40,16,24,28,21.4,30.9,26.2,22.2,0,15
2026-08-11 05:43:41,17,28,28,21.5,30.9,26.2,22.2,0,15
2026-08-11 05:48:41,16,28,28,21.4,30.8,26.1,22.3,0,15
2026-08-11 05:53:40,18,28,30,21.5,30.7,26.1,22.2,0,15
2026-08-11 05:58:41,16,26,28,21.4,30.7,26.1,22.3,0,15
2026-08-11 06:03:41,18,26,27,21.4,30.6,26.1,22.2,0,15
2026-08-11 06:08:41,17,28,32,21.4,30.8,26.1,22.1,0,15
2026-08-11 06:13:40,18,29,29,21.4,30.5,26.1,22.1,0,15
2026-08-11 06:18:41,18,27,27,21.3,30.7,26.1,22.2,0,15
2026-08-11 06:23:41,17,26,28,21.4,30.6,26,22.2,0,15
2026-08-11 06:28:41,17,26,28,21.3,30.7,26,22.2,0,15
2026-08-11 06:33:41,20,30,32,21.4,30.8,26.1,22.2,0,15
2026-08-11 06:38:41,22,30,30,21.4,30.8,26.1,22.2,0,15
2026-08-11 06:43:40,18,27,28,21.4,30.7,26.1,22.2,0,15
2026-08-11 06:48:41,18,26,27,21.4,30.7,26.1,22.1,0,15
2026-08-11 06:53:41,18,26,27,21.5,30.6,26.2,22,0,15
2026-08-11 06:58:41,18,29,29,21.5,30.6,26.2,22.1,0,15
2026-08-11 07:03:41,21,31,32,21.5,30.6,26.2,22,0,15
2026-08-11 07:08:41,19,28,28,21.5,30.8,26.3,22.1,0,15
2026-08-11 07:13:41,19,27,27,21.5,30.8,26.2,22.3,0,15
2026-08-11 07:18:41,17,28,28,21.6,30.9,26.2,22.2,0,15
2026-08-11 07:23:41,20,29,29,21.5,30.8,26.2,22.3,0,15
2026-08-11 07:28:41,17,27,29,21.6,31,26.3,22.3,0,15
2026-08-11 07:33:41,19,28,29,21.5,30.9,26.2,22.3,0,15
2026-08-11 07:38:41,19,26,29,21.5,30.9,26.1,22.5,0,15
2026-08-11 07:43:41,18,29,30,21.5,31.1,26.1,22.4,0,15
2026-08-11 07:48:41,20,30,31,21.5,31.1,26.1,22.5,0,15
2026-08-11 07:53:41,19,31,32,21.5,31.4,26.2,22.5,0,15
2026-08-11 07:58:41,19,28,28,21.4,31.2,26.1,22.5,0,15
2026-08-11 08:03:41,26,35,43,21.4,31.1,26,22.5,0,15
2026-08-11 08:08:41,20,30,31,21.4,31,26.2,22.4,0,15
2026-08-11 08:13:41,21,30,31,21.5,31.2,26.1,22.5,0,15
2026-08-11 08:18:41,21,31,32,21.5,31.1,26.1,22.5,0,15
2026-08-11 08:23:41,21,33,36,21.4,31.1,26.1,22.6,0,15
2026-08-11 08:28:42,22,33,36,21.4,31.2,26.1,22.5,1,15
2026-08-11 08:33:41,18,25,27,21.4,31.1,26.1,22.4,0,15
2026-08-11 08:38:42,19,28,29,21.4,31,26.1,22.6,0,15
2026-08-11 08:43:41,22,33,34,21.4,31.1,26.1,22.7,0,15
2026-08-11 08:48:42,19,30,31,21.4,31,26.1,22.7,0,15
2026-08-11 08:53:41,22,30,34,21.4,31.2,26.2,22.5,1,15
2026-08-11 08:58:41,22,36,40,21.4,31.1,26.1,22.6,0,15
2026-08-11 09:03:41,22,33,36,21.5,31,26.1,22.5,0,15
2026-08-11 09:08:41,22,33,35,21.5,31.1,26.1,22.5,0,15
2026-08-11 09:13:41,22,35,40,21.5,30.9,26.2,22.4,1,15
2026-08-11 09:18:42,22,33,37,21.5,31,26.2,22.4,1,15
2026-08-11 09:23:41,22,34,38,21.6,31,26.3,22.3,0,15
2026-08-11 09:28:42,22,33,39,21.5,30.9,26.2,22.4,0,15
2026-08-11 09:33:41,22,32,33,21.5,31,26.2,22.3,0,15
2026-08-11 09:38:41,21,34,37,21.5,31,26.2,22.4,0,15
2026-08-11 09:43:42,22,33,37,21.4,31,26.2,22.4,0,15
2026-08-11 09:48:41,22,33,37,21.5,31.1,26.3,22.4,0,15
2026-08-11 09:53:41,22,32,34,21.6,31.1,26.2,22.4,0,15
2026-08-11 09:58:41,22,33,36,21.5,31.1,26.3,22.5,0,15
2026-08-11 10:03:41,23,36,41,21.6,31.1,26.3,22.5,0,15
2026-08-11 10:08:42,22,31,32,21.6,31.2,26.3,22.4,1,15
2026-08-11 10:13:42,22,33,36,21.6,31.1,26.3,22.4,1,15
2026-08-11 10:18:42,21,32,33,21.7,31.1,26.4,22.4,0,15
2026-08-11 10:23:42,22,34,39,21.7,31.1,26.5,22.4,0,15
2026-08-11 10:28:42,22,33,37,21.8,31,26.6,22.2,0,15
2026-08-11 10:33:41,23,35,40,21.8,31.1,26.4,22.4,0,15
2026-08-11 10:38:42,23,34,38,21.7,30.9,26.4,22.4,0,15
2026-08-11 10:43:43,23,34,39,21.8,31.1,26.4,22.5,0,15
2026-08-11 10:48:41,23,35,42,21.8,30.9,26.4,22.4,0,15
2026-08-11 10:53:42,22,33,36,21.8,31,26.5,22.4,0,15
2026-08-11 10:58:41,23,35,40,21.8,31,26.4,22.5,0,15
2026-08-11 11:03:42,23,35,38,21.8,31,26.5,22.4,0,15
2026-08-11 11:08:42,24,36,42,21.8,31.2,26.4,22.5,0,15
2026-08-11 11:13:41,24,36,42,21.8,31.2,26.5,22.5,0,15
2026-08-11 11:18:42,24,37,45,21.9,31,26.5,22.5,0,15
2026-08-11 11:23:42,24,36,42,21.9,31.2,26.6,22.6,0,15
2026-08-11 11:28:42,23,35,41,22,30.9,26.7,22.4,0,15
2026-08-11 11:33:42,24,38,45,22,30.8,26.7,22.4,0,15
2026-08-11 11:38:42,24,38,43,22.1,30.9,26.7,22.4,0,15
2026-08-11 11:43:42,24,36,41,22.1,30.8,26.7,22.4,0,15
2026-08-11 11:48:41,24,38,46,22.2,30.7,26.9,22.2,0,15
2026-08-11 11:53:43,23,35,40,22.2,30.8,26.8,22.3,1,15
2026-08-11 11:58:42,24,36,41,22.2,30.9,26.9,22.2,0,15
2026-08-11 12:03:42,23,34,38,22.3,30.6,27,22.2,0,15
2026-08-11 12:08:42,24,38,46,22.3,30.7,27,22.1,0,15
2026-08-11 12:13:42,23,35,40,22.3,30.6,27,22.1,0,15
2026-08-11 12:18:43,24,39,45,22.4,30.6,27.1,22.2,0,15
2026-08-11 12:23:42,24,38,45,22.4,30.6,27.1,22.2,0,15
2026-08-11 12:28:42,28,43,51,22.5,30.6,27.1,22.1,0,15
2026-08-11 12:33:42,26,40,47,22.5,30.7,27.1,22.2,1,15
2026-08-11 12:38:42,26,39,46,22.5,30.6,27.1,22.3,0,15
2026-08-11 12:43:42,27,40,47,22.5,30.7,27.1,22.3,0,15
2026-08-11 12:48:42,28,40,47,22.5,30.7,27.1,22.3,0,15
2026-08-11 12:53:42,27,40,47,22.5,30.6,27.2,22.2,0,15
2026-08-11 12:58:43,28,41,48,22.6,30.6,27.3,22.3,0,15
2026-08-11 13:03:43,27,41,48,22.7,30.5,27.4,22.1,1,15
2026-08-11 13:08:43,29,43,50,22.7,30.4,27.5,22.1,0,15
2026-08-11 13:13:42,31,46,56,22.8,30.5,27.5,22.1,0,15
2026-08-11 13:18:42,29,45,55,22.8,30.5,27.6,22.1,0,15
2026-08-11 13:23:42,28,42,49,22.9,30.4,27.7,22.1,0,15
2026-08-11 13:28:42,31,46,55,23,30.4,27.8,22,1,15
2026-08-11 13:33:42,28,43,52,23,30.6,27.9,22.2,0,15
2026-08-11 13:38:43,27,42,49,23.2,30.5,28,22.3,0,15
2026-08-11 13:43:43,28,45,54,22.9,30.6,26.8,22.8,0,15
2026-08-11 13:48:42,29,44,54,22.1,31.8,25.4,25.3,0,15
2026-08-11 13:53:42,27,41,49,22.3,31.8,26.6,24,0,15
2026-08-11 13:58:43,29,47,56,22.4,30.9,26,23.7,0,15
2026-08-11 14:03:42,33,49,58,21,31.8,22.1,27.9,0,15
2026-08-11 14:08:42,32,49,61,19.6,33.5,20,31.4,0,15
2026-08-11 14:13:43,33,50,60,18.8,35,19.1,32.8,0,15
2026-08-11 14:18:43,33,50,63,18.4,36,18.9,33.2,0,15
2026-08-11 14:23:43,31,49,59,18,36.7,18.7,33.7,0,15
2026-08-11 14:28:43,33,52,65,17.9,37.2,18.6,34,0,15
2026-08-11 14:33:42,36,56,69,17.7,37.7,18.5,34.1,0,15
2026-08-11 14:38:43,36,54,67,17.5,37.9,18.2,34.7,0,15
2026-08-11 14:43:42,33,49,60,19.3,37.6,24.4,28.2,0,15
2026-08-11 14:48:42,31,47,57,21.3,34,27.8,23.5,0,15
2026-08-11 14:53:42,31,45,55,22.7,32,28.9,21.8,0,15
2026-08-11 14:58:43,29,45,55,23.6,30.6,29.4,21.1,0,15
2026-08-11 15:03:42,30,45,55,24.1,30.1,29.7,20.7,0,15
2026-08-11 15:08:42,31,46,56,24.5,29.4,29.8,20.3,0,15
2026-08-11 15:13:42,29,45,54,24.6,28.8,29.8,20.3,0,15
2026-08-11 15:18:43,30,47,56,24.7,28.6,29.9,19.9,0,15
2026-08-11 15:23:42,31,47,57,24.8,28.5,29.9,19.9,0,15
2026-08-11 15:28:42,29,46,56,24.8,28.5,29.9,20.1,0,15
2026-08-11 15:33:43,31,45,55,24.9,28.6,30,19.9,0,15
2026-08-11 15:38:42,31,47,56,24.9,28.2,30,19.8,0,15
2026-08-11 15:43:42,30,47,58,25,28.3,30,19.8,0,15
2026-08-11 15:48:43,30,47,57,25,28.2,29.9,19.9,0,15
2026-08-11 15:53:42,32,49,60,25,28.2,30,19.8,0,15
2026-08-11 15:58:42,33,50,60,25,28.2,30,19.9,0,15
2026-08-11 16:03:42,30,46,56,25,28.2,30,20,0,15
2026-08-11 16:08:43,32,49,60,25,28.1,30.1,19.8,0,15
2026-08-11 16:13:43,32,49,60,25.1,28.3,30.1,19.8,0,15
2026-08-11 16:18:43,33,51,63,25.1,28.2,30,19.8,0,15
2026-08-11 16:23:42,32,49,61,25,28,29.9,19.8,0,15
2026-08-11 16:28:43,33,50,62,25,28.1,29.9,19.8,0,15
2026-08-11 16:33:44,32,49,61,25,28,29.9,19.7,0,15
2026-08-11 16:38:43,32,50,62,25,27.9,30,19.7,0,15
2026-08-11 16:43:43,34,50,62,25,27.8,30,19.6,1,15
2026-08-11 16:48:43,35,52,64,25,27.9,29.9,19.6,0,15
2026-08-11 16:53:42,34,52,63,25,27.7,29.9,19.6,0,15
2026-08-11 16:58:43,34,52,65,24.9,28,29.9,19.7,1,15
2026-08-11 17:03:43,34,51,63,24.9,28,29.9,19.8,0,15
2026-08-11 17:08:43,35,52,66,24.9,28.2,29.9,19.8,0,15
2026-08-11 17:13:43,39,60,71,24.9,28.3,29.8,19.8,0,15
2026-08-11 17:18:43,36,53,66,24.9,28.1,29.9,19.7,0,15
2026-08-11 17:23:43,33,51,63,24.9,28.2,29.8,19.8,0,15
2026-08-11 17:28:44,40,60,69,24.8,28.1,29.8,19.8,0,15
2026-08-11 17:33:43,33,50,62,24.8,28.1,29.8,19.8,0,15
2026-08-11 17:38:43,35,52,66,24.8,28.1,29.8,19.7,1,15
2026-08-11 17:43:43,35,52,64,24.8,28.3,29.7,19.7,0,15
2026-08-11 17:48:43,34,51,63,24.8,27.8,29.7,19.7,0,15
2026-08-11 17:53:43,35,52,64,24.7,28,29.7,19.6,0,15
2026-08-11 17:58:43,36,54,67,24.7,28.1,29.7,19.7,0,15
2026-08-11 18:03:43,33,50,62,24.7,28.1,29.6,19.8,0,15
2026-08-11 18:08:43,34,51,63,24.6,28.1,29.5,19.9,0,15
2026-08-11 18:13:43,34,52,64,24.6,28,29.5,19.7,1,15
2026-08-11 18:18:43,34,52,63,24.5,27.9,29.4,19.8,0,15
2026-08-11 18:23:43,33,50,62,24.5,28.1,29.4,20,0,15
2026-08-11 18:28:43,32,50,61,24.4,28.2,29.3,19.9,0,15
2026-08-11 18:33:43,33,51,63,24.4,28.5,29.3,20.1,0,15
2026-08-11 18:38:43,30,46,56,24.4,28.5,29.2,20.1,0,15
2026-08-11 18:43:43,33,50,61,24.3,28.6,29.2,20,0,15
2026-08-11 18:48:44,33,52,63,24.3,28.4,29.1,20.1,0,15
2026-08-11 18:53:43,33,51,63,24.3,28.3,29.1,20.1,0,15
2026-08-11 18:58:43,33,50,61,24.2,28.6,29.1,20.2,0,15
2026-08-11 19:03:43,31,48,60,24.2,28.8,29,20.3,0,15
2026-08-11 19:08:43,33,50,61,24.1,28.9,29,20.3,0,15
2026-08-11 19:13:43,30,47,59,24.1,28.7,28.9,20.4,0,15
2026-08-11 19:18:43,32,49,61,24,28.7,29,20.3,0,15
2026-08-11 19:23:43,34,51,62,24,28.9,29,20.3,0,15
2026-08-11 19:28:43,33,49,61,24,28.8,28.9,20.4,0,15
2026-08-11 19:33:43,33,52,65,24,28.8,28.9,20.4,0,15
2026-08-11 19:38:43,34,52,64,24,28.9,28.9,20.4,0,15
2026-08-11 19:43:43,32,49,61,23.9,28.9,28.8,20.4,0,15
2026-08-11 19:48:43,33,50,63,23.9,28.8,28.8,20.5,1,15
2026-08-11 19:53:46,32,47,58,23.9,28.9,28.8,20.3,0,15
2026-08-11 19:58:43,31,48,60,23.8,28.7,28.8,20.3,0,15
2026-08-11 20:03:43,32,50,61,23.8,28.7,28.7,20.3,0,15
2026-08-11 20:08:43,33,51,62,23.7,28.9,28.6,20.4,0,15
2026-08-11 20:13:43,30,46,55,23.7,28.5,28.6,20.5,0,15
2026-08-11 20:18:43,33,51,62,23.7,28.8,28.6,20.5,0,15
2026-08-11 20:23:43,33,51,64,23.6,28.8,28.5,20.5,0,15
2026-08-11 20:28:43,35,55,67,23.6,29.1,28.5,20.6,1,15
2026-08-11 20:33:43,31,49,60,23.6,28.9,28.5,20.6,0,15
2026-08-11 20:38:44,33,48,60,23.5,29,28.4,20.7,0,15
2026-08-11 20:43:43,32,50,61,23.5,29.1,28.4,20.7,0,15
2026-08-11 20:48:43,33,48,59,23.4,29.2,28.3,20.8,0,15
2026-08-11 20:53:43,31,50,61,23.4,29,28.2,20.8,0,15
2026-08-11 20:58:43,31,49,60,23.3,29.3,28.1,20.9,0,15
2026-08-11 21:03:44,32,49,61,23.3,29.4,28.1,21,0,15
2026-08-11 21:08:44,31,46,57,23.3,29.4,28.2,20.9,0,15
2026-08-11 21:13:43,31,47,57,23.3,29.3,28.1,20.9,1,15
2026-08-11 21:18:44,31,47,57,23.3,29.5,28,21,0,15
2026-08-11 21:23:43,30,47,59,23.2,29.4,28,21.1,0,15
2026-08-11 21:28:43,31,46,57,23.2,29.4,28,21.1,0,15
2026-08-11 21:33:44,31,48,59,23.2,29.4,28,21.1,0,15
2026-08-11 21:38:43,29,45,55,23.1,29.6,27.8,21.2,0,15
2026-08-11 21:43:44,30,47,56,23.1,29.7,27.9,21.2,1,15
2026-08-11 21:48:44,30,45,56,23.1,29.5,28,21.1,0,15
2026-08-11 21:53:43,31,47,57,23.1,29.6,27.9,21.2,0,15
2026-08-11 21:58:44,31,48,59,23,29.6,27.9,21.1,0,15
2026-08-11 22:03:43,29,46,56,23,29.6,27.8,21.2,0,15
2026-08-11 22:08:43,31,47,57,23,29.6,27.8,21.3,0,15
2026-08-11 22:13:43,29,45,55,22.9,29.6,27.7,21.2,0,15
2026-08-11 22:18:44,31,47,58,22.9,29.6,27.7,21.4,0,15
2026-08-11 22:23:44,31,46,56,22.8,29.8,27.6,21.4,0,15
2026-08-11 22:28:43,30,47,57,22.8,29.8,27.6,21.4,0,15
2026-08-11 22:33:44,28,45,55,22.8,30,27.5,21.4,0,15
2026-08-11 22:38:44,29,46,58,22.7,29.9,27.5,21.4,0,15
2026-08-11 22:43:44,29,46,55,22.7,29.8,27.4,21.4,0,15
2026-08-11 22:48:43,31,46,57,22.7,29.9,27.4,21.4,0,15
2026-08-11 22:53:44,29,46,56,22.7,29.9,27.5,21.4,1,15
2026-08-11 22:58:43,29,44,55,22.7,29.9,27.4,21.4,0,15
2026-08-11 23:03:44,29,46,56,22.7,29.8,27.4,21.4,0,15
2026-08-11 23:08:44,30,46,55,22.7,29.9,27.4,21.4,0,15
2026-08-11 23:13:44,31,48,58,22.7,29.9,27.4,21.4,0,15
2026-08-11 23:18:44,30,48,58,22.6,30,27.4,21.4,0,15
2026-08-11 23:23:44,29,45,55,22.6,30.1,27.2,21.5,1,15
2026-08-11 23:28:44,29,46,56,22.5,30.1,27.2,21.5,0,15
2026-08-11 23:33:44,30,47,57,22.5,29.9,27.2,21.6,0,15
2026-08-11 23:38:43,29,45,55,22.5,30,27.2,21.5,0,15
2026-08-11 23:43:44,30,47,58,22.5,30,27.1,21.7,0,15
2026-08-11 23:48:44,31,47,57,22.5,30.1,27.2,21.7,0,15
2026-08-11 23:53:44,30,47,56,22.5,30.2,27.2,21.7,1,15
2026-08-11 23:58:44,29,45,54,22.4,30.2,27.1,21.8,0,15
2026-08-12 00:03:44,29,46,56,22.4,30.3,27.1,21.8,0,15
2026-08-12 00:08:44,28,44,54,22.4,30.5,27,21.9,0,15
2026-08-12 00:13:44,28,44,53,22.4,30.2,27.1,21.8,0,15
2026-08-12 00:18:44,29,46,56,22.4,30.4,27.1,21.8,0,15
2026-08-12 00:23:44,29,46,54,22.3,30.3,27,21.9,0,15
2026-08-12 00:28:44,30,47,58,22.3,30.2,27,21.9,0,15
2026-08-12 00:33:44,31,46,55,22.3,30.3,27.1,21.7,0,15
2026-08-12 00:38:44,30,47,57,22.3,30.4,27,21.9,0,15
2026-08-12 00:43:44,31,48,57,22.4,30.4,27.1,21.8,0,15
2026-08-12 00:48:45,30,46,56,22.3,30.2,27.1,21.8,0,15
2026-08-12 00:53:44,30,46,55,22.3,30.3,27,21.9,0,15
2026-08-12 00:58:44,29,46,54,22.3,30.4,27,21.9,0,15
2026-08-12 01:03:44,29,46,56,22.3,30.5,27,22,0,15
2026-08-12 01:08:44,29,45,55,22.2,30.5,27,22,0,15
2026-08-12 01:13:44,31,47,58,22.3,30.3,27,22,0,15
2026-08-12 01:18:44,30,46,57,22.3,30.3,26.9,22,0,15
2026-08-12 01:23:44,30,46,57,22.3,30.5,26.9,22,0,15
2026-08-12 01:28:44,28,45,55,22.2,30.6,26.9,22,0,15
2026-08-12 01:33:44,30,46,56,22.2,30.5,27,22,0,15
2026-08-12 01:38:44,29,45,55,22.3,30.2,27,21.9,0,15
2026-08-12 01:43:44,30,47,57,22.2,30.4,26.8,22,0,15
2026-08-12 01:48:44,30,47,57,22.2,30.5,26.9,21.9,0,15
2026-08-12 01:53:44,30,48,59,22.2,30.4,26.9,22,0,15
2026-08-12 01:58:44,30,45,55,22.2,30.6,26.8,22,0,15
2026-08-12 02:03:44,31,48,59,22.1,30.5,26.8,22,0,15
2026-08-12 02:08:44,29,46,55,22.1,30.5,26.8,22,0,15
2026-08-12 02:13:44,31,45,55,22.1,30.4,26.7,22,0,15
2026-08-12 02:18:44,29,45,54,22.1,30.4,26.8,21.9,0,15
2026-08-12 02:23:44,28,46,55,22.1,30.3,26.8,21.9,0,15
2026-08-12 02:28:44,28,43,52,22.1,30.4,26.7,22,0,15
2026-08-12 02:33:44,29,46,56,22.1,30.6,26.7,22,0,15
2026-08-12 02:38:44,31,48,58,22.1,30.4,26.7,21.9,0,15
2026-08-12 02:43:44,29,46,54,22.1,30.5,26.7,21.9,0,15
2026-08-12 02:48:44,29,45,54,22,30.4,26.7,21.9,0,15
2026-08-12 02:53:44,29,46,57,22,30.3,26.7,21.8,0,15
2026-08-12 02:58:44,29,47,56,22,30.5,26.6,22,0,15
2026-08-12 03:03:44,29,46,56,21.9,30.6,26.6,21.9,0,15
2026-08-12 03:08:45,28,44,54,21.9,30.4,26.6,22,0,15
2026-08-12 03:13:45,28,46,56,21.9,30.6,26.6,22,0,15
2026-08-12 03:18:44,29,44,54,21.9,30.5,26.5,21.9,0,15
2026-08-12 03:23:44,29,47,57,21.9,30.3,26.7,21.9,0,15
2026-08-12 03:28:45,28,44,54,21.9,30.5,26.6,21.9,0,15
2026-08-12 03:33:44,28,44,53,21.9,30.4,26.5,21.8,1,15
2026-08-12 03:38:45,28,44,53,21.9,30.5,26.5,21.9,0,15
2026-08-12 03:43:45,29,46,57,21.9,30.4,26.6,21.9,0,15
2026-08-12 03:48:44,28,41,51,21.9,30.5,26.6,22,0,15
2026-08-12 03:53:44,29,47,56,21.9,30.5,26.5,22,0,15
2026-08-12 03:58:45,29,46,56,21.9,30.6,26.6,21.9,0,15
2026-08-12 04:03:45,28,46,56,21.9,30.5,26.6,21.9,0,15
2026-08-12 04:08:44,30,45,56,21.9,30.5,26.7,21.9,0,15
2026-08-12 04:13:44,28,43,51,21.9,30.5,26.7,21.8,0,15
2026-08-12 04:18:45,28,46,54,21.9,30.5,26.6,22,0,15
2026-08-12 04:23:45,28,44,53,21.9,30.7,26.6,22.1,0,15
2026-08-12 04:28:45,29,45,54,21.9,30.8,26.6,22.1,0,15
2026-08-12 04:33:45,29,44,54,21.9,30.7,26.6,22,0,15
2026-08-12 04:38:45,29,45,54,21.9,30.7,26.6,22.1,0,15
2026-08-12 04:43:45,28,46,54,21.9,30.6,26.7,22.1,0,15
2026-08-12 04:48:45,28,43,53,21.9,30.8,26.6,22.1,0,15
2026-08-12 04:53:45,28,45,54,21.9,30.8,26.6,22.1,1,15
2026-08-12 04:58:45,29,46,56,21.9,30.8,26.5,22.3,0,15
2026-08-12 05:03:45,29,46,58,21.9,30.7,26.6,22.2,0,15
2026-08-12 05:08:45,29,45,55,21.9,30.9,26.6,22.2,0,15
2026-08-12 05:13:45,29,45,53,21.9,30.8,26.7,22.2,0,15
2026-08-12 05:18:45,29,44,53,21.9,30.8,26.6,22.2,1,15
2026-08-12 05:23:45,28,46,55,21.9,31,26.6,22.4,0,15
2026-08-12 05:28:44,28,44,54,22,30.9,26.7,22.3,0,15
2026-08-12 05:33:45,30,47,57,22,30.9,26.6,22.4,0,15
2026-08-12 05:38:45,29,45,54,22,30.9,26.6,22.4,0,15
2026-08-12 05:43:46,28,45,54,22,31,26.6,22.5,0,15
2026-08-12 05:48:45,30,48,58,22,30.9,26.7,22.4,0,15
2026-08-12 05:53:45,30,47,57,22,30.9,26.7,22.3,0,15
2026-08-12 05:58:45,29,45,55,22,30.9,26.7,22.3,0,15
2026-08-12 06:03:45,28,45,56,22,31,26.7,22.4,0,15
2026-08-12 06:08:45,31,47,59,22.1,31,26.8,22.3,0,15
2026-08-12 06:13:45,28,47,58,22.1,30.8,26.7,22.3,0,15
2026-08-12 06:18:45,29,46,55,22.1,30.8,26.8,22.3,0,15
2026-08-12 06:23:45,30,45,55,22.1,30.7,26.8,22.2,0,15
2026-08-12 06:28:45,30,47,57,22.1,30.6,26.8,22.2,0,15
2026-08-12 06:33:45,29,47,58,22.1,30.6,26.8,22.1,0,15
2026-08-12 06:38:45,28,46,55,22.1,30.6,26.7,22.3,0,15
2026-08-12 06:43:45,28,45,56,22,30.9,26.7,22.4,0,15
2026-08-12 06:48:45,29,46,56,22,31,26.7,22.4,1,15
2026-08-12 06:53:45,28,44,55,22,30.8,26.7,22.5,0,15
2026-08-12 06:58:45,29,46,58,22,31,26.7,22.4,0,15
2026-08-12 07:03:45,29,46,56,22.1,30.9,26.8,22.3,0,15
2026-08-12 07:08:45,28,44,54,22,30.9,26.6,22.4,0,15
2026-08-12 07:13:45,29,47,56,22,30.8,26.6,22.5,0,15
2026-08-12 07:18:45,29,47,57,22,30.8,26.6,22.4,0,15
2026-08-12 07:23:45,29,45,55,22,30.9,26.6,22.4,0,15
2026-08-12 07:28:45,30,47,57,22,30.8,26.6,22.3,0,15
2026-08-12 07:33:45,29,44,54,22,30.7,26.7,22.2,0,15
2026-08-12 07:38:46,29,46,55,22,30.8,26.7,22.2,0,15
2026-08-12 07:43:45,28,44,54,21.9,30.9,26.6,22.3,0,15
2026-08-12 07:48:46,29,44,53,21.9,30.7,26.6,22.2,0,15
2026-08-12 07:53:45,29,45,55,21.9,30.9,26.6,22.3,0,15
2026-08-12 07:58:46,29,46,55,21.9,30.7,26.6,22.2,0,15
2026-08-12 08:03:45,29,46,55,21.9,30.8,26.5,22.3,0,15
2026-08-12 08:08:45,29,45,55,21.9,30.9,26.5,22.4,0,15
2026-08-12 08:13:46,29,46,56,21.9,30.7,26.7,22.1,0,15
2026-08-12 08:18:45,29,45,55,21.9,30.9,26.6,22.3,1,15
2026-08-12 08:23:45,34,52,64,21.9,30.9,26.7,22.3,0,15
2026-08-12 08:28:45,31,49,58,22,31.1,26.7,22.4,0,15
2026-08-12 08:33:45,31,49,61,22,30.9,26.7,22.4,0,15
2026-08-12 08:38:46,30,45,55,22,30.8,26.7,22.4,0,15
2026-08-12 08:43:45,30,46,55,22,30.8,26.8,22.4,0,15
2026-08-12 08:48:45,30,48,60,22.1,30.9,26.8,22.4,0,15
2026-08-12 08:53:46,30,49,60,22.2,30.7,26.9,22.2,0,15
2026-08-12 08:58:46,29,47,59,22.3,30.9,27,22.3,0,15
2026-08-12 09:03:45,30,47,57,22.3,30.9,27,22.4,0,15
2026-08-12 09:08:46,30,45,56,22.4,31.3,27,22.7,0,15
2026-08-12 09:13:45,29,46,57,22.4,31.1,27.1,22.6,0,15
2026-08-12 09:18:46,30,46,58,22.5,31.1,27.2,22.6,0,15
2026-08-12 09:23:46,31,48,61,22.6,31,27.3,22.5,0,15
2026-08-12 09:28:45,33,51,62,22.6,30.9,27.4,22.5,0,15
2026-08-12 09:33:45,32,50,62,22.7,30.7,27.4,22.3,0,15
2026-08-12 09:38:46,30,46,56,22.7,30.6,27.4,22.3,0,15
2026-08-12 09:43:46,29,45,56,22.7,30.6,27.4,22.3,0,15
2026-08-12 09:48:46,31,46,58,22.8,30.6,27.5,22.2,0,15
2026-08-12 09:53:46,31,47,58,22.8,30.5,27.5,22.2,0,15
2026-08-12 09:58:45,30,47,59,22.8,30.7,27.5,22.2,0,15
2026-08-12 10:03:46,30,48,57,22.9,30.5,27.6,22.2,0,15
2026-08-12 10:08:48,31,44,53,22.9,30.7,27.6,22.3,1,15
2026-08-12 10:13:48,30,46,55,23.8,30.2,30,20.4,0,15
2026-08-12 10:18:48,30,47,59,24.5,29.6,31,19.4,0,15
2026-08-12 10:23:48,28,43,52,24.8,29.4,30.8,19.8,0,15
2026-08-12 10:28:48,28,45,55,25,29.2,31.1,19.6,0,15
2026-08-12 10:33:48,28,45,55,25.3,29,31.5,19,0,15
2026-08-12 10:38:48,28,43,51,25.4,28.4,31.5,19,0,15
2026-08-12 10:43:48,31,46,56,25.6,28.4,31.6,19.1,0,15
2026-08-12 10:48:48,27,42,49,25.6,28.4,31.5,19.2,0,15
2026-08-12 10:53:48,28,44,52,25.6,28.4,31.3,19.5,0,15
2026-08-12 10:58:48,32,51,63,25.7,28.8,31.6,19.7,0,15
2026-08-12 11:03:48,28,42,51,25.9,28.7,31.9,19.4,0,15
2026-08-12 11:08:48,26,39,46,26.3,28.6,33.2,18.6,0,15
2026-08-12 11:13:48,27,41,49,26.4,28.9,32.4,19.4,0,15
2026-08-12 11:18:48,26,40,48,26.4,29,32.2,19.9,0,15
2026-08-12 11:23:48,26,39,47,25.5,28.5,28.9,21.8,0,15
2026-08-12 11:28:48,23,36,40,23.1,30.4,23.8,27.4,0,15
2026-08-12 11:33:48,22,37,42,21.2,32.6,20.9,31.2,0,15
2026-08-12 11:38:48,27,41,48,19.8,34.9,19.3,34.2,0,15
2026-08-12 11:43:49,23,35,41,18.9,36.6,18.4,36.1,0,15
2026-08-12 11:48:49,24,35,39,18.3,37.7,18,37,0,15
2026-08-12 11:53:48,27,44,51,17.9,38.3,17.8,37.5,0,15
2026-08-12 11:58:48,32,50,63,17.7,39.2,17.7,38,0,15
2026-08-12 12:03:48,32,50,61,17.6,39.8,17.7,38.1,0,15
2026-08-12 12:08:49,32,51,62,17.6,40.3,17.8,38.4,0,15
2026-08-12 12:13:48,31,50,60,17.5,40.3,17.9,38.3,0,15
2026-08-12 12:18:48,31,51,62,17.6,40.5,18,38.5,0,15
2026-08-12 12:23:48,32,49,60,17.7,40.8,18.2,38.7,0,15
2026-08-12 12:28:48,33,53,67,17.8,40.9,18.4,38.5,0,15
2026-08-12 12:33:48,34,55,68,18,41,18.6,38.3,0,15
2026-08-12 12:38:49,34,57,71,18.1,41,18.9,38.1,0,15
2026-08-12 12:43:48,34,55,68,18.3,40.5,19.1,37.7,0,15
2026-08-12 12:48:48,33,53,64,18.4,40.9,19.3,37.8,0,15
2026-08-12 12:53:48,31,50,61,18.6,40.5,19.5,37.4,0,15
2026-08-12 12:58:48,36,59,73,18.7,40.2,19.8,37,0,15
2026-08-12 13:03:49,33,54,67,18.9,39.9,20,36.5,0,15
2026-08-12 13:08:48,35,55,68,19.1,39.8,20.2,36.3,0,15
2026-08-12 13:13:48,36,62,74,19.2,39.8,20.4,36.2,0,15
2026-08-12 13:18:48,33,54,66,19.4,40,20.6,36.1,0,15
2026-08-12 13:23:48,32,52,65,19.5,39.6,20.8,35.8,0,15
2026-08-12 13:28:49,33,53,65,19.6,39.6,21,35.7,0,15
2026-08-12 13:33:48,36,56,71,19.8,39.1,21.2,35,0,15
2026-08-12 13:38:50,35,54,70,20,39.3,21.5,35.3,0,15
2026-08-12 13:43:48,36,62,74,20.2,39.2,21.7,35.1,0,15
2026-08-12 13:48:49,36,59,70,20.4,38.7,22,34.6,0,15
2026-08-12 13:53:49,36,59,72,20.6,38.5,22.4,34.2,0,15
2026-08-12 13:58:49,35,59,70,20.9,38.5,22.8,33.8,0,15
2026-08-12 14:03:49,36,58,71,21.2,37.9,23.3,33,0,15
2026-08-12 14:08:49,34,55,67,21.5,37.7,23.8,32.3,0,15
2026-08-12 14:13:49,34,56,68,21.9,37.4,24.4,31.7,0,15
2026-08-12 14:18:48,36,60,70,22.5,36.6,25.3,30.6,0,15
2026-08-12 14:23:49,38,62,70,23,35.9,26.4,29.2,0,15
2026-08-12 14:28:49,38,66,74,23.7,34.7,27.7,27.6,0,15
2026-08-12 14:33:49,39,66,73,24.5,33.6,28.8,25.9,0,15
2026-08-12 14:38:48,41,71,77,25.1,32.7,29.1,25.5,0,15
2026-08-12 14:43:49,44,75,79,25.3,32.1,28.5,26.1,0,15
2026-08-12 14:48:49,43,73,77,25.1,32.1,27.8,26.8,0,15
2026-08-12 14:53:49,47,77,79,24.9,31.9,27.2,26.8,0,15
2026-08-12 14:58:49,53,87,91,24.5,32.1,26.7,27.3,0,15
2026-08-12 15:03:49,49,79,83,24,32.7,26.2,27.9,0,15
2026-08-12 15:08:49,49,80,83,23.6,33.1,25.8,28.4,0,15
2026-08-12 15:13:50,52,84,88,23.3,33.1,25.4,28.5,0,15
2026-08-12 15:18:51,52,86,89,23,33.5,24.9,28.8,0,15
2026-08-12 15:23:49,51,86,88,22.7,33.8,24.6,29.4,0,15
2026-08-12 15:28:50,51,86,90,22.4,34.2,24.2,29.5,0,15
2026-08-12 15:33:49,53,93,96,22.1,34.3,23.9,29.8,0,15
2026-08-12 15:38:50,58,99,103,21.9,34.9,23.6,30.4,0,15
2026-08-12 15:43:49,56,92,98,21.6,35.2,23.3,30.7,0,15
2026-08-12 15:48:49,55,92,97,21.4,35.7,23,31.1,0,15
2026-08-12 15:53:49,57,95,96,21.2,35.8,22.8,31.5,0,15
2026-08-12 15:58:49,58,98,102,21.1,35.8,22.6,31.5,0,15
2026-08-12 16:03:49,57,99,103,20.9,36.2,22.4,31.9,0,15
2026-08-12 16:08:50,59,98,102,20.8,36.3,22.3,32.1,0,15
2026-08-12 16:13:49,58,99,102,20.7,36.5,22.1,32.4,0,15
2026-08-12 16:18:49,59,98,102,20.6,36.6,21.9,32.5,0,15
2026-08-12 16:23:49,58,99,104,20.5,36.8,21.8,32.7,0,15
2026-08-12 16:28:49,63,105,112,20.4,37,21.6,33.2,0,15
2026-08-12 16:33:49,59,103,106,20.3,37.2,21.5,33.2,0,15
2026-08-12 16:38:49,60,105,107,20.2,37.4,21.4,33.6,0,15
2026-08-12 16:43:50,59,101,105,20.1,37.3,21.2,33.5,0,15
2026-08-12 16:48:50,58,104,107,20,37.6,21.1,33.8,0,15
2026-08-12 16:53:51,61,103,107,19.9,37.8,21,34.2,0,15
2026-08-12 16:58:49,60,104,111,19.8,37.7,20.8,34.1,0,15
2026-08-12 17:03:49,60,104,108,19.7,37.8,20.7,34.1,0,15
2026-08-12 17:08:50,65,110,115,19.6,38,20.6,34.7,0,15
2026-08-12 17:13:49,55,97,100,19.5,38,20.4,34.4,0,15
2026-08-12 17:18:49,61,100,104,19.4,38.1,20.3,34.6,0,15
2026-08-12 17:23:49,59,104,109,19.2,38.4,20.1,34.9,0,15
2026-08-12 17:28:49,60,100,105,19.2,38.3,20,35.2,0,15
2026-08-12 17:33:49,58,100,105,19.1,38.8,19.9,35.6,0,15
2026-08-12 17:38:50,61,106,110,19,39,19.8,35.7,0,15
2026-08-12 17:43:49,61,101,107,18.8,39.1,19.6,36,0,15
2026-08-12 17:48:50,56,97,101,18.8,39.2,19.5,36.2,0,15
2026-08-12 17:53:50,54,94,97,18.7,39.3,19.4,36.3,0,15
2026-08-12 17:58:50,54,94,99,18.6,39.5,19.3,36.5,0,15
2026-08-12 18:03:49,58,103,105,18.6,39.6,19.2,36.6,0,15
2026-08-12 18:08:49,64,106,110,18.5,39.9,19.1,36.9,0,15
2026-08-12 18:13:50,60,102,106,18.5,39.9,19,37,0,15
2026-08-12 18:18:50,58,100,105,18.4,40.1,18.9,37.3,0,15
2026-08-12 18:23:50,60,103,106,18.3,40.3,18.8,37.5,0,15
2026-08-12 18:28:50,59,99,103,18.2,40.8,18.7,38.2,0,15
2026-08-12 18:33:49,57,97,104,18.1,41,18.6,38.4,0,15
2026-08-12 18:38:50,64,107,113,18,41.2,18.5,38.7,0,15
2026-08-12 18:43:49,64,109,116,18,41.3,18.4,38.8,0,15
2026-08-12 18:48:50,50,81,88,19.5,43.8,24.7,33.6,0,15
2026-08-12 18:53:49,45,76,79,22.8,38.4,31.8,23.7,0,15
2026-08-12 18:58:50,47,77,82,25,34.1,33.5,21,0,15
2026-08-12 19:03:50,41,69,75,26.3,32.2,34,20.4,0,15
2026-08-12 19:08:50,44,71,77,27.3,30.4,35,19.1,0,15
2026-08-12 19:13:50,42,68,75,27.9,29.8,35.5,19,0,15
2026-08-12 19:18:50,44,72,78,28.4,28.8,35.6,18.3,0,15
2026-08-12 19:23:50,43,69,76,28.5,28.4,35.2,18.5,0,15
2026-08-12 19:28:50,39,65,73,28.6,28.4,35.5,18.3,0,15
2026-08-12 19:33:50,38,64,72,28.8,28,35.6,18.2,0,15
2026-08-12 19:38:49,39,63,72,29.3,27.5,36.7,17.2,0,15
2026-08-12 19:43:50,39,66,73,29.6,27.1,36.9,17,0,15
2026-08-12 19:48:50,40,60,70,29.7,27,36.8,16.8,0,15
2026-08-12 19:53:50,35,57,68,29.9,26.6,37.1,16.5,0,15
2026-08-12 19:58:50,34,57,68,30,26.6,37,16.6,0,15
2026-08-12 20:03:50,38,60,71,29.9,26.5,36.9,16.6,0,15
2026-08-12 20:08:50,34,57,68,30,26.5,37.2,16.3,0,15
2026-08-12 20:13:49,34,53,66,29.9,26.3,36.6,16.7,0,15
2026-08-12 20:18:50,33,52,65,29.9,26.2,36.7,16.7,0,15
2026-08-12 20:23:50,35,56,67,30,26.5,36.9,16.5,0,15
2026-08-12 20:28:50,34,57,68,29.9,26.1,36.5,16.6,0,15
2026-08-12 20:33:50,39,65,74,29.5,26.3,35.7,17.2,0,15
2026-08-12 20:38:49,36,57,69,29.4,26.4,35.9,17,0,15
2026-08-12 20:43:50,35,61,72,29.6,26.2,36.6,16.5,0,15
2026-08-12 20:48:50,36,59,70,29.7,26.2,36.5,16.5,0,15
2026-08-12 20:53:50,33,51,64,29.5,26.2,36,16.9,0,15
2026-08-12 20:58:50,33,50,62,29.1,26.6,35.4,17.5,0,15
2026-08-12 21:03:50,29,46,56,29.3,26.6,36.1,17,0,15
2026-08-12 21:08:50,30,47,60,29.4,26.4,36.2,16.8,0,15
2026-08-12 21:13:50,30,46,59,29.5,26.6,36.5,16.6,0,15
2026-08-12 21:18:50,31,50,62,29.6,26.2,36.8,16.3,0,15
2026-08-12 21:23:50,30,48,60,29.6,25.9,36.6,16.2,0,15
2026-08-12 21:28:50,30,48,60,29.5,26,36.3,16.3,0,15
2026-08-12 21:33:50,29,46,57,29.5,25.9,36.4,16.1,0,15
2026-08-12 21:38:50,29,47,57,29.5,26,,,,15
2026-08-12 21:43:50,28,42,50,29.5,26,36.1,16.6,0,15
2026-08-12 21:48:50,24,39,46,29.4,25.8,35.9,16.4,0,15
2026-08-12 21:53:50,28,42,50,28.9,26.1,35.4,16.6,0,15
2026-08-12 21:58:50,26,40,49,28.9,26.4,36.1,16.5,0,15
2026-08-12 22:03:50,23,36,41,29,26.1,36.2,16.2,0,15
2026-08-12 22:08:50,24,39,47,28.9,25.9,35.7,16.3,0,15
2026-08-12 22:13:50,23,39,46,28.7,26.2,35.4,16.7,0,15
2026-08-12 22:18:50,26,41,49,28.5,26.6,34.9,17.2,0,15
2026-08-12 22:23:50,25,40,48,28.6,26.4,35.7,16.6,0,15
2026-08-12 22:28:50,25,39,47,28.7,26.1,35.8,16.3,0,15
2026-08-12 22:33:50,22,37,44,28.6,26.2,35.7,16.3,0,15
2026-08-12 22:38:50,21,35,40,28.8,25.9,35.9,16.1,0,15
2026-08-12 22:43:50,22,33,38,28.8,25.6,,,,15
2026-08-12 22:48:50,22,32,34,28.8,25.9,35.7,16.3,0,15
2026-08-12 22:53:50,20,31,35,28.9,25.8,35.9,16.2,0,15
2026-08-12 22:58:50,21,31,35,28.9,26.1,36.1,16.3,0,15
2026-08-12 23:03:50,22,34,38,29,25.9,36.2,16.1,0,15
2026-08-12 23:08:50,20,31,33,29,26,36,16.1,0,15
2026-08-12 23:13:50,23,37,43,28.8,25.9,35.6,16.4,0,15
2026-08-12 23:18:50,22,33,37,28.8,26.3,35.4,16.8,0,15
2026-08-12 23:23:50,21,30,31,28.9,26.2,35.7,16.6,0,15
2026-08-12 23:28:51,19,31,33,28.9,26.2,35.9,16.4,0,15
2026-08-12 23:33:50,18,29,30,28.9,25.9,35.9,16.2,0,15
2026-08-12 23:38:50,12,24,24,28.9,25.6,36,15.9,0,15
2026-08-12 23:43:51,10,24,26,28.8,25.8,35.6,16.1,0,15
2026-08-12 23:48:50,9,23,24,28.8,25.9,35.5,16.5,0,15
2026-08-12 23:53:51,8,19,22,28.8,25.8,35.6,16.3,0,15
2026-08-12 23:58:51,6,17,17,28.8,25.9,35.6,16.3,0,15
2026-08-13 00:03:50,6,16,17,28.8,25.5,35.8,16,0,15
2026-08-13 00:08:50,8,18,20,28.8,25.8,36.1,15.9,0,15
2026-08-13 00:13:50,7,17,18,28.9,25.6,36,15.9,0,15
2026-08-13 00:18:50,6,16,18,28.8,25.5,35.9,15.9,0,15
2026-08-13 00:23:51,6,14,18,28.8,25.4,35.9,15.9,0,15
2026-08-13 00:28:51,5,15,15,28.8,25.4,35.8,15.8,0,15
2026-08-13 00:33:50,6,11,13,28.8,25.4,35.7,15.8,0,15
2026-08-13 00:38:51,5,9,9,28.7,25.5,35.2,16.3,0,15
2026-08-13 00:43:51,3,7,7,28.7,25.6,35.6,16.2,0,15
2026-08-13 00:48:51,2,5,7,28.6,25.6,35.3,16.2,0,15
2026-08-13 00:53:51,2,6,6,28.4,25.6,34.7,16.8,0,15
2026-08-13 00:58:51,1,6,6,28.3,25.8,34.9,16.3,0,15
2026-08-13 01:03:51,2,4,5,28.4,25.5,35.2,16.1,0,15
2026-08-13 01:08:51,0,4,4,28.4,25.6,35.2,16.2,0,15
2026-08-13 01:13:51,0,2,2,28.5,25.3,35.5,15.9,0,15
2026-08-13 01:18:51,1,4,4,28.3,25.6,34.7,16.4,0,15
2026-08-13 01:23:51,1,4,4,28.2,25.6,35,16.1,0,15
2026-08-13 01:28:51,2,3,3,28.4,25.5,35.5,15.7,0,15
2026-08-13 01:33:51,0,0,0,28.4,25.7,35.3,16.1,0,15
2026-08-13 01:38:51,0,1,2,28.4,25.4,35.4,15.9,0,15
2026-08-13 01:43:51,0,3,3,28.4,25.5,35.6,15.8,0,15
2026-08-13 01:48:51,0,2,2,28.5,25.4,35.5,15.7,0,15
2026-08-13 01:53:51,0,2,3,28.5,25.2,35.5,15.6,0,15
2026-08-13 01:58:51,0,2,2,28.4,25.2,35.1,15.8,0,15
2026-08-13 02:03:51,0,3,3,28.4,25.4,35.1,16,0,15
2026-08-13 02:08:51,0,1,1,28.4,25.4,35.2,16,0,15
2026-08-13 02:13:51,0,1,1,28.4,25.4,35.3,16,0,15
2026-08-13 02:18:51,0,2,2,28.4,25.2,35.4,15.7,0,15
2026-08-13 02:23:51,0,1,1,28.4,25.2,35.3,15.6,0,15
2026-08-13 02:28:51,0,2,2,28.4,25.1,35.4,15.6,0,15
2026-08-13 02:33:50,0,1,3,28.3,25.1,,,,15
2026-08-13 02:38:51,1,1,1,28.4,25.1,35.2,15.8,0,15
2026-08-13 02:43:51,1,2,2,28.3,25.2,35.1,15.8,0,15
2026-08-13 02:48:50,1,2,3,28.4,25.1,35.5,15.5,0,15
2026-08-13 02:53:51,0,2,2,28.3,25,35,15.5,0,15
2026-08-13 02:58:51,0,1,3,28.2,25,,,,15
2026-08-13 03:03:51,0,0,1,28.2,25.3,34.9,16,0,15
2026-08-13 03:08:51,0,3,3,28.2,25.3,35.1,15.9,0,15
2026-08-13 03:13:51,1,4,4,28.2,25.3,35,15.9,0,15
2026-08-13 03:18:51,0,0,0,28.3,25.2,35,15.9,0,15
2026-08-13 03:23:51,0,0,1,28.2,25.1,35.1,15.7,0,15
2026-08-13 03:28:51,0,1,1,28.2,25.3,35.2,15.8,0,15
2026-08-13 03:33:51,0,0,1,28.2,25.2,35.1,15.7,0,15
2026-08-13 03:38:51,0,0,0,28.2,25.2,35.2,15.5,0,15
2026-08-13 03:43:51,0,1,1,28.2,25.2,35.2,15.5,0,15
2026-08-13 03:48:51,0,0,0,28.1,24.8,,,,15
2026-08-13 03:53:51,0,0,0,28.1,25.2,34.8,15.9,0,15
2026-08-13 03:58:51,0,2,2,28.1,25.1,34.9,15.8,0,15
2026-08-13 04:03:51,0,2,2,28.1,25,35.1,15.6,0,15
2026-08-13 04:08:51,0,2,3,28.2,25.1,35.2,15.5,0,15
2026-08-13 04:13:51,0,0,0,28.2,25.1,35,15.5,0,15
2026-08-13 04:18:51,0,0,0,28.2,24.8,35.1,15.4,0,15
2026-08-13 04:23:51,0,0,0,28.2,25,34.8,15.9,0,15
2026-08-13 04:28:51,0,0,0,28.2,25,35,15.7,0,15
2026-08-13 04:33:51,0,0,0,28.2,24.9,35,15.5,0,15
2026-08-13 04:38:51,0,0,0,28.3,24.9,35.3,15.4,0,15
2026-08-13 04:43:51,0,0,0,28.1,24.8,35,15.4,0,15
2026-08-13 04:48:51,0,0,0,28.1,24.6,35,15.4,0,15
2026-08-13 04:53:51,0,0,0,28.1,24.8,,,,15
2026-08-13 04:58:51,0,0,0,28.1,24.7,34.8,15.7,0,15
2026-08-13 05:03:51,0,0,0,28.1,25.1,35.1,15.7,0,15
2026-08-13 05:08:51,0,0,0,28.1,24.8,35.2,15.3,0,15
2026-08-13 05:13:51,0,0,0,28.1,24.7,35,15.2,0,15
2026-08-13 05:18:51,0,0,0,28.1,24.8,35.1,15.2,0,15
2026-08-13 05:23:51,0,0,0,28,24.6,34.9,15.3,0,15
2026-08-13 05:28:51,0,0,1,28,24.6,34.7,15.3,0,15
2026-08-13 05:33:51,0,0,0,28,24.8,34.8,15.6,0,15
2026-08-13 05:38:51,0,0,0,28.2,24.4,35,15.2,0,15
2026-08-13 05:43:51,0,0,0,28.2,24.8,35,15.5,0,15
2026-08-13 05:48:51,0,0,0,28.1,24.8,35,15.5,0,15
2026-08-13 05:53:51,0,0,0,28.1,24.6,34.9,15.3,0,15
2026-08-13 05:58:52,0,0,0,28.2,24.5,35.3,15,0,15
2026-08-13 06:03:51,0,0,0,28.1,24.6,35,15.2,0,15
2026-08-13 06:08:51,0,0,0,28.3,24.8,35.5,15,0,15
2026-08-13 06:13:51,0,0,0,28.2,24.5,35,15.2,1,15
2026-08-13 06:18:51,0,0,0,28.2,24.7,34.8,15.6,0,15
2026-08-13 06:23:52,0,0,0,28.2,24.5,34.9,15.3,0,15
2026-08-13 06:28:51,0,0,0,28.2,24.9,34.9,15.4,0,15
2026-08-13 06:33:52,0,0,0,28.2,24.8,35.2,15.2,0,15
2026-08-13 06:38:51,0,0,0,28.2,24.6,35.2,15.3,0,15
2026-08-13 06:43:51,0,0,0,28.2,24.7,34.8,15.4,0,15
2026-08-13 06:48:51,0,0,0,27.8,24.8,34,16,0,15
2026-08-13 06:53:52,0,0,0,27.8,24.9,34.3,15.7,0,15
2026-08-13 06:58:51,0,0,0,27.9,24.8,34.7,15.4,0,15
2026-08-13 07:03:51,0,0,0,27.9,24.7,,,,15
2026-08-13 07:08:51,0,0,0,28,24.8,34.7,15.5,0,15
2026-08-13 07:13:51,0,0,0,28,24.9,34.7,15.7,0,15
2026-08-13 07:18:51,0,0,0,28.1,24.7,35,15.5,0,15
2026-08-13 07:23:52,0,0,0,28.2,24.9,35.3,15.2,0,15
2026-08-13 07:28:52,0,0,0,28.2,24.4,35.1,15.2,0,15
2026-08-13 07:33:51,0,0,0,28.2,24.7,35.2,15.1,0,15
2026-08-13 07:38:51,0,0,0,28.3,24.5,35.3,15,0,15
2026-08-13 07:43:52,0,0,0,28.3,24.3,35.3,14.8,0,15
2026-08-13 07:48:51,0,0,0,28.2,24.2,34.9,15,0,15
2026-08-13 07:53:52,0,0,0,28.2,24.4,34.7,15.4,0,15
2026-08-13 07:58:51,0,0,0,28.2,24.7,34.9,15.4,0,15
2026-08-13 08:03:52,0,2,2,28.2,24.5,35.1,15.1,0,15
2026-08-13 08:08:51,0,1,2,28.4,24.3,35.4,14.8,0,15
2026-08-13 08:13:52,0,0,0,28.4,24.2,35.3,14.7,0,15
2026-08-13 08:18:51,0,0,0,28.3,24.2,35.1,14.7,0,15
2026-08-13 08:23:52,0,0,0,28.3,24.2,34.9,15.1,0,15
2026-08-13 08:28:52,0,0,0,28.3,24.3,35,15.2,0,15
2026-08-13 08:33:53,7,15,15,28.3,24.3,35,15,0,15
2026-08-13 08:38:52,13,21,22,28.3,24.3,34.9,15.1,0,15
2026-08-13 08:43:52,13,25,26,28.4,24.6,35.2,15.1,0,15
2026-08-13 08:48:52,5,11,12,28.3,25,34.7,15.9,0,15
2026-08-13 08:53:52,4,9,9,28.1,25,34.5,16.3,0,15
2026-08-13 08:58:52,0,11,12,28.1,25.2,34.3,16.3,0,15
2026-08-13 09:03:52,0,4,5,28.2,25.3,34.7,16.3,0,15
2026-08-13 09:08:52,0,3,3,28.1,25.5,34.4,16.5,0,15
2026-08-13 09:13:52,0,2,2,28.2,25.5,34.8,16.2,0,15
2026-08-13 09:18:52,0,1,2,28.2,25.1,34.7,15.7,0,15
2026-08-13 09:23:52,0,5,6,27.2,25.1,30.9,18,0,15
2026-08-13 09:28:52,5,15,15,24.8,26.9,25.7,23.1,0,15
2026-08-13 09:33:53,5,13,15,22.5,29.4,22.6,27,0,15
2026-08-13 09:38:55,4,7,8,20.9,31,20.8,29.4,0,15
2026-08-13 09:43:52,4,8,9,19.8,33,19.6,31.6,0,15
2026-08-13 09:48:52,1,5,6,19.1,34.7,18.9,33.3,0,15
2026-08-13 09:53:52,2,5,5,18.5,35.8,18.4,34.3,0,15
2026-08-13 09:58:52,1,1,3,18.1,36.7,18.1,34.9,0,15
2026-08-13 10:03:52,0,1,1,17.8,36.2,17.8,34.1,0,15
2026-08-13 10:08:52,0,0,1,17.5,36.7,17.6,34.8,0,15
2026-08-13 10:13:53,1,6,8,17.4,37.4,17.5,35.4,0,15
2026-08-13 10:18:52,1,5,5,17.3,38.1,17.3,36.3,0,15
2026-08-13 10:23:52,3,6,6,17.2,38.5,17.3,36.8,0,15
2026-08-13 10:28:52,1,5,6,17,37.9,17.2,35.6,0,15
2026-08-13 10:33:52,1,3,5,17,37.5,17.1,35.2,0,15
2026-08-13 10:38:52,0,5,5,17,36.6,17.1,34.1,0,15
2026-08-13 10:43:52,0,1,1,16.9,37.5,17,35.1,0,15
2026-08-13 10:48:52,0,3,4,16.9,37.6,17,35.5,0,15
2026-08-13 10:53:52,0,2,3,16.9,38.2,17,36.1,0,15
2026-08-13 10:58:52,0,1,1,16.8,38.4,16.9,36.4,0,15
2026-08-13 11:03:52,0,0,0,16.8,38,16.9,35.6,0,15
2026-08-13 11:08:52,9,18,22,16.8,37.4,16.9,35.1,0,15
2026-08-13 11:13:52,0,0,0,16.8,37.1,16.9,34.8,0,15
2026-08-13 11:18:52,0,0,0,16.9,36.7,16.9,34.2,0,15
2026-08-13 11:23:53,0,1,1,16.9,36.7,17,34.2,0,15
2026-08-13 11:31:17,0,0,0,16.9,37,17.1,34.3,0,15
2026-08-13 11:34:08,5,10,12,17,37.8,17.1,35,0,15
2026-08-13 11:38:52,0,0,0,17,36.6,17.2,34.1,0,15
2026-08-13 11:43:52,0,3,3,17.1,37.3,17.3,34.8,0,15
2026-08-13 11:48:52,0,3,3,17.1,37.6,17.4,35,0,15
2026-08-13 11:53:53,0,1,1,17.2,36.5,17.4,33.6,0,15
2026-08-13 11:58:52,0,0,0,17.2,35.8,17.5,32.5,0,15
2026-08-13 12:03:52,0,0,0,17.3,34.5,17.6,31.5,0,15
2026-08-13 12:08:52,0,0,0,17.3,33.5,17.7,30.5,0,15
2026-08-13 12:13:53,0,0,0,17.4,33.8,17.8,30.5,0,15
2026-08-13 12:18:52,0,0,0,17.6,32.7,18,29.6,0,15
2026-08-13 12:23:52,0,0,0,17.7,33,18.2,30,0,15
2026-08-13 12:28:53,0,0,0,17.9,32.3,18.5,28.4,0,15
2026-08-13 12:33:52,0,0,0,18.1,32.2,18.7,28.6,0,15
2026-08-13 12:38:52,0,0,0,18.2,32.2,18.9,28.7,0,15
2026-08-13 12:43:52,0,0,0,18.4,32,19.1,28.3,0,15
2026-08-13 12:48:52,0,0,0,18.5,32.6,19.2,29.2,0,15
2026-08-13 12:53:52,0,0,0,18.6,33.6,19.3,30.3,0,15
2026-08-13 12:58:53,0,0,0,18.7,33.7,19.3,30.4,0,15
2026-08-13 13:03:52,0,0,0,18.7,34.3,19.3,31,0,15
2026-08-13 13:08:53,0,0,0,18.7,33.8,19.3,30.6,0,15
2026-08-13 13:13:52,0,0,0,18.6,34.7,19.3,31.4,0,15
2026-08-13 13:18:53,0,0,0,18.7,35.3,19.3,32,0,15
2026-08-13 13:23:53,0,0,0,18.7,34.7,19.3,31.4,0,15
2026-08-13 13:28:53,0,0,0,18.7,34.2,19.3,30.8,0,15
2026-08-13 13:33:53,0,0,0,18.7,33.4,19.3,30.1,0,15
2026-08-13 13:38:53,0,0,0,18.7,33.6,19.4,30.2,0,15
2026-08-13 13:43:53,0,0,0,18.7,33.5,19.4,30.2,0,15
2026-08-13 13:48:53,0,0,0,18.8,33.9,19.5,30.6,0,15
2026-08-13 13:53:54,0,0,0,18.8,34.1,19.5,30.9,0,15
2026-08-13 13:58:53,0,0,0,18.9,36,19.5,32.8,0,15
2026-08-13 14:03:54,0,0,0,18.8,36,19.5,32.7,0,15
2026-08-13 14:08:52,0,0,0,18.9,37.6,19.5,34.6,0,15
2026-08-13 14:13:53,0,0,0,18.8,37.7,19.5,34.7,0,15
2026-08-13 14:18:53,0,0,0,18.8,38.3,19.5,35.4,0,15
2026-08-13 14:23:53,0,0,0,18.9,38.5,20,35.2,0,15
2026-08-13 14:28:53,0,0,0,19.2,39.1,20.6,35,0,15
2026-08-13 14:33:53,0,0,0,19.5,38.4,20.8,34.4,0,15
2026-08-13 14:38:53,0,0,0,19.7,37.8,21.1,33.2,0,15
2026-08-13 14:43:53,0,0,0,19.8,38.4,21.1,34.3,0,15
2026-08-13 14:48:53,0,0,0,19.9,37.8,21.1,33.9,0,15
2026-08-13 14:53:53,0,0,0,19.9,38,21,34.2,0,15
2026-08-13 14:58:53,0,0,0,19.9,37.7,21,33.9,0,15
2026-08-13 15:03:53,0,0,0,19.9,37,21,33.2,0,15
2026-08-13 15:08:53,0,0,0,19.9,37.2,21,33.3,0,15
2026-08-13 15:13:53,0,0,1,19.9,37.4,21,33.7,0,15
2026-08-13 15:18:53,0,0,0,19.9,37.5,20.9,33.9,0,15
2026-08-13 15:23:53,0,0,0,19.9,37.5,20.9,33.8,0,15
2026-08-13 15:28:53,0,0,0,19.8,37.3,20.8,33.8,0,15
2026-08-13 15:33:53,0,0,1,19.8,37.3,20.8,33.7,0,15
2026-08-13 15:38:53,0,0,0,19.8,37.6,20.8,33.9,0,15
2026-08-13 15:43:54,0,0,0,19.7,37.5,20.7,33.9,0,15
2026-08-13 15:48:53,0,0,0,19.7,37.1,20.6,33.4,0,15
2026-08-13 15:53:54,0,0,0,19.7,39.9,20.6,36.8,0,15
2026-08-13 15:58:53,0,0,0,19.6,41,20.5,37.9,0,15
2026-08-13 16:03:54,0,0,0,19.5,41.8,20.5,39.2,0,15
2026-08-13 16:08:53,0,2,2,20.2,46.5,23.4,40.8,0,15
2026-08-13 16:13:53,5,9,11,23.3,42,31,28.3,0,15
2026-08-13 16:18:54,9,18,20,25.9,37.9,34.4,23.7,0,15
2026-08-13 16:23:53,3,6,6,27.1,34.1,34.3,22.2,0,15
2026-08-13 16:28:53,0,0,0,26.3,34.8,30.9,26.8,0,15
2026-08-13 16:33:53,0,0,0,26.3,34.7,31,26.3,0,15
2026-08-13 16:38:53,0,0,0,26.6,34.6,32,25.5,0,15
2026-08-13 16:43:54,0,0,0,26.3,32.9,30,25.5,0,15
2026-08-13 16:48:53,0,0,0,24.6,32.9,26.2,28.6,0,15
2026-08-13 16:53:53,0,0,0,23,34.2,23.6,31.5,0,15
2026-08-13 16:58:53,0,0,0,21.8,36.5,22,34.2,0,15
2026-08-13 17:03:53,0,0,0,20.8,37.9,21,36.3,0,15
2026-08-13 17:08:53,0,0,0,20.1,39.4,20.3,38.4,0,15
2026-08-13 17:13:53,0,0,0,19.6,39.8,19.8,38.3,0,15
2026-08-13 17:18:54,0,0,0,19.2,41.4,19.5,39.7,0,15
2026-08-13 17:23:53,0,0,0,18.9,42,19.2,40.7,0,15
2026-08-13 17:28:54,0,0,0,19.2,47.2,21.6,43.4,0,15
2026-08-13 17:33:53,0,0,0,22.4,41.3,29.6,28.3,0,15
2026-08-13 17:38:53,0,0,0,23.7,36.8,29.4,26,0,15
2026-08-13 17:43:53,0,0,0,23.8,38.3,29.2,28.5,0,15
2026-08-13 17:48:54,0,0,0,25.7,35.5,32.9,23.4,0,15
2026-08-13 17:53:53,0,0,0,27.1,34.3,35.2,22.1,0,15
2026-08-13 17:58:53,0,0,0,27.9,33.2,35.3,21.6,0,15
2026-08-13 18:03:53,0,0,0,28.3,32.4,35.3,21.8,0,15
2026-08-13 18:08:54,0,0,0,28.6,32.8,35.5,22,0,15
2026-08-13 18:13:53,0,0,0,28.9,32.4,35.8,22.1,0,15
2026-08-13 18:18:53,0,0,0,29.2,30.9,36,20.6,0,15
2026-08-13 18:23:53,0,0,0,29,30.3,35.5,20.2,0,15
2026-08-13 18:28:54,0,0,0,29,30.4,35.5,20.5,0,15
2026-08-13 18:33:53,0,0,0,28.9,31,35.3,21.3,0,15
2026-08-13 18:38:53,0,0,0,29.2,31.3,36.3,20.7,0,15
2026-08-13 18:43:54,0,0,0,29.6,31.2,36.9,20.5,0,15
2026-08-13 18:48:53,0,0,0,29.8,30.6,37,19.9,0,15
2026-08-13 18:53:53,0,0,0,29.9,30.8,36.8,20.3,0,15
2026-08-13 18:58:53,0,0,0,29.9,30.6,36.9,20,0,15
2026-08-13 19:03:53,0,0,0,29.9,30.1,37,19.5,0,15
2026-08-13 19:08:53,0,0,0,29.9,30.5,36.7,20.1,0,15
2026-08-13 19:13:53,0,0,0,29.8,30.5,,,,15
2026-08-13 19:18:53,0,0,0,29.8,30,36.3,20.1,0,15
2026-08-13 19:23:54,0,0,0,29.8,29.8,36.3,20,0,15
2026-08-13 19:28:53,0,0,0,29.7,29.7,36.2,20,0,15
2026-08-13 19:33:53,0,0,0,29.7,29.6,36.2,19.8,0,15
2026-08-13 19:38:54,0,0,0,29.5,29.6,36.1,19.8,0,15
2026-08-13 19:43:53,0,0,0,29.5,30,36.4,19.9,0,15
2026-08-13 19:48:53,0,0,0,29.7,30,36.6,19.8,0,15
2026-08-13 19:53:54,0,0,0,29.7,29,36.5,18.8,0,15
2026-08-13 19:58:54,0,0,0,29.7,29.3,36.3,19.4,0,15
2026-08-13 20:03:53,0,0,0,29.7,29.7,,,,15
2026-08-13 20:08:54,0,0,0,29.8,29.8,36.6,19.6,0,15
2026-08-13 20:13:54,0,0,0,29.8,30.1,36.3,20,0,15
2026-08-13 20:18:57,0,0,0,29.5,30.2,35.8,20.4,0,15
2026-08-13 20:23:53,0,0,0,29.5,30.4,36,20.4,0,15
2026-08-13 20:28:54,0,0,0,29.2,30.9,,,,15
2026-08-13 20:33:54,0,0,0,29.2,31.5,35.7,21.6,0,15
2026-08-13 20:38:54,0,0,0,29.1,31.3,35.8,21.1,0,15
2026-08-13 20:43:54,0,0,0,29.4,31.2,,,,15
2026-08-13 20:48:54,0,0,0,29.5,31.2,36.1,21.3,0,15
2026-08-13 20:53:54,0,0,0,29.6,31.4,36.4,21.4,0,15
2026-08-13 20:58:54,0,0,0,29.8,31.4,36.6,21.2,0,15
2026-08-13 21:03:54,0,0,0,29.8,31.5,36.6,21.2,0,15
2026-08-13 21:08:57,0,0,0,29.7,31.5,36.6,21.1,0,15
2026-08-13 21:13:53,0,0,0,29.8,31.7,36.7,21.1,0,15
2026-08-13 21:18:54,0,0,0,29.8,31.5,36.8,21.1,0,15
2026-08-13 21:23:54,0,0,0,29.8,31.7,36.8,21,0,15
2026-08-13 21:28:54,0,0,0,29.8,31.4,36.7,21,0,15
2026-08-13 21:33:54,0,0,0,29.8,31.4,36.7,20.8,0,15
2026-08-13 21:38:54,0,0,0,29.8,31.2,36.8,20.8,0,15
2026-08-13 21:43:54,0,0,0,29.8,30.6,36.6,20.3,0,15
2026-08-13 21:48:54,0,0,0,29.7,30.3,,,,15
2026-08-13 21:53:54,0,0,0,29.7,31,36.3,20.9,0,15
2026-08-13 21:58:54,0,0,0,29.7,31.1,36.4,21,0,15
2026-08-13 22:03:54,0,0,0,29.7,31.2,36.7,20.7,0,15
2026-08-13 22:08:54,0,0,0,29.7,31,36.6,20.8,0,15
2026-08-13 22:13:54,0,0,0,29.8,31.1,36.9,20.6,0,15
2026-08-13 22:18:54,0,0,0,29.7,30.9,36.8,20.5,0,15
2026-08-13 22:23:54,0,0,0,29.6,30.9,36.5,20.5,0,15
2026-08-13 22:28:54,0,0,0,29.6,30.8,36.5,20.6,0,15
2026-08-13 22:33:54,0,0,0,29.6,31,36.5,20.6,0,15
2026-08-13 22:38:55,0,0,0,29.5,31.2,36.2,20.9,0,15
2026-08-13 22:43:54,0,0,0,29.3,30.9,36,21,0,15
2026-08-13 22:48:54,0,0,0,29.4,31.3,36,21.2,0,15
2026-08-13 22:53:54,0,0,0,29.3,31.1,36.1,21,0,15
2026-08-13 22:58:54,0,0,0,29.4,30.7,36.2,20.6,0,15
2026-08-13 23:03:54,0,0,0,29.4,31.1,36.2,20.8,0,15
2026-08-13 23:08:54,0,0,0,29.4,31,36.3,20.8,0,15
2026-08-13 23:13:54,0,0,0,29.4,31.2,36.4,20.7,0,15
2026-08-13 23:18:54,0,0,0,29.4,31,36.5,20.4,0,15
2026-08-13 23:23:54,0,0,0,29.5,30.9,36.5,20.4,0,15
2026-08-13 23:28:54,0,0,0,29.5,31.1,36.4,20.7,0,15
2026-08-13 23:33:54,0,0,0,29.4,30.9,36.2,20.7,0,15
2026-08-13 23:38:54,0,0,0,29.3,31.1,36,21.2,0,15
2026-08-13 23:43:54,0,0,0,29.3,31,36,21,0,15
2026-08-13 23:48:54,0,0,0,29.3,31.3,36.2,21.2,0,15
2026-08-13 23:53:54,0,0,0,29.3,31.3,36.2,21.1,0,15
2026-08-13 23:58:54,0,0,0,29.5,31.2,36.5,20.9,0,15
2026-08-14 00:03:54,0,0,0,29.4,31.2,36.5,20.8,0,15
2026-08-14 00:08:54,0,0,0,29.3,31.3,36.2,20.9,0,15
2026-08-14 00:13:54,0,0,0,29.4,31.1,36.5,20.7,0,15
2026-08-14 00:18:54,0,0,0,29.4,31.5,36.3,20.8,0,15
2026-08-14 00:23:55,0,0,0,29.2,31.4,36,21.2,0,15
2026-08-14 00:28:54,0,0,0,29.3,31.4,36.3,20.9,0,15
2026-08-14 00:33:54,0,0,0,29.2,31.4,36,21.3,0,15
2026-08-14 00:38:54,0,0,0,29.2,31.6,36,21.5,0,15
2026-08-14 00:43:55,0,0,0,29.2,31.7,36,21.5,0,15
2026-08-14 00:48:54,0,0,0,29.1,31.7,36.1,21.3,0,15
2026-08-14 00:53:54,0,0,0,29.1,31.8,36.1,21.3,0,15
2026-08-14 00:58:54,0,0,0,29.1,31.7,36.5,20.9,0,15
2026-08-14 01:03:54,0,0,0,28.8,32,35.3,22.1,0,15
2026-08-14 01:08:54,0,0,0,28.6,32.2,35.1,22.2,0,15
2026-08-14 01:13:54,0,4,4,28.4,32.2,35,22.3,0,15
2026-08-14 01:18:55,0,4,4,28.4,32.3,34.9,22.5,0,15
2026-08-14 01:23:55,1,3,3,28.4,32.3,35.5,21.9,0,15
2026-08-14 01:28:54,0,4,4,28.6,32,35.9,21.3,0,15
2026-08-14 01:33:55,1,5,5,28.7,31.9,36,21.2,0,15
2026-08-14 01:38:54,1,3,4,28.7,31.7,35.9,21.1,0,15
2026-08-14 01:43:54,4,8,8,28.6,31.9,35.5,21.8,0,15
2026-08-14 01:48:54,5,9,9,28.7,32.1,35.6,21.7,0,15
2026-08-14 01:53:55,4,7,7,28.7,32.1,35.6,21.8,0,15
2026-08-14 01:58:54,5,9,9,28.6,32,35.8,21.7,0,15
2026-08-14 02:03:55,5,12,13,28.6,32.2,35.7,21.6,0,15
2026-08-14 02:08:54,5,8,8,28.6,32,35.8,21.3,0,15
2026-08-14 02:13:54,5,8,9,28.6,32.1,35.9,21.2,0,15
2026-08-14 02:18:55,4,7,10,28.6,31.9,35.5,21.8,0,15
2026-08-14 02:23:55,4,7,7,28.6,32.1,35.3,22,0,15
2026-08-14 02:28:55,3,5,5,28.6,32.2,35.5,21.9,0,15
2026-08-14 02:33:55,2,5,6,28.5,32,35,22,0,15
2026-08-14 02:38:55,4,7,7,28.2,32.3,34.4,22.7,0,15
2026-08-14 02:43:55,5,7,7,28.3,32.4,35.4,21.8,0,15
2026-08-14 02:48:55,3,8,8,28.4,32.1,35.5,21.5,0,15
2026-08-14 02:53:55,4,7,7,28.5,31.9,35.3,21.7,0,15
2026-08-14 02:58:55,1,7,7,28.5,32.1,,,,15
2026-08-14 03:03:54,2,2,2,28.5,32.2,35.3,22,0,15
2026-08-14 03:08:55,2,4,4,28.5,32.1,35.4,22,0,15
2026-08-14 03:13:55,4,7,7,28.5,32,35.6,21.6,0,15
2026-08-14 03:18:54,3,8,8,28.6,32.1,35.6,21.7,0,15
2026-08-14 03:23:55,4,8,8,28.5,31.9,35.6,21.5,0,15
2026-08-14 03:28:55,4,8,8,28.5,32.1,35.5,21.5,0,15
2026-08-14 03:33:55,5,9,9,28.5,31.8,35.6,21.2,0,15
2026-08-14 03:38:55,4,6,9,28.5,31.5,35.6,21,0,15
2026-08-14 03:43:55,4,7,8,28.5,31.6,35.5,21,0,15
2026-08-14 03:48:55,2,6,6,28.5,31.3,,,,15
2026-08-14 03:53:55,1,3,4,28.3,31.9,35.1,21.8,0,15
2026-08-14 03:58:55,2,4,4,28.4,31.7,35.3,21.4,0,15
2026-08-14 04:03:55,4,7,7,28.4,31.7,35.4,21.4,0,15
2026-08-14 04:08:55,4,6,6,28.3,31.6,35.5,21.1,0,15
2026-08-14 04:13:55,3,7,8,28.4,31.6,35.6,21,0,15
2026-08-14 04:18:55,1,5,5,28.4,31.5,35.4,21.1,0,15
2026-08-14 04:23:55,3,8,8,28.3,31.6,35.1,21.3,0,15
2026-08-14 04:28:55,4,8,9,28.3,31.7,35,21.7,0,15
2026-08-14 04:33:55,3,6,7,28.3,32,35,21.9,0,15
2026-08-14 04:38:56,4,7,7,28.4,31.7,35.2,21.6,0,15
2026-08-14 04:43:55,2,5,5,28.3,31.9,35.2,21.5,0,15
2026-08-14 04:48:55,2,6,6,28.4,31.9,35.3,21.4,0,15
2026-08-14 04:53:55,5,8,8,28.4,31.6,35.5,21.1,0,15
2026-08-14 04:58:55,3,5,6,28.4,31.4,35.4,21,0,15
2026-08-14 05:03:55,4,7,7,28.4,31.6,35.2,21.3,0,15
2026-08-14 05:08:55,4,6,6,28.2,31.7,34.6,22.1,0,15
2026-08-14 05:13:55,3,5,6,28,32.1,34.2,22.5,0,15
2026-08-14 05:18:55,3,6,6,28,31.8,34.9,21.8,0,15
2026-08-14 05:23:55,4,6,6,28,32,34.4,22.3,0,15
2026-08-14 05:28:55,5,7,7,27.9,32,34.2,22.3,0,15
2026-08-14 05:33:55,3,5,5,28.1,31.9,,,,15
2026-08-14 05:38:55,1,3,4,28.3,31.7,35,21.7,0,15
2026-08-14 05:43:56,2,3,3,28.4,31.6,35.2,21.5,0,15
2026-08-14 05:48:55,0,4,4,28.4,31.5,35.2,21.4,0,15
2026-08-14 05:53:55,1,3,3,28.5,32,35.5,21.7,0,15
2026-08-14 05:58:55,0,5,5,28.6,31.8,35.5,21.4,0,15
2026-08-14 06:03:56,0,6,6,28.6,31.5,35.3,21.4,0,15
2026-08-14 06:08:55,2,6,6,28.5,31.4,34.9,21.6,0,15
2026-08-14 06:13:55,1,3,3,28.3,31.7,34.8,21.9,0,15
2026-08-14 06:18:56,2,4,6,28.1,31.9,34.5,22.4,0,15
2026-08-14 06:23:56,4,6,6,28.2,31.9,35.2,21.5,0,15
2026-08-14 06:28:55,4,7,7,28.3,31.8,35.2,21.4,1,15
2026-08-14 06:33:55,2,7,7,28.4,31.8,35.3,21.5,0,15
2026-08-14 06:38:55,2,4,4,28.3,31.9,35.2,21.8,0,15
2026-08-14 06:43:55,1,5,6,28.4,31.7,35.3,21.6,0,15
2026-08-14 06:48:56,2,5,5,28.2,32,34.8,21.9,0,15
2026-08-14 06:53:55,4,8,8,28,32.1,34.3,22.4,0,15
2026-08-14 06:58:55,3,8,8,28.1,32,35,21.7,0,15
2026-08-14 07:03:56,4,6,6,28.1,31.7,34.7,21.9,0,15
2026-08-14 07:08:56,4,7,7,28,32,34.4,22.1,0,15
2026-08-14 07:13:56,3,6,6,27.9,32.1,34.6,22.1,0,15
2026-08-14 07:18:56,3,5,5,27.8,31.8,34.1,22,0,15
2026-08-14 07:23:55,5,7,7,27.7,32,34.2,22.3,0,15
2026-08-14 07:28:56,3,6,6,27.9,32.1,34.4,22.3,0,15
2026-08-14 07:33:55,2,5,6,28,31.8,34.8,21.8,0,15
2026-08-14 07:38:56,4,7,7,28.1,31.8,35.1,21.6,0,15
2026-08-14 07:43:56,3,7,7,28.3,31.6,35.4,21.2,0,15
2026-08-14 07:48:56,4,8,10,28.4,31.5,35.5,21,0,15
2026-08-14 07:53:56,4,11,12,28.3,31.5,35.1,21.2,0,15
2026-08-14 07:58:56,4,5,6,28.3,31.7,35,21.7,0,15
2026-08-14 08:03:56,4,6,8,28.4,31.8,35.2,21.7,0,15
2026-08-14 08:08:56,5,6,7,28.4,31.8,35.4,21.6,0,15
2026-08-14 08:13:56,5,8,9,28.5,31.7,35.7,21.3,0,15
2026-08-14 08:18:56,4,6,6,28.5,31.7,35.5,21.4,0,15
2026-08-14 08:23:56,3,7,8,28.5,31.8,35.5,21.3,0,15
2026-08-14 08:28:57,1,6,6,28.5,31.5,35.4,21.1,0,15
2026-08-14 08:33:56,1,3,3,28.6,31.3,35.6,20.8,0,15
2026-08-14 08:38:56,2,4,4,28.6,31.3,35.3,21.4,0,15
2026-08-14 08:43:56,1,2,2,28.6,31.4,35.5,21.4,0,15
2026-08-14 08:48:56,1,5,5,28.7,31.3,35.5,21.4,0,15
2026-08-14 08:53:56,0,1,1,28.6,31.3,35.4,21.2,0,15
2026-08-14 08:58:56,0,1,1,28.8,31.3,36.2,20.7,0,15
2026-08-14 09:03:56,0,3,3,28.9,30.9,36.1,20.6,0,15
2026-08-14 09:08:56,0,2,2,28.9,31.4,36,20.9,0,15
2026-08-14 09:13:56,0,2,3,29,30.9,36.1,20.6,0,15
2026-08-14 09:18:55,0,2,3,29,31,35.9,20.8,0,15
2026-08-14 09:23:56,0,3,3,28.9,30.9,35.6,21.2,0,15
2026-08-14 09:28:56,1,2,2,29,31.2,35.9,21.2,0,15
2026-08-14 09:33:56,0,3,4,29,31.5,36,21.2,0,15
2026-08-14 09:38:56,1,5,5,29.1,31.6,36.2,21.1,0,15
2026-08-14 09:43:56,3,5,5,29.1,31.4,36.1,21,0,15
2026-08-14 09:48:56,4,6,6,29.2,31.6,36.1,21.3,0,15
2026-08-14 09:53:57,5,11,11,29.3,32.1,36.1,21.6,0,15
2026-08-14 09:58:56,8,16,18,29.5,31.8,36.6,21,0,15
2026-08-14 10:03:56,17,26,27,29.7,31.7,36.5,21.3,0,15
2026-08-14 10:08:57,7,12,14,29.8,32.1,36.8,21.3,0,15
2026-08-14 10:13:56,5,10,10,29.8,31.6,,,,15
2026-08-14 10:19:13,4,7,7,30,31.5,36.9,21.2,0,15
2026-08-14 10:23:56,7,14,15,30,31.5,,,,15
2026-08-14 10:28:57,5,8,8,30,31.8,36.8,21.8,0,15
2026-08-14 10:33:56,6,11,11,30,31.6,36.5,21.9,0,15
2026-08-14 10:38:56,8,12,13,30,31.7,36.7,21.6,0,15
2026-08-14 10:43:56,7,17,18,29.9,32,36.3,22.3,0,15
2026-08-14 10:48:57,13,24,26,29.6,31.6,35.3,22.5,0,15
2026-08-14 10:53:56,18,26,27,27.4,33,29.9,28.2,0,15
2026-08-14 10:58:56,20,31,34,25.3,36.1,26.2,33.6,0,15
2026-08-14 11:03:57,19,29,32,23.6,38.3,24.1,37.2,0,15
2026-08-14 11:08:56,21,30,33,22.4,40.5,22.9,39.7,0,15
2026-08-14 11:13:57,21,30,33,21.5,41.9,22.1,41,0,15
2026-08-14 11:18:57,22,35,39,20.9,43.5,21.6,42.6,0,15
2026-08-14 11:23:56,22,31,32,20.5,44.6,21.3,43.5,0,15
2026-08-14 11:28:56,22,31,32,20.2,45.1,21.1,43.7,0,15
2026-08-14 11:33:56,21,33,37,20,46.3,21,45.1,0,15
2026-08-14 11:38:57,21,31,32,19.9,46.7,20.9,45.1,0,15
2026-08-14 11:43:56,23,35,38,19.9,47,20.9,45.4,0,15
2026-08-14 11:48:56,21,34,36,19.8,47.1,20.9,45.6,0,15
2026-08-14 11:53:56,24,38,43,19.9,47.3,21,45.7,0,15
2026-08-14 11:58:56,21,31,31,19.9,47.5,21,45.7,0,15
2026-08-14 12:03:57,22,34,36,19.9,47.2,21.1,45.2,0,15
2026-08-14 12:08:57,23,35,38,19.9,47.5,21.1,45.4,0,15
2026-08-14 12:13:56,23,34,37,19.9,47.2,21.2,45.2,0,15
2026-08-14 12:18:57,23,34,38,20,47.1,21.3,45,0,15
2026-08-14 12:23:57,23,35,38,20,47.7,21.3,45.7,0,15
2026-08-14 12:28:57,23,35,38,20.1,47,21.4,44.7,0,15
2026-08-14 12:33:57,22,33,35,20.1,46.5,21.4,44.3,0,15
2026-08-14 12:38:56,23,34,38,20.2,46.8,21.4,44.5,0,15
2026-08-14 12:43:57,23,33,35,20.1,46.6,21.4,44.4,0,15
2026-08-14 12:48:57,23,37,42,20.1,46.8,21.3,44.6,0,15
2026-08-14 12:53:56,24,37,41,20,46.1,21.3,43.8,0,15
2026-08-14 12:58:57,25,39,44,20,46.4,21.2,44.3,0,15
2026-08-14 13:03:57,24,38,42,19.9,46.7,21.1,44.5,0,15
2026-08-14 13:08:57,24,38,43,19.8,46.8,21,44.7,0,15
2026-08-14 13:13:57,25,38,42,19.7,46.6,20.8,44.5,0,15
2026-08-14 13:18:57,25,40,48,19.6,46.7,20.7,44.5,0,15
2026-08-14 13:23:57,25,38,43,19.5,47,20.5,45.1,0,15
2026-08-14 13:28:57,24,35,42,19.4,47.2,20.5,45.2,0,15
2026-08-14 13:33:57,28,42,50,19.4,47.3,20.4,45.3,0,15
2026-08-14 13:38:56,24,37,42,19.3,47.5,20.4,45.5,0,15
2026-08-14 13:43:57,26,41,51,19.3,47.4,20.3,45.4,0,15
2026-08-14 13:48:56,23,36,42,19.3,47.7,20.3,45.6,0,15
2026-08-14 13:53:57,23,35,38,19.2,47.8,20.2,46,0,15
2026-08-14 13:58:57,23,35,37,19.2,47.7,20.1,46,0,15
2026-08-14 14:03:57,24,34,37,19.1,47.5,20.1,45.9,0,15
2026-08-14 14:08:57,15,26,26,21.6,49.1,28.5,35.9,0,15
2026-08-14 14:13:57,10,21,21,24.5,43,33,28.2,0,15
2026-08-14 14:18:57,8,17,21,26.3,40,34.7,25.6,0,15
2026-08-14 14:23:56,5,8,8,27.5,37.8,35.8,24.5,0,15
2026-08-14 14:28:57,6,15,15,28.4,36.1,36.2,23.6,0,15
2026-08-14 14:33:57,6,19,19,28.8,34.5,36.2,23.5,0,15
2026-08-14 14:38:57,8,17,18,29.5,33.5,37,22,0,15
2026-08-14 14:43:57,8,19,19,29.7,32.8,36.8,22,0,15
2026-08-14 14:48:57,5,12,12,29.8,32.5,36.7,22.1,0,15
2026-08-14 14:53:57,7,16,16,29.9,32.1,36.7,21.7,0,15
2026-08-14 14:58:58,7,15,15,30,32.2,36.7,22.1,0,15
2026-08-14 15:03:57,8,16,17,30.2,31.8,37.5,21.1,0,15
2026-08-14 15:08:57,7,15,17,30.2,31.4,37.2,21,0,15
2026-08-14 15:13:57,6,12,13,30.2,31.4,36.9,21.4,0,15
2026-08-14 15:18:57,5,9,11,30.2,31.2,36.8,21,0,15
2026-08-14 15:23:56,5,9,11,30.2,31.1,36.9,21.1,0,15
2026-08-14 15:28:57,4,8,8,30.3,30.8,37.6,20.3,0,15
2026-08-14 15:33:57,5,12,14,30.2,31,37,20.8,0,15
2026-08-14 15:38:57,4,8,8,30.1,30.6,36.9,20.7,0,15
2026-08-14 15:43:57,5,10,10,30,31,36.6,21.1,0,15
2026-08-14 15:48:57,6,12,12,30,30.6,36.9,20.5,0,15
2026-08-14 15:53:57,5,11,12,29.9,30.5,36.5,20.9,0,15
2026-08-14 15:58:57,6,11,11,29.9,30.9,36.7,20.7,0,15
2026-08-14 16:03:57,4,11,12,30.2,30.2,37.5,19.9,0,15
2026-08-14 16:08:57,7,14,15,30.1,30.6,,,,15
2026-08-14 16:13:58,5,6,6,30.1,30.7,36.8,20.8,0,15
2026-08-14 16:18:57,4,8,10,30.2,30.6,37.2,20.2,0,15
2026-08-14 16:23:57,6,13,14,30,30.6,36.6,20.7,0,15
2026-08-14 16:28:57,8,15,16,30,30.8,36.8,20.5,0,15
2026-08-14 16:33:57,8,18,18,30,30.7,36.7,20.9,0,15
2026-08-14 16:38:57,7,17,18,30.1,30.9,37.3,20.3,0,15
2026-08-14 16:43:57,7,13,14,30.2,30.6,37.3,20.1,0,15
2026-08-14 16:48:57,5,11,11,30.3,30.6,37.4,20.4,1,15
2026-08-14 16:53:58,6,11,13,30.3,30.8,,,,15
2026-08-14 16:58:58,3,7,8,30.3,31.2,37.2,21,0,15
2026-08-14 17:03:57,3,7,10,30.3,31.5,37.4,21.1,0,15
2026-08-14 17:08:57,4,8,9,30.3,31.4,37.2,21.2,0,15
2026-08-14 17:13:57,3,5,5,30.3,31.2,37.3,21,0,15
2026-08-14 17:18:57,4,8,8,30.2,31.2,37.2,21,0,15
2026-08-14 17:23:57,5,11,12,30.2,31.3,37.3,20.9,0,15
2026-08-14 17:28:57,2,6,6,30.2,31.4,37.3,21,0,15
2026-08-14 17:33:57,4,7,7,30.1,31.5,37.3,21,0,15
2026-08-14 17:38:57,4,6,6,30.1,31.6,37.4,21,0,15
2026-08-14 17:43:57,5,9,9,30.1,31.5,37.1,21,0,15
2026-08-14 17:48:57,5,12,14,30,31.4,37.2,20.9,0,15
2026-08-14 17:53:57,5,8,12,30,31.3,37.3,20.7,0,15
2026-08-14 17:58:58,7,12,13,30,31.4,37.1,20.8,0,15
2026-08-14 18:03:57,7,13,14,29.9,31.5,37,20.7,0,15
2026-08-14 18:08:57,4,11,12,29.9,31.5,37,20.8,0,15
2026-08-14 18:13:58,6,16,18,29.8,31.3,,,,15
2026-08-14 18:18:58,4,11,12,29.7,31.7,36.4,21.7,0,15
2026-08-14 18:23:58,5,13,15,29.5,32,36.2,21.8,0,15
2026-08-14 18:28:58,6,14,14,29.3,32.5,36,22.4,0,15
2026-08-14 18:33:58,6,9,11,29.6,32.5,36.7,21.7,0,15
2026-08-14 18:38:58,5,12,14,29.7,32.1,37,21.3,0,15
2026-08-14 18:43:57,6,13,14,29.7,32.1,36.9,21.4,0,15
2026-08-14 18:48:57,6,13,15,29.7,31.9,36.9,21.3,0,15
2026-08-14 18:53:58,7,18,19,29.8,31.5,36.8,21,0,15
2026-08-14 18:58:58,7,16,16,29.7,31.3,36.3,21.2,0,15
2026-08-14 19:03:58,7,18,19,29.7,31.5,,,,15
2026-08-14 19:08:57,7,17,19,29.8,31.3,36.5,21.2,0,15
2026-08-14 19:13:58,6,12,13,29.7,31.4,36.5,21.4,0,15
2026-08-14 19:18:58,6,14,15,29.7,31.9,36.5,21.5,0,15
2026-08-14 19:23:58,6,12,12,29.7,31.8,36.6,21.5,0,15
2026-08-14 19:28:58,6,9,11,29.7,31.5,36.7,21.2,0,15
2026-08-14 19:33:58,8,13,14,29.7,31.6,36.9,21.1,0,15
2026-08-14 19:38:58,4,12,12,29.7,31.4,36.7,21,0,15
2026-08-14 19:43:58,7,13,13,29.7,31.6,36.6,21.1,0,15
2026-08-14 19:48:58,6,14,14,29.8,31.1,36.9,20.5,0,15
2026-08-14 19:53:58,5,15,15,29.7,31.2,36.6,20.9,0,15
2026-08-14 19:58:58,8,16,18,29.8,31.3,36.5,20.8,0,15
2026-08-14 20:03:58,7,17,18,29.7,31.6,,,,15
2026-08-14 20:08:58,6,14,16,29.6,31.8,36.2,21.9,0,15
2026-08-14 20:13:58,6,15,16,29.6,31.9,36.4,21.8,0,15
2026-08-14 20:18:58,4,13,14,29.6,31.9,36.3,21.8,0,15
2026-08-14 20:23:57,4,7,7,29.6,31.7,36.4,21.6,0,15
2026-08-14 20:28:58,3,6,6,29.5,31.6,36.4,21.6,0,15
2026-08-14 20:33:58,6,12,12,29.5,31.8,36.4,21.6,0,15
2026-08-14 20:38:58,5,8,10,29.6,31.8,36.5,21.4,0,15
2026-08-14 20:43:58,3,8,8,29.6,31.7,36.6,21.1,0,15
2026-08-14 20:48:58,3,8,9,29.5,31.4,36.5,21.1,0,15
2026-08-14 20:53:58,5,14,14,29.4,31.5,36.2,21.4,0,15
2026-08-14 20:58:57,6,13,13,29.3,31.4,36.3,21,0,15
2026-08-14 21:03:58,6,12,13,29.4,31.4,36.4,20.9,0,15
2026-08-14 21:08:58,8,17,18,29.3,31.6,36.2,21.1,0,15
2026-08-14 21:13:58,8,18,19,29.3,31.5,36.2,21.2,0,15
2026-08-14 21:18:58,6,16,16,29.1,31.7,35.8,21.8,0,15
2026-08-14 21:23:58,5,12,14,29.1,31.9,35.8,21.8,0,15
2026-08-14 21:28:58,5,9,11,29.1,32,35.9,21.9,0,15
2026-08-14 21:33:58,7,14,16,29.2,31.9,36.2,21.5,0,15
2026-08-14 21:38:58,6,17,18,29.1,31.8,36,21.6,0,15
2026-08-14 21:43:58,7,17,18,29.1,31.8,36.3,21.4,0,15
2026-08-14 21:48:58,6,16,16,29.2,31.9,36.2,21.3,0,15
2026-08-14 21:53:58,8,19,21,29.2,31.9,36.2,21.3,0,15
2026-08-14 21:58:58,7,18,19,29.2,31.8,36.2,21.3,0,15
2026-08-14 22:03:58,8,16,17,29.1,32,35.8,22,0,15
2026-08-14 22:08:58,7,15,15,29,32.1,35.8,22,0,15
2026-08-14 22:13:58,5,15,16,29,32.1,36.2,21.6,0,15
2026-08-14 22:18:59,6,12,14,29,32.1,36.1,21.7,0,15
2026-08-14 22:23:58,7,14,15,29,32.1,36.3,21.5,0,15
2026-08-14 22:28:58,9,19,23,29.1,32.1,36.3,21.6,0,15
2026-08-14 22:33:58,7,18,18,29.1,32.3,36.5,21.3,0,15
2026-08-14 22:38:58,8,19,19,28.8,32.2,35.8,21.8,0,15
2026-08-14 22:43:58,5,17,17,28.7,32.1,,,,15
2026-08-14 22:48:58,6,15,16,28.7,32.4,35.6,22.2,0,15
2026-08-14 22:53:58,7,18,20,28.6,32.8,35.7,22.2,0,15
2026-08-14 22:58:58,7,14,15,28.6,32.3,35.7,21.9,0,15
2026-08-14 23:03:58,6,15,18,28.6,32.2,35.9,21.6,0,15
2026-08-14 23:08:58,6,12,13,28.6,32,35.5,21.6,0,15
2026-08-14 23:13:58,7,16,18,28.5,32.1,35.5,21.7,0,15
2026-08-14 23:18:58,10,18,19,28.4,32.4,34.9,22.6,0,15
2026-08-14 23:23:58,7,19,19,28.2,32.5,34.6,22.9,0,15
2026-08-14 23:28:59,8,18,19,28,32.8,34.5,23.1,0,15
2026-08-14 23:33:58,8,17,19,28,32.9,34.8,22.7,0,15
2026-08-14 23:38:58,7,17,18,28.3,32.5,35.4,21.9,0,15
2026-08-14 23:43:58,7,19,19,28.2,32.6,34.9,22.6,0,15
2026-08-14 23:48:58,4,13,15,28.2,32.5,34.8,22.3,0,15
2026-08-14 23:53:58,6,16,19,28,32.6,34.5,22.8,0,15
2026-08-14 23:58:58,6,18,18,28.2,32.6,35.4,22,0,15
2026-08-15 00:03:58,6,14,16,28.3,32.6,35.6,21.8,0,15
2026-08-15 00:08:58,9,18,18,28.3,32.6,35.4,22,0,15
2026-08-15 00:13:59,7,18,18,28.4,32.3,35.4,21.9,0,15
2026-08-15 00:18:58,7,23,23,28.4,32.4,,,,15
2026-08-15 00:23:58,7,19,19,28.4,32.4,35.2,22.4,0,15
2026-08-15 00:28:58,7,17,17,28.5,32.5,35.3,22.3,0,15
2026-08-15 00:33:58,8,15,16,28.4,32.6,35.4,22.2,0,15
2026-08-15 00:38:59,6,18,19,28.5,32.5,35.5,22,0,15
2026-08-15 00:43:59,7,15,16,28.5,32.5,35.6,21.9,0,15
2026-08-15 00:48:58,8,18,19,28.5,32.4,35.6,21.8,0,15
2026-08-15 00:53:59,7,19,19,28.5,32.3,35.9,21.4,0,15
2026-08-15 00:58:59,7,19,19,28.6,32.2,35.7,21.5,0,15
2026-08-15 01:03:59,7,14,14,28.5,31.9,35.3,21.5,0,15
2026-08-15 01:08:59,7,21,22,28.5,32,,,,15
2026-08-15 01:13:59,7,22,23,28.5,32,35.3,22,0,15
2026-08-15 01:18:59,6,13,14,28.5,32.1,35.4,22,0,15
2026-08-15 01:23:59,7,17,17,28.4,32.2,35.3,22,0,15
2026-08-15 01:28:59,7,16,18,28.5,32.3,35.6,21.8,0,15
2026-08-15 01:33:58,9,19,19,28.4,32.2,35.5,21.8,0,15
2026-08-15 01:38:58,10,23,23,28.4,32.1,35.3,21.7,0,15
2026-08-15 01:43:58,11,23,24,28.4,32.2,35.2,22.1,0,15
2026-08-15 01:48:59,7,17,18,28.4,32.1,35.2,22.1,0,15
2026-08-15 01:53:59,9,19,19,28.4,32.3,35.3,21.9,0,15
2026-08-15 01:58:59,9,18,19,28.4,32.2,35.4,21.8,0,15
2026-08-15 02:03:59,9,20,22,28.5,32.1,35.5,21.6,0,15
2026-08-15 02:08:58,9,22,22,28.4,32.2,35,21.9,0,15
2026-08-15 02:13:59,9,19,19,28.3,32.1,35,22.2,0,15
2026-08-15 02:18:59,5,12,14,28.3,32.4,35.3,22.1,0,15
2026-08-15 02:23:59,7,19,19,28.5,32,35.7,21.6,0,15
2026-08-15 02:28:59,8,15,17,28.5,32.3,35.6,21.7,0,15
2026-08-15 02:33:59,8,18,19,28.4,32.2,35.4,21.7,0,15
2026-08-15 02:38:59,7,19,19,28.4,32.2,35.1,21.9,0,15
2026-08-15 02:43:59,7,18,19,28.3,32.3,35,22.3,0,15
2026-08-15 02:48:59,6,16,16,28.4,32.3,35.3,22,0,15
2026-08-15 02:53:59,7,18,19,28.4,32.4,35.3,22.1,0,15
2026-08-15 02:58:59,6,16,17,28.4,32.4,35.5,21.9,0,15
2026-08-15 03:03:59,8,20,22,28.2,32.1,34.6,22.5,0,15
2026-08-15 03:08:59,7,16,17,28,32.8,34.4,22.9,0,15
2026-08-15 03:13:59,8,19,21,27.9,32.7,,,,15
2026-08-15 03:18:59,6,15,16,28,32.7,35,22.4,0,15
2026-08-15 03:23:59,6,12,13,28.2,32.5,35.4,21.9,0,15
2026-08-15 03:28:59,6,13,13,28.2,32.5,35.2,22.2,0,15
2026-08-15 03:33:59,6,14,14,28.2,32.5,35.3,21.9,0,15
2026-08-15 03:38:59,4,7,7,28.1,32.1,35.2,21.7,0,15
2026-08-15 03:43:59,5,11,11,28.2,32.1,35.5,21.3,0,15
2026-08-15 03:48:59,7,15,16,28.2,32.4,35.4,21.7,0,15
2026-08-15 03:53:59,7,17,18,28.1,32.1,34.9,22,0,15
2026-08-15 03:58:59,5,15,16,28.1,32.5,34.9,22.4,0,15
2026-08-15 04:03:59,5,14,14,28.1,32.2,35.1,22.1,0,15
2026-08-15 04:08:59,6,16,16,28.1,32.2,34.8,22.1,0,15
2026-08-15 04:13:59,7,18,18,27.7,32.6,33.9,23.1,0,15
2026-08-15 04:18:59,8,21,21,27.7,32.5,34.1,22.5,0,15
2026-08-15 04:23:59,8,16,18,27.6,33,34.1,22.9,0,15
2026-08-15 04:28:59,7,14,15,27.5,32.9,34,23.2,0,15
2026-08-15 04:33:59,7,17,17,27.7,32.9,34.7,22.4,0,15
2026-08-15 04:39:00,7,16,17,27.8,32.6,34.9,22,0,15
2026-08-15 04:43:59,7,13,14,27.7,32.4,34.3,22.6,0,15
2026-08-15 04:48:59,7,14,15,27.8,32.8,34.6,22.6,0,15
2026-08-15 04:53:59,7,14,16,27.9,32.4,34.9,22.2,0,15
2026-08-15 04:58:59,6,12,13,27.9,32.5,35,21.9,0,15
2026-08-15 05:03:59,6,16,18,28,32.1,35.1,21.6,0,15
2026-08-15 05:08:59,6,15,15,28.1,31.9,35.1,21.4,0,15
2026-08-15 05:13:59,5,11,11,28,31.8,34.9,21.4,0,15
2026-08-15 05:18:59,5,12,13,28,32.1,34.7,22.3,0,15
2026-08-15 05:23:59,5,11,13,28,32.4,34.9,22.2,0,15
2026-08-15 05:29:00,6,11,11,28.1,32.2,35.1,21.9,0,15
2026-08-15 05:33:59,6,10,10,28.1,32.2,35.3,21.6,0,15
2026-08-15 05:39:00,5,12,17,28.1,32.2,35.1,21.7,0,15
2026-08-15 05:44:00,6,15,15,28,32,34.9,21.9,0,15
2026-08-15 05:48:59,8,17,18,28,32.3,,,,15
2026-08-15 05:53:59,7,18,18,28,32.5,34.7,22.5,0,15
2026-08-15 05:59:00,7,18,18,28,32.3,34.9,22.2,0,15
2026-08-15 06:03:59,8,17,17,28,32.2,35,22.1,0,15
2026-08-15 06:08:59,9,18,19,28,32.2,35.1,21.9,0,15
2026-08-15 06:13:59,9,20,20,28,32.2,35,21.7,0,15
2026-08-15 06:19:00,7,18,18,28,32,34.9,21.8,0,15
2026-08-15 06:23:59,8,17,18,27.9,32,,,,15
2026-08-15 06:28:59,6,16,18,28,32.2,34.7,22.3,0,15
2026-08-15 06:34:00,6,18,18,28.1,32.1,34.9,22.1,0,15
2026-08-15 06:38:59,7,16,19,28.1,32.2,35.1,21.9,0,15
2026-08-15 06:43:59,6,18,18,28,32.4,35,21.9,0,15
2026-08-15 06:49:00,7,20,20,28.1,32.2,35,21.8,0,15
2026-08-15 06:53:59,7,18,18,28,32,35,21.7,0,15
2026-08-15 06:58:59,9,20,20,28,31.8,34.9,21.7,0,15
2026-08-15 07:04:00,7,17,17,28,32.3,34.6,22.4,0,15
2026-08-15 07:08:59,4,12,12,27.9,32.2,34.7,22.3,0,15
2026-08-15 07:14:00,7,17,18,27.9,32.3,34.8,22.1,0,15
2026-08-15 07:19:00,7,18,18,27.9,32.1,34.8,21.8,0,15
2026-08-15 07:24:00,6,17,17,27.8,32.2,34.5,22.4,0,15
2026-08-15 07:28:59,4,11,12,27.9,32.3,34.8,22.2,0,15
2026-08-15 07:34:00,6,15,16,28,31.9,35,21.7,0,15
2026-08-15 07:39:00,7,14,14,28.1,32,35.1,21.7,0,15
2026-08-15 07:43:59,7,18,18,27.9,32.1,34.1,22.6,0,15
2026-08-15 07:49:00,5,13,14,27.9,32,34.6,22.3,0,15
2026-08-15 07:53:59,3,6,8,28,32.1,34.9,22.2,0,15
2026-08-15 07:59:00,5,9,11,28.1,31.8,35,21.6,0,15
2026-08-15 08:04:00,3,10,10,28.1,31.9,35.2,21.5,0,15
2026-08-15 08:09:00,4,8,8,28.1,31.8,35.1,21.4,0,15
2026-08-15 08:14:00,2,5,5,28,31.5,34.9,21.2,0,15
2026-08-15 08:19:00,2,9,9,28,31.4,34.8,21.3,0,15
2026-08-15 08:24:00,2,5,5,28,31.7,34.6,22,0,15
2026-08-15 08:29:00,1,5,5,28.1,31.8,34.9,21.9,0,15
2026-08-15 08:34:00,5,9,11,28.1,32,35,21.7,0,15
2026-08-15 08:39:00,7,13,14,28.1,31.7,35.2,21.4,0,15
2026-08-15 08:44:00,5,13,14,28.1,31.8,35,21.6,0,15
2026-08-15 08:49:00,6,19,20,28.1,31.8,,,,15
2026-08-15 08:54:00,5,12,15,28.1,32.2,34.8,22.3,0,15
2026-08-15 08:59:00,5,14,16,28.1,32.2,34.9,22.2,0,15
2026-08-15 09:04:00,5,14,16,28.2,32.2,35.1,22.1,0,15
2026-08-15 09:09:00,7,18,19,28.2,32.2,35.1,22.1,0,15
2026-08-15 09:14:00,8,22,22,28.2,32,35.3,21.9,0,15
2026-08-15 09:19:00,11,24,25,28.1,32.3,35.1,21.9,0,15
2026-08-15 09:24:00,12,25,25,28.1,32.2,35.1,21.8,0,15
2026-08-15 09:29:00,13,24,25,28.1,32,35,21.7,0,15
2026-08-15 09:34:00,12,25,25,28,32.1,,,,15
2026-08-15 09:39:00,10,22,23,28.1,32.2,34.9,22.1,0,15
2026-08-15 09:44:00,10,22,22,28.1,32.2,35,22,0,15
2026-08-15 09:49:00,9,24,24,28,32.2,35,21.8,0,15
2026-08-15 09:54:00,13,25,26,27.9,32.1,34.8,21.8,0,15
2026-08-15 09:59:00,13,25,26,27.9,32.1,34.9,21.7,0,15
2026-08-15 10:04:00,7,18,19,27.8,32.4,34.4,22.5,0,15
2026-08-15 10:09:00,6,9,11,27.8,32.4,34.6,22.3,0,15
2026-08-15 10:14:00,4,7,7,27.8,32.3,34.7,22.1,0,15
2026-08-15 10:19:00,4,5,5,27.8,32.4,34.8,22,0,15
2026-08-15 10:24:00,2,6,6,27.9,32.4,35,21.8,0,15
2026-08-15 10:29:00,1,3,3,27.8,32.2,34.5,22,0,15
2026-08-15 10:34:00,0,3,3,27.8,32.3,34.6,22.1,0,15
2026-08-15 10:39:00,0,1,1,27.8,32.3,34.6,22.2,0,15
2026-08-15 10:44:00,1,1,1,27.9,32.3,34.7,22.1,0,15
2026-08-15 10:49:00,0,0,1,27.9,32.3,34.9,21.9,0,15
2026-08-15 10:54:00,0,2,2,27.8,32.3,34.7,22,0,15
2026-08-15 10:59:01,0,3,3,27.8,32.1,34.8,21.9,0,15
2026-08-15 11:04:01,0,1,1,27.8,32,34.7,21.8,0,15
2026-08-15 11:09:01,0,0,0,27.5,32.6,33.7,23,0,15
2026-08-15 11:14:00,0,0,0,27.2,32.5,,,,15
2026-08-15 11:19:00,0,0,0,27.4,32.8,34.2,22.5,0,15
2026-08-15 11:24:00,0,0,0,27.6,32.7,34.7,22,0,15
2026-08-15 11:29:00,0,0,0,27.7,32.4,34.8,21.8,0,15
2026-08-15 11:34:01,0,0,0,27.7,32.4,34.6,21.8,0,15
2026-08-15 11:39:01,0,0,0,27.7,32.1,34.6,21.7,0,15
2026-08-15 11:44:01,0,0,0,27.6,32.2,34.6,21.6,0,15
2026-08-15 11:49:00,0,0,0,27.7,32.1,34.4,22,0,15
2026-08-15 11:54:00,0,0,0,27.5,32.4,34.2,22.3,0,15
2026-08-15 11:59:01,0,0,0,27.6,32,34.3,21.9,0,15
2026-08-15 12:04:00,0,0,0,27.5,31.8,34.4,21.6,0,15
2026-08-15 12:09:01,0,0,0,27.4,31.9,34.1,21.7,0,15
2026-08-15 12:14:00,0,0,0,27.4,31.8,,,,15
2026-08-15 12:19:00,0,0,0,27.4,32,34,22,0,15
2026-08-15 12:24:01,0,0,0,27.4,32,34.2,21.7,0,15
2026-08-15 12:29:01,0,0,0,27.5,31.6,34.3,21.5,0,15
2026-08-15 12:34:00,0,0,0,27.5,31.3,34.6,20.9,0,15
2026-08-15 12:39:00,0,0,0,27.5,31.2,34.6,20.8,0,15
2026-08-15 12:44:01,0,0,0,27.3,31,,,,15
2026-08-15 12:49:00,0,0,0,27.3,31.6,33.9,21.8,0,15
2026-08-15 12:54:01,0,0,0,27.4,31.5,34.1,21.4,0,15
2026-08-15 12:59:01,0,0,0,27.1,31.5,33.5,21.6,0,15
2026-08-15 13:04:00,0,0,0,26.9,32,33.2,22.2,0,15
2026-08-15 13:09:01,0,0,0,26.9,32.2,33.2,22.5,0,15
2026-08-15 13:14:01,0,0,0,27,32.2,33.9,21.9,0,15
2026-08-15 13:19:01,0,0,0,27.1,32,33.9,21.6,0,15
2026-08-15 13:24:01,0,0,0,27.1,31.8,33.8,21.6,0,15
2026-08-15 13:29:00,0,0,0,27.1,32.1,33.7,22.1,0,15
2026-08-15 13:34:01,0,0,0,27.3,32.1,34,22,0,15
2026-08-15 13:39:01,0,0,0,27.3,31.9,34.2,21.6,0,15
2026-08-15 13:44:01,0,0,0,27.4,31.7,34.2,21.5,0,15
2026-08-15 13:49:01,0,0,0,27.1,32.1,33.2,22.5,0,15
2026-08-15 13:54:01,0,0,0,27,32.2,33,22.7,0,15
2026-08-15 13:59:01,0,0,0,26.9,32.3,33,22.4,0,15
2026-08-15 14:04:01,0,0,0,27,32.3,33.7,22.1,0,15
2026-08-15 14:09:01,0,0,0,27.1,32.2,34.1,21.6,0,15
2026-08-15 14:14:01,0,0,0,27.3,32,34.6,21.2,0,15
2026-08-15 14:19:00,0,0,0,27.2,32,34.1,21.4,0,15
2026-08-15 14:24:01,0,0,0,27.2,31.8,,,,15
2026-08-15 14:29:01,0,0,0,27.2,31.9,33.7,22.1,0,15
2026-08-15 14:34:01,0,0,0,27,32.2,33.1,22.6,0,15
2026-08-15 14:39:01,0,0,0,27,32.4,33.8,22,0,15
2026-08-15 14:44:01,0,2,2,27,32.1,33.5,22,0,15
2026-08-15 14:49:01,0,0,0,27,32.3,33.6,22.3,0,15
2026-08-15 14:54:01,0,0,0,27.1,32.2,34,21.8,0,15
2026-08-15 14:59:01,0,0,0,27.2,32.2,34.1,21.8,0,15
2026-08-15 15:04:01,0,0,0,27.3,32.1,34.3,21.5,0,15
2026-08-15 15:09:01,0,0,0,27.2,32,34,21.5,0,15
2026-08-15 15:14:01,0,0,0,27.2,32.1,34,21.6,1,15
2026-08-15 15:19:01,0,0,0,27.2,32.1,33.8,22.1,0,15
2026-08-15 15:24:01,0,0,0,27.3,32,34.2,21.7,0,15
2026-08-15 15:29:01,0,0,0,27.3,31.8,34.2,21.5,0,15
2026-08-15 15:34:01,0,0,0,27.3,31.9,34.3,21.3,0,15
2026-08-15 15:39:01,0,0,0,27.4,31.6,34.2,21.4,0,15
2026-08-15 15:44:01,0,0,0,27.3,31.7,33.9,21.5,0,15
2026-08-15 15:49:01,0,0,0,27.2,31.4,33.8,21.6,0,15
2026-08-15 15:54:01,0,0,0,27.2,31.8,33.9,21.8,0,15
2026-08-15 15:59:01,0,0,0,27.3,32,34.1,21.5,0,15
2026-08-15 16:04:01,0,0,0,27.2,31.5,33.8,21.2,0,15
2026-08-15 16:09:01,0,0,0,27.2,31.5,33.7,21.8,0,15
2026-08-15 16:14:01,0,0,0,27.2,31.7,33.8,21.9,0,15
2026-08-15 16:19:01,0,0,0,27.1,31.6,33.8,21.6,0,15
2026-08-15 16:24:01,0,0,0,27.1,31.2,33.7,21.2,0,15
2026-08-15 16:29:01,0,0,0,27.1,31.2,33.7,21.2,0,15
2026-08-15 16:34:01,0,0,0,27,30.5,33.5,20.8,0,15
2026-08-15 16:39:01,0,0,0,26.7,31,32.7,21.7,0,15
2026-08-15 16:44:02,0,0,0,26.6,31.1,32.6,21.7,0,15
2026-08-15 16:49:01,0,0,0,26.5,31.3,32.7,21.7,0,15
2026-08-15 16:54:01,0,0,0,26.5,31,32.7,21.3,0,15
2026-08-15 16:59:01,0,0,0,26.3,31.2,32.5,21.4,0,15
2026-08-15 17:04:01,0,0,0,26.4,30.8,,,,15
2026-08-15 17:09:01,0,0,0,26.5,31.3,33.2,21.1,0,15
2026-08-15 17:14:01,0,0,0,26.5,30.8,33.2,20.9,0,15
2026-08-15 17:19:02,0,0,0,26.5,30.7,33.3,20.5,0,15
2026-08-15 17:24:01,0,0,0,26.7,30.7,,,,15
2026-08-15 17:29:01,0,0,0,26.7,30.8,33.3,20.8,0,15
2026-08-15 17:34:01,0,0,0,26.8,30.9,33.7,20.6,0,15
2026-08-15 17:39:01,0,0,0,26.8,30.3,33.4,20.2,0,15
2026-08-15 17:44:01,0,0,0,26.7,30.6,33.2,20.8,0,15
2026-08-15 17:49:01,0,0,0,26.7,30.6,33,20.8,0,15
2026-08-15 17:54:01,0,0,0,26.5,30.2,32.5,20.5,0,15
2026-08-15 17:59:01,0,0,0,26.2,30.1,31.6,21,0,15
2026-08-15 18:04:02,0,0,0,26,30.3,31.6,21.4,0,15
2026-08-15 18:09:02,0,0,0,26,30.6,32.1,21,0,15
2026-08-15 18:14:02,0,0,0,26.1,30.4,32.5,20.4,0,15
2026-08-15 18:19:01,0,0,0,26.1,29.8,32.5,19.9,0,15
2026-08-15 18:24:02,0,0,0,26,29.8,32.4,20.1,0,15
2026-08-15 18:29:01,0,0,0,26,29.8,32.5,20,0,15
2026-08-15 18:34:01,0,0,0,26.1,28.8,32.6,19,0,15
2026-08-15 18:39:02,0,0,0,25.9,28.6,32,19,0,15
2026-08-15 18:44:01,0,0,0,25.6,28.9,31.4,19.7,0,15
2026-08-15 18:49:03,0,0,0,25.5,28.8,31.6,19.6,0,15
2026-08-15 18:54:02,0,0,0,25.5,29,31.3,19.6,0,15
2026-08-15 18:59:01,0,0,0,25.1,29.1,30.4,20.6,0,15
2026-08-15 19:04:01,0,0,0,25,29.3,30.8,20.1,0,15
2026-08-15 19:09:01,0,0,0,24.9,29.4,30.6,20,0,15
2026-08-15 19:14:02,0,0,0,24.8,29.4,30.4,20.4,0,15
2026-08-15 19:19:02,0,0,0,24.7,29.6,30.6,20.1,0,15
2026-08-15 19:24:01,0,0,0,24.7,29.2,30,20.2,0,15
2026-08-15 19:29:02,0,0,0,24.6,29.4,30.3,20.2,0,15
2026-08-15 19:34:02,0,0,0,24.5,29.3,30,19.9,0,15
2026-08-15 19:39:02,0,0,0,24.4,29.6,30,20.3,0,15
2026-08-15 19:44:01,0,0,0,24.3,29.4,30,20.2,0,15
2026-08-15 19:49:02,0,0,0,24.3,29.5,30,20.1,0,15
2026-08-15 19:54:02,0,0,0,24.2,29.8,29.8,20.6,0,15
2026-08-15 19:59:02,0,0,0,24,29.8,30,20.4,0,15
2026-08-15 20:04:02,0,0,0,24.2,29.6,30.1,20,0,15
2026-08-15 20:09:02,0,0,0,24.2,29.9,30,20.5,0,15
2026-08-15 20:14:02,0,0,0,24.4,29.7,30.4,20,0,15
2026-08-15 20:19:02,0,0,0,24.4,29.7,29.8,20.8,0,15
2026-08-15 20:24:02,0,0,0,24.3,30,29.6,21,0,15
2026-08-15 20:29:02,0,0,0,24.2,29.9,29.4,20.9,0,15
2026-08-15 20:34:02,0,0,0,23.9,29.8,29.4,20.9,0,15
2026-08-15 20:39:02,0,0,0,23.9,30.1,29.2,21.2,0,15
2026-08-15 20:44:02,0,0,0,24,30.5,30,21,0,15
2026-08-15 20:49:02,0,0,0,24.1,30.3,29.8,21,0,15
2026-08-15 20:54:02,0,0,0,24.2,30.6,29.8,21.3,0,15
2026-08-15 20:59:02,0,0,0,24.3,30.3,29.8,21.1,0,15
2026-08-15 21:04:02,0,0,0,24.3,30.4,29.6,21.2,0,15
2026-08-15 21:09:02,0,0,0,24.4,29.6,30.1,20.3,0,15
2026-08-15 21:14:02,0,0,0,24.4,29.6,29.8,20.4,0,15
2026-08-15 21:19:02,0,0,0,24.5,29.7,30.4,20.3,0,15
2026-08-15 21:24:02,0,0,0,24.7,29.7,30.7,20,0,15
2026-08-15 21:29:02,0,0,0,24.9,29.9,30.8,20.6,0,15
2026-08-15 21:34:02,0,0,0,25.2,30,31.5,20.2,0,15
2026-08-15 21:39:02,0,0,0,25.3,28.8,31.5,19.1,0,15
2026-08-15 21:44:02,0,0,0,25.2,28.8,31,19.7,0,15
2026-08-15 21:49:02,0,0,0,25.4,29.1,31.6,19.6,0,15
2026-08-15 21:54:02,0,0,0,25.5,28.9,32,19.1,0,15
2026-08-15 21:59:02,0,0,0,25.5,29.2,31.4,19.9,0,15
2026-08-15 22:04:02,0,0,0,25.3,29.9,31,20.5,0,15
2026-08-15 22:09:02,0,0,0,25.3,29.9,31.2,20.7,0,15
2026-08-15 22:14:02,0,0,0,25.2,30.1,30.8,21,0,15
2026-08-15 22:19:02,0,0,0,25.2,30.2,31,20.9,0,15
2026-08-15 22:24:03,0,0,0,25.2,30.1,31,20.5,0,15
2026-08-15 22:29:02,0,0,0,25.1,30,31.1,20.6,0,15
2026-08-15 22:34:02,0,0,0,25.4,29.7,31.8,19.7,0,15
2026-08-15 22:39:02,0,0,0,25.5,29.7,31.8,20,0,15
2026-08-15 22:44:02,0,0,0,25.7,29.7,32.1,19.7,0,15
2026-08-15 22:49:02,0,0,0,25.8,29.1,32.3,19.4,0,15
2026-08-15 22:54:02,0,0,0,25.8,29.2,32.3,19.3,0,15
2026-08-15 22:59:02,0,0,0,25.8,29.2,31.9,19.8,0,15
2026-08-15 23:04:02,0,0,0,25.8,29.3,32.3,19.5,0,15
2026-08-15 23:09:02,0,0,0,25.6,29.1,31.7,19.5,0,15
2026-08-15 23:14:02,0,0,0,25.4,29.3,31.1,19.9,0,15
2026-08-15 23:19:02,0,0,0,25.3,29.5,31.1,20.1,0,15
2026-08-15 23:24:02,0,0,0,25.1,29.2,31,20,0,15
2026-08-15 23:29:02,0,0,0,25.1,29.5,31,20,0,15
2026-08-15 23:34:02,0,0,0,25.2,29.8,31.5,19.9,0,15
2026-08-15 23:39:02,0,0,0,25.4,29.4,31.9,19.3,0,15
2026-08-15 23:44:02,0,0,0,25.4,28.8,,,,15
2026-08-15 23:49:02,0,0,0,25.6,29.2,32,19.5,0,15
2026-08-15 23:54:02,0,0,0,25.6,28.7,32.1,19.1,0,15
2026-08-15 23:59:03,0,0,0,25.6,28.7,31.9,19.2,0,15
2026-08-16 00:04:02,0,0,0,25.7,28.9,31.9,19.5,0,15
2026-08-16 00:09:02,0,0,0,25.7,28.9,32.2,19.1,0,15
2026-08-16 00:14:03,0,0,0,25.8,28.6,32.5,18.6,0,15
2026-08-16 00:19:02,0,0,0,25.7,28.8,31.9,19.3,0,15
2026-08-16 00:24:02,0,0,0,25.9,28.9,32.4,19.1,0,15
2026-08-16 00:29:02,0,0,0,25.8,28.9,32.1,19.2,0,15
2026-08-16 00:34:02,0,0,0,25.9,28.7,32.3,19.2,0,15
2026-08-16 00:39:02,0,0,0,25.9,28.7,32.4,19.1,0,15
2026-08-16 00:44:03,0,0,0,25.9,28.6,32.4,19,0,15
2026-08-16 00:49:02,0,0,0,25.8,28.7,32,19.2,0,15
2026-08-16 00:54:02,0,0,0,25.7,29.1,31.9,19.4,0,15
2026-08-16 00:59:03,0,0,0,25.8,28.8,32.2,19.1,0,15
2026-08-16 01:04:03,0,0,0,25.7,28.6,31.9,19,0,15
2026-08-16 01:09:02,0,0,0,25.5,28.6,31.5,19.3,0,15
2026-08-16 01:14:02,0,0,0,25.3,28.7,31.1,19.7,0,15
2026-08-16 01:19:03,0,0,0,25.2,29.3,31.3,19.8,0,15
2026-08-16 01:24:02,0,0,0,25.2,29.4,31.3,19.9,0,15
2026-08-16 01:29:02,0,0,0,25.3,29.3,31.8,19.2,0,15
2026-08-16 01:34:02,0,0,0,25.4,28.9,,,,15
2026-08-16 01:39:02,0,0,0,25.5,29.1,32,19.2,0,15
2026-08-16 01:44:03,0,0,0,25.5,28.8,32,19,0,15
2026-08-16 01:49:02,0,0,0,25.6,28.6,,,,15
2026-08-16 01:54:02,0,0,0,25.6,28.6,31.8,19,0,15
2026-08-16 01:59:03,0,0,0,25.6,28.6,32,18.9,0,15
2026-08-16 02:04:03,0,0,0,25.5,28.5,31.6,19.2,0,15
2026-08-16 02:09:03,0,0,0,25.6,28.6,31.9,18.9,0,15
2026-08-16 02:14:02,0,0,0,25.6,28.4,32.1,18.7,0,15
2026-08-16 02:19:03,0,0,0,25.6,28.4,,,,15
2026-08-16 02:24:03,0,0,0,25.7,28.2,32.3,18.7,0,15
2026-08-16 02:29:03,0,0,0,25.5,28.3,,,,15
2026-08-16 02:34:03,0,0,0,25.3,28.7,31,19.8,0,15
2026-08-16 02:39:03,0,0,0,25.4,28.7,31.7,19,0,15
2026-08-16 02:44:03,0,0,0,25.4,28.6,31.8,18.9,0,15
2026-08-16 02:49:03,0,0,0,25.4,28.7,31.7,19.3,0,15
2026-08-16 02:54:03,0,0,0,25.5,28.6,32.1,18.9,0,15
2026-08-16 02:59:03,0,0,0,25.6,28.4,32.3,18.6,0,15
2026-08-16 03:04:03,0,0,0,25.6,28.5,32,18.5,0,15
2026-08-16 03:09:03,0,0,0,25.5,28.1,,,,15
2026-08-16 03:14:03,0,0,0,25.5,28.6,31.7,19,0,15
2026-08-16 03:19:04,0,0,0,25.5,28.3,31.8,18.8,0,15
2026-08-16 03:24:03,0,0,0,25.5,28,31.8,18.5,0,15
2026-08-16 03:29:03,0,0,0,25.5,28.4,31.8,18.9,0,15
2026-08-16 03:34:03,0,0,0,25.5,28.1,32,18.6,0,15
2026-08-16 03:39:03,0,0,0,25.5,28.2,32,18.4,0,15
2026-08-16 03:44:03,0,0,0,25.5,28.4,31.9,18.7,0,15
2026-08-16 03:49:03,0,0,0,25.5,28,31.9,18.7,0,15
2026-08-16 03:54:03,0,0,0,25.5,28,32,18.4,0,15
2026-08-16 03:59:03,0,0,0,25.5,27.9,,,,15
2026-08-16 04:04:03,0,0,0,25.5,28.3,31.7,18.7,0,15
2026-08-16 04:09:03,0,0,0,25.4,28.1,31.6,18.6,0,15
2026-08-16 04:14:03,0,0,0,25.3,27.9,31.4,18.8,0,15
2026-08-16 04:19:03,0,0,0,25.4,28.2,31.7,18.7,0,15
2026-08-16 04:24:03,0,0,0,25.3,28.1,31.8,18.5,0,15
2026-08-16 04:29:03,0,0,0,25.2,27.7,31.6,18.4,0,15
2026-08-16 04:34:03,0,0,0,25.3,28,31.5,18.7,0,15
2026-08-16 04:39:03,0,0,0,25.3,28.2,31.7,18.6,0,15
2026-08-16 04:44:04,0,0,0,25.2,28.3,31.5,18.5,0,15
2026-08-16 04:49:03,0,0,0,25.1,28.4,31.3,18.8,0,15
2026-08-16 04:54:03,0,0,0,25.1,28.2,31.5,18.6,0,15
2026-08-16 04:59:03,0,0,0,25.1,28,31.4,18.5,0,15
2026-08-16 05:04:03,0,0,0,25.1,28.2,31.4,18.8,0,15
2026-08-16 05:09:03,0,0,0,25.2,28,31.5,18.6,0,15
2026-08-16 05:14:04,0,0,0,25.1,27.7,31.4,18.3,0,15
2026-08-16 05:19:03,0,0,0,25.1,28.4,31.4,18.8,0,15
2026-08-16 05:24:03,0,0,0,25.1,28.1,31.4,18.5,0,15
2026-08-16 05:29:03,0,0,0,24.8,28.2,30.6,19.1,0,15
2026-08-16 05:34:03,0,0,0,24.6,28.6,30.5,19.4,0,15
2026-08-16 05:39:03,0,0,0,24.7,28.8,30.8,19.3,0,15
2026-08-16 05:44:03,0,0,0,24.8,28.6,31.3,18.6,0,15
2026-08-16 05:49:03,0,0,0,24.8,28.3,31,18.9,0,15
2026-08-16 05:54:03,0,0,0,24.9,28.4,31.1,18.7,0,15
2026-08-16 05:59:03,0,0,0,24.9,28.2,31.2,18.4,0,15
2026-08-16 06:04:03,0,0,0,25,28,31,18.8,0,15
2026-08-16 06:09:03,0,0,0,25,28,31.3,18.6,0,15
2026-08-16 06:14:03,0,0,0,24.8,28.1,30.4,19.2,0,15
2026-08-16 06:19:03,0,0,0,24.7,28.2,30.3,19.3,0,15
2026-08-16 06:24:03,0,0,0,24.6,28.5,30.2,19.4,0,15
2026-08-16 06:29:03,0,0,0,24.5,28.4,30.2,19.3,0,15
2026-08-16 06:34:04,0,0,0,24.5,28.9,30.5,19.4,0,15
2026-08-16 06:39:03,0,0,0,24.8,28.6,31.1,18.7,0,15
2026-08-16 06:44:03,0,0,0,24.8,28.4,,,,15
2026-08-16 06:49:03,0,0,0,24.9,28.5,31.3,18.7,0,15
2026-08-16 06:54:03,0,0,0,25,28.2,31.5,18.5,0,15
2026-08-16 06:59:04,0,0,0,25,28.2,31.4,18.3,0,15
2026-08-16 07:04:03,0,0,0,25.1,28.2,31.3,18.6,0,15
2026-08-16 07:09:03,0,0,0,25,28.2,31.3,18.7,0,15
2026-08-16 07:14:03,0,0,0,25,28,31.3,18.4,0,15
2026-08-16 07:19:03,0,0,0,25,28.4,31.1,19,0,15
2026-08-16 07:24:03,0,0,0,25,28.2,31.5,18.5,0,15
2026-08-16 07:29:03,0,0,0,25,28,31.2,18.4,0,15
2026-08-16 07:34:03,0,0,0,24.9,28.4,31.1,19,0,15
2026-08-16 07:39:03,0,0,0,25,28.4,31.4,18.6,0,15
2026-08-16 07:44:03,0,0,0,24.9,28,30.8,18.9,0,15
2026-08-16 07:49:04,0,0,0,24.6,28.5,30.2,19.5,0,15
2026-08-16 07:54:04,0,0,0,24.5,29.1,30.4,19.4,0,15
2026-08-16 07:59:04,0,0,0,24.7,29.2,30.8,19.5,0,15
2026-08-16 08:04:03,0,0,0,24.8,28.6,31.4,18.7,0,15
2026-08-16 08:09:04,0,0,0,24.9,28.4,31.3,18.9,0,15
2026-08-16 08:14:03,0,0,0,24.9,28.8,31.1,19.2,0,15
2026-08-16 08:19:04,0,0,0,24.8,28.7,30.7,19.4,0,15
2026-08-16 08:24:03,0,0,0,24.7,29,30.6,19.6,0,15
2026-08-16 08:29:04,0,0,0,24.7,28.9,30.6,19.7,0,15
2026-08-16 08:34:04,0,0,0,24.7,29.2,30.5,19.6,0,15
2026-08-16 08:39:04,0,0,0,24.6,29.4,30.3,20,0,15
2026-08-16 08:44:04,0,0,0,24.8,29.6,31,19.9,0,15
2026-08-16 08:49:04,0,0,0,24.8,29.3,,,,15
2026-08-16 08:54:04,0,0,0,24.8,29.2,30.7,19.7,0,15
2026-08-16 08:59:04,0,0,0,24.8,29.5,30.6,20,0,15
2026-08-16 09:04:04,0,0,0,24.9,29.7,31,20,0,15
2026-08-16 09:09:04,0,0,0,25.1,29.1,31.3,19.3,0,15
2026-08-16 09:14:04,0,0,0,25.2,29.1,31.4,19.7,0,15
2026-08-16 09:19:04,0,0,0,25.5,29.1,31.9,19.2,0,15
2026-08-16 09:24:04,0,0,0,25.5,28.5,31.9,19,0,15
2026-08-16 09:29:03,0,0,0,25.6,28.6,31.8,19,0,15
2026-08-16 09:34:04,0,0,0,25.6,28.8,31.7,19.2,0,15
2026-08-16 09:39:04,0,0,0,25.7,28.5,32.2,18.9,0,15
2026-08-16 09:44:03,0,0,0,25.9,27.9,32.3,18.3,0,15
2026-08-16 09:49:04,0,0,0,25.9,28.5,32,19.1,0,15
2026-08-16 09:54:04,0,0,0,26,28.5,32.3,18.8,0,15
2026-08-16 09:59:04,0,0,0,26.1,28.3,32.5,18.7,0,15
2026-08-16 10:04:04,0,0,0,26.2,28.2,32.8,18.5,0,15
2026-08-16 10:09:04,0,0,0,26.2,28.2,32.5,18.6,0,15
2026-08-16 10:14:04,0,0,0,26.3,28.6,32.4,19.2,0,15
2026-08-16 10:19:04,0,0,0,26.4,28.6,33,18.9,0,15
2026-08-16 10:24:04,0,0,0,26.5,28.5,33.1,18.6,0,15
2026-08-16 10:29:04,0,0,0,26.6,28.2,33.4,18.2,0,15
2026-08-16 10:34:04,0,0,0,26.7,27.8,,,,15
2026-08-16 10:39:05,0,0,0,26.8,27.5,33.4,18,0,15
2026-08-16 10:44:04,0,0,0,26.9,27.7,33.4,18.3,0,15
2026-08-16 10:49:04,0,0,0,27,27.6,33.6,18.2,0,15
2026-08-16 10:54:04,0,0,0,26.9,27.7,33.6,18.1,0,15
2026-08-16 10:59:04,0,0,0,26.9,27.7,33.3,18.4,0,15
2026-08-16 11:04:05,0,0,0,26.9,28.6,33.2,19.3,0,15
2026-08-16 11:09:04,0,0,0,27,28.4,33.6,18.8,0,15
2026-08-16 11:14:04,0,0,0,27.1,28.4,33.6,18.7,0,15
2026-08-16 11:19:04,0,0,0,26.9,28.2,33,19.2,0,15
2026-08-16 11:24:04,0,0,0,26.8,28.9,33.1,19.2,0,15
2026-08-16 11:29:04,0,0,0,26.8,28.8,33.3,19.3,0,15
2026-08-16 11:34:04,0,0,1,26.8,28.9,33,19.4,0,15
2026-08-16 11:39:04,0,0,0,26.8,29,33.1,19.6,0,15
2026-08-16 11:44:05,0,0,0,27.1,28.6,34.1,18.5,0,15
2026-08-16 11:49:04,0,0,0,27.2,28.7,33.8,18.9,0,15
2026-08-16 11:54:04,0,0,0,27.4,28.7,34.1,18.8,0,15
2026-08-16 11:59:05,0,0,0,27.5,28.2,34.4,18.7,0,15
2026-08-16 12:04:04,0,0,0,27.6,28.9,34.4,19,0,15
2026-08-16 12:09:05,0,0,0,27.3,28.6,33.3,19.4,0,15
2026-08-16 12:14:04,0,5,5,25.4,30.3,27.5,25,0,15
2026-08-16 12:19:04,5,7,8,22.9,32.8,,,,15
2026-08-16 12:24:04,0,5,5,24.1,33.9,29.8,24.4,0,15
2026-08-16 12:29:05,1,3,3,25.4,32.2,32.4,21.8,0,15
2026-08-16 12:34:05,5,7,7,26.2,31.2,33,21,0,15
2026-08-16 12:39:04,3,5,6,26.6,30.9,33.3,20.6,0,15
2026-08-16 12:44:04,5,7,8,26.9,30.9,33.5,20.9,0,15
2026-08-16 12:49:05,7,15,15,27.1,30.6,33.6,20.5,0,15
2026-08-16 12:54:05,5,11,13,27.3,30.6,34,20.6,0,15
2026-08-16 12:59:04,7,14,15,27.3,30.2,,,,15
2026-08-16 13:04:04,7,14,16,27.4,30.3,34.1,20.5,0,15
2026-08-16 13:09:05,8,15,20,27.5,29.9,34.1,20.2,0,15
2026-08-16 13:14:05,5,11,12,27.6,29.8,34.1,20.2,0,15
2026-08-16 13:19:04,6,16,18,27.6,30,34,20.2,0,15
2026-08-16 13:24:04,4,13,16,27.7,30.1,34.3,20.2,0,15
2026-08-16 13:29:05,6,16,18,27.7,30.2,34.1,20.3,0,15
2026-08-16 13:34:05,15,25,25,26,31.1,28.7,25.2,0,15
2026-08-16 13:39:05,19,28,29,23.6,33.3,24.2,31,0,15
2026-08-16 13:44:05,19,30,31,21.7,36.2,21.7,35.2,0,15
2026-08-16 13:49:05,19,27,27,20.4,38.8,20.3,38.4,0,15
2026-08-16 13:54:05,20,30,30,19.5,40.6,19.4,40.4,0,15
2026-08-16 13:59:05,19,28,29,18.9,41.6,18.9,41.4,0,15
2026-08-16 14:04:05,14,26,26,18.5,43.1,18.7,42.7,0,15
2026-08-16 14:09:05,13,28,28,18.3,43.7,18.6,42.9,0,15
2026-08-16 14:14:05,8,22,24,18.2,44.2,18.6,42.9,0,15
2026-08-16 14:19:05,7,18,21,18.2,43.9,18.8,42.2,0,15
2026-08-16 14:24:05,7,15,18,18.2,43.9,18.9,42,0,15
2026-08-16 14:29:05,7,15,17,18.2,44,19,41.9,0,15
2026-08-16 14:34:05,7,20,21,18.2,43.7,19,41.6,0,15
2026-08-16 14:39:05,6,17,20,18.2,43.9,18.9,41.7,0,15
2026-08-16 14:44:05,6,13,15,18.1,44,18.8,42,0,15
2026-08-16 14:49:04,6,16,17,18,44,18.6,42.1,0,15
2026-08-16 14:54:05,6,13,15,17.9,43.7,18.5,41.5,0,15
2026-08-16 14:59:05,7,18,21,17.7,43.9,18.3,42.1,0,15
2026-08-16 15:04:05,6,16,17,17.5,44.4,18.1,42.5,0,15
2026-08-16 15:09:06,5,8,10,18.2,46.3,20.9,40.5,0,15
2026-08-16 15:14:05,3,8,8,21,42.6,29,28.4,0,15
2026-08-16 15:19:05,4,7,7,23.4,38.1,31.9,24.1,0,15
2026-08-16 15:24:05,4,8,8,25.2,34.4,33.4,21.6,0,15
2026-08-16 15:29:05,3,8,8,26.2,32.7,33.8,21,0,15
2026-08-16 15:34:05,4,8,8,26.9,31.5,34.3,20.6,0,15
2026-08-16 15:39:05,2,5,6,27.6,31.1,35.2,20,0,15
2026-08-16 15:44:05,3,6,7,28.1,30,35.6,19.4,0,15
2026-08-16 15:49:05,3,8,8,28.4,29.5,35.8,19,0,15
2026-08-16 15:54:05,4,8,9,28.6,29.2,36,19,0,15
2026-08-16 15:59:05,3,6,6,28.8,29,36,18.6,0,15
2026-08-16 16:04:05,3,6,6,28.9,28.9,36,18.7,0,15
2026-08-16 16:09:05,4,7,7,28.8,28.6,35.7,18.6,0,15
2026-08-16 16:14:05,4,9,12,28.7,28.2,35.6,18.2,0,15
2026-08-16 16:19:05,4,6,7,28.6,28.2,35.5,18.6,0,15
2026-08-16 16:24:05,1,5,6,28.5,28,35.2,18.4,0,15
2026-08-16 16:29:05,2,7,7,28.4,28,35.5,18.2,0,15
2026-08-16 16:34:05,1,7,7,28.4,27.9,35.2,18.1,0,15
2026-08-16 16:39:05,2,6,6,28.3,28,35,18.5,0,15
2026-08-16 16:44:05,2,6,6,28.2,27.8,34.9,18.4,0,15
2026-08-16 16:49:05,3,5,6,28.2,28,35,18.3,0,15
2026-08-16 16:54:05,3,5,5,28.3,27.6,35.3,18.1,0,15
2026-08-16 16:59:05,2,4,5,28.5,27.6,35.6,18,0,15
2026-08-16 17:04:05,1,4,4,28.7,27.3,36.1,17.5,0,15
2026-08-16 17:09:05,2,5,5,28.7,27.5,35.9,17.8,0,15
2026-08-16 17:14:05,4,7,7,28.7,27.3,35.9,17.5,0,15
2026-08-16 17:19:05,6,12,13,28.6,27.9,35.9,18.2,0,15
2026-08-16 17:24:05,4,10,11,28.6,28.2,36.1,18,0,15
2026-08-16 17:29:05,4,11,11,28.6,28.3,35.8,18.2,0,15
2026-08-16 17:34:05,2,8,8,28.6,28.2,36,18,0,15
2026-08-16 17:39:06,4,8,9,28.5,28.2,35.6,18.1,0,15
2026-08-16 17:44:05,3,5,5,28.5,28,35.6,17.9,0,15
2026-08-16 17:49:06,3,6,6,28.3,28.4,35.2,18.8,0,15
2026-08-16 17:54:05,2,5,5,28.4,28.4,35.4,18.6,0,15
2026-08-16 17:59:05,2,6,6,28.4,28.4,35.3,18.4,0,15
2026-08-16 18:04:06,4,6,6,28.2,28.4,35.3,18.4,0,15
2026-08-16 18:09:05,1,6,6,28.2,28.5,35.2,18.3,0,15
2026-08-16 18:14:05,3,7,7,28.2,28.1,35.3,18.3,0,15
2026-08-16 18:19:05,2,7,7,28,28.1,34.8,18.5,0,15
2026-08-16 18:24:05,4,8,8,28,28.3,35,18.5,0,15
2026-08-16 18:29:05,4,7,8,28.1,28.2,34.9,18.6,0,15
2026-08-16 18:34:06,1,3,4,28.1,28,35,18.4,0,15
2026-08-16 18:39:06,2,6,6,28.1,28.1,35,18.4,0,15
2026-08-16 18:44:05,2,3,3,28,27.7,35.2,17.9,0,15
2026-08-16 18:49:05,1,5,6,28.1,28.1,35.3,17.8,0,15
2026-08-16 18:54:05,2,4,4,28.1,27.6,35.5,17.7,0,15
2026-08-16 18:59:06,0,4,5,28,27.8,35.3,17.7,0,15
2026-08-16 19:04:05,1,4,4,28,27.9,35.1,17.9,0,15
2026-08-16 19:09:06,2,4,5,27.9,27.7,,,,15
2026-08-16 19:14:06,1,5,5,27.8,28.1,34.5,18.5,0,15
2026-08-16 19:19:06,3,5,6,27.8,28.3,34.7,18.5,0,15
2026-08-16 19:24:06,4,8,8,27.7,28.4,34.5,18.7,0,15
2026-08-16 19:29:06,4,7,7,27.8,28.6,34.7,18.4,0,15
2026-08-16 19:34:06,5,8,8,27.7,28.3,,,,15
2026-08-16 19:39:05,5,9,9,27.8,28.3,,,,15
2026-08-16 19:44:06,2,6,6,27.7,28.5,34.3,19,0,15
2026-08-16 19:49:06,2,5,5,27.8,28.6,34.7,18.7,0,15
2026-08-16 19:54:06,5,11,11,27.8,28.6,34.8,18.6,0,15
2026-08-16 19:59:06,4,6,6,27.8,28.7,34.8,18.5,0,15
2026-08-16 20:04:06,6,12,12,27.8,28.4,34.7,18.4,0,15
2026-08-16 20:09:06,4,7,8,27.8,28.5,34.7,18.4,0,15
2026-08-16 20:14:06,6,9,12,27.6,28.5,,,,15
2026-08-16 20:19:06,4,8,10,27.6,28.9,34.1,19.2,0,15
2026-08-16 20:24:06,4,8,8,27.6,28.7,34.6,18.8,0,15
2026-08-16 20:29:06,3,10,10,27.5,28.8,34.5,18.7,0,15
2026-08-16 20:34:06,3,8,10,27.5,28.6,34.4,18.8,0,15
2026-08-16 20:39:05,3,6,6,27.5,29,34.1,19.2,0,15
2026-08-16 20:44:06,5,7,9,27.5,28.7,34.4,18.9,0,15
2026-08-16 20:49:06,4,9,9,27.5,28.6,34.6,18.8,0,15
2026-08-16 20:54:06,4,7,7,27.6,28.8,34.4,18.7,0,15
2026-08-16 20:59:06,6,12,14,27.5,28.8,34.3,18.8,0,15
2026-08-16 21:04:06,5,8,8,27.5,28.5,34.5,18.6,0,15
2026-08-16 21:09:06,3,9,11,27.4,28.7,34,19.2,0,15
2026-08-16 21:14:06,4,7,7,27.4,28.9,34.1,19.2,0,15
2026-08-16 21:19:06,3,8,8,27.5,29.1,34.2,19.2,0,15
2026-08-16 21:24:06,3,8,10,27.5,28.7,34.4,18.8,0,15
2026-08-16 21:29:06,5,11,11,27.4,28.7,34.1,18.9,0,15
2026-08-16 21:34:06,5,13,15,27.4,28.6,34,18.9,0,15
2026-08-16 21:39:06,6,12,13,27.4,28.7,34,19.2,0,15
2026-08-16 21:44:06,4,7,10,27.4,29.1,34.2,19.1,0,15
2026-08-16 21:49:06,5,7,8,27.3,28.9,34.2,19.3,0,15
2026-08-16 21:54:07,6,11,11,27.4,29,34.4,19.1,0,15
2026-08-16 21:59:06,4,8,10,27.5,29,34.5,18.9,0,15
2026-08-16 22:04:06,6,12,12,27.4,28.7,34.5,18.7,0,15
2026-08-16 22:09:06,5,16,17,27.3,28.7,33.8,19.1,0,15
2026-08-16 22:14:06,4,11,13,27.3,29.2,33.7,19.8,0,15
2026-08-16 22:19:06,5,11,12,27.3,29.2,34,19.4,0,15
2026-08-16 22:24:06,3,12,15,27.3,29.3,34.1,19.2,0,15
2026-08-16 22:29:06,5,15,16,27.3,29.2,34,19.2,0,15
2026-08-16 22:34:06,4,10,10,27.3,28.9,33.9,19.2,0,15
2026-08-16 22:39:06,7,16,16,27.3,29.1,,,,15
2026-08-16 22:44:06,5,14,15,27.4,29,34,19.4,0,15
2026-08-16 22:49:06,5,9,14,27.4,29.2,34,19.5,0,15
2026-08-16 22:54:06,6,14,15,27.3,29.2,34,19.4,0,15
2026-08-16 22:59:06,1,5,5,27.3,28.3,34.2,18.4,0,15
2026-08-16 23:04:06,0,0,0,27.4,27.5,33.8,18,0,15
2026-08-16 23:09:06,0,0,0,27.1,27.7,33,18.7,0,15
2026-08-16 23:14:06,0,0,0,26.9,27.2,32.8,18.5,0,15
2026-08-16 23:19:06,0,0,0,27,26.8,33.7,17.6,0,15
2026-08-16 23:24:06,0,0,0,27.1,26.9,33.7,17.4,0,15
2026-08-16 23:29:06,0,0,0,27.2,26.5,33.8,16.9,0,15
2026-08-16 23:34:06,0,0,0,27.1,26.8,33.4,17.7,0,15
2026-08-16 23:39:06,0,0,0,26.9,26.3,33.2,17.2,0,15
2026-08-16 23:44:07,0,0,0,27,26.2,33.3,16.8,0,15
2026-08-16 23:49:06,0,0,0,27.1,26.3,33.6,17.1,0,15
2026-08-16 23:54:07,0,0,0,27.3,26,34.1,16.6,0,15
2026-08-16 23:59:07,0,0,0,27.2,25.6,33.8,16.5,0,15
2026-08-17 00:04:06,0,0,0,27.2,25.7,33.3,17.1,0,15
2026-08-17 00:09:06,0,0,0,27,25.9,33.3,16.8,0,15
2026-08-17 00:14:06,0,0,0,27,25.8,33.4,16.9,0,15
2026-08-17 00:19:07,0,0,0,27.3,25.3,33.9,16.3,0,15
2026-08-17 00:24:07,0,0,0,27.4,24.9,34,15.6,0,15
2026-08-17 00:29:06,0,0,0,27.5,24.7,34.3,15.6,0,15
2026-08-17 00:34:07,0,0,0,27.3,25,33.5,16.1,0,15
2026-08-17 00:39:07,0,0,0,27.1,25.4,33.3,16.3,0,15
2026-08-17 00:44:06,0,0,0,27.2,25.1,33.3,16.4,0,15
2026-08-17 00:49:07,6,16,16,27.1,27.1,33.3,18.1,0,15
2026-08-17 00:54:06,8,22,22,27.3,28,33.9,18.5,0,15
2026-08-17 00:59:07,8,18,19,27.6,28.1,34.6,18.1,0,15
2026-08-17 01:04:06,12,22,23,27.6,28,34.6,18.1,0,15
2026-08-17 01:09:06,8,20,22,27.6,28.1,34.3,18.2,0,15
2026-08-17 01:14:07,11,22,23,27.5,28.2,34.3,18.2,0,15
2026-08-17 01:19:07,9,24,24,27.5,28.4,34.1,18.9,0,15
2026-08-17 01:24:07,7,18,18,27.5,28.3,34.2,18.6,0,15
2026-08-17 01:29:06,7,18,18,27.5,28.5,34.4,18.5,0,15
2026-08-17 01:34:07,11,19,20,27.4,28.3,34.3,18.4,0,15
2026-08-17 01:39:07,8,18,19,27.4,28.4,34.3,18.3,0,15
2026-08-17 01:44:07,8,20,23,27.3,28.2,34,18.3,0,15
2026-08-17 01:49:07,8,20,22,27.2,28.4,33.9,18.7,0,15
2026-08-17 01:54:07,7,17,18,27.2,28.3,34,18.6,0,15
2026-08-17 01:59:07,6,17,18,27.3,28.3,34.1,18.5,0,15
2026-08-17 02:04:07,7,19,19,27.2,28.5,34,18.5,0,15
2026-08-17 02:09:07,7,16,17,27.1,28.4,33.7,18.5,0,15
2026-08-17 02:14:07,5,11,13,27,28.7,33.7,18.7,0,15
2026-08-17 02:19:07,6,13,13,27,28.6,33.8,18.5,0,15
2026-08-17 02:24:07,10,21,22,27.2,28.5,34.2,18.2,0,15
2026-08-17 02:29:07,6,18,18,27.1,28.7,33.7,19.1,0,15
2026-08-17 02:34:07,7,17,18,27.2,28.9,34,18.8,0,15
2026-08-17 02:39:07,8,19,22,27,28.8,33.3,19.1,0,15
2026-08-17 02:44:07,8,19,22,26.7,29.2,32.8,19.8,0,15
2026-08-17 02:49:07,8,23,23,26.7,29.3,,,,15
2026-08-17 02:54:07,6,19,19,26.7,29.6,33.3,19.8,0,15
2026-08-17 02:59:07,7,21,22,26.8,29.5,33.5,19.5,0,15
2026-08-17 03:04:07,8,22,22,26.9,29.5,33.7,19.3,0,15
2026-08-17 03:09:07,8,19,19,27,29.1,34,19.1,0,15
2026-08-17 03:14:07,7,18,18,26.9,29.4,33.2,19.8,0,15
2026-08-17 03:19:07,7,15,17,26.9,29.8,33.5,19.9,0,15
2026-08-17 03:24:07,3,6,6,26.9,29.2,33.7,19.2,0,15
2026-08-17 03:29:07,1,4,4,26.9,29,33.6,19.1,0,15
2026-08-17 03:34:07,0,1,1,26.9,29,,,,15
2026-08-17 03:39:07,0,1,2,26.9,29.2,33.4,19.4,0,15
2026-08-17 03:44:07,4,8,8,27,29.3,33.5,19.5,0,15
2026-08-17 03:49:07,6,9,13,27,29.8,33.8,19.5,0,15
2026-08-17 03:54:07,7,14,14,27,29.6,33.7,19.6,0,15
2026-08-17 03:59:07,9,19,19,26.9,29.9,33.4,20.2,0,15
2026-08-17 04:04:07,6,16,18,26.9,30.1,33.5,20.1,0,15
2026-08-17 04:09:07,6,15,18,26.9,29.9,33.7,19.9,0,15
2026-08-17 04:14:07,6,21,21,26.9,30,33.6,19.9,0,15
2026-08-17 04:19:07,11,25,26,26.8,30,33.1,20.4,0,15
2026-08-17 04:24:07,7,17,19,26.8,30.2,33.3,20.3,0,15
2026-08-17 04:29:07,8,19,19,26.7,30.3,33.5,20.2,0,15
2026-08-17 04:34:08,10,22,22,26.7,30.1,33.6,19.9,0,15
2026-08-17 04:39:07,10,19,22,26.7,30,33.3,19.9,0,15
2026-08-17 04:44:07,10,22,22,26.6,30.3,33.2,20.4,0,15
2026-08-17 04:49:07,9,18,20,26.7,30.3,33.3,20.3,0,15
2026-08-17 04:54:07,5,15,15,26.7,30.4,33.6,20.1,0,15
2026-08-17 04:59:08,5,18,18,26.7,30.3,33.6,19.9,0,15
2026-08-17 05:04:07,5,13,13,26.6,30.3,33.4,20,0,15
2026-08-17 05:09:07,3,7,8,26.6,30.2,33.3,19.9,0,15
2026-08-17 05:14:08,0,0,0,26.7,29.6,33.1,19.8,0,15
2026-08-17 05:19:08,0,0,0,26.5,29.2,32.9,19.5,0,15
2026-08-17 05:24:07,0,0,0,26.1,29.4,,,,15
2026-08-17 05:29:07,0,0,0,25.8,29.7,31.5,20.6,0,15
2026-08-17 05:34:08,0,0,0,25.8,30,31.8,20.5,0,15
2026-08-17 05:39:08,0,0,0,25.8,29.6,31.5,20.4,0,15
2026-08-17 05:44:07,0,0,0,25.6,29.7,31.1,20.8,0,15
2026-08-17 05:49:08,0,0,0,25.5,29.5,30.9,20.8,0,15
2026-08-17 05:54:08,0,0,0,25.6,29.8,31.5,20.2,0,15
2026-08-17 05:59:07,0,0,0,25.7,29.5,31.7,20.1,0,15
2026-08-17 06:04:08,0,0,0,25.6,29.4,,,,15
2026-08-17 06:09:08,0,0,0,25.5,29.5,31.1,20.3,0,15
2026-08-17 06:14:08,0,0,0,25.2,29.7,30.7,20.9,0,15
2026-08-17 06:19:08,0,0,0,25.1,29.9,30.4,21.1,0,15
2026-08-17 06:24:08,0,0,0,25.1,30,,,,15
2026-08-17 06:29:08,0,4,6,25.4,31.1,31.5,21.4,0,15
2026-08-17 06:34:07,3,7,7,25.6,31,32,21.2,0,15
2026-08-17 06:39:08,6,11,11,25.7,31.2,32.2,21,0,15
2026-08-17 06:44:08,4,12,12,25.8,31.2,31.9,21.5,0,15
2026-08-17 06:49:07,2,5,6,25.9,31.4,32.4,21.1,0,15
2026-08-17 06:54:08,1,5,6,25.9,31.3,32.4,21,0,15
2026-08-17 06:59:08,1,3,3,25.9,31.1,32.3,20.9,0,15
2026-08-17 07:04:07,2,4,4,25.9,31.2,32,21.5,0,15
2026-08-17 07:09:08,4,8,10,25.6,31.2,31.5,21.9,0,15
2026-08-17 07:14:08,3,6,8,25.6,31.4,31.7,21.6,0,15
2026-08-17 07:19:08,3,6,6,25.5,31.7,31.6,21.9,0,15
2026-08-17 07:24:08,1,3,3,25.6,31.7,31.6,22,0,15
2026-08-17 07:29:08,0,1,1,25.8,31.1,32.3,21,0,15
2026-08-17 07:34:08,0,2,2,26,31.1,32.5,20.7,0,15
2026-08-17 07:39:08,1,4,5,26.2,31,32.8,20.5,0,15
2026-08-17 07:44:08,1,1,1,26.1,30.9,32.3,21,0,15
2026-08-17 07:49:08,1,5,5,25.8,30.9,31.7,21.5,0,15
2026-08-17 07:54:08,4,5,5,25.7,31.4,31.9,21.5,0,15
2026-08-17 07:59:08,1,5,5,25.8,31.3,,,,15
2026-08-17 08:04:08,1,3,3,26,31.2,32.7,21,0,15
2026-08-17 08:09:08,2,3,4,26.1,31.4,32.8,21,0,15
2026-08-17 08:14:08,1,4,4,26,31,32.3,21.1,0,15
2026-08-17 08:19:08,0,3,3,25.9,31.3,32,21.8,0,15
2026-08-17 08:24:08,0,1,1,25.8,31.5,31.8,22.1,0,15
2026-08-17 08:29:08,1,3,3,26,31.6,32.7,21.1,0,15
2026-08-17 08:34:10,1,3,3,26.2,31.3,33.1,20.6,0,15
2026-08-17 08:39:08,0,1,1,26.3,30.9,33,20.6,0,15
2026-08-17 08:44:08,0,0,1,26.3,30.9,32.9,20.6,0,15
2026-08-17 08:49:08,0,0,0,26.3,30.7,32.8,20.7,0,15
2026-08-17 08:54:08,0,0,0,26.3,30.6,32.6,20.7,0,15
2026-08-17 08:59:08,0,0,0,26.1,30.6,32,21.2,0,15
2026-08-17 09:04:08,0,0,0,25.9,30.4,31.6,21.4,0,15
2026-08-17 09:09:08,0,0,0,25.9,31,31.9,21.3,0,15
2026-08-17 09:14:08,0,0,0,25.9,31.1,31.8,21.7,0,15
2026-08-17 09:19:08,0,0,0,25.9,30.8,32,21.3,0,15
2026-08-17 09:24:08,0,0,0,26,31.5,32.3,21.6,0,15
2026-08-17 09:29:08,0,0,0,26.2,30.8,32.8,20.7,0,15
2026-08-17 09:34:08,0,0,0,26.4,30.7,33,20.4,0,15
2026-08-17 09:39:08,0,0,0,26.5,30.7,,,,15
2026-08-17 09:44:09,0,0,0,26.6,31,33,21.3,0,15
2026-08-17 09:49:08,0,0,0,26.8,30.7,33.4,20.4,0,15
2026-08-17 09:54:08,0,0,0,26.9,30.1,33.7,19.9,0,15
2026-08-17 09:59:08,0,0,0,27.1,30.2,33.8,20.2,0,15
2026-08-17 10:04:08,0,0,0,27.2,30.1,33.8,20,0,15
2026-08-17 10:09:09,0,0,0,27.3,30.4,34,20.4,0,15
2026-08-17 10:14:08,0,0,0,27.3,30.8,33.8,21.3,0,15
2026-08-17 10:19:08,0,0,0,27.5,30.8,34.2,20.8,0,15
2026-08-17 10:24:08,0,0,0,27.6,30.4,34.5,20.3,0,15
2026-08-17 10:29:08,0,0,0,27.7,30,34.6,20.1,0,15
2026-08-17 10:34:09,0,0,0,27.8,30.1,34.6,19.8,0,15
2026-08-17 10:39:09,0,0,0,27.8,29.8,34.6,19.7,0,15
2026-08-17 10:44:08,0,0,0,27.8,29.6,34.6,19.8,0,15
2026-08-17 10:49:09,0,0,0,27.9,29.8,34.5,20.1,0,15
2026-08-17 10:54:08,0,0,0,27.9,29.4,34.6,19.8,0,15
2026-08-17 10:59:08,0,0,0,27.9,29.8,34.6,20,0,15
2026-08-17 11:04:08,0,0,0,28,29.8,34.9,19.7,0,15
2026-08-17 11:09:08,0,0,0,27.9,29.2,34.5,19.5,0,15
2026-08-17 11:14:09,0,0,0,27.8,29.9,33.9,20.5,0,15
2026-08-17 11:19:09,0,0,0,27.7,29.7,,,,15
2026-08-17 11:24:09,0,0,0,27.7,29.7,34.2,20.3,0,15
2026-08-17 11:29:09,0,0,0,27.7,29.9,34.2,20.3,0,15
2026-08-17 11:34:09,0,1,1,27.9,30.2,34.7,20.4,0,15
2026-08-17 11:39:10,0,1,1,28.1,30.5,35.3,20.1,0,15
2026-08-17 11:44:09,0,3,4,28.3,30.5,35.5,20.2,0,15
2026-08-17 11:49:09,1,5,5,28.4,30.8,35.3,20.5,0,15
2026-08-17 11:54:09,4,7,8,28.2,31,34.6,21.5,0,15
2026-08-17 11:59:10,4,8,8,28.2,31,34.7,21,0,15
2026-08-17 12:04:09,2,6,7,28.5,30.7,35.9,20.1,0,15
2026-08-17 12:09:09,2,5,5,28.6,30.1,,,,15
2026-08-17 12:14:10,8,17,18,28.7,30.1,35.5,20.2,0,15
2026-08-17 12:19:10,7,16,17,28.8,29.9,35.6,20.1,0,15
2026-08-17 12:24:09,3,6,6,28.8,30.2,35.6,20.2,0,15
2026-08-17 12:29:09,6,11,13,28.9,30.4,35.9,20.3,0,15
2026-08-17 12:34:09,5,8,10,28.9,30.3,35.8,20.3,0,15
2026-08-17 12:39:09,5,13,14,28.8,30.2,35.9,20.2,0,15
2026-08-17 12:44:09,4,11,11,28.8,30.4,35.9,20.2,0,15
2026-08-17 12:49:10,5,12,12,28.8,30.3,35.8,20.1,0,15
2026-08-17 12:54:08,7,16,17,28.8,30,36,19.7,0,15
2026-08-17 12:59:09,8,15,15,28.9,29.9,36,19.7,0,15
2026-08-17 13:04:09,7,16,16,29,29.6,35.9,19.5,0,15
2026-08-17 13:09:09,6,13,14,28.7,29.9,35.2,20.2,0,15
2026-08-17 13:14:09,5,14,15,28.6,30.1,35.2,20.4,0,15
2026-08-17 13:19:09,3,8,10,28.5,30.3,35,20.6,0,15
2026-08-17 13:24:09,7,15,15,28.5,30.1,35.2,20.4,0,15
2026-08-17 13:29:09,4,11,13,28.4,30.5,35,20.9,0,15
2026-08-17 13:34:10,11,23,23,27.5,30.3,31.6,23.1,0,15
2026-08-17 13:39:09,9,20,22,25.3,32.2,26.5,28.9,0,15
2026-08-17 13:44:09,12,25,25,23.1,34.7,23.4,33.3,0,15
2026-08-17 13:49:09,11,25,26,21.6,37,21.6,36.2,0,15
2026-08-17 13:54:09,9,23,23,20.5,39.1,20.5,38.6,0,15
2026-08-17 13:59:09,8,23,23,19.7,40.1,19.9,39.6,0,15
2026-08-17 14:04:09,8,21,23,19.3,41.8,19.5,41,0,15
2026-08-17 14:09:09,8,21,21,18.9,42.5,19.2,41.8,0,15
2026-08-17 14:14:09,13,26,26,18.7,44,19.1,43,0,15
2026-08-17 14:19:09,19,35,39,18.6,44.5,19.1,43.6,0,15
2026-08-17 14:24:09,8,23,26,18.6,44.5,19.3,42.8,0,15
2026-08-17 14:29:10,13,23,23,18.7,45.1,19.6,43.3,0,15
2026-08-17 14:34:09,13,23,24,18.8,45,20,43,0,15
2026-08-17 14:39:09,9,25,26,19.1,44.9,20.5,42.2,0,15
2026-08-17 14:44:09,35,54,68,19.4,44.1,21.1,40.4,0,15
2026-08-17 14:49:10,18,31,32,19.8,43.9,21.8,39.4,0,15
2026-08-17 14:54:09,15,29,29,20.1,42.9,22,38.7,0,15
2026-08-17 14:59:09,29,43,53,20.2,42.8,21.9,38.9,0,15
2026-08-17 15:04:09,23,33,36,20.2,41.9,21.7,38.4,0,15
2026-08-17 15:09:09,14,31,31,20.1,41.9,,,0,15
2026-08-17 15:14:09,16,28,32,20,42.8,,,0,15
2026-08-17 15:19:09,22,37,42,19.9,42.7,,,0,15
2026-08-17 15:24:09,17,32,32,19.7,42.6,,,0,15
2026-08-17 15:29:09,22,35,38,19.6,43.2,,,0,15
2026-08-17 15:34:09,20,32,36,19.4,43.3,,,0,15
2026-08-17 15:39:09,19,30,33,19.3,43.6,,,0,15
2026-08-17 15:44:09,17,28,32,19.2,43.6,,,0,15
2026-08-17 15:49:10,17,32,35,19.1,43.8,,,0,15
2026-08-17 15:54:09,17,31,32,19,43.7,,,0,15
2026-08-17 15:59:09,16,34,36,18.9,43.8,,,0,15
2026-08-17 16:04:09,21,32,35,18.8,44.2,,,0,15
2026-08-17 16:09:09,20,35,39,18.7,44.7,,,0,15
2026-08-17 16:14:10,14,33,33,18.6,44.4,,,0,15
2026-08-17 16:19:09,20,31,33,18.5,44.7,,,0,15
2026-08-17 16:24:09,18,31,34,18.5,45,,,0,15
2026-08-17 16:29:09,21,33,36,18.4,45.3,,,0,15
2026-08-17 16:34:10,23,39,45,19.9,45.2,,,0,15
2026-08-17 16:39:10,18,29,32,20.4,42.1,,,0,15
2026-08-17 16:44:09,20,31,32,20,41.8,,,0,15
2026-08-17 16:49:10,21,30,30,19.5,43.3,,,0,15
2026-08-17 16:54:09,14,28,30,21,41.6,,,0,15
2026-08-17 16:59:09,11,24,26,22.1,41.3,,,0,15
2026-08-17 17:04:10,19,30,31,22.2,38.9,,,0,15
2026-08-17 17:09:09,20,31,34,21.3,39.1,,,0,15
2026-08-17 17:14:09,19,34,37,20.4,40.7,,,0,15
2026-08-17 17:19:10,22,34,38,19.7,41.8,,,0,15
2026-08-17 17:24:09,21,34,37,19.2,43.1,,,0,15
2026-08-17 17:29:09,20,35,37,18.8,43.5,,,0,15
2026-08-17 17:34:10,20,33,34,18.5,44,,,0,15
2026-08-17 17:39:10,21,35,39,18.3,44.6,,,0,15
2026-08-17 17:44:10,13,28,28,20.7,45.1,,,0,15
2026-08-17 17:49:09,12,26,27,23.1,40.3,,,0,15
2026-08-17 17:54:11,19,32,34,23.7,36.9,,,0,15
2026-08-17 17:59:10,8,22,22,24.1,37.7,,,0,15
2026-08-17 18:04:10,16,31,32,24.4,35.3,,,0,15
2026-08-17 18:09:09,18,32,36,22.9,36.7,24.7,32,0,15
2026-08-17 18:14:10,7,19,23,24.5,37.9,31.2,26.7,0,15
2026-08-17 18:19:10,12,24,26,26.3,34.1,34,22.4,0,15
2026-08-17 18:24:09,11,23,24,26.9,32.8,,,,15
2026-08-17 18:29:10,9,22,22,27.6,32.3,34.8,21.6,0,15
2026-08-17 18:34:10,9,23,24,28,31.1,35.1,20.6,0,15
2026-08-17 18:39:10,9,22,22,28.3,31.7,35.4,21.1,0,15
2026-08-17 18:44:09,5,17,18,28.5,31,,,,15
2026-08-17 18:49:10,8,17,19,28.7,31.3,35.7,20.9,0,15
2026-08-17 18:54:10,56,114,125,28.8,30.9,35.8,20.7,0,15
2026-08-17 18:59:10,18,32,34,29.1,31.1,36,20.8,0,15
2026-08-17 19:04:09,6,18,19,29.4,30.7,36.5,20.3,0,15
2026-08-17 19:09:10,6,16,16,29.5,30.3,36.5,20,0,15
2026-08-17 19:14:10,4,8,8,29.7,30.5,36.8,20,0,15
2026-08-17 19:19:10,5,8,8,29.7,30.2,36.8,19.8,0,15
2026-08-17 19:24:09,6,12,13,29.7,30.3,36.6,20,0,15
2026-08-17 19:29:10,6,16,17,29.8,30.4,36.9,19.8,0,15
2026-08-17 19:34:09,8,18,19,29.7,30.3,36.6,19.9,0,15
2026-08-17 19:39:10,6,15,17,29.7,30.3,36.5,20,0,15
2026-08-17 19:44:10,6,18,18,29.6,30.5,36.3,20.6,0,15
2026-08-17 19:49:10,6,14,16,29.6,30.3,36.3,20.4,0,15
2026-08-17 19:54:09,7,15,17,29.7,30.4,36.9,20,0,15
2026-08-17 19:59:10,6,17,19,29.7,30.5,36.8,20.1,0,15
2026-08-17 20:04:10,8,21,22,29.6,30.5,36.6,20,0,15
2026-08-17 20:09:09,14,24,24,29.6,30.2,36.6,19.9,0,15
2026-08-17 20:14:10,19,25,27,29.5,30.1,36.6,19.7,0,15
2026-08-17 20:19:10,9,18,18,29.4,30,36.5,19.7,0,15
2026-08-17 20:24:10,6,16,16,29.4,30,36.4,19.6,0,15
2026-08-17 20:29:10,7,18,23,29.4,30.1,36.6,19.4,0,15
2026-08-17 20:34:10,7,17,22,29.4,30.1,36.2,19.7,0,15
2026-08-17 20:39:10,8,19,19,29.2,29.9,,,,15
2026-08-17 20:44:09,5,15,18,29.3,30,,,,15
2026-08-17 20:49:10,5,17,17,29.1,30.3,36,20.3,0,15
2026-08-17 20:54:10,6,17,17,29.1,30.3,36.1,20.2,0,15
2026-08-17 20:59:10,6,15,15,29.1,30.4,36.2,20.1,0,15
2026-08-17 21:04:10,6,14,15,29,30.4,36.1,20.1,0,15
2026-08-17 21:09:10,6,17,18,29,30.3,36.1,20,0,15
2026-08-17 21:14:10,6,16,16,29.1,30.3,36.3,19.8,0,15
2026-08-17 21:19:10,7,18,19,29.2,30.2,36.5,19.6,0,15
2026-08-17 21:24:10,8,19,19,29.1,29.9,36.1,19.6,0,15
2026-08-17 21:29:10,8,20,20,29,29.9,36,19.6,0,15
2026-08-17 21:34:10,8,20,23,28.8,30.1,,,,15
2026-08-17 21:39:10,7,18,19,28.8,30.5,35.5,20.5,0,15
2026-08-17 21:44:10,7,15,15,28.8,30.3,35.9,20.1,0,15
2026-08-17 21:49:10,7,15,16,28.8,30.2,35.8,20.2,0,15
2026-08-17 21:54:10,6,18,18,28.8,30.2,36,19.9,0,15
2026-08-17 21:59:10,8,18,18,28.7,30.2,35.8,19.9,0,15
2026-08-17 22:04:10,7,19,20,28.7,30.2,35.8,19.8,0,15
2026-08-17 22:09:10,9,22,22,28.6,30.2,,,,15
2026-08-17 22:14:10,6,15,15,28.6,30.3,35.4,20.5,0,15
2026-08-17 22:19:10,6,13,17,28.6,30.4,35.6,20.3,0,15
2026-08-17 22:24:10,5,19,19,28.6,30.6,35.5,20.4,0,15
2026-08-17 22:29:10,6,16,17,28.7,30.4,35.5,20.3,0,15
2026-08-17 22:34:10,5,17,18,28.7,30.3,35.6,20.3,0,15
2026-08-17 22:39:10,7,20,20,28.7,30.4,35.5,20.3,0,15
2026-08-17 22:44:10,8,23,23,28.6,30.4,35.2,20.4,0,15
2026-08-17 22:49:10,8,22,23,28.7,30.4,35.4,20.3,0,15
2026-08-17 22:54:10,9,22,23,28.6,30.5,,,,15
2026-08-17 22:59:10,8,19,19,28.6,30.5,35,20.9,0,15
2026-08-17 23:04:10,10,22,22,28.5,30.7,35.1,20.9,0,15
2026-08-17 23:09:10,7,19,19,28.6,30.4,35.3,20.6,0,15
2026-08-17 23:14:10,7,16,17,28.7,30.3,35.5,20.2,0,15
2026-08-17 23:19:10,9,22,22,28.7,30.2,35.5,20.1,0,15
2026-08-17 23:24:11,7,22,23,28.6,29.9,35.2,20.1,0,15
2026-08-17 23:29:10,7,19,19,28.5,29.8,35,20.1,0,15
2026-08-17 23:34:10,5,17,19,28.5,30,34.9,20.5,0,15
2026-08-17 23:39:10,4,12,14,28.6,30.1,35.3,20.2,0,15
2026-08-17 23:44:10,6,12,12,28.6,29.7,35.5,19.8,0,15
2026-08-17 23:49:10,5,13,13,28.6,29.8,35.6,19.7,0,15
2026-08-17 23:54:10,5,12,13,28.5,29.7,35.3,19.7,0,15
2026-08-17 23:59:10,6,11,11,28.5,29.7,35.3,19.7,0,15
2026-08-18 00:04:10,4,8,8,28.5,29.3,35.3,19.5,0,15
2026-08-18 00:09:11,4,9,9,28.5,29.7,35,20.1,0,15
2026-08-18 00:14:12,2,6,6,28.5,29.7,35.2,19.9,0,15
2026-08-18 00:19:11,2,7,8,28.5,29.9,35.5,19.9,0,15
2026-08-18 00:24:10,5,8,9,28.6,29.8,35.6,19.7,0,15
2026-08-18 00:29:11,3,7,9,28.6,29.3,35.6,19.3,0,15
2026-08-18 00:34:10,2,5,5,28.6,29.3,35.6,19.3,0,15
2026-08-18 00:39:11,4,14,14,28.5,29.4,35.3,19.5,0,15
2026-08-18 00:44:10,2,7,7,28.6,29.3,35.4,19.3,0,15
2026-08-18 00:49:10,3,7,7,28.5,29.4,35.3,19.8,0,15
2026-08-18 00:54:10,5,11,12,28.5,29.9,35.2,20.1,0,15
2026-08-18 00:59:11,6,13,13,28.4,30.2,35.3,20.1,0,15
2026-08-18 01:04:11,5,14,16,28.4,30.3,35.5,19.9,0,15
2026-08-18 01:09:10,9,19,20,28.3,30,35.2,19.9,0,15
2026-08-18 01:14:10,9,19,20,28,30.3,34.5,20.6,0,15
2026-08-18 01:19:11,12,22,25,27.9,30.3,34.4,20.5,0,15
2026-08-18 01:24:10,7,15,17,27.8,30.6,34.3,20.9,0,15
2026-08-18 01:29:11,6,16,17,27.9,30.6,34.9,20.3,0,15
2026-08-18 01:34:11,7,18,19,27.9,30.2,34.9,20.2,0,15
2026-08-18 01:39:12,9,22,22,28,30.3,34.9,20.1,0,15
2026-08-18 01:44:11,7,19,19,28,30,35,19.9,0,15
2026-08-18 01:49:10,5,17,17,27.9,30.5,34.6,20.6,0,15
2026-08-18 01:54:10,7,19,19,28,30.3,34.8,20.3,0,15
2026-08-18 01:59:11,5,17,18,27.9,30.4,34.8,20.2,0,15
2026-08-18 02:04:11,7,19,19,27.9,30.1,34.8,20.1,0,15
2026-08-18 02:09:12,5,16,17,28,30,34.9,19.9,0,15
2026-08-18 02:14:10,6,9,12,27.9,29.9,,,,15
2026-08-18 02:19:11,4,9,9,27.9,29.9,34.6,20.2,0,15
2026-08-18 02:24:10,4,7,7,27.9,30.1,34.7,20.1,0,15
2026-08-18 02:29:11,5,8,8,27.8,30,34.8,19.9,0,15
2026-08-18 02:34:10,4,14,14,27.8,30,34.9,19.7,0,15
2026-08-18 02:39:11,5,15,16,27.8,29.9,34.8,19.7,0,15
2026-08-18 02:44:11,5,14,14,27.7,29.9,34.3,19.8,0,15
2026-08-18 02:49:11,4,12,14,27.7,29.9,34.3,20.3,0,15
2026-08-18 02:54:11,3,7,8,27.7,30,34.3,20.2,0,15
2026-08-18 02:59:11,3,7,7,27.5,29.7,34,19.9,0,15
2026-08-18 03:04:11,3,6,6,27.3,29.7,33.5,20.5,0,15
2026-08-18 03:09:11,5,9,9,27.2,29.9,,,,15
2026-08-18 03:14:11,3,7,8,27.1,30,33.6,20.2,0,15
2026-08-18 03:19:11,3,7,7,27.1,30.1,33.6,20.2,0,15
2026-08-18 03:24:12,3,7,7,26.9,29.9,,,,15
2026-08-18 03:29:11,4,8,8,26.9,29.8,,,,15
2026-08-18 03:34:11,5,8,9,26.8,29.9,33,20.3,0,15
2026-08-18 03:39:11,4,8,11,26.8,30.1,33,20.5,0,15
2026-08-18 03:44:11,4,13,13,26.7,30,33.1,20.4,0,15
2026-08-18 03:49:11,5,11,12,26.8,30.2,33,20.6,0,15
2026-08-18 03:54:11,5,9,9,26.8,29.8,33,20.1,0,15
2026-08-18 03:59:11,2,7,7,26.8,29.5,33.2,19.9,0,15
2026-08-18 04:04:11,4,8,9,26.7,29.8,32.8,20.3,0,15
2026-08-18 04:09:11,2,4,4,26.9,29.7,33.7,19.5,0,15
2026-08-18 04:14:11,5,11,11,27,29.4,33.7,19.3,0,15
2026-08-18 04:19:11,3,5,7,27.1,29.4,33.6,19.4,0,15
2026-08-18 04:24:11,2,8,8,27.1,28.9,33.8,19.3,0,15
2026-08-18 04:29:11,3,6,7,27.2,29,34,19.1,0,15
2026-08-18 04:34:11,2,5,5,27.2,28.8,34,18.8,0,15
2026-08-18 04:39:11,3,9,11,27.1,28.7,33.8,18.9,0,15
2026-08-18 04:44:11,4,11,11,27,28.9,,,,15
2026-08-18 04:49:12,3,5,5,27,29.1,33.5,19.4,0,15
2026-08-18 04:54:11,4,12,12,26.8,29,32.9,19.5,0,15
2026-08-18 04:59:11,2,7,7,26.7,29.3,32.9,19.7,0,15
2026-08-18 05:04:11,2,7,7,26.7,29.3,33.2,19.7,0,15
2026-08-18 05:09:11,1,8,11,26.8,29.1,33.1,19.5,0,15
2026-08-18 05:14:11,3,7,7,26.9,29,33.3,19.6,0,15
2026-08-18 05:19:11,1,4,4,27,29.1,33.6,19.4,0,15
2026-08-18 05:24:12,2,6,6,27,29,33.8,19.2,0,15
2026-08-18 05:29:11,2,6,6,27,28.8,33.7,19,0,15
2026-08-18 05:34:11,5,7,8,27,28.6,33.5,19,0,15
2026-08-18 05:39:11,2,6,7,27,28.4,,,,15
2026-08-18 05:44:11,2,6,6,27.1,28.6,33.6,18.9,0,15
2026-08-18 05:49:11,1,6,7,27,28.2,33.7,18.7,0,15
2026-08-18 05:54:11,4,6,8,27.1,28.4,34,18.4,0,15
2026-08-18 05:59:11,2,6,6,26.9,28.1,32.9,19.1,0,15
2026-08-18 06:04:11,4,8,9,26.6,28.3,,,,15
2026-08-18 06:09:11,1,6,6,26.7,28.2,33.2,18.8,0,15
2026-08-18 06:14:11,3,6,6,27,27.7,33.9,17.9,0,15
2026-08-18 06:19:11,2,6,6,27,27.6,33.8,17.9,0,15
2026-08-18 06:24:11,2,7,7,27,27.5,33.7,17.8,0,15
2026-08-18 06:29:11,2,5,5,27,27.4,33.3,18.2,0,15
2026-08-18 06:34:11,3,7,7,26.9,27.3,33.2,18.1,0,15
2026-08-18 06:39:11,1,6,7,26.7,27.5,32.7,18.4,0,15
2026-08-18 06:44:12,1,4,4,26.8,27.5,33.5,17.8,0,15
2026-08-18 06:49:11,1,7,7,26.9,27.3,33.6,17.7,0,15
2026-08-18 06:54:11,2,5,6,26.9,27.6,33.5,18.3,0,15
2026-08-18 06:59:11,0,3,3,26.9,27.5,33.5,18.1,0,15
2026-08-18 07:04:12,1,4,4,26.9,27.6,33.6,17.9,0,15
2026-08-18 07:09:11,2,5,5,26.9,27.4,33.5,17.8,0,15
2026-08-18 07:14:11,0,5,5,27,27.3,33.8,17.5,0,15
2026-08-18 07:19:12,1,4,6,26.9,27.2,,,,15
2026-08-18 07:24:12,1,2,3,26.9,27.3,33.4,17.9,0,15
2026-08-18 07:29:12,0,2,2,26.9,27.2,33.5,17.8,0,15
2026-08-18 07:34:11,2,6,6,26.9,27.1,33.5,17.7,0,15
2026-08-18 07:39:12,0,6,6,26.8,27.2,33.4,17.6,0,15
2026-08-18 07:44:12,0,6,6,26.8,27,,,,15
2026-08-18 07:49:11,0,3,3,26.7,27.4,33.1,18.2,0,15
2026-08-18 07:54:12,1,5,5,26.7,27,33.3,17.6,0,15
2026-08-18 07:59:11,2,5,5,26.7,27,33.4,17.6,0,15
2026-08-18 08:04:12,0,5,6,26.7,26.9,,,,15
2026-08-18 08:09:12,0,2,2,26.8,26.9,33.4,17.5,0,15
2026-08-18 08:14:11,2,5,5,26.8,27.3,33.5,17.7,0,15
2026-08-18 08:19:12,2,3,3,26.9,27.1,33.6,17.6,0,15
2026-08-18 08:24:11,1,5,5,27,27.2,33.6,17.4,0,15
2026-08-18 08:29:12,3,7,8,27,27.1,,,,15
2026-08-18 08:34:12,1,4,4,27,27.1,33.3,18,0,15
2026-08-18 08:39:12,1,5,5,26.8,27.6,32.7,18.6,0,15
2026-08-18 08:44:12,3,9,9,26.8,27.8,33,18.5,0,15
2026-08-18 08:49:12,1,5,5,26.7,27.6,32.8,18.5,0,15
2026-08-18 08:54:12,3,8,9,26.7,27.6,32.7,18.6,0,15
2026-08-18 08:59:12,3,8,8,26.9,27.4,33.6,17.9,0,15
2026-08-18 09:04:12,3,7,7,27,27.7,33.7,17.9,0,15
2026-08-18 09:09:12,3,7,7,27.1,27.5,33.8,17.9,0,15
2026-08-18 09:14:12,5,9,11,27.2,27.2,,,,15
2026-08-18 09:19:12,3,7,7,27.2,28,33.7,18.5,0,15
2026-08-18 09:24:12,2,7,7,27.3,28,34,18.5,0,15
2026-08-18 09:29:12,3,6,8,27.5,27.9,34.3,18.1,0,15
2026-08-18 09:34:12,2,6,6,27.6,27.4,34.5,17.6,0,15
2026-08-18 09:39:13,0,4,4,27.6,26.9,34.4,17.5,0,15
2026-08-18 09:44:13,0,3,3,27.7,26.9,34.2,17.6,0,15
2026-08-18 09:49:12,0,4,4,25.9,27.6,28.4,21.9,0,15
2026-08-18 09:54:13,0,2,2,23.3,29.3,23.8,26.4,0,15
2026-08-18 09:59:12,0,2,2,21.3,31.1,21.1,29.7,0,15
2026-08-18 10:04:12,0,2,2,19.9,33.3,19.5,32.1,0,15
2026-08-18 10:09:12,0,0,0,18.9,34.1,18.6,33.2,0,15
2026-08-18 10:14:12,0,1,1,18.2,35.9,18.1,34.7,0,15
2026-08-18 10:19:12,0,1,1,17.8,36.8,17.8,35.5,0,15
2026-08-18 10:24:13,1,5,5,17.5,38,17.6,37.1,0,15
2026-08-18 10:29:12,0,2,3,17.4,39.1,17.5,37.7,0,15
2026-08-18 10:34:13,0,3,3,17.3,39,17.5,37.4,0,15
2026-08-18 10:39:13,1,3,3,17.3,39.7,17.5,37.9,0,15
2026-08-18 10:44:12,0,3,3,17.3,39.9,17.6,37.9,0,15
2026-08-18 10:49:13,0,4,4,17.3,40,17.7,38,0,15
2026-08-18 10:54:12,3,7,9,17.4,41.4,17.9,39.3,0,15
2026-08-18 10:59:13,4,13,14,17.5,41.5,18.1,39.5,0,15
2026-08-18 11:04:12,5,10,10,17.7,41.9,18.2,39.9,0,15
2026-08-18 11:09:13,3,8,10,17.8,41.9,18.4,39.7,0,15
2026-08-18 11:14:13,5,9,12,17.9,42.8,18.6,40.4,0,15
2026-08-18 11:19:12,6,19,20,18.1,43.4,18.8,40.9,0,15
2026-08-18 11:24:12,7,21,21,18.2,42.1,19,39.3,0,15
2026-08-18 11:29:13,4,8,8,18.4,41.8,19.2,39.4,0,15
2026-08-18 11:34:13,4,13,13,18.5,41.2,19.4,38.2,0,15
2026-08-18 11:39:12,3,6,7,18.7,41.4,19.6,38.7,0,15
2026-08-18 11:44:13,6,13,15,18.8,40.9,19.8,38.1,0,15
2026-08-18 11:49:13,5,9,13,19,40.6,20,37.7,0,15
2026-08-18 11:54:13,4,14,15,19.1,40.5,20.1,37.7,0,15
2026-08-18 11:59:13,4,8,9,19.2,40.3,20.3,37.1,0,15
2026-08-18 12:04:12,4,9,9,19.4,40.3,20.5,37,0,15
2026-08-18 12:09:12,3,8,8,19.5,39.7,20.7,36.2,0,15
2026-08-18 12:14:12,3,7,7,19.6,39.7,20.8,36.3,0,15
2026-08-18 12:19:13,4,6,6,19.8,39.4,21,35.7,0,15
2026-08-18 12:24:12,3,8,11,19.9,38.8,21.2,35.3,0,15
2026-08-18 12:29:13,5,8,11,20,38.8,21.3,35.1,0,15
2026-08-18 12:34:13,6,15,16,20.1,38.9,21.5,35.2,0,15
2026-08-18 12:39:12,4,8,9,20.2,38.7,21.6,34.9,0,15
2026-08-18 12:44:13,4,13,15,20.3,38.4,,,0,15
2026-08-18 12:49:14,5,9,13,20.4,38.5,,,0,15
2026-08-18 12:54:13,6,18,19,20.6,39,,,0,15
2026-08-18 12:59:13,6,22,25,20.6,38.7,,,0,15
2026-08-18 13:04:13,6,17,20,20.7,38,,,0,15
2026-08-18 13:09:13,7,20,23,20.8,38,,,0,15
2026-08-18 13:14:13,7,17,17,20.9,37.5,,,0,15
2026-08-18 13:19:13,8,19,22,21,37.9,,,0,15
2026-08-18 13:24:13,7,17,20,21.1,37.4,,,0,15
2026-08-18 13:29:13,7,17,18,21.1,37.5,,,0,15
2026-08-18 13:34:13,6,18,19,21.2,36.1,,,0,15
2026-08-18 13:39:13,13,25,26,21.2,36.9,,,0,15
2026-08-18 13:44:17,7,19,19,21.3,36.8,,,0,15
2026-08-18 13:49:13,8,22,25,21.3,37.3,,,0,15
2026-08-18 13:54:13,7,19,22,21.4,36.5,,,0,15
2026-08-18 13:59:13,6,17,18,21.5,35.9,,,0,15
2026-08-18 14:04:13,7,16,17,21.5,36,,,0,15
2026-08-18 14:09:13,8,18,20,21.6,35.8,23.4,31.2,0,15
2026-08-18 14:14:13,8,20,22,21.7,36.4,23.5,32,0,15
2026-08-18 14:19:13,11,23,26,21.7,36.8,23.6,31.7,0,15
2026-08-18 14:24:13,15,29,30,21.8,36,23.8,31.4,0,15
2026-08-18 14:29:13,13,27,28,22,36.5,24,31.5,0,15
2026-08-18 14:34:13,16,26,28,22.1,36.1,24.3,31,0,15
2026-08-18 14:39:13,17,31,33,22.3,36,24.6,31,0,15
2026-08-18 14:44:13,17,31,35,22.6,35.7,25,30.3,0,15
2026-08-18 14:49:13,17,29,33,22.8,35.4,25.5,29.9,0,15
2026-08-18 14:54:13,15,29,30,23.1,34,25.7,28.7,0,15
2026-08-18 14:59:13,17,30,33,23.2,34.1,25.6,29.1,0,15
2026-08-18 15:04:13,11,23,25,23.2,33,25.5,28.4,0,15
2026-08-18 15:09:13,7,20,22,23,32.3,25.2,27.3,0,15
2026-08-18 15:14:13,9,18,20,22.9,32.3,25,27.7,0,15
2026-08-18 15:19:13,10,24,24,22.7,32.1,24.7,27.3,0,15
2026-08-18 15:24:13,8,19,21,22.5,32.6,24.5,28.2,0,15
2026-08-18 15:29:13,4,9,9,22.3,31.6,24.3,26.7,0,15
2026-08-18 15:34:12,0,6,6,22.2,30.5,24.1,25.7,0,15
2026-08-18 15:39:13,8,18,18,22,32.7,23.9,28.2,0,15
2026-08-18 15:44:13,7,18,19,21.9,32.9,23.7,28.1,0,15
2026-08-18 15:49:13,7,19,23,21.8,34.5,23.5,30,0,15
2026-08-18 15:54:13,12,25,27,21.7,34.1,23.4,29.5,0,15
2026-08-18 15:59:13,11,26,26,21.6,35,23.3,30.5,0,15
2026-08-18 16:04:13,9,23,24,21.5,35.4,23.2,30.8,0,15
2026-08-18 16:09:13,11,24,26,21.4,35.8,23.1,31.4,0,15
2026-08-18 16:14:13,9,25,26,21.3,35.2,22.9,31.1,0,15
2026-08-18 16:19:13,19,32,35,21.2,34.5,22.8,30.3,0,15
2026-08-18 16:24:13,20,33,35,21.2,35.3,22.7,31.2,0,15
2026-08-18 16:29:13,15,26,28,21.1,36.2,22.6,32.1,0,15
2026-08-18 16:34:13,12,27,30,21,37.1,22.5,33.1,0,15
2026-08-18 16:39:13,17,30,34,21,36.4,22.4,31.9,0,15
2026-08-18 16:44:13,18,30,30,20.9,36.1,22.3,31.7,0,15
2026-08-18 16:49:13,18,30,35,20.8,36.5,22.2,32.6,0,15
2026-08-18 16:54:14,18,32,34,20.7,37.4,22.1,33.4,0,15
2026-08-18 16:59:13,18,30,34,20.7,37.7,22,33.6,0,15
2026-08-18 17:04:13,21,35,38,20.6,37.7,21.9,33.9,0,15
2026-08-18 17:09:13,19,34,40,20.5,38.1,21.8,34.3,0,15
2026-08-18 17:14:13,20,36,41,20.5,38.1,21.7,34.4,0,15
2026-08-18 17:19:13,24,37,45,20.4,38.5,,,0,15
2026-08-18 17:24:13,20,34,38,20.3,38.3,,,0,15
2026-08-18 17:29:13,20,35,37,20.2,39.2,,,0,15
2026-08-18 17:34:14,19,31,37,20.1,39.5,,,0,15
2026-08-18 17:39:13,18,33,36,20.1,39.7,,,0,15
2026-08-18 17:44:13,19,28,32,20,39.5,,,0,15
2026-08-18 17:49:14,15,27,29,19.9,39.9,,,0,15
2026-08-18 17:54:13,7,20,21,19.8,39,,,0,15
2026-08-18 17:59:13,7,19,21,19.7,39.6,,,0,15
2026-08-18 18:04:14,4,9,13,19.7,39.4,,,0,15
2026-08-18 18:09:14,3,6,6,19.6,40,20.6,36.9,0,15
2026-08-18 18:14:13,1,3,4,19.5,40.6,20.5,37.5,0,15
2026-08-18 18:19:14,1,4,4,19.4,40.4,20.4,37.2,0,15
2026-08-18 18:24:13,2,5,5,19.3,40.3,20.2,37.2,0,15
2026-08-18 18:29:13,1,4,4,19.3,41.1,20.1,38.3,0,15
2026-08-18 18:34:14,2,4,4,19.1,40.8,20,37.9,0,15
2026-08-18 18:39:13,1,5,5,19.1,41.1,19.9,38.3,0,15
2026-08-18 18:44:13,2,5,6,18.9,41.4,19.8,38.8,0,15
2026-08-18 18:49:13,2,4,4,18.9,41.2,19.6,38.4,0,15
2026-08-18 18:54:14,1,4,4,18.8,41.5,19.5,39,0,15
2026-08-18 18:59:14,0,4,4,18.7,41.9,19.4,39.3,0,15
2026-08-18 19:04:14,2,4,4,18.6,41.7,19.3,39.4,0,15
2026-08-18 19:09:13,1,3,3,18.5,41.8,19.1,39.3,0,15
2026-08-18 19:14:14,2,4,5,18.4,42.2,19,39.8,0,15
2026-08-18 19:19:13,0,3,4,18.3,42.4,18.9,39.8,0,15
2026-08-18 19:24:14,0,3,3,19.6,44.9,24.6,35.5,0,15
2026-08-18 19:29:14,1,4,4,21.2,39.2,25.9,29.4,0,15
2026-08-18 19:34:14,2,6,8,20.7,38,23,32,0,15
2026-08-18 19:39:14,2,6,6,20,38.7,21.2,34.6,0,15
2026-08-18 19:44:14,3,6,6,19.4,39.7,20.1,36.9,0,15
2026-08-18 19:49:14,2,5,5,19,40.7,19.5,38.9,0,15
2026-08-18 19:54:14,1,4,4,21.8,40.3,28.9,28.1,0,15
2026-08-18 19:59:13,0,4,4,24.6,36.1,33.4,22,0,15
2026-08-18 20:04:14,0,3,4,26.4,33,34.7,20.5,0,15
2026-08-18 20:09:14,1,3,3,27.5,31.7,35.4,19.9,0,15
2026-08-18 20:14:14,1,5,5,27.8,30.5,34.6,20.3,0,15
2026-08-18 20:19:13,1,5,5,28,29.9,34.8,19.8,0,15
2026-08-18 20:24:14,2,4,5,28.2,29.4,34.9,19.5,0,15
2026-08-18 20:29:14,2,5,5,28.4,29.4,35.2,19.5,0,15
2026-08-18 20:34:14,5,10,10,28.4,29.1,35,19.4,0,15
2026-08-18 20:39:14,4,8,8,28.5,29.1,35.3,19.3,0,15
2026-08-18 20:44:14,3,6,7,28.7,29.1,35.7,18.8,0,15
2026-08-18 20:49:14,2,7,7,29.1,28.3,36.3,18.3,0,15
2026-08-18 20:54:14,1,5,5,29.3,28.1,36.4,18.1,0,15
2026-08-18 20:59:14,2,4,4,29.5,27.8,36.5,17.9,0,15
2026-08-18 21:04:14,2,4,5,29.6,27.5,36.6,17.5,0,15
2026-08-18 21:09:14,3,5,5,29.3,27.7,35.9,17.9,0,15
2026-08-18 21:14:15,2,5,5,29.3,27.8,36.2,17.8,0,15
2026-08-18 21:19:14,2,7,8,29.5,27.4,36.7,17.3,0,15
2026-08-18 21:24:14,1,5,5,29.3,26.8,35.9,17.4,0,15
2026-08-18 21:29:14,0,2,3,29,27.1,35.6,17.6,0,15
2026-08-18 21:34:14,0,4,4,28.8,27.1,35.3,17.8,0,15
2026-08-18 21:39:14,0,3,3,28.8,26.8,35.3,17.6,0,15
2026-08-18 21:44:14,2,5,6,28.6,26.7,,,,15
2026-08-18 21:49:14,2,7,7,28.6,26.4,35.2,17.2,0,15
2026-08-18 21:54:14,2,7,7,28.7,26.6,35.6,16.9,0,15
2026-08-18 21:59:14,3,5,6,28.9,26.3,35.9,16.7,0,15
2026-08-18 22:04:14,2,6,6,29.2,25.7,36.1,16.1,0,15
2026-08-18 22:09:14,2,4,5,29.3,25.5,36.1,16,0,15
2026-08-18 22:14:14,1,4,4,29.3,25.4,36,15.9,0,15
2026-08-18 22:19:14,1,5,5,29.4,25,36,15.4,0,15
2026-08-18 22:24:14,2,4,4,29.3,24.8,36,15.2,0,15
2026-08-18 22:29:14,0,3,3,29.2,25.1,35.7,15.4,0,15
2026-08-18 22:34:14,1,4,4,29,24.6,35.4,15.4,0,15
2026-08-18 22:39:15,0,4,5,28.9,24.8,35.4,15.5,0,15
2026-08-18 22:44:15,1,4,4,28.8,25.2,35.2,16.1,0,15
2026-08-18 22:49:14,1,3,3,28.9,25.3,35.7,15.8,0,15
2026-08-18 22:54:14,1,4,4,28.9,25.3,35.6,16,0,15
2026-08-18 22:59:14,1,4,5,28.9,25.3,35.6,16.1,0,15
2026-08-18 23:04:14,1,5,6,28.9,25.2,36.1,15.6,0,15
2026-08-18 23:09:14,2,8,8,28.7,25.5,35.2,16.3,0,15
2026-08-18 23:14:14,3,6,6,28.4,25.7,34.7,16.7,0,15
2026-08-18 23:19:15,3,6,7,28.2,25.9,34.5,16.7,0,15
2026-08-18 23:24:14,0,3,4,28.4,25.2,35.5,15.5,0,15
2026-08-18 23:29:14,1,4,5,28.4,25.8,35.2,16.3,0,15
2026-08-18 23:34:14,1,3,4,28.5,25.5,35.5,16.1,0,15
2026-08-18 23:39:15,2,6,7,28.6,25.5,35.7,15.9,0,15
2026-08-18 23:44:14,2,5,5,28.6,25.6,35.8,15.8,0,15
2026-08-18 23:49:14,0,3,3,28.6,24.9,35.7,15.5,0,15
2026-08-18 23:54:14,1,5,5,28.6,25.2,35.8,15.6,0,15
2026-08-18 23:59:14,1,5,5,28.6,24.9,35.8,15.2,0,15
2026-08-19 00:04:14,0,0,0,28.6,23.7,35.6,14.1,0,15
2026-08-19 00:09:14,0,0,0,28.5,22.8,35.4,13.7,0,15
2026-08-19 00:14:14,0,0,0,28.5,22.5,35.2,13.6,0,15
2026-08-19 00:19:14,0,0,0,28.4,22.2,,,,15
2026-08-19 00:24:14,0,0,0,28.5,22,35,13.2,0,15
2026-08-19 00:29:15,0,0,0,28.5,21.8,35,13,0,15
2026-08-19 00:34:14,0,0,0,28.5,22.4,35.2,13.5,0,15
2026-08-19 00:39:15,0,0,0,28.7,23,35.4,13.9,0,15
2026-08-19 00:44:14,0,0,0,28.4,22.9,34.6,14.1,0,15
2026-08-19 00:49:14,0,1,1,28.2,23.9,34.6,14.8,0,15
2026-08-19 00:54:14,0,2,3,28,24.2,34.1,15.5,0,15
2026-08-19 00:59:15,0,4,5,27.9,24.5,34,15.8,0,15
2026-08-19 01:04:15,0,2,3,28.1,24.7,34.8,15.6,0,15
2026-08-19 01:09:14,0,3,3,28.3,24.7,35.2,15.3,0,15
2026-08-19 01:14:15,1,4,5,28.2,24.7,34.8,15.2,0,15
2026-08-19 01:19:14,0,1,2,28,24.4,34.3,15.7,0,15
2026-08-19 01:24:15,0,5,5,28.1,24.5,35,15.1,0,15
2026-08-19 01:29:15,0,5,5,28.1,24.8,34.9,15.2,0,15
2026-08-19 01:34:15,0,2,2,28.2,24.6,34.9,15.4,0,15
2026-08-19 01:39:15,0,1,1,28.3,24.7,34.9,15.4,0,15
2026-08-19 01:44:15,0,1,1,28.2,24.9,35.1,15.4,0,15
2026-08-19 01:49:15,0,2,3,28.3,25,35.2,15.3,0,15
2026-08-19 01:54:14,0,2,3,28.2,24.4,35,15,0,15
2026-08-19 01:59:15,0,2,2,27.9,25,34.2,15.8,0,15
2026-08-19 02:04:15,0,3,3,27.8,24.9,34.1,16.1,0,15
2026-08-19 02:09:15,0,2,2,27.8,24.5,34.5,15.4,0,15
2026-08-19 02:14:15,0,4,4,27.9,24.7,34.7,15.6,0,15
2026-08-19 02:19:15,0,3,4,28,25.1,34.8,15.7,0,15
2026-08-19 02:24:15,0,1,1,28,24.3,35.1,14.8,0,15
2026-08-19 02:29:15,0,2,2,28.1,24.4,35.1,15,0,15
2026-08-19 02:34:15,1,4,4,28.2,24.5,35.2,14.8,0,15
2026-08-19 02:39:15,0,5,5,28.1,24.3,35.1,15,0,15
2026-08-19 02:44:15,1,5,5,28.1,24.5,34.9,15.2,0,15
2026-08-19 02:49:15,1,5,5,28.1,24.3,34.9,15,0,15
2026-08-19 02:54:15,1,4,4,27.9,24.7,34.1,15.6,0,15
2026-08-19 02:59:14,0,5,5,27.7,25,34,15.9,0,15
2026-08-19 03:04:15,0,2,4,27.6,24.9,34.1,15.5,0,15
2026-08-19 03:09:15,0,1,2,27.4,25.2,33.7,16.3,0,15
2026-08-19 03:14:15,0,1,2,27.4,24.7,33.8,15.5,0,15
2026-08-19 03:19:15,0,0,0,27.6,24.4,34.3,15.3,0,15
2026-08-19 03:24:15,0,0,0,27.9,24.8,34.8,15.3,0,15
2026-08-19 03:29:14,0,0,1,28,24.2,34.9,14.6,0,15
2026-08-19 03:34:15,0,0,0,27.8,24.2,34,15.1,0,15
2026-08-19 03:39:15,0,1,1,27.8,24.3,34.7,15.1,0,15
2026-08-19 03:44:15,0,0,0,27.9,24,34.9,14.5,0,15
2026-08-19 03:49:15,0,0,0,27.8,24.1,34,15.2,0,15
2026-08-19 03:54:15,0,0,0,27.5,23.8,33.8,15,0,15
2026-08-19 03:59:15,0,1,1,27.4,24,33.7,15,0,15
2026-08-19 04:04:15,0,0,0,27.5,23.9,34,15.1,0,15
2026-08-19 04:09:15,0,1,1,27.7,24.3,34.3,14.9,0,15
2026-08-19 04:14:15,0,0,0,27.5,23.9,33.6,15.1,0,15
2026-08-19 04:19:15,0,0,1,27.5,23.7,33.9,14.7,0,15
2026-08-19 04:24:15,0,0,0,27.3,24.1,33.5,15.1,0,15
2026-08-19 04:29:15,0,0,0,27.4,24.1,33.8,15.2,0,15
2026-08-19 04:34:15,0,0,0,27.5,24.1,34.3,14.9,0,15
2026-08-19 04:39:15,0,0,0,27.7,24.2,34.7,14.7,0,15
2026-08-19 04:44:15,0,1,1,27.7,24,34.6,14.6,0,15
2026-08-19 04:49:15,0,1,2,27.7,23.9,34.3,14.6,0,15
2026-08-19 04:54:15,0,0,0,27.7,24,34.2,14.7,0,15
2026-08-19 04:59:15,0,0,0,27.7,23.7,34.5,14.4,0,15
2026-08-19 05:04:15,0,0,0,27.7,23.6,34.6,14.4,0,15
2026-08-19 05:09:15,0,0,0,27.8,23.4,34.9,14,0,15
2026-08-19 05:14:15,0,1,1,27.8,23.5,34.8,14,0,15
2026-08-19 05:19:15,0,1,1,27.7,23.8,34.4,14.5,0,15
2026-08-19 05:24:15,0,0,0,27.7,23.7,34.4,14.6,0,15
2026-08-19 05:29:15,0,0,0,27.7,23.8,34.4,14.8,0,15
2026-08-19 05:34:15,0,0,0,27.6,24.1,34.1,14.9,0,15
2026-08-19 05:39:15,0,0,0,27.3,24.2,33.6,15.1,0,15
2026-08-19 05:44:15,0,1,1,27.1,24.3,33.3,15.4,0,15
2026-08-19 05:49:15,0,0,0,27,24.4,33.2,15.4,0,15
2026-08-19 05:54:15,0,0,0,27,24.3,33.5,15.2,0,15
2026-08-19 05:59:16,0,0,1,27.2,24.7,33.9,15.1,0,15
2026-08-19 06:04:15,0,0,0,27.3,24.2,34.1,14.8,0,15
2026-08-19 06:09:15,0,0,1,27.3,24,34.2,14.5,0,15
2026-08-19 06:14:16,0,0,1,27.3,23.8,34.2,14.4,0,15
2026-08-19 06:19:15,0,1,1,27.3,23.5,34,14.4,0,15
2026-08-19 06:24:15,0,0,0,27.4,23.7,34,14.6,0,15
2026-08-19 06:29:15,0,0,0,27.4,23.5,34.1,14.4,0,15
2026-08-19 06:34:15,0,0,0,27.5,23.8,34.4,14.5,0,15
2026-08-19 06:39:15,0,0,0,27.6,23.4,34.5,14,0,15
2026-08-19 06:44:16,0,0,0,27.6,23.1,34.5,13.9,0,15
2026-08-19 06:49:15,0,0,0,27.6,23.1,34.7,13.7,0,15
2026-08-19 06:54:15,0,0,0,27.6,23,34.3,13.8,0,15
2026-08-19 06:59:16,0,0,0,27.5,23.1,34,14.1,0,15
2026-08-19 07:04:15,0,0,0,27.5,23,34.1,14.1,0,15
2026-08-19 07:09:15,0,0,0,27.5,23.3,34.3,14.2,0,15
2026-08-19 07:14:16,0,0,0,27.6,22.9,34.5,13.8,0,15
2026-08-19 07:19:16,0,0,0,27.5,23.1,33.8,14.3,0,15
2026-08-19 07:24:15,0,0,0,27.2,23.3,33.3,14.4,0,15
2026-08-19 07:29:15,0,0,0,27,23.6,33.2,14.6,0,15
2026-08-19 07:34:16,0,0,0,27.1,23.4,33.6,14.5,0,15
2026-08-19 07:39:16,0,0,0,27.3,23.3,34.2,14.1,0,15
2026-08-19 07:44:16,0,0,0,27.5,23.1,34.3,14,0,15
2026-08-19 07:49:16,0,0,0,27.5,23.6,34.6,14.3,0,15
2026-08-19 07:54:16,0,0,0,27.4,23,33.8,14,0,15
2026-08-19 07:59:16,0,0,0,27.2,22.9,33.3,14.1,0,15
2026-08-19 08:04:16,0,0,0,27.1,22.9,33.5,14.2,0,15
2026-08-19 08:09:16,0,0,0,27,23.5,33.1,14.9,0,15
2026-08-19 08:14:16,0,0,0,27.2,23.7,34.1,14.4,0,15
2026-08-19 08:19:16,0,1,1,27.3,23.6,33.9,14.5,0,15
2026-08-19 08:24:15,0,0,0,27.4,23.8,34,14.7,0,15
2026-08-19 08:29:16,0,0,0,27.5,22.8,34.2,13.6,0,15
2026-08-19 08:34:16,0,0,0,27.6,21.9,34.5,13,0,15
2026-08-19 08:39:17,0,0,0,27.7,21.8,34.4,12.8,0,15
2026-08-19 08:44:16,0,0,0,27.8,21.6,34.5,12.7,0,15
2026-08-19 08:49:16,0,0,0,27.8,22.3,34.4,13.3,0,15
2026-08-19 08:54:15,0,0,0,27.8,22.7,,,,15
2026-08-19 08:59:16,0,0,0,28,23,34.5,14.1,0,15
2026-08-19 09:04:16,0,0,0,28.1,23,34.6,13.9,0,15
2026-08-19 09:09:16,0,0,0,28.2,22.7,35,13.6,0,15
2026-08-19 09:14:17,0,0,0,28.3,23,35,13.9,0,15
2026-08-19 09:19:16,0,0,0,28.4,23,35.3,13.6,0,15
2026-08-19 09:24:16,0,0,0,28.4,23,34.8,14,0,15
2026-08-19 09:29:16,0,0,0,26.6,23.4,29.2,17.2,0,15
2026-08-19 09:34:16,0,0,0,24,25.2,24.5,21.7,0,15
2026-08-19 09:39:16,0,2,2,21.9,27.3,21.8,25.1,0,15
2026-08-19 09:44:16,0,2,3,20.4,29.6,20.3,27.5,0,15
2026-08-19 09:49:16,0,5,6,19.5,30.9,19.4,29.1,0,15
2026-08-19 09:54:17,2,6,7,18.8,32.3,18.8,30.6,0,15
2026-08-19 09:59:16,3,7,7,18.4,33.5,18.5,31.6,0,15
2026-08-19 10:04:16,6,7,8,18.1,35.2,18.3,33.1,0,15
2026-08-19 10:09:16,4,8,8,17.9,36.3,18.1,34,0,15
2026-08-19 10:14:16,4,13,13,17.8,37.2,18.1,35,0,15
2026-08-19 10:19:17,5,9,9,17.7,37.4,18.1,35,0,15
2026-08-19 10:24:16,5,9,9,17.7,38,18.1,35.3,0,15
2026-08-19 10:29:16,8,18,19,17.7,38.1,18.2,35.4,0,15
2026-08-19 10:34:16,8,17,22,17.8,38.3,18.3,35.5,0,15
2026-08-19 10:39:16,8,25,25,17.8,38.2,18.4,35.3,0,15
2026-08-19 10:44:17,7,18,20,17.9,38.3,18.5,35.4,0,15
2026-08-19 10:49:17,6,14,16,18,38.6,18.7,35.6,0,15
2026-08-19 10:54:16,5,15,16,18.1,38.4,18.8,35.4,0,15
2026-08-19 10:59:16,7,15,19,18.2,38.4,19,35.4,0,15
2026-08-19 11:04:16,6,19,20,18.4,38.4,19.2,35.4,0,15
2026-08-19 11:09:17,12,26,27,18.5,38.8,19.4,35.6,0,15
2026-08-19 11:14:17,8,23,26,18.6,38.7,19.5,35.4,0,15
2026-08-19 11:19:18,6,18,22,18.8,38.5,19.8,35.2,0,15
2026-08-19 11:24:16,6,15,17,18.9,38.2,20,35.1,0,15
2026-08-19 11:29:17,5,17,19,19,38.3,20.1,35,0,15
2026-08-19 11:34:16,9,24,25,19.2,37.9,20.3,34.1,0,15
2026-08-19 11:39:16,8,23,26,19.4,37.6,20.5,33.8,0,15
2026-08-19 11:44:16,7,14,15,19.5,37.5,20.7,33.7,0,15
2026-08-19 11:49:17,5,13,16,19.6,37.5,20.9,33.7,0,15
2026-08-19 11:54:16,7,20,22,19.8,37.3,21.1,33.5,0,15
2026-08-19 11:59:17,9,23,27,19.9,37.1,21.3,33.1,0,15
2026-08-19 12:04:16,13,26,27,20.1,37.2,21.5,33,0,15
2026-08-19 12:09:17,6,22,22,20.2,37,,,0,15
2026-08-19 12:14:16,7,16,18,20.4,36.6,,,0,15
2026-08-19 12:19:17,12,25,26,20.5,36.9,,,0,15
2026-08-19 12:24:17,6,19,20,20.6,36.2,,,0,15
2026-08-19 12:29:17,18,30,33,20.8,36.9,,,0,15
2026-08-19 12:34:17,9,25,25,20.9,36.5,,,0,15
2026-08-19 12:39:17,19,28,30,21,36.3,,,0,15
2026-08-19 12:44:17,11,25,26,21.2,36.5,,,0,15
2026-08-19 12:49:17,17,28,29,21.2,36.4,,,0,15
2026-08-19 12:54:16,19,29,30,21.3,36.4,,,0,15
2026-08-19 12:59:17,13,24,26,21.5,36,,,0,15
2026-08-19 13:04:16,14,27,29,21.6,36,,,0,15
2026-08-19 13:09:17,22,35,41,21.7,36.3,,,0,15
2026-08-19 13:14:17,33,49,60,21.8,35.8,,,0,15
2026-08-19 13:19:17,22,35,40,21.9,35.8,,,0,15
2026-08-19 13:24:16,19,29,32,21.9,35.3,,,0,15
2026-08-19 13:29:17,22,33,38,22,35.7,,,0,15
2026-08-19 13:34:17,23,35,40,22,35.8,,,0,15
2026-08-19 13:39:17,23,35,41,22.1,35.4,,,0,15
2026-08-19 13:44:17,22,32,35,22.1,35.2,,,0,15
2026-08-19 13:49:17,21,34,38,22.2,34.9,,,0,15
2026-08-19 13:54:18,23,33,38,22.2,35.2,,,0,15
2026-08-19 13:59:16,22,35,41,22.3,34.9,,,0,15
2026-08-19 14:04:17,22,34,40,22.3,35,,,0,15
2026-08-19 14:09:17,22,35,42,22.4,35,24.3,30.2,0,15
2026-08-19 14:14:19,23,38,45,22.4,35.3,24.4,30.6,0,15
2026-08-19 14:19:17,22,33,36,22.5,34.7,24.5,30.1,0,15
2026-08-19 14:24:17,24,36,43,22.5,34.8,24.6,30,0,15
2026-08-19 14:29:17,22,34,40,22.6,35.2,24.7,30.3,0,15
2026-08-19 14:34:17,22,33,36,22.7,34.9,24.9,30,0,15
2026-08-19 14:39:17,22,34,40,22.8,34.7,25.1,29.9,0,15
2026-08-19 14:44:17,22,34,37,23,34.1,25.4,29.1,0,15
2026-08-19 14:49:17,22,37,44,23.2,34.3,25.7,29.1,0,15
2026-08-19 14:54:17,23,35,40,23.4,34.1,26,28.8,0,15
2026-08-19 14:59:17,23,36,45,23.6,33.5,26.1,28.5,0,15
2026-08-19 15:04:17,25,41,49,23.6,33.9,26,28.9,0,15
2026-08-19 15:09:17,21,34,37,23.5,33.4,25.9,28.3,0,15
2026-08-19 15:14:18,21,34,38,23.5,33.7,25.8,28.9,0,15
2026-08-19 15:19:17,22,33,37,23.3,33.5,25.6,28.6,0,15
2026-08-19 15:24:17,22,33,36,23.2,34.1,25.5,29.1,0,15
2026-08-19 15:29:16,22,33,36,23.1,34.4,25.3,29.6,0,15
2026-08-19 15:34:17,21,32,37,23,34.8,25.1,29.9,0,15
2026-08-19 15:39:18,22,33,37,22.9,35.7,25,30.8,0,15
2026-08-19 15:44:17,22,33,37,22.7,36,24.8,31,0,15
2026-08-19 15:49:17,21,32,37,22.6,36.1,24.6,31.1,0,15
2026-08-19 15:54:18,21,33,37,22.5,36.8,24.4,32.1,0,15
2026-08-19 15:59:17,21,33,37,22.4,37.2,24.3,32.4,0,15
2026-08-19 16:04:18,19,31,35,22.2,37.3,24.1,32.7,0,15
2026-08-19 16:09:19,19,30,36,22.1,37.6,23.9,33.3,0,15
2026-08-19 16:14:17,20,31,33,22,38.3,23.8,34,0,15
2026-08-19 16:19:17,21,35,40,21.9,38.6,23.6,34.5,0,15
2026-08-19 16:24:17,22,30,36,21.8,38.5,23.5,34.4,0,15
2026-08-19 16:29:17,20,31,33,21.7,39,23.3,35.1,0,15
2026-08-19 16:34:18,21,33,36,21.6,39.5,23.2,35.5,0,15
2026-08-19 16:39:18,19,33,35,21.5,39.6,23,35.6,0,15
2026-08-19 16:44:17,21,32,34,21.3,39.8,22.9,36,0,15
2026-08-19 16:49:17,19,30,31,21.3,40.1,22.8,36.3,0,15
2026-08-19 16:54:17,18,29,31,21.1,39.9,22.6,36.2,0,15
2026-08-19 16:59:17,17,27,28,21.1,40.4,22.5,36.7,0,15
2026-08-19 17:04:18,17,26,27,20.9,40.5,22.4,36.9,0,15
2026-08-19 17:09:18,17,28,29,20.9,40.6,22.3,36.9,0,15
2026-08-19 17:14:17,15,29,34,20.8,41.1,22.1,37.6,0,15
2026-08-19 17:19:17,15,28,29,20.7,41.3,22,38,0,15
2026-08-19 17:24:17,14,28,29,20.6,41.9,21.9,38.7,0,15
2026-08-19 17:29:17,19,33,36,20.5,42.5,21.7,39.2,0,15
2026-08-19 17:34:17,19,28,33,20.3,42.8,,,0,15
2026-08-19 17:39:18,18,30,33,20.3,43.6,,,0,15
2026-08-19 17:44:17,17,30,32,20.1,43.6,,,0,15
2026-08-19 17:49:17,15,30,31,20,44.2,,,0,15
2026-08-19 17:54:17,19,31,32,19.9,44.5,,,0,15
2026-08-19 17:59:18,15,29,30,19.8,44.4,,,0,15
2026-08-19 18:04:18,11,26,26,19.7,44.8,,,0,15
2026-08-19 18:09:18,15,28,29,19.5,45.1,20.5,42.4,0,15
2026-08-19 18:14:17,6,19,20,22,45.4,29,32.5,0,15
2026-08-19 18:19:17,6,14,15,24.9,40.3,33.3,25.7,0,15
2026-08-19 18:24:17,7,16,16,26.6,37,34.8,23.6,0,15
2026-08-19 18:29:17,7,14,16,27.6,34.3,,,,15
2026-08-19 18:34:18,5,10,13,28.4,33.4,36.3,21.5,0,15
2026-08-19 18:39:17,7,13,16,29,32.3,36.6,21.1,0,15
2026-08-19 18:44:18,5,10,11,29.6,31.9,37,20.7,0,15
2026-08-19 18:49:17,5,10,10,29.9,31.2,37.3,20.2,0,15
2026-08-19 18:54:17,7,12,13,30.1,30.7,37.6,19.8,0,15
2026-08-19 18:59:17,5,11,12,30,30.7,36.6,20.6,0,15
2026-08-19 19:04:21,6,16,16,30,30.4,37,20,0,15
2026-08-19 19:09:17,8,17,18,29.9,30.6,36.7,20.3,0,15
2026-08-19 19:14:18,7,18,18,29.8,30.7,36.4,20.7,0,15
2026-08-19 19:19:17,6,14,15,29.8,30.5,36.4,20.5,0,15
2026-08-19 19:24:18,6,14,17,29.7,30.4,36.5,20.2,0,15
2026-08-19 19:29:18,6,15,19,29.8,30.6,36.6,20.3,0,15
2026-08-19 19:34:18,7,18,20,29.8,30.1,36.4,20.1,0,15
2026-08-19 19:39:17,7,16,17,29.9,30.2,37,19.8,0,15
2026-08-19 19:44:18,8,14,18,30,29.8,37.3,19.3,0,15
2026-08-19 19:49:18,7,17,18,29.8,29.9,36.5,20,0,15
2026-08-19 19:54:18,6,14,15,29.9,29.6,37,19.4,0,15
2026-08-19 19:59:18,6,18,18,29.9,29.8,36.7,19.9,0,15
2026-08-19 20:04:18,7,14,19,30,29.8,37.1,19.6,0,15
2026-08-19 20:09:17,8,22,23,30,29.6,37,19.3,0,15
2026-08-19 20:14:18,6,19,19,29.9,29.9,36.5,20,0,15
2026-08-19 20:19:18,7,19,19,29.9,29.7,36.9,19.6,0,15
2026-08-19 20:24:17,7,19,19,29.8,29.7,36.5,19.7,0,15
2026-08-19 20:29:18,10,22,23,29.7,30,36.2,20,0,15
2026-08-19 20:34:18,6,17,19,29.6,30.1,36,20.2,0,15
2026-08-19 20:39:18,8,21,22,29.5,30.1,36.1,20.2,0,15
2026-08-19 20:44:17,7,19,19,29.4,30.2,36.1,20.2,0,15
2026-08-19 20:49:18,11,20,20,29.7,29.9,36.8,19.3,0,15
2026-08-19 20:54:18,12,23,23,29.5,30,36.1,20,0,15
2026-08-19 20:59:18,8,19,19,29.3,30.1,36.1,20.1,0,15
2026-08-19 21:04:18,9,22,23,29.4,29.9,36.3,19.8,0,15
2026-08-19 21:09:18,10,21,21,29.2,30.1,35.8,20.2,0,15
2026-08-19 21:14:18,11,25,25,29.2,30.1,36.3,19.7,0,15
2026-08-19 21:19:18,9,23,24,29.3,29.9,36.2,20,0,15
2026-08-19 21:24:18,6,18,19,29.4,29.9,36.4,19.7,0,15
2026-08-19 21:29:18,8,21,21,29.5,29.9,36.6,19.5,0,15
2026-08-19 21:34:18,9,19,19,29.6,29.7,36.6,19.3,0,15
2026-08-19 21:39:18,9,20,20,29.6,29.6,36.7,19.1,0,15
2026-08-19 21:44:18,10,21,22,29.5,29.3,36.4,19.1,0,15
2026-08-19 21:49:18,9,23,25,29.4,29.5,36.2,19.4,0,15
2026-08-19 21:54:18,13,25,27,29.1,29.6,35.7,19.7,0,15
2026-08-19 21:59:18,13,23,24,28.9,29.7,35.5,19.9,0,15
2026-08-19 22:04:18,13,24,24,28.9,29.9,35.9,19.8,0,15
2026-08-19 22:09:18,12,23,25,29.1,29.5,36.1,19.4,0,15
2026-08-19 22:14:18,14,25,25,29.1,29.4,36.2,19.3,0,15
2026-08-19 22:19:18,14,26,28,29,29.7,36,19.3,0,15
2026-08-19 22:24:18,14,25,27,29,29.6,35.8,19.5,0,15
2026-08-19 22:29:18,8,25,25,28.9,29.6,36,19.4,0,15
2026-08-19 22:34:18,14,25,25,29,29.6,36.1,19.2,0,15
2026-08-19 22:39:18,16,29,30,29,29.4,35.8,19.3,0,15
2026-08-19 22:44:18,16,27,28,28.8,29.6,35.4,19.8,0,15
2026-08-19 22:49:18,14,24,24,28.6,29.7,35.1,20,0,15
2026-08-19 22:54:18,15,25,26,28.6,29.6,35.2,19.6,0,15
2026-08-19 22:59:18,14,29,30,28.5,29.4,35.3,19.6,0,15
2026-08-19 23:04:18,13,27,28,28.4,29.5,34.9,19.9,0,15
2026-08-19 23:09:18,12,25,26,28.3,29.7,34.9,20,0,15
2026-08-19 23:14:18,15,27,28,28.2,30,34.9,20.1,0,15
2026-08-19 23:19:18,13,25,26,28.4,30,35.5,19.6,0,15
2026-08-19 23:24:18,14,28,28,28.4,29.7,35.4,19.5,0,15
2026-08-19 23:29:18,13,26,27,28.2,29.8,34.8,20.1,0,15
2026-08-19 23:34:18,13,29,29,28.3,30,,,,15
2026-08-19 23:39:18,9,22,22,28.3,29.8,35.3,19.8,0,15
2026-08-19 23:44:18,15,24,24,28.4,30.1,35.6,19.6,0,15
2026-08-19 23:49:18,13,25,25,28.4,29.9,35.4,19.5,0,15
2026-08-19 23:54:19,15,26,27,28.3,30,34.7,20.3,0,15
2026-08-19 23:59:18,9,23,23,28.1,30.1,34.7,20.5,0,15
2026-08-20 00:04:18,8,19,19,28.3,30.2,35.3,19.9,0,15
2026-08-20 00:09:18,8,22,22,28.4,29.7,35.4,19.5,0,15
2026-08-20 00:14:18,12,25,26,28.4,29.6,35.3,19.5,0,15
2026-08-20 00:19:18,14,23,23,28.4,29.9,35.2,20,0,15
2026-08-20 00:24:18,9,24,25,28.3,30,35,19.9,0,15
2026-08-20 00:29:18,7,21,22,28.1,30,34.5,20.3,0,15
2026-08-20 00:34:19,14,24,26,28.1,29.9,34.8,19.8,0,15
2026-08-20 00:39:18,10,22,22,27.9,30.1,34.5,20.3,0,15
2026-08-20 00:44:19,11,22,23,27.8,30,34.3,20.4,0,15
2026-08-20 00:49:19,12,27,28,27.8,30.4,34.3,20.6,0,15
2026-08-20 00:54:18,13,24,26,27.8,30.4,34.1,20.7,0,15
2026-08-20 00:59:19,12,24,26,27.8,30.2,34.3,20.3,0,15
2026-08-20 01:04:18,11,25,25,27.7,30.2,34.1,20.4,0,15
2026-08-20 01:09:19,8,23,24,27.7,29.8,34.3,20.1,0,15
2026-08-20 01:14:18,8,21,21,27.8,29.3,34.6,19.5,0,15
2026-08-20 01:19:19,14,27,28,27.8,29,34.4,19.4,0,15
2026-08-20 01:24:18,13,26,27,27.7,29.5,34.1,19.9,0,15
2026-08-20 01:29:18,16,28,33,27.9,29.1,,,,15
2026-08-20 01:34:18,12,24,25,27.9,28.7,34.6,18.9,0,15
2026-08-20 01:39:19,11,23,23,27.8,28.4,34.1,19,0,15
2026-08-20 01:44:19,9,23,23,27.7,28,34.3,18.5,0,15
2026-08-20 01:49:19,12,22,22,27.7,27.9,34.3,18.7,0,15
2026-08-20 01:54:19,11,22,23,27.7,28.2,34,18.9,0,15
2026-08-20 01:59:18,11,25,26,27.6,28.2,34,18.9,0,15
2026-08-20 02:04:19,7,23,24,27.5,28.4,34.1,18.9,0,15
2026-08-20 02:09:22,12,22,22,27.5,28.2,33.8,19,0,15
2026-08-20 02:14:18,7,19,20,27.4,27.8,33.8,18.7,0,15
2026-08-20 02:19:19,9,23,25,27.4,27.9,33.7,18.6,0,15
2026-08-20 02:24:19,6,18,18,27.5,27.8,34.2,18.2,0,15
2026-08-20 02:29:19,12,25,25,27.3,28.1,33.7,18.6,0,15
2026-08-20 02:34:19,5,18,19,27.3,28,33.7,18.6,0,15
2026-08-20 02:39:19,10,22,22,27.3,27.9,33.5,18.7,0,15
2026-08-20 02:44:19,11,24,24,27.4,28.3,34.2,18.5,0,15
2026-08-20 02:49:19,16,28,28,27.2,28.4,33.6,19,0,15
2026-08-20 02:54:19,13,22,22,27.2,28.6,33.5,19.1,0,15
2026-08-20 02:59:19,11,22,24,27.2,28.7,33.7,19,0,15
2026-08-20 03:04:18,14,27,28,27.3,28.5,34.1,18.8,0,15
2026-08-20 03:09:19,19,32,35,27.4,28.5,34.2,18.6,0,15
2026-08-20 03:14:19,12,23,24,27.5,28.6,34.2,18.8,0,15
2026-08-20 03:19:19,13,26,26,27.5,28.5,34.3,18.6,0,15
2026-08-20 03:24:19,13,24,25,27.4,28.2,33.6,18.8,0,15
2026-08-20 03:29:19,7,16,18,27.2,26.8,33.3,18,0,15
2026-08-20 03:34:19,3,7,8,27.2,26.1,33.6,17.1,0,15
2026-08-20 03:39:19,5,13,17,27.2,26.9,33.5,17.9,0,15
2026-08-20 03:44:19,10,23,24,27.2,27.7,33.3,18.6,0,15
2026-08-20 03:49:20,15,30,34,27.2,28,33.6,18.6,0,15
2026-08-20 03:54:19,12,26,27,27.2,27.9,33.5,18.6,0,15
2026-08-20 03:59:19,11,25,25,27.3,28.2,33.9,18.5,0,15
2026-08-20 04:04:19,10,23,24,27.2,28.1,33.4,18.8,0,15
2026-08-20 04:09:19,12,27,28,27.2,28.1,33.7,18.4,0,15
2026-08-20 04:14:19,10,23,23,27.3,28.3,33.9,18.5,0,15
2026-08-20 04:19:19,16,27,27,27.3,27.9,33.8,18.4,0,15
2026-08-20 04:24:19,11,23,27,27.1,28.2,33.6,18.7,0,15
2026-08-20 04:29:19,14,26,26,27.1,28.3,33.6,18.8,0,15
2026-08-20 04:34:19,12,24,25,27.2,28.1,33.8,18.5,0,15
2026-08-20 04:39:19,13,23,24,27,28.2,33.5,18.9,0,15
2026-08-20 04:44:19,12,25,27,27.1,28.2,33.7,18.5,0,15
2026-08-20 04:49:19,14,28,30,27,28.5,33.3,19.1,0,15
2026-08-20 04:54:19,15,27,28,27,28.5,33.3,18.9,0,15
2026-08-20 04:59:19,18,27,27,26.9,28.4,33.2,19,0,15
2026-08-20 05:04:19,14,27,28,26.8,28.6,33.3,18.9,0,15
2026-08-20 05:09:20,9,26,26,26.7,28.9,33,19.3,0,15
2026-08-20 05:14:19,17,28,29,26.7,29,33.1,19.3,0,15
2026-08-20 05:19:19,13,28,28,26.8,28.5,33.5,18.9,0,15
2026-08-20 05:24:19,18,28,32,26.7,29,33,19.4,0,15
2026-08-20 05:29:19,15,26,27,26.7,29.1,32.8,19.6,0,15
2026-08-20 05:34:19,19,30,31,26.7,28.9,32.9,19.4,0,15
2026-08-20 05:39:19,13,25,25,26.7,28.8,33,19.3,0,15
2026-08-20 05:44:19,17,27,29,26.7,28.3,33,18.9,0,15
2026-08-20 05:49:19,15,28,32,26.7,28.6,32.7,19.3,0,15
2026-08-20 05:54:19,13,27,28,26.7,28.4,32.8,19.2,0,15
2026-08-20 05:59:19,13,26,27,26.7,28.3,32.9,18.9,0,15
2026-08-20 06:04:19,15,28,29,26.5,28.5,32.6,19.2,0,15
2026-08-20 06:09:20,15,32,34,26.6,28.2,33.1,18.6,0,15
2026-08-20 06:14:20,12,26,28,26.6,28.3,32.9,18.8,0,15
2026-08-20 06:19:19,9,20,22,26.7,28,33.3,18.6,0,15
2026-08-20 06:24:20,14,30,30,26.8,28,33.6,18.2,0,15
2026-08-20 06:29:19,13,27,28,26.8,27.9,33.4,18,0,15
2026-08-20 06:34:20,16,26,26,26.7,27.9,33,18.5,0,15
2026-08-20 06:39:19,13,25,27,26.7,27.9,33.2,18.5,0,15
2026-08-20 06:44:19,15,27,29,26.6,27.7,32.8,18.3,0,15
2026-08-20 06:49:20,10,23,23,26.5,27.7,32.6,18.3,0,15
2026-08-20 06:54:19,7,16,16,26.5,28,33,18.5,0,15
2026-08-20 06:59:20,9,24,26,26.6,27.6,33.1,17.9,0,15
2026-08-20 07:04:20,9,20,20,26.5,27.7,32.7,18.3,0,15
2026-08-20 07:09:20,8,19,21,26.4,27.5,32.7,18.2,0,15
2026-08-20 07:14:19,7,19,19,26.4,27.7,32.5,18.3,0,15
2026-08-20 07:19:20,6,18,19,26.4,27.6,32.5,18.4,0,15
2026-08-20 07:24:20,7,20,20,26.4,27.6,32.6,18.3,0,15
2026-08-20 07:29:20,4,11,11,26.5,27.5,33.1,17.7,0,15
2026-08-20 07:34:19,7,19,20,26.5,27,33,17.7,0,15
2026-08-20 07:39:20,5,11,11,26.4,27,32.5,17.7,0,15
2026-08-20 07:44:20,4,7,7,26.5,26.9,33.2,17.4,0,15
2026-08-20 07:49:20,5,12,13,26.7,26.5,33.5,16.8,0,15
2026-08-20 07:54:20,4,10,11,26.6,26.7,32.8,17.5,0,15
2026-08-20 07:59:20,3,6,7,26.5,26.8,32.8,17.6,0,15
2026-08-20 08:04:19,2,8,8,26.6,26.9,33.1,17.3,0,15
2026-08-20 08:09:20,4,6,7,26.7,27.1,33.2,17.6,0,15
2026-08-20 08:14:19,5,9,9,26.8,26.7,33.2,17.2,0,15
2026-08-20 08:19:20,2,7,8,26.7,26.7,32.8,17.7,0,15
2026-08-20 08:24:20,4,7,8,26.6,26.8,32.8,17.7,0,15
2026-08-20 08:29:20,4,8,8,26.6,26.7,32.8,17.4,0,15
2026-08-20 08:34:20,4,8,11,26.6,26.6,33,17.3,0,15
2026-08-20 08:39:19,5,11,11,26.8,26.6,,,,15
2026-08-20 08:44:20,4,10,12,27,27.1,33.6,17.5,0,15
2026-08-20 08:49:20,6,15,17,27.1,27,33.8,17.3,0,15
2026-08-20 08:54:20,12,24,25,27.2,27.6,33.7,18,1,15
2026-08-20 08:59:20,11,24,24,27.3,28.5,33.8,18.9,0,15
2026-08-20 09:04:20,13,25,26,27.4,28.3,34.3,18.4,0,15
2026-08-20 09:09:20,9,23,23,27.6,27.5,34.5,17.7,0,15
2026-08-20 09:14:20,8,22,22,27.5,27.2,34,17.9,0,15
2026-08-20 09:19:20,7,23,24,27.6,27.6,34.2,18.1,0,15
2026-08-20 09:24:20,8,22,23,27.7,27.4,34.4,17.9,0,15
2026-08-20 09:29:20,8,22,23,27.7,27.5,34,18.3,0,15
2026-08-20 09:34:20,12,26,28,26.6,27.4,30.2,20.3,0,15
2026-08-20 09:39:20,12,27,27,24.1,29.3,25.1,25.5,0,15
2026-08-20 09:44:21,13,28,29,22,31.5,22,29.5,0,15
2026-08-20 09:49:20,11,26,28,20.5,32.9,20.4,31.7,0,15
2026-08-20 09:54:20,8,23,24,19.4,34.9,19.4,33.6,0,15
2026-08-20 09:59:21,8,23,26,18.8,36.2,18.8,34.8,0,15
2026-08-20 10:04:21,8,25,26,18.3,37.2,18.4,35.7,0,15
2026-08-20 10:09:20,7,25,25,18,37.8,18.2,36.1,0,15
2026-08-20 10:14:20,12,28,29,17.9,38.7,18.2,36.9,0,15
2026-08-20 10:19:21,14,30,31,17.8,39.5,18.1,37.9,0,15
2026-08-20 10:24:20,14,31,33,17.8,40.1,18.2,38.2,0,15
2026-08-20 10:29:20,19,32,34,17.8,40.6,18.3,38.5,0,15
2026-08-20 10:34:20,19,33,39,17.9,40.8,18.4,38.7,0,15
2026-08-20 10:39:20,22,35,38,17.9,40.8,18.5,38.7,0,15
2026-08-20 10:44:20,21,33,38,18,41.3,18.6,39,0,15
2026-08-20 10:49:21,16,30,33,18.1,40.8,18.8,38.4,0,15
2026-08-20 10:54:21,16,33,36,18.2,40.8,18.9,38.1,0,15
2026-08-20 10:59:20,17,31,37,18.4,40.8,19.1,38.1,0,15
2026-08-20 11:04:21,18,33,36,18.5,41.1,19.3,38.3,0,15
2026-08-20 11:09:21,17,31,32,18.6,40.7,19.5,37.9,0,15
2026-08-20 11:14:20,12,28,29,18.8,40.2,19.6,37.4,0,15
2026-08-20 11:19:20,12,26,27,18.9,40,19.8,37.1,0,15
2026-08-20 11:24:20,16,29,32,19,40,20,36.8,0,15
2026-08-20 11:29:20,13,30,30,19.1,39.8,20.2,36.9,0,15
2026-08-20 11:34:21,9,27,27,19.3,39.9,20.4,36.6,0,15
2026-08-20 11:39:22,17,31,33,19.5,40,20.6,36.8,0,15
2026-08-20 11:44:20,24,37,44,19.6,40.8,20.9,37.5,0,15
2026-08-20 11:49:20,23,35,39,19.8,40.9,21.1,37.4,0,15
2026-08-20 11:54:21,24,41,49,20,40.8,21.3,37.3,0,15
2026-08-20 11:59:21,24,40,47,20.2,40.8,21.5,37.3,0,15
2026-08-20 12:04:21,25,41,49,20.3,40.8,21.8,37.3,0,15
2026-08-20 12:09:20,24,38,48,20.5,40.9,21.9,37.2,0,15
2026-08-20 12:14:20,24,41,50,20.6,40.8,22.1,37.2,0,15
2026-08-20 12:19:22,26,42,52,20.7,40.6,22.2,37,0,15
2026-08-20 12:24:21,26,41,49,20.8,40.6,22.4,36.9,0,15
2026-08-20 12:29:20,27,43,53,20.9,40.7,22.5,36.9,0,15
2026-08-20 12:34:20,28,43,51,21,40.3,22.5,36.7,0,15
2026-08-20 12:39:20,27,44,52,21.1,40.3,22.6,36.7,0,15
2026-08-20 12:44:21,27,44,53,21.1,40.3,22.7,36.6,0,15
2026-08-20 12:49:21,29,45,55,21.1,39.7,22.8,36.2,0,15
2026-08-20 12:54:21,28,48,58,21.2,40,22.8,36.3,0,15
2026-08-20 12:59:21,29,46,56,21.3,39.7,22.9,36,0,15
2026-08-20 13:04:21,30,46,56,21.4,39.6,23,35.9,0,15
2026-08-20 13:09:21,28,46,54,21.4,39.8,23.1,35.8,0,15
2026-08-20 13:14:20,29,46,56,21.5,39.8,23.2,35.7,0,15
2026-08-20 13:19:21,29,47,58,21.7,39.6,23.3,35.5,0,15
2026-08-20 13:24:22,31,49,60,21.7,39.5,23.4,35.5,0,15
2026-08-20 13:29:21,31,52,64,21.8,39.6,23.5,35.5,0,15
2026-08-20 13:34:21,31,51,63,21.8,39.2,23.6,35,0,15
2026-08-20 13:39:21,33,51,63,21.9,38.8,23.6,34.7,0,15
2026-08-20 13:44:21,30,48,61,21.9,38.7,23.6,34.6,0,15
2026-08-20 13:49:21,31,51,63,22,38.6,23.7,34.4,0,15
2026-08-20 13:54:22,31,51,63,22,38.4,23.7,34.3,0,15
2026-08-20 13:59:20,31,51,63,22,38.4,23.8,34.1,0,15
2026-08-20 14:04:21,32,52,67,22,38.7,23.8,34.3,0,15
2026-08-20 14:09:21,30,49,60,22,37.7,23.9,33.3,0,15
2026-08-20 14:14:21,29,48,60,22.1,37.9,23.9,33.4,0,15
2026-08-20 14:19:21,28,44,53,22.1,36.8,23.9,32.2,0,15
2026-08-20 14:24:22,28,45,54,22,36.9,23.8,32.6,0,15
2026-08-20 14:29:21,28,46,58,22,37.2,23.8,32.9,0,15
2026-08-20 14:34:22,28,46,55,22,37.3,23.8,33,0,15
2026-08-20 14:39:21,28,45,56,22,38.1,23.8,33.7,0,15
2026-08-20 14:44:22,29,48,57,22,38.2,23.8,34,0,15
2026-08-20 14:49:22,31,52,63,22,38.4,23.8,34.1,0,15
2026-08-20 14:54:21,32,51,64,22,39,23.8,34.6,0,15
2026-08-20 14:59:22,32,52,66,22,39,23.8,34.8,0,15
2026-08-20 15:04:21,34,57,69,22,38.7,23.8,34.6,0,15
2026-08-20 15:09:22,34,60,71,22,39,23.7,34.9,0,15
2026-08-20 15:14:21,34,57,68,21.9,39.1,23.6,35,0,15
2026-08-20 15:19:21,34,59,71,21.9,39.6,23.6,35.5,0,15
2026-08-20 15:24:21,34,59,70,21.9,39.5,23.5,35.5,0,15
2026-08-20 15:29:21,34,57,70,21.8,39.4,23.4,35.3,0,15
2026-08-20 15:34:21,41,68,76,21.8,40,23.4,36,0,15
2026-08-20 15:39:22,33,57,69,21.7,40.1,23.3,36,0,15
2026-08-20 15:44:21,34,60,71,21.7,40.1,23.3,36.3,0,15
2026-08-20 15:49:22,34,61,73,21.7,40.5,23.2,36.6,0,15
2026-08-20 15:54:21,34,60,72,21.6,40.9,23.1,37.2,0,15
2026-08-20 15:59:22,34,58,70,21.5,40.9,23.1,37.2,0,15
2026-08-20 16:04:21,34,59,71,21.5,40.9,23,37.1,0,15
2026-08-20 16:09:21,39,66,76,21.4,41.1,23,37.3,0,15
2026-08-20 16:14:22,35,60,72,21.4,40.9,22.9,37.3,0,15
2026-08-20 16:19:21,37,64,74,21.3,41.2,22.9,37.7,0,15
2026-08-20 16:24:21,35,62,72,21.3,41.2,22.8,37.8,0,15
2026-08-20 16:29:22,37,64,74,21.3,41.3,22.8,38,0,15
2026-08-20 16:34:21,35,60,72,21.2,41.3,22.7,38.2,0,15
2026-08-20 16:39:21,35,61,72,21.2,41.3,22.6,37.9,0,15
2026-08-20 16:44:22,35,63,72,21.1,41.3,22.5,37.9,0,15
2026-08-20 16:49:21,36,64,76,21,41.3,22.5,38.2,0,15
2026-08-20 16:54:21,36,64,76,21,41.6,22.4,38.2,0,15
2026-08-20 16:59:22,35,62,74,20.9,41.7,22.3,38.5,0,15
2026-08-20 17:04:21,35,60,72,20.9,42.2,22.2,38.9,0,15
2026-08-20 17:09:21,35,61,73,20.8,41.9,22.2,38.6,0,15
2026-08-20 17:14:22,35,61,73,20.8,42.4,22.1,39.1,0,15
2026-08-20 17:19:21,36,63,75,20.7,42.2,22,39.1,0,15
2026-08-20 17:24:22,37,65,76,20.7,42.5,22,39.5,0,15
2026-08-20 17:29:21,36,62,73,20.6,42.9,21.9,39.7,0,15
2026-08-20 17:34:22,40,69,79,20.6,43.2,21.8,40.1,0,15
2026-08-20 17:39:22,38,67,78,20.4,43.1,21.7,40,0,15
2026-08-20 17:44:22,35,59,71,20.4,42.9,,,0,15
2026-08-20 17:49:23,35,61,71,20.3,43.1,,,0,15
2026-08-20 17:54:25,36,61,73,20.3,43.2,,,0,15
2026-08-20 17:59:21,35,63,73,20.2,43.5,,,0,15
2026-08-20 18:04:22,35,61,74,20.1,43.5,,,0,15
2026-08-20 18:09:21,36,59,73,20,44.2,21.2,41.3,0,15
2026-08-20 18:14:21,35,57,71,20,44.1,21.1,41.2,0,15
2026-08-20 18:19:22,35,56,71,19.9,44.4,21,41.5,0,15
2026-08-20 18:24:21,37,64,74,19.8,44.4,20.9,41.7,0,15
2026-08-20 18:29:22,38,64,77,19.7,44.7,20.8,42.1,0,15
2026-08-20 18:34:22,37,62,75,19.6,45.2,20.7,42.8,0,15
2026-08-20 18:39:21,36,61,72,19.5,45.3,20.6,42.8,0,15
2026-08-20 18:44:22,36,61,74,19.4,45.3,20.5,42.9,0,15
2026-08-20 18:49:22,35,57,71,19.4,45.4,20.3,43,0,15
2026-08-20 18:54:22,36,60,73,19.3,45.8,20.2,43.4,0,15
2026-08-20 18:59:22,35,56,70,19.2,45.9,20.1,43.6,0,15
2026-08-20 19:04:22,33,54,67,20.8,45.7,25.5,36.2,0,15
2026-08-20 19:09:22,35,57,71,21.2,43.1,24.3,36,0,15
2026-08-20 19:14:22,33,52,66,22.6,41.3,27.4,31.5,0,15
2026-08-20 19:19:23,33,58,70,22.1,40.8,24.7,34.6,0,15
2026-08-20 19:24:22,33,58,70,21.3,41.3,22.8,37.5,0,15
2026-08-20 19:29:22,34,55,70,20.6,42,21.6,39.1,0,15
2026-08-20 19:34:22,33,53,65,20,42.6,20.8,40.2,0,15
2026-08-20 19:39:21,32,52,65,19.6,42.8,20.4,40.4,0,15
2026-08-20 19:44:22,29,45,57,19.3,42.9,20,40.4,0,15
2026-08-20 19:49:22,30,49,59,19,42.9,19.7,40.8,0,15
2026-08-20 19:54:22,28,46,54,18.9,43.4,19.5,41.3,0,15
2026-08-20 19:59:21,31,51,63,18.7,44,19.3,42.1,0,15
2026-08-20 20:04:22,30,50,62,18.6,44.3,19.1,42.5,0,15
2026-08-20 20:09:21,31,51,65,18.5,44.8,19,43.2,0,15
2026-08-20 20:14:22,36,58,70,18.4,45.5,18.9,44.1,0,15
2026-08-20 20:19:23,33,54,68,18.3,47.1,,,,15
2026-08-20 20:24:22,31,50,62,20.9,45.5,,,,15
2026-08-20 20:29:22,29,46,57,23.7,41.2,32.3,26.4,0,15
2026-08-20 20:34:22,29,47,58,24.4,38.6,29.6,28.5,0,15
2026-08-20 20:39:22,33,53,66,24.6,36.7,28.9,27.8,0,15
2026-08-20 20:44:22,28,47,58,25.6,36.5,32.3,25.3,0,15
2026-08-20 20:49:22,28,44,55,26.8,34.8,33.9,23.3,0,15
2026-08-20 20:54:22,27,45,54,27.6,33.1,35.2,21.8,0,15
2026-08-20 20:59:22,28,46,55,28.3,32.2,35.7,21.2,0,15
2026-08-20 21:04:22,28,47,56,28.5,31.6,35.5,21.2,0,15
2026-08-20 21:09:22,32,50,63,27.7,31.3,32,23.4,0,15
2026-08-20 21:14:23,30,49,62,27.2,32.3,32.8,23.5,0,15
2026-08-20 21:19:23,32,51,62,27.2,32.1,,,,15
2026-08-20 21:24:22,31,51,62,27.5,31.6,33.4,22.1,0,15
2026-08-20 21:29:22,32,52,64,27.2,31.7,32.3,23,0,15
2026-08-20 21:34:22,30,50,62,26.8,32.3,32,23.6,0,15
2026-08-20 21:39:22,31,52,65,25.3,33.1,27.7,27.7,0,15
2026-08-20 21:44:22,33,53,67,23.4,35.2,24.4,32.1,0,15
2026-08-20 21:49:22,33,53,66,21.9,37.7,22.4,35.5,0,15
2026-08-20 21:54:23,33,53,69,20.8,39.3,,,,15
2026-08-20 21:59:23,26,42,49,23.2,39.1,29.9,27.9,0,15
2026-08-20 22:04:22,28,46,57,25.4,35.3,33.4,22.8,0,15
2026-08-20 22:09:22,29,45,55,26.5,33,33.7,21.8,0,15
2026-08-20 22:14:22,24,39,48,27.3,32.2,34.8,20.9,0,15
2026-08-20 22:19:22,23,39,46,27.9,31.4,35.3,20.6,0,15
2026-08-20 22:24:22,27,44,53,28.2,31,35.2,20.2,0,15
2026-08-20 22:29:26,26,41,48,28.5,30.6,35.8,19.9,0,15
2026-08-20 22:34:22,24,41,49,28.8,29.6,36,19.2,0,15
2026-08-20 22:39:22,25,40,47,28.7,29.6,35.5,19.7,0,15
2026-08-20 22:44:23,21,37,44,28.1,28.7,33.1,20.3,0,15
2026-08-20 22:49:22,25,41,49,25.8,30.6,27.6,25.8,0,15
2026-08-20 22:54:22,24,40,48,23.6,32.3,24.1,29.6,0,15
2026-08-20 22:59:23,23,36,43,21.9,34.2,22.1,32.3,0,15
2026-08-20 23:04:23,19,30,31,20.6,34.6,20.8,32.7,0,15
2026-08-20 23:09:23,8,25,27,20.1,38.6,21.6,36,0,15
2026-08-20 23:14:22,7,20,20,22.9,35.2,30.4,23.5,0,15
2026-08-20 23:19:23,7,19,21,25,31.9,33.1,20.1,0,15
2026-08-20 23:24:23,6,22,24,26.3,30.3,34,19.2,0,15
2026-08-20 23:29:22,17,32,35,27,29.7,,,,15
2026-08-20 23:34:22,23,39,45,27.6,29.8,34.5,19.4,0,15
2026-08-20 23:39:22,30,49,61,27,30,31.6,21.8,0,15
2026-08-20 23:44:23,31,48,62,24.9,32,26.5,27.6,0,15
2026-08-20 23:49:22,30,50,62,24.4,32.9,27,27.1,0,15
2026-08-20 23:54:23,24,40,47,25.4,33.1,31.7,23.3,0,15
2026-08-20 23:59:22,24,38,46,26.5,31.5,33.5,21.1,0,15
2026-08-21 00:04:23,23,38,44,27.4,30.5,34.8,19.6,0,15
2026-08-21 00:09:23,24,39,48,27.9,29.8,34.8,19.5,0,15
2026-08-21 00:14:23,22,38,44,28.1,29.1,34.8,19.1,0,15
2026-08-21 00:19:23,21,33,38,28.3,28.2,34.9,18.3,0,15
2026-08-21 00:24:23,20,32,34,28.3,28.1,34.7,18.6,0,15
2026-08-21 00:29:23,20,31,34,28.4,27.4,35,17.9,0,15
2026-08-21 00:34:22,18,33,38,27.6,26.6,31.9,19.2,0,15
2026-08-21 00:39:23,19,33,39,25.2,28,26.6,23.7,0,15
2026-08-21 00:44:23,12,26,26,24.8,29.7,28.9,22.8,0,15
2026-08-21 00:49:23,6,18,18,26.2,28.5,33.2,18.5,0,15
2026-08-21 00:54:23,14,28,30,27.1,27.5,34.4,17.5,0,15
2026-08-21 00:59:23,21,34,39,27.4,27.7,33.4,18.2,0,15
2026-08-21 01:04:23,23,39,46,26.3,29.5,30.7,21.9,0,15
2026-08-21 01:09:23,22,37,42,27.2,29.3,33.9,19.5,0,15
2026-08-21 01:14:23,22,35,44,27.9,28.5,35,18.3,0,15
2026-08-21 01:19:23,23,38,47,28,28.1,34.7,18.5,0,15
2026-08-21 01:24:23,24,37,45,28.4,27.6,35.3,17.7,0,15
2026-08-21 01:29:23,23,40,48,28.6,27.5,,,,15
2026-08-21 01:34:23,22,37,44,28.6,27.5,35.2,17.8,0,15
2026-08-21 01:39:23,21,35,40,28.6,27.4,35.2,17.9,0,15
2026-08-21 01:44:23,22,35,39,28.5,27.1,35.1,18,0,15
2026-08-21 01:49:24,20,35,39,28.6,27.4,35.3,17.6,0,15
2026-08-21 01:54:23,22,36,42,28.5,27.4,35.3,17.9,0,15
2026-08-21 01:59:23,24,41,49,28.7,27.5,35.7,17.5,0,15
2026-08-21 02:04:26,24,39,47,28.5,27.5,35,18.1,0,15
2026-08-21 02:09:23,23,38,46,28.5,27.6,35.3,18,0,15
2026-08-21 02:14:23,25,41,49,28.4,27.6,,,,15
2026-08-21 02:19:23,23,38,45,28.5,27.5,35.2,17.9,0,15
2026-08-21 02:24:23,23,36,42,28.3,27.7,34.8,18.3,0,15
2026-08-21 02:29:23,24,39,48,28.5,27.7,35.4,17.8,0,15
2026-08-21 02:34:23,23,38,44,28.4,27.8,34.9,18.2,0,15
2026-08-21 02:39:24,24,38,46,28.4,27.6,34.8,18.2,0,15
2026-08-21 02:44:24,24,40,48,28.3,27.6,,,,15
2026-08-21 02:49:23,25,41,48,28.2,27.8,34.7,18.2,0,15
2026-08-21 02:54:23,21,35,41,28.3,27.3,35,17.8,0,15
2026-08-21 02:59:23,19,29,33,28.1,26.5,34.7,17.4,0,15
2026-08-21 03:04:23,21,34,40,28.2,26.9,34.7,17.3,0,15
2026-08-21 03:09:23,20,30,35,28.2,27.1,34.9,17.4,0,15
2026-08-21 03:14:23,8,22,24,28.1,25.2,34.5,16.4,0,15
2026-08-21 03:19:24,7,20,22,28.2,25.5,35,16,0,15
2026-08-21 03:24:23,7,22,22,28.2,25.2,34.6,16.1,0,15
2026-08-21 03:29:23,6,16,19,28.1,25.3,34.6,16.2,0,15
2026-08-21 03:34:23,4,14,17,28.1,25,34.7,15.9,0,15
2026-08-21 03:39:23,6,13,15,28,24.8,34.5,15.9,0,15
2026-08-21 03:44:23,2,5,7,28.1,25.1,35.1,15.4,0,15
2026-08-21 03:49:23,1,5,5,28.3,24.3,35.3,14.9,0,15
2026-08-21 03:54:23,1,2,2,28.1,23.9,34.5,15.1,0,15
2026-08-21 03:59:23,1,2,3,28.1,23.8,,,,15
2026-08-21 04:04:23,0,4,4,28,23.9,34.5,14.8,0,15
2026-08-21 04:09:24,0,2,2,28,23.8,34.4,15,0,15
2026-08-21 04:14:23,0,0,0,28.1,23.6,34.6,14.7,0,15
2026-08-21 04:19:23,0,0,0,28,23.1,34.4,14.6,0,15
2026-08-21 04:24:23,0,0,0,28,23.1,34.7,14.1,0,15
2026-08-21 04:29:23,0,0,0,27.9,23.1,34.3,14.2,0,15
2026-08-21 04:34:24,0,5,5,27.9,23.6,34.1,14.8,0,15
2026-08-21 04:39:23,7,19,24,28,24.2,34.7,14.9,0,15
2026-08-21 04:44:23,7,18,19,28,24.2,34.5,15.3,0,15
2026-08-21 04:49:24,14,27,27,28,24.7,,,,15
2026-08-21 04:54:23,8,23,24,28.1,24.9,34.7,15.8,0,15
2026-08-21 04:59:23,10,24,27,28.2,25.1,35.1,15.5,0,15
2026-08-21 05:04:24,8,24,26,28.2,24.7,35,15.2,0,15
2026-08-21 05:09:24,6,22,22,28.3,24.4,35,15.4,0,15
2026-08-21 05:14:24,6,16,19,28.2,24.2,34.6,15,0,15
2026-08-21 05:19:24,6,15,18,28.1,24.2,34.6,15.2,0,15
2026-08-21 05:24:24,4,12,17,28,24.1,34.5,15.2,0,15
2026-08-21 05:29:23,4,11,16,27.9,24.4,34,15.6,0,15
2026-08-21 05:34:24,8,14,15,27.9,24.4,34.8,14.9,0,15
2026-08-21 05:39:23,4,11,12,27.9,24,34.3,15.2,0,15
2026-08-21 05:44:24,2,8,8,27.8,24.2,34.3,15.1,0,15
2026-08-21 05:49:24,2,4,4,27.8,23.5,34.3,14.6,0,15
2026-08-21 05:54:24,0,3,3,27.7,23.6,34.2,14.5,0,15
2026-08-21 05:59:23,0,3,3,27.7,23.2,34,14.3,0,15
2026-08-21 06:04:24,1,4,4,27.8,23.4,,,,15
2026-08-21 06:09:24,0,1,1,27.9,23.1,34.6,14.2,0,15
2026-08-21 06:14:24,0,0,0,28,22.8,34.7,13.7,0,15
2026-08-21 06:19:24,0,1,1,27.9,23,34.4,14.2,0,15
2026-08-21 06:24:24,0,1,1,27.8,22.3,34,13.9,0,15
2026-08-21 06:29:24,0,0,1,27.9,22.3,34.7,13.4,0,15
2026-08-21 06:34:24,0,1,1,28,22,34.8,13.2,0,15
2026-08-21 06:39:24,0,0,0,27.9,22.4,34.4,13.7,0,15
2026-08-21 06:44:24,0,0,0,27.9,22.4,34.5,13.4,0,15
2026-08-21 06:49:24,0,0,0,28,22.5,34.8,13.4,0,15
2026-08-21 06:54:24,0,0,0,28.1,22.4,35.1,13.2,0,15
2026-08-21 06:59:24,0,0,0,28.1,22.1,34.8,13.2,0,15
2026-08-21 07:04:24,0,0,0,27.9,22.1,34.2,13.5,0,15
2026-08-21 07:09:24,0,0,0,27.8,21.7,34.2,13.1,0,15
2026-08-21 07:14:24,0,0,0,27.8,21.9,34.1,13.3,0,15
2026-08-21 07:19:24,0,0,0,27.9,21.6,34.4,12.8,0,15
2026-08-21 07:24:24,0,0,0,27.8,21.6,34,13.1,0,15
2026-08-21 07:29:25,0,2,3,27.9,21.9,34.4,12.9,0,15
2026-08-21 07:34:24,0,0,0,27.8,22.1,34.1,13.3,0,15
2026-08-21 07:39:24,0,3,3,27.8,21.7,34.2,13.3,0,15
2026-08-21 07:44:24,0,0,0,27.7,21.8,34,13.3,0,15
2026-08-21 07:49:24,0,0,0,27.9,21.2,34.3,12.7,0,15
2026-08-21 07:54:24,0,0,0,27.7,21.6,33.9,13.1,0,15
2026-08-21 07:59:24,0,0,0,27.8,21.9,34.4,13.1,0,15
2026-08-21 08:04:24,0,0,0,27.8,21.7,34.2,13.3,0,15
2026-08-21 08:09:25,0,2,3,27.8,22.2,34.2,13.3,0,15
2026-08-21 08:14:24,0,2,2,27.7,22.1,33.8,13.5,0,15
2026-08-21 08:19:24,0,0,0,27.8,22.2,34.1,13.4,0,15
2026-08-21 08:24:24,0,4,6,27.7,22.3,34.2,13.4,0,15
2026-08-21 08:29:24,0,1,1,27.8,22.5,,,,15
2026-08-21 08:34:24,0,11,12,27.8,22.9,34.2,13.8,0,15
2026-08-21 08:39:24,0,3,4,27.8,22.2,34.1,13.2,0,15
2026-08-21 08:44:24,0,3,4,27.8,22.6,33.9,13.8,0,15
2026-08-21 08:49:24,0,1,1,27.9,22.5,34.4,13.4,0,15
2026-08-21 08:54:24,2,6,6,27.9,22.7,34.3,13.9,0,15
2026-08-21 08:59:25,1,3,3,27.9,22.5,34.1,13.9,0,15
2026-08-21 09:04:24,0,3,3,28,23,34.3,14.2,0,15
2026-08-21 09:09:24,3,7,9,26.5,22.4,29.6,16.1,0,15
2026-08-21 09:14:24,3,6,8,24.1,23.3,24.9,18.9,0,15
2026-08-21 09:19:24,1,7,7,22.1,25.4,22.1,22.3,0,15
2026-08-21 09:24:24,0,3,4,20.7,27.1,,,0,15
2026-08-21 09:29:24,0,1,1,19.7,27.5,,,0,15
2026-08-21 09:34:25,0,1,1,19,28.1,,,0,15
2026-08-21 09:39:24,0,0,1,18.6,28.7,,,0,15
2026-08-21 09:44:24,0,1,2,18.3,29.7,,,0,15
2026-08-21 09:49:24,0,0,0,18.2,30.4,,,0,15
2026-08-21 09:54:25,0,1,1,18.1,30.9,,,0,15
2026-08-21 09:59:27,0,1,1,18.1,30.9,,,0,15
2026-08-21 10:04:25,0,5,5,18.1,30.9,,,0,15
2026-08-21 10:09:25,0,4,4,18.3,31.9,18.9,29,0,15
2026-08-21 10:14:25,1,6,7,18.4,33,19.1,29.8,0,15
2026-08-21 10:19:25,2,6,7,18.5,33.3,19.3,29.9,0,15
2026-08-21 10:24:24,5,8,9,18.7,33.7,19.6,30.3,0,15
2026-08-21 10:29:25,4,12,14,18.9,33.9,19.8,30.3,0,15
2026-08-21 10:34:24,6,19,23,19,33.6,20,30.3,0,15
2026-08-21 10:39:24,12,27,27,19.2,33.7,20.3,29.9,0,15
2026-08-21 10:44:25,7,21,23,19.4,33.5,20.5,29.6,0,15
2026-08-21 10:49:25,5,8,11,19.6,33,20.8,29.1,0,15
2026-08-21 10:54:25,5,11,13,19.8,33,21,29.2,0,15
2026-08-21 10:59:25,4,9,13,19.9,32.6,21.3,28.6,0,15
2026-08-21 11:04:24,5,11,13,20.1,32.6,21.5,28.4,0,15
2026-08-21 11:09:26,5,7,8,20.3,32.3,21.8,28.2,0,15
2026-08-21 11:14:24,4,7,8,20.5,32,22,27.8,0,15
2026-08-21 11:19:24,3,9,9,20.7,32,22.2,27.9,0,15
2026-08-21 11:24:25,5,11,12,20.9,31.9,22.5,27.5,0,15
2026-08-21 11:29:25,3,7,8,21.1,32,22.7,27.8,0,15
2026-08-21 11:34:24,5,12,15,21.2,31.6,23,27.3,0,15
2026-08-21 11:39:25,5,12,13,21.4,31.7,23.2,27.1,0,15
2026-08-21 11:44:25,6,14,15,21.6,31.7,23.4,27,0,15
2026-08-21 11:49:24,5,9,14,21.8,31.1,23.6,26.6,0,15
2026-08-21 11:54:24,5,12,13,22,30.6,23.9,26,0,15
2026-08-21 11:59:25,2,9,9,22.1,30.7,24.1,25.8,0,15
2026-08-21 12:04:26,3,8,10,22.3,30.4,24.3,25.7,0,15
2026-08-21 12:09:25,3,7,8,22.5,30.1,24.5,25.2,0,15
2026-08-21 12:14:25,2,7,8,22.6,30.1,24.7,25.1,0,15
2026-08-21 12:19:25,2,7,7,22.8,29.3,24.9,24.4,0,15
2026-08-21 12:24:25,3,8,10,22.9,29.7,25.1,24.6,0,15
2026-08-21 12:29:25,3,9,9,23.1,28.7,25.3,23.7,0,15
2026-08-21 12:34:25,3,7,7,23.2,28.8,25.5,23.6,0,15
2026-08-21 12:39:24,1,4,5,23.4,28.1,25.6,23.2,0,15
2026-08-21 12:44:25,5,9,11,23.5,28.1,25.8,23,0,15
2026-08-21 12:49:25,6,14,14,23.7,29.1,26,24.1,0,15
2026-08-21 12:54:25,4,10,11,23.8,29.6,26.1,24.1,0,15
2026-08-21 12:59:25,7,19,19,23.9,29.1,26.3,23.8,0,15
2026-08-21 13:04:26,7,23,24,24.1,29.5,26.4,24.3,0,15
2026-08-21 13:09:27,16,29,37,24.2,29.4,26.6,24.3,0,15
2026-08-21 13:14:26,8,25,25,24.4,29.5,26.7,23.9,0,15
2026-08-21 13:19:25,5,11,13,24.5,27.7,26.8,22.3,0,15
2026-08-21 13:24:25,5,16,18,24.5,28.3,26.9,22.7,0,15
2026-08-21 13:29:25,6,18,20,24.6,28.9,27,23.4,0,15
2026-08-21 13:34:25,8,19,20,24.7,28.6,27,23.4,0,15
2026-08-21 13:39:24,8,23,24,24.8,29,27.1,23.6,0,15
2026-08-21 13:44:25,11,26,28,24.8,28.9,27.2,23.6,0,15
2026-08-21 13:49:25,8,24,25,24.8,28.9,27.2,23.5,0,15
2026-08-21 13:54:25,8,22,24,24.9,29.1,27.2,24,0,15
2026-08-21 13:59:25,15,27,27,24.8,29.4,27.2,23.9,0,15
2026-08-21 14:04:25,18,32,35,24.8,29,27.1,23.8,0,15
2026-08-21 14:09:26,18,29,32,24.8,29.4,27.2,24.1,0,15
2026-08-21 14:14:25,19,32,38,24.8,29.1,27.2,23.8,0,15
2026-08-21 14:19:25,19,34,38,24.9,28.9,27.2,23.5,0,15
2026-08-21 14:24:25,22,37,42,24.9,29.4,27.2,24.1,0,15
2026-08-21 14:29:25,22,35,44,24.9,29.4,27.3,24.2,0,15
2026-08-21 14:34:25,23,38,47,24.9,29.6,27.3,24.4,0,15
2026-08-21 14:39:25,24,39,46,25,29.5,27.4,24.3,0,15
2026-08-21 14:44:25,25,41,49,25,29.6,27.5,24.3,0,15
2026-08-21 14:49:25,25,42,49,25.2,29.7,27.7,24.2,0,15
2026-08-21 14:54:27,25,42,52,25.3,29.9,28,24.4,0,15
2026-08-21 14:59:25,26,45,54,25.5,29.8,28.3,23.9,0,15
2026-08-21 15:04:25,27,45,57,25.6,29,28.4,23.4,0,15
2026-08-21 15:09:25,28,46,56,25.7,28.9,28.4,23.4,0,15
2026-08-21 15:14:26,28,47,58,25.7,28.8,28.3,23.3,0,15
2026-08-21 15:19:25,28,48,61,25.7,28.5,28.2,23.2,0,15
2026-08-21 15:24:25,28,47,60,25.6,28.8,28.1,23.4,0,15
2026-08-21 15:29:25,28,46,57,25.5,28.8,28,23.2,0,15
2026-08-21 15:34:25,28,47,57,25.4,28.7,27.8,23.4,0,15
2026-08-21 15:39:25,29,46,56,25.3,28.6,27.7,23.3,0,15
2026-08-21 15:44:25,26,44,55,25.2,28.8,27.6,23.5,0,15
2026-08-21 15:49:25,28,46,56,25.1,29.2,27.5,23.7,0,15
2026-08-21 15:54:25,25,44,53,25,29.2,27.4,23.8,0,15
2026-08-21 15:59:26,27,45,55,24.9,29.2,27.2,23.7,0,15
2026-08-21 16:04:25,25,44,54,24.8,29.2,27.1,23.8,0,15
2026-08-21 16:09:25,26,42,52,24.7,29.6,27,24.3,0,15
2026-08-21 16:14:26,25,41,51,24.6,29.5,26.8,24.1,0,15
2026-08-21 16:19:25,26,43,53,24.5,29.8,26.7,24.3,0,15
2026-08-21 16:24:26,27,45,54,24.4,29.8,26.6,24.5,0,15
2026-08-21 16:29:25,29,49,60,24.2,30.1,26.5,24.5,0,15
2026-08-21 16:34:25,28,47,57,24.2,30.1,26.3,24.8,0,15
2026-08-21 16:39:26,26,43,52,24,29.9,26.2,24.6,0,15
2026-08-21 16:44:26,25,43,50,23.9,30.2,26.1,25.2,0,15
2026-08-21 16:49:25,26,43,53,23.8,30.4,25.9,25.2,0,15
2026-08-21 16:54:26,26,43,51,23.7,30.3,25.8,25.2,0,15
2026-08-21 16:59:26,24,41,49,23.6,30.1,25.7,25.2,0,15
2026-08-21 17:04:25,24,44,52,23.5,29.9,25.6,25.2,0,15
2026-08-21 17:09:26,25,42,52,23.5,30.5,25.5,25.5,0,15
2026-08-21 17:14:26,27,43,54,23.4,30.5,25.4,25.5,0,15
2026-08-21 17:19:26,24,42,52,23.2,30.3,25.2,25.5,0,15
2026-08-21 17:24:25,25,42,51,23.1,30.2,25.1,25.3,0,15
2026-08-21 17:29:25,24,41,49,23,30.6,25,25.6,0,15
2026-08-21 17:34:25,24,40,49,23,30.5,24.9,25.6,0,15
2026-08-21 17:39:25,24,41,49,22.9,30.4,24.8,25.5,0,15
2026-08-21 17:44:26,26,45,55,22.7,30.9,24.6,26.2,0,15
2026-08-21 17:49:26,33,52,64,22.7,31.4,24.5,26.3,0,15
2026-08-21 17:54:25,42,75,79,22.6,30.7,24.4,26,0,15
2026-08-21 17:59:26,40,75,78,22.5,30.8,24.3,25.9,0,15
2026-08-21 18:04:25,34,60,71,22.4,31,24.2,26.3,0,15
2026-08-21 18:09:26,28,45,56,22.3,31.3,24.1,26.7,0,15
2026-08-21 18:14:26,28,46,57,22.2,31.2,24,26.3,0,15
2026-08-21 18:19:26,26,43,53,22.1,31.3,23.8,26.7,0,15
2026-08-21 18:24:26,23,41,49,22,31.5,23.7,26.9,0,15
2026-08-21 18:29:26,23,37,45,22,31.7,23.6,27.1,0,15
2026-08-21 18:34:26,24,38,46,21.9,32.1,23.5,27.4,0,15
2026-08-21 18:39:26,22,37,45,21.8,31.8,23.4,27.3,0,15
2026-08-21 18:44:26,32,56,68,21.7,32,23.2,27.6,0,15
2026-08-21 18:49:26,24,40,48,21.6,31.2,23.1,26.9,0,15
2026-08-21 18:54:26,22,37,42,21.5,31.4,23,27,0,15
2026-08-21 18:59:26,23,37,45,21.4,31.9,22.9,27.4,0,15
2026-08-21 19:04:26,24,40,48,21.3,32.3,22.8,28.1,0,15
2026-08-21 19:09:26,24,40,50,21.3,32,22.7,27.9,0,15
2026-08-21 19:14:26,26,44,53,21.2,32.1,22.6,27.8,0,15
2026-08-21 19:19:26,26,44,54,21.1,32.2,22.5,27.8,0,15
2026-08-21 19:24:26,25,42,50,21,32.3,22.4,28.2,0,15
2026-08-21 19:29:26,28,47,58,20.9,32.8,22.3,28.9,0,15
2026-08-21 19:34:26,31,51,64,20.9,33.2,22.2,29,0,15
2026-08-21 19:39:26,29,46,56,20.8,33.3,22.1,29.4,0,15
2026-08-21 19:44:26,29,47,58,20.7,33.6,22,29.6,0,15
2026-08-21 19:49:27,25,44,54,20.6,33.5,21.9,29.4,0,15
2026-08-21 19:54:26,25,43,52,20.6,33.3,21.8,29.4,0,15
2026-08-21 19:59:26,28,47,59,20.5,34.3,21.7,30.3,0,15
2026-08-21 20:04:26,26,46,55,20.4,34.3,,,0,15
2026-08-21 20:09:26,27,44,56,20.4,33.5,,,0,15
2026-08-21 20:14:27,25,42,51,20.3,33.6,,,0,15
2026-08-21 20:19:27,24,39,48,20.2,33.4,,,0,15
2026-08-21 20:24:26,24,41,49,20.2,33.8,,,0,15
2026-08-21 20:29:26,24,37,44,20.1,33.7,,,0,15
2026-08-21 20:34:26,24,42,49,20.1,33.4,,,0,15
2026-08-21 20:39:26,29,51,64,20,34,,,0,15
2026-08-21 20:44:26,29,49,63,19.9,34.3,,,0,15
2026-08-21 20:49:27,25,43,51,19.9,34.1,,,0,15
2026-08-21 20:54:27,23,38,44,19.9,33.9,,,0,15
2026-08-21 20:59:26,21,34,41,19.8,34,,,0,15
2026-08-21 21:04:26,22,34,39,19.7,34.3,,,0,15
2026-08-21 21:09:26,18,30,36,19.6,34.1,,,0,15
2026-08-21 21:14:26,18,31,35,19.5,33.7,,,0,15
2026-08-21 21:19:26,13,28,30,19.5,32.8,,,0,15
2026-08-21 21:24:26,15,29,31,19.4,33.7,,,0,15
2026-08-21 21:29:26,15,29,31,19.4,33.9,,,0,15
2026-08-21 21:34:26,14,30,31,19.4,34.1,,,0,15
2026-08-21 21:39:26,11,26,27,19.3,34.1,,,0,15
2026-08-21 21:44:27,9,28,30,19.2,34.1,,,0,15
2026-08-21 21:49:26,8,24,27,19.2,34.2,,,0,15
2026-08-21 21:54:26,8,23,23,19.1,34,,,0,15
2026-08-21 21:59:26,8,25,27,19,33.9,,,0,15
2026-08-21 22:04:26,7,21,24,19,33.7,,,0,15
2026-08-21 22:09:26,6,20,21,18.9,33.6,19.8,29.9,0,15
2026-08-21 22:14:26,5,15,18,18.9,33.4,19.7,29.9,0,15
2026-08-21 22:19:26,4,11,13,18.9,33.1,19.6,29.5,0,15
2026-08-21 22:24:26,4,12,14,18.8,32.8,19.6,29.3,0,15
2026-08-21 22:29:26,5,11,14,18.8,32.9,19.6,29.4,0,15
2026-08-21 22:34:27,6,14,15,18.8,33.2,19.5,29.8,0,15
2026-08-21 22:39:26,6,16,19,18.8,33.4,19.5,29.8,0,15
2026-08-21 22:44:27,5,15,17,18.7,33.2,19.5,29.7,0,15
2026-08-21 22:49:27,6,13,19,18.7,32.9,19.4,29.5,0,15
2026-08-21 22:54:27,4,9,11,18.7,32.7,19.4,29,0,15
2026-08-21 22:59:26,4,9,12,18.7,32.7,19.4,29.1,0,15
2026-08-21 23:04:26,5,8,8,18.7,33.1,19.3,29.6,0,15
2026-08-21 23:09:26,5,15,15,18.6,33.1,19.3,29.7,0,15
2026-08-21 23:14:27,6,17,18,18.6,33.6,19.3,30.2,0,15
2026-08-21 23:19:27,5,16,16,18.6,33.4,19.3,29.9,0,15
2026-08-21 23:24:27,4,12,14,18.6,33.5,19.2,29.9,0,15
2026-08-21 23:29:26,6,12,17,18.6,33.8,19.2,30.4,0,15
2026-08-21 23:34:27,7,15,16,18.5,34,19.1,30.7,0,15
2026-08-21 23:39:26,4,11,14,18.5,33.9,19.1,30.5,0,15
2026-08-21 23:44:27,4,9,12,18.5,33.6,19.1,30.1,0,15
2026-08-21 23:49:27,3,9,9,18.4,33.8,19,30.5,0,15
2026-08-21 23:54:27,4,8,9,18.4,34.1,19,30.5,0,15
2026-08-21 23:59:27,4,8,8,18.4,34.3,19,30.9,0,15
2026-08-22 00:04:27,2,6,6,18.4,33.8,18.9,30.4,0,15
2026-08-22 00:09:26,3,4,5,18.3,33.7,18.9,30.4,0,15
2026-08-22 00:14:26,2,5,5,18.3,33.5,18.9,30.1,0,15
2026-08-22 00:19:26,2,7,8,18.2,33,18.8,29.6,0,15
2026-08-22 00:24:27,1,6,6,18.2,33.2,18.8,29.8,0,15
2026-08-22 00:29:26,1,6,6,18.2,33.3,18.8,30.1,0,15
2026-08-22 00:34:27,2,4,5,18.2,33.7,18.7,30.1,0,15
2026-08-22 00:39:26,1,3,4,18.2,33.3,18.7,30.2,0,15
2026-08-22 00:44:27,0,5,5,18.2,33.5,18.7,30.3,0,15
2026-08-22 00:49:27,1,4,4,18.1,33.3,18.6,30,0,15
2026-08-22 00:54:27,1,6,6,18.2,33.8,18.6,30.4,0,15
2026-08-22 00:59:26,1,4,4,18.1,33.4,18.6,29.8,0,15
2026-08-22 01:04:26,1,4,5,18.1,33.4,18.6,30.3,0,15
2026-08-22 01:09:27,2,4,5,18.1,34,18.6,30.8,0,15
2026-08-22 01:14:27,2,7,7,18.1,33.9,18.5,30.5,0,15
2026-08-22 01:19:27,2,6,6,18.1,34,18.5,30.6,0,15
2026-08-22 01:24:27,3,6,6,18,34.2,18.5,31,0,15
2026-08-22 01:29:27,2,8,8,18,33.9,18.4,30.6,0,15
2026-08-22 01:34:27,4,9,9,17.9,33.9,18.4,30.7,0,15
2026-08-22 01:39:26,6,16,16,17.9,33.4,18.3,30.2,0,15
2026-08-22 01:44:27,4,17,18,17.9,34.5,18.3,31.3,0,15
2026-08-22 01:49:27,4,14,16,17.9,34.4,18.3,31.2,0,15
2026-08-22 01:54:27,5,13,16,17.8,34.6,18.2,31.1,0,15
2026-08-22 01:59:26,5,12,13,17.8,34.9,18.2,31.6,0,15
2026-08-22 02:04:27,5,13,15,17.8,34.6,18.1,31.3,0,15
2026-08-22 02:09:27,5,8,8,17.7,34.4,18.1,31.1,0,15
2026-08-22 02:14:27,2,5,6,17.7,34.3,18.1,30.9,0,15
2026-08-22 02:19:27,1,5,5,17.7,34,18,30.6,0,15
2026-08-22 02:24:27,1,4,5,17.7,33.9,18,30.5,0,15
2026-08-22 02:29:27,1,5,5,17.7,33.9,18,30.6,0,15
2026-08-22 02:34:27,0,4,5,17.6,34,18,30.7,0,15
2026-08-22 02:39:27,1,6,7,17.6,34.2,17.9,30.6,0,15
2026-08-22 02:44:27,2,6,7,17.6,34.4,17.9,31,0,15
2026-08-22 02:49:27,4,12,13,17.6,34.6,17.9,31.3,0,15
2026-08-22 02:54:27,5,16,16,17.5,33.8,17.9,30.6,0,15
2026-08-22 02:59:27,5,12,13,17.5,34.3,17.9,31.1,0,15
2026-08-22 03:04:27,4,15,16,17.5,34.2,17.8,31,0,15
2026-08-22 03:09:27,5,13,17,17.5,34.4,17.8,31.3,0,15
2026-08-22 03:14:27,5,10,14,17.5,34.7,17.8,31.5,0,15
2026-08-22 03:19:27,5,14,15,17.5,35.3,17.8,32,0,15
2026-08-22 03:24:27,5,12,16,17.4,35.5,17.7,32.2,0,15
2026-08-22 03:29:27,5,15,19,17.4,35.7,17.7,32.7,0,15
2026-08-22 03:34:27,6,14,17,17.4,35.3,17.6,32,0,15
2026-08-22 03:39:27,4,13,15,17.3,35,17.6,31.7,0,15
2026-08-22 03:44:27,6,13,15,17.3,34.9,17.6,31.7,0,15
2026-08-22 03:49:27,5,13,13,18.5,35.5,21.8,28,0,15
2026-08-22 03:54:28,1,5,6,21.2,33,28.9,21.2,0,15
2026-08-22 03:59:27,0,3,4,23.8,29.9,32.1,17.8,0,15
2026-08-22 04:04:27,1,5,6,24.1,27.3,28.9,18.6,0,15
2026-08-22 04:09:27,2,8,8,22.7,27.9,24.5,22.2,0,15
2026-08-22 04:14:27,4,9,9,21.2,28.7,21.9,24.7,0,15
2026-08-22 04:19:27,1,7,9,20.1,29.6,20.4,26.3,0,15
2026-08-22 04:24:27,1,5,6,19.4,30.2,19.5,26.9,0,15
2026-08-22 04:29:27,1,4,5,18.8,31,19,28.1,0,15
2026-08-22 04:34:28,0,2,4,18.4,31.4,18.6,28.5,0,15
2026-08-22 04:39:27,0,1,1,18.1,31.4,18.3,28.2,0,15
2026-08-22 04:44:28,0,0,1,17.9,31.6,18.1,28.5,0,15
2026-08-22 04:49:27,0,0,0,17.7,31.7,17.9,28.5,0,15
2026-08-22 04:54:27,0,0,0,17.6,31.9,17.8,28.7,0,15
2026-08-22 04:59:27,0,1,1,19.1,33,23.7,24.6,0,15
2026-08-22 05:04:28,0,0,0,20,30.2,23.5,22.6,0,15
2026-08-22 05:09:28,0,0,0,19.6,29.9,21.2,24.5,0,15
2026-08-22 05:14:29,0,0,0,19,30,19.8,25.9,0,15
2026-08-22 05:19:27,0,0,0,18.6,30.5,18.9,26.9,0,15
2026-08-22 05:24:28,0,2,2,18.2,31,18.5,27.8,0,15
2026-08-22 05:29:27,0,2,2,18,31.7,18.1,28.6,0,15
2026-08-22 05:34:27,0,3,3,17.8,32.3,18,29.3,0,15
2026-08-22 05:39:28,0,3,4,17.6,32.7,17.8,29.8,0,15
2026-08-22 05:44:27,0,2,3,17.5,33.1,17.7,30.1,0,15
2026-08-22 05:49:27,0,1,3,17.4,33,17.6,29.8,0,15
2026-08-22 05:54:28,0,1,1,17.4,33.1,17.6,30.2,0,15
2026-08-22 05:59:27,0,1,1,17.3,33.2,17.5,30.1,0,15
2026-08-22 06:04:27,0,1,1,17.3,33.4,17.5,30.3,0,15
2026-08-22 06:09:28,0,3,3,17.2,33.4,17.5,30.2,0,15
2026-08-22 06:14:27,0,1,1,17.2,33.1,17.5,30.1,0,15
2026-08-22 06:19:28,0,0,1,17.2,32.6,17.4,29.3,0,15
2026-08-22 06:24:27,0,0,1,17.2,32.9,17.4,29.9,0,15
2026-08-22 06:29:28,0,0,0,17.2,33.1,17.4,29.9,0,15
2026-08-22 06:34:28,0,0,0,17.2,32.7,17.4,29.4,0,15
2026-08-22 06:39:28,0,0,1,17.2,32.6,17.4,29.4,0,15
2026-08-22 06:44:28,0,0,0,17.2,32.6,17.3,29.4,0,15
2026-08-22 06:49:28,0,0,0,17.1,33.1,17.3,29.8,0,15
2026-08-22 06:54:28,0,0,0,17.1,33.3,17.3,30.2,0,15
2026-08-22 06:59:28,0,0,0,17.1,33,17.3,29.9,0,15
2026-08-22 07:04:28,0,0,1,17.1,33.3,17.3,30.2,0,15
2026-08-22 07:09:28,0,0,0,17.1,33.7,17.3,30.6,0,15
2026-08-22 07:14:28,0,1,2,17.1,33.7,17.3,30.6,0,15
2026-08-22 07:19:28,0,0,2,17.2,34.1,17.3,31,0,15
2026-08-22 07:24:28,0,2,4,17.1,33.6,17.3,30.4,0,15
2026-08-22 07:29:28,0,2,4,17.1,34.2,17.3,31.2,0,15
2026-08-22 07:34:28,0,2,2,17.1,33.9,17.3,30.9,0,15
2026-08-22 07:39:28,0,1,2,17.2,34.3,17.3,31.2,0,15
2026-08-22 07:44:28,0,3,4,17.1,34.4,17.3,31.4,0,15
2026-08-22 07:49:28,0,2,2,17.2,34.3,17.3,31.4,0,15
2026-08-22 07:54:28,0,0,1,17.2,34.2,17.4,31.2,0,15
2026-08-22 07:59:28,0,0,1,17.2,34.4,17.4,31.3,0,15
2026-08-22 08:04:28,0,0,0,17.2,34.7,17.4,31.4,0,15
2026-08-22 08:09:28,0,0,0,17.2,35,17.4,31.9,0,15
2026-08-22 08:14:29,0,0,0,17.2,35.4,17.5,32,0,15
2026-08-22 08:19:28,0,0,0,17.3,35.2,17.5,32.1,0,15
2026-08-22 08:24:28,0,0,0,17.3,35.3,17.5,32.3,0,15
2026-08-22 08:29:28,0,0,0,17.3,35.3,17.5,32.2,0,15
2026-08-22 08:34:28,0,0,0,17.3,35.7,17.5,32.4,0,15
2026-08-22 08:39:28,0,0,0,17.3,35.7,17.6,32.4,0,15
2026-08-22 08:44:28,0,0,0,17.4,36.1,17.6,33,0,15
2026-08-22 08:49:28,0,0,0,17.4,36.6,17.6,33.4,0,15
2026-08-22 08:54:29,0,1,1,17.4,36.3,17.7,33.4,0,15
2026-08-22 08:59:28,0,0,0,17.5,37.1,17.8,34,0,15
2026-08-22 09:04:29,0,0,0,17.5,37.1,17.9,34,0,15
2026-08-22 09:09:28,0,0,0,17.6,37.4,17.9,34.4,0,15
2026-08-22 09:14:29,0,0,0,17.7,37,18,33.7,0,15
2026-08-22 09:19:29,0,0,0,17.8,36.8,18.2,33.6,0,15
2026-08-22 09:24:28,25,71,89,17.8,37.2,18.3,33.9,0,15
2026-08-22 09:29:28,7,36,52,18,36.7,18.4,33.3,0,15
2026-08-22 09:34:29,4,27,34,18,36.8,18.6,33.5,0,15
2026-08-22 09:39:28,1,6,14,18.2,36.7,18.9,33.1,0,15
2026-08-22 09:44:29,0,6,8,18.4,36.4,19.1,32.8,0,15
2026-08-22 09:49:28,0,5,6,18.6,36.4,19.4,32.6,0,15
2026-08-22 09:54:28,0,4,5,18.8,35.6,19.6,31.6,0,15
2026-08-22 09:59:28,0,3,4,19,35.3,19.9,31.4,0,15
2026-08-22 10:04:29,0,4,4,19.1,35.8,20.2,31.7,0,15
2026-08-22 10:09:28,0,3,3,19.4,35,20.4,30.8,0,15
2026-08-22 10:14:28,0,5,5,19.5,34.5,20.6,30.6,0,15
2026-08-22 10:19:29,0,4,4,19.6,34.1,20.8,30.1,0,15
2026-08-22 10:24:29,1,4,5,19.8,33.8,20.9,29.8,0,15
2026-08-22 10:29:29,0,4,4,20,33.8,21.1,29.6,0,15
2026-08-22 10:34:29,0,4,4,20.1,33.6,21.3,29.5,0,15
2026-08-22 10:39:28,1,5,5,20.2,33.7,21.5,29.7,0,15
2026-08-22 10:44:28,1,5,5,20.3,34.3,21.6,30.2,0,15
2026-08-22 10:49:29,1,5,6,20.5,34.5,21.8,30.3,0,15
2026-08-22 10:54:28,2,6,6,20.6,34.3,22,30.4,0,15
2026-08-22 10:59:29,2,6,6,20.7,34.5,22.1,30.3,0,15
2026-08-22 11:04:28,3,7,8,20.9,34.4,22.3,30.4,0,15
2026-08-22 11:09:29,2,7,8,20.9,34.5,22.4,30.2,0,15
2026-08-22 11:14:29,4,11,11,21,34.4,22.5,30.4,0,15
2026-08-22 11:19:29,4,8,11,21.1,35.1,22.5,30.9,0,15
2026-08-22 11:24:29,5,11,12,21.1,35.4,22.6,31.1,0,15
2026-08-22 11:29:29,5,16,18,21.1,35.4,22.6,31.2,0,15
2026-08-22 11:34:29,6,17,19,21.2,35.4,22.7,31.4,0,15
2026-08-22 11:39:28,7,20,22,21.2,35.9,22.7,31.3,0,15
2026-08-22 11:44:29,7,22,22,21.3,35.7,22.8,31.6,0,15
2026-08-22 11:49:29,11,24,26,21.3,35.6,22.9,31,0,15
2026-08-22 11:54:31,13,27,28,21.4,35.2,23.1,30.7,0,15
2026-08-22 11:59:29,15,30,37,21.6,35.2,23.3,30.5,0,15
2026-08-22 12:04:29,17,32,37,21.8,35.1,23.5,30.4,0,15
2026-08-22 12:09:30,21,33,39,22,34.3,23.8,29.5,0,15
2026-08-22 12:14:29,20,34,38,22.2,34.3,24,29.6,0,15
2026-08-22 12:19:28,14,28,30,22.3,33.3,24.2,28.5,0,15
2026-08-22 12:24:29,7,18,20,22.5,32.2,24.4,27.5,0,15
2026-08-22 12:29:29,12,25,26,22.7,32.2,24.7,27.5,0,15
2026-08-22 12:34:29,10,23,23,22.9,32.5,24.9,27.6,0,15
2026-08-22 12:39:29,6,19,21,23,31.2,25,26.3,0,15
2026-08-22 12:44:29,9,23,23,23.1,31,25.2,26.1,0,15
2026-08-22 12:49:29,4,11,14,23.3,30.3,25.4,25.3,0,15
2026-08-22 12:54:29,6,15,16,23.4,30,25.6,25.4,0,15
2026-08-22 12:59:29,7,19,19,23.6,30.5,25.7,25.4,0,15
2026-08-22 13:04:30,7,19,21,23.7,30.5,25.9,25.5,0,15
2026-08-22 13:09:29,9,20,20,23.8,30.6,26,25.3,0,15
2026-08-22 13:14:29,8,19,20,23.9,30.3,26.1,25.1,0,15
2026-08-22 13:19:29,7,19,22,24,30.6,26.3,25.3,0,15
2026-08-22 13:24:28,9,24,24,24.1,30.4,26.4,25.2,0,15
2026-08-22 13:29:29,7,23,23,24.3,30.7,26.5,25.5,0,15
2026-08-22 13:34:29,9,24,26,24.4,30.7,26.5,25.6,0,15
2026-08-22 13:39:29,11,25,30,24.4,30.8,26.6,25.7,0,15
2026-08-22 13:44:29,12,28,29,24.5,30.9,26.6,25.8,0,15
2026-08-22 13:49:29,12,29,29,24.5,30.9,26.7,25.7,0,15
2026-08-22 13:54:29,15,30,34,24.6,30.9,26.8,25.6,0,15
2026-08-22 13:59:29,17,31,33,24.6,30.5,26.8,25.3,0,15
2026-08-22 14:04:29,17,32,34,24.7,30.4,26.9,25.2,0,15
2026-08-22 14:09:29,19,30,34,24.7,30.3,26.9,25,0,15
2026-08-22 14:14:29,14,32,33,24.7,30.4,26.9,25.1,0,15
2026-08-22 14:19:30,18,33,38,24.7,30.2,27,24.9,0,15
2026-08-22 14:24:29,14,28,29,24.8,30.1,27,24.8,0,15
2026-08-22 14:29:30,13,29,32,24.8,30.1,27,24.7,0,15
2026-08-22 14:34:29,15,31,33,24.8,30,27.1,24.9,0,15
2026-08-22 14:39:29,17,31,36,24.9,30.3,27.2,24.8,0,15
2026-08-22 14:44:29,22,35,41,24.9,29.9,27.3,24.6,0,15
2026-08-22 14:49:29,23,38,48,25,29.9,27.4,24.6,0,15
2026-08-22 14:54:29,24,42,49,25.1,29.8,27.5,24.5,0,15
2026-08-22 14:59:29,24,40,48,25.2,29.6,27.6,24.2,0,15
2026-08-22 15:04:29,23,40,48,25.3,29.4,27.7,24,0,15
2026-08-22 15:09:29,23,41,52,25.3,29.1,27.8,23.7,0,15
2026-08-22 15:14:29,24,39,50,25.4,29,27.8,23.9,0,15
2026-08-22 15:19:30,24,41,50,25.4,29.1,27.8,23.6,0,15
2026-08-22 15:24:29,24,40,49,25.3,29.2,27.8,23.9,0,15
2026-08-22 15:29:29,24,41,48,25.3,29.2,27.7,23.6,0,15
2026-08-22 15:34:29,22,40,49,25.3,29.3,27.7,23.9,0,15
2026-08-22 15:39:29,24,41,50,25.3,29.2,27.6,23.7,0,15
2026-08-22 15:44:29,24,40,49,25.2,29.3,27.6,23.7,0,15
2026-08-22 15:49:29,26,43,53,25.2,29.3,27.5,24.1,0,15
2026-08-22 15:54:29,25,43,52,25.1,29.5,27.4,24.2,0,15
2026-08-22 15:59:29,23,40,48,25.1,29.6,27.4,24,0,15
2026-08-22 16:04:29,25,42,53,25,29.7,27.3,24.1,0,15
2026-08-22 16:09:30,25,43,53,24.9,29.8,27.2,24.5,0,15
2026-08-22 16:14:29,26,44,54,24.9,29.9,27.1,24.6,0,15
2026-08-22 16:19:30,26,43,54,24.8,29.9,27,24.7,0,15
2026-08-22 16:24:29,25,43,53,24.7,30.1,26.9,24.8,0,15
2026-08-22 16:29:30,26,42,51,24.7,30.3,26.9,25,0,15
2026-08-22 16:34:29,24,42,51,24.7,30.3,26.8,25.1,0,15
2026-08-22 16:39:31,24,41,51,24.6,30.5,26.7,25.2,0,15
2026-08-22 16:44:29,25,41,49,24.5,30.3,26.6,25.1,0,15
2026-08-22 16:49:29,24,40,47,24.4,30.6,26.5,25.3,0,15
2026-08-22 16:54:29,23,40,49,24.4,30.8,26.4,25.7,0,15
2026-08-22 16:59:29,22,37,46,24.2,31.2,26.3,25.9,0,15
2026-08-22 17:04:30,23,36,45,24.1,30.9,26.2,26,0,15
2026-08-22 17:09:29,22,35,41,24,30.8,26.1,25.6,0,15
2026-08-22 17:14:29,21,34,39,23.9,30.9,26,25.9,0,15
2026-08-22 17:19:29,21,34,42,23.9,31,25.9,25.8,0,15
2026-08-22 17:24:29,20,30,35,23.7,31.3,25.8,26.2,0,15
2026-08-22 17:29:30,19,30,35,23.7,31.6,25.7,26.4,0,15
2026-08-22 17:34:29,18,29,33,23.6,31.4,25.6,26.6,0,15
2026-08-22 17:39:30,15,26,28,23.5,31.6,25.5,26.8,0,15
2026-08-22 17:44:30,13,26,26,23.4,31.4,25.4,26.7,0,15
2026-08-22 17:49:29,10,22,23,23.3,31.8,25.3,26.8,0,15
2026-08-22 17:54:30,9,20,22,23.3,31.6,25.1,26.7,0,15
2026-08-22 17:59:30,8,22,23,23.1,31.5,25,26.8,0,15
2026-08-22 18:04:30,7,19,19,23,32,24.9,27.2,0,15
2026-08-22 18:09:30,6,15,16,22.9,31.8,24.8,27.1,0,15
2026-08-22 18:14:30,5,13,14,22.9,32.2,24.7,27.5,0,15
2026-08-22 18:19:30,5,13,13,22.8,32,24.6,27.4,0,15
2026-08-22 18:24:30,4,10,11,22.7,32.2,24.5,27.5,0,15
2026-08-22 18:29:30,5,14,14,22.6,32.1,24.4,27.7,0,15
2026-08-22 18:34:30,7,16,16,22.5,32.3,24.3,27.6,0,15
2026-08-22 18:39:30,5,9,9,22.5,32.5,24.1,27.9,0,15
2026-08-22 18:44:30,5,12,13,22.4,32.8,24,28.3,0,15
2026-08-22 18:49:30,6,11,11,22.3,32.4,23.9,27.9,0,15
2026-08-22 18:54:29,6,11,11,22.2,32.5,23.8,27.8,0,15
2026-08-22 18:59:30,6,13,13,22.1,32.5,23.7,28.1,0,15
2026-08-22 19:04:31,6,9,9,22.1,32.7,23.6,28.1,0,15
2026-08-22 19:09:30,5,11,11,21.9,32.5,23.6,28.2,0,15
2026-08-22 19:14:30,5,12,13,21.9,32.5,23.5,28.2,0,15
2026-08-22 19:19:30,6,12,13,21.9,33.3,23.4,28.8,0,15
2026-08-22 19:24:30,6,9,12,21.8,32.9,23.4,28.7,0,15
2026-08-22 19:29:31,7,13,14,21.8,33.5,23.3,29,0,15
2026-08-22 19:34:29,6,14,15,21.7,33.2,23.2,28.9,0,15
2026-08-22 19:39:30,6,9,11,21.6,33.4,23.1,28.9,0,15
2026-08-22 19:44:30,6,12,13,21.6,33.5,23.1,29.2,0,15
2026-08-22 19:49:30,6,9,9,21.5,33.5,23,29.2,0,15
2026-08-22 19:54:30,6,9,9,21.5,33.6,23,29.3,0,15
2026-08-22 19:59:30,7,11,14,21.4,33.7,22.9,29.6,0,15
2026-08-22 20:04:30,6,11,12,21.4,33.8,22.9,29.7,0,15
2026-08-22 20:09:30,6,12,15,21.3,33,22.8,29,0,15
2026-08-22 20:14:30,5,9,9,21.3,33.3,22.7,28.9,0,15
2026-08-22 20:19:30,6,8,11,21.2,33,22.7,29,0,15
2026-08-22 20:24:30,5,8,9,21.2,33.3,22.6,29.2,0,15
2026-08-22 20:29:30,5,9,13,21.2,32.1,22.6,28,0,15
2026-08-22 20:34:30,7,16,16,21.1,32.5,22.5,28.4,0,15
2026-08-22 20:39:30,7,14,16,21.1,32.8,22.5,28.5,0,15
2026-08-22 20:44:30,6,12,17,21.1,32.8,22.5,28.5,0,15
2026-08-22 20:49:30,8,16,17,21,33.3,22.4,29.2,0,15
2026-08-22 20:54:30,7,13,15,21,33,22.4,29,0,15
2026-08-22 20:59:30,8,15,16,21,33.4,22.3,29.2,0,15
2026-08-22 21:04:30,8,17,19,20.9,33.3,22.2,29.2,0,15
2026-08-22 21:09:30,5,11,13,20.9,32.8,22.2,28.6,0,15
2026-08-22 21:14:30,7,11,12,20.8,33.4,22.1,29.5,0,15
2026-08-22 21:19:30,7,15,16,20.8,33.4,22.1,29.2,0,15
2026-08-22 21:24:30,6,13,15,20.7,33.4,22,29.5,0,15
2026-08-22 21:29:30,6,11,13,20.7,33.6,21.9,29.7,0,15
2026-08-22 21:34:30,5,9,11,20.6,33.5,21.9,29.5,0,15
2026-08-22 21:39:30,6,12,14,20.6,33.7,21.8,29.7,0,15
2026-08-22 21:44:30,5,14,15,20.6,33.6,21.8,29.6,0,15
2026-08-22 21:49:31,6,11,12,20.5,34.1,21.7,29.9,0,15
2026-08-22 21:54:31,5,9,11,20.5,34.1,,,0,15
2026-08-22 21:59:30,6,9,12,20.5,34.1,,,0,15
2026-08-22 22:04:30,5,9,12,20.4,34.3,,,0,15
2026-08-22 22:09:30,6,13,15,20.4,34.6,21.5,30.4,0,15
2026-08-22 22:14:30,7,15,18,20.4,34.7,21.5,30.7,0,15
2026-08-22 22:19:31,7,13,14,20.3,34.5,21.5,30.5,0,15
2026-08-22 22:24:31,6,17,19,20.3,34.4,21.4,30.6,0,15
2026-08-22 22:29:30,5,13,14,20.2,34.4,21.4,30.4,0,15
2026-08-22 22:34:30,7,14,17,20.2,34.3,21.4,30.4,0,15
2026-08-22 22:39:30,6,13,17,20.2,34.5,21.3,30.6,0,15
2026-08-22 22:44:30,4,13,16,20.2,34.5,21.3,30.4,0,15
2026-08-22 22:49:30,7,14,17,20.1,34.3,21.2,30.4,0,15
2026-08-22 22:54:30,5,17,18,20.1,34.2,21.2,30.2,0,15
2026-08-22 22:59:31,6,13,14,20.1,33.9,21.2,30,0,15
2026-08-22 23:04:30,7,18,19,20,34.3,21.1,30.6,0,15
2026-08-22 23:09:30,6,16,20,20,34.3,21,30.4,0,15
2026-08-22 23:14:31,7,13,15,19.9,34.2,21,30.3,0,15
2026-08-22 23:19:30,6,15,16,19.9,34.4,20.9,30.5,0,15
2026-08-22 23:24:30,6,15,17,19.8,34.1,20.9,30.2,0,15
2026-08-22 23:29:30,6,11,13,19.8,33.9,20.8,30,0,15
2026-08-22 23:34:31,5,9,11,19.8,33.8,20.7,29.9,0,15
2026-08-22 23:39:30,4,11,12,19.7,33.8,20.6,30.2,0,15
2026-08-22 23:44:31,5,9,9,19.6,33.7,20.6,30.1,0,15
2026-08-22 23:49:30,5,12,13,19.6,34.1,20.5,30.2,0,15
2026-08-22 23:54:30,5,9,12,19.6,33.8,20.5,29.9,0,15
2026-08-22 23:59:31,7,14,14,19.5,34,20.5,30.3,0,15
2026-08-23 00:04:31,5,9,11,19.5,34.2,20.4,30.5,0,15
2026-08-23 00:09:31,4,9,9,19.5,34.4,20.4,30.6,0,15
2026-08-23 00:14:31,5,12,12,19.4,34.6,20.3,31,0,15
2026-08-23 00:19:31,4,8,8,19.4,34.2,20.2,30.5,0,15
2026-08-23 00:24:31,5,11,11,19.3,34.1,20.2,30.2,0,15
2026-08-23 00:29:31,3,9,9,19.3,34,20.1,30.3,0,15
2026-08-23 00:34:31,4,8,8,19.2,34.4,20,30.5,0,15
2026-08-23 00:39:31,5,7,9,19.2,34.2,20,30.8,0,15
2026-08-23 00:44:30,2,6,6,19.1,34.3,19.9,30.9,0,15
2026-08-23 00:49:32,4,8,8,19.1,35,19.9,31.1,0,15
2026-08-23 00:54:31,5,14,17,19,34.1,19.8,30.3,0,15
2026-08-23 00:59:31,6,17,18,19,34.4,19.7,30.8,0,15
2026-08-23 01:04:31,6,18,20,18.9,34.2,19.7,30.8,0,15
2026-08-23 01:09:31,6,13,16,18.9,34.4,19.6,30.8,0,15
2026-08-23 01:14:31,6,16,16,18.8,34.2,19.6,30.6,0,15
2026-08-23 01:19:31,4,11,14,18.8,34.2,19.5,30.8,0,15
2026-08-23 01:24:31,5,14,14,18.8,34.5,19.5,30.9,0,15
2026-08-23 01:29:32,4,9,11,18.7,34.6,19.5,31.1,0,15
2026-08-23 01:34:31,5,12,14,18.7,34.6,19.4,31,0,15
2026-08-23 01:39:31,4,11,12,18.7,34.8,19.4,31.2,0,15
2026-08-23 01:44:31,4,11,12,18.7,34.6,19.3,31,0,15
2026-08-23 01:49:31,3,8,8,18.6,34.2,19.3,30.8,0,15
2026-08-23 01:54:31,3,8,8,18.6,34.9,19.3,31.4,0,15
2026-08-23 01:59:31,4,7,9,18.6,34.6,19.2,31,0,15
2026-08-23 02:04:31,3,11,11,18.6,34.8,19.2,31.3,0,15
2026-08-23 02:09:32,4,7,8,18.5,35.3,19.2,31.7,0,15
2026-08-23 02:14:31,4,6,7,18.5,35.9,19.1,32.4,0,15
2026-08-23 02:19:31,4,8,8,18.5,35.8,19.1,32.5,0,15
2026-08-23 02:24:31,3,8,8,18.4,35.8,19.1,32.1,0,15
2026-08-23 02:29:31,3,6,6,18.5,35.4,19,32,0,15
2026-08-23 02:34:31,4,6,7,18.4,35.5,19,32,0,15
2026-08-23 02:39:31,2,7,8,18.4,35.5,18.9,32.1,0,15
2026-08-23 02:44:31,3,7,7,18.3,35.5,18.9,32,0,15
2026-08-23 02:49:32,3,6,6,18.3,35.8,18.8,32.2,0,15
2026-08-23 02:54:31,4,5,6,18.3,35.7,18.8,32.2,0,15
2026-08-23 02:59:31,2,5,6,18.2,35.7,18.7,32.2,0,15
2026-08-23 03:04:31,4,6,7,18.2,35.5,18.6,32,0,15
2026-08-23 03:09:31,4,7,7,18.1,35.5,18.6,32.2,0,15
2026-08-23 03:14:31,2,8,9,18,35.8,18.5,32.2,0,15
2026-08-23 03:19:31,2,7,7,18,35.7,18.4,32.1,0,15
2026-08-23 03:24:31,2,6,7,17.9,35.6,18.4,32.1,0,15
2026-08-23 03:29:31,2,7,7,17.9,35.7,18.3,32.3,0,15
2026-08-23 03:34:31,3,6,6,17.8,35.9,18.2,32.6,0,15
2026-08-23 03:39:31,4,8,8,17.8,35.5,18.2,32.3,0,15
2026-08-23 03:44:31,4,9,13,17.7,35.7,18.1,32.2,0,15
2026-08-23 03:49:31,6,13,13,17.7,35.5,18.1,32.2,0,15
2026-08-23 03:54:31,4,12,13,17.6,35.2,18,31.7,0,15
2026-08-23 03:59:32,5,9,12,17.6,35.6,18,32.3,0,15
2026-08-23 04:04:31,4,12,12,17.6,36.1,18,32.7,0,15
2026-08-23 04:09:31,3,7,7,17.6,35.9,18,32.6,0,15
2026-08-23 04:14:31,4,8,8,17.6,36,17.9,32.8,0,15
2026-08-23 04:19:31,3,6,6,17.6,36.2,17.9,32.9,0,15
2026-08-23 04:24:31,2,6,6,17.5,36,17.9,32.6,0,15
2026-08-23 04:29:31,2,6,6,17.5,35.9,17.8,32.6,0,15
2026-08-23 04:34:32,3,6,7,17.5,35.7,17.8,32.2,0,15
2026-08-23 04:39:31,1,5,6,17.4,35.8,17.7,32.3,0,15
2026-08-23 04:44:31,0,0,0,17.3,34.6,17.7,31.1,0,15
2026-08-23 04:49:31,0,0,1,17.4,34.2,17.6,30.9,0,15
2026-08-23 04:54:32,0,1,1,17.3,34.3,17.6,31.1,0,15
2026-08-23 04:59:31,0,0,0,17.3,34.1,17.6,30.8,0,15
2026-08-23 05:04:32,0,4,4,17.3,34.4,17.6,31.1,0,15
2026-08-23 05:09:32,1,3,3,17.3,34.9,17.6,31.4,0,15
2026-08-23 05:14:31,0,2,2,17.2,34.6,17.5,31.4,0,15
2026-08-23 05:19:31,0,2,2,17.2,34.4,17.5,31.2,0,15
2026-08-23 05:24:32,0,3,4,18,35.5,20.3,29.3,0,15
2026-08-23 05:29:31,0,3,3,18.5,33.1,20.3,27.8,0,15
2026-08-23 05:34:32,0,4,4,18.3,33.2,19.2,28.8,0,15
2026-08-23 05:39:31,0,3,4,18.1,33.2,18.6,29.7,0,15
2026-08-23 05:44:31,0,4,4,17.9,33.3,18.2,29.8,0,15
2026-08-23 05:49:32,0,4,4,17.7,34.1,17.9,30.9,0,15
2026-08-23 05:54:32,0,3,3,17.5,34.4,17.8,31.2,0,15
2026-08-23 05:59:31,0,2,2,19.5,36.5,25.1,26.6,0,15
2026-08-23 06:04:31,0,2,2,22.6,32.2,30.9,20,0,15
2026-08-23 06:09:32,0,1,2,24.8,29.1,32.8,17.4,0,15
2026-08-23 06:14:32,0,3,3,26.1,27.6,33.7,16.6,0,15
2026-08-23 06:19:32,1,3,4,26.5,26.6,,,,15
2026-08-23 06:24:32,1,1,1,26.8,25.8,33,16.4,0,15
2026-08-23 06:29:31,0,4,5,25.5,25.5,28.4,18.7,0,15
2026-08-23 06:34:32,1,2,3,23.4,26.8,24.4,22.4,0,15
2026-08-23 06:39:32,1,3,3,21.7,28.6,22,25.1,0,15
2026-08-23 06:44:35,0,4,4,22.8,29.7,28.1,21.3,0,15
2026-08-23 06:49:31,1,2,4,24.9,27.7,32.3,17.1,0,15
2026-08-23 06:54:32,0,0,1,26.2,26.5,33.5,16.3,0,15
2026-08-23 06:59:32,0,1,3,27,25.4,34.1,15.4,0,15
2026-08-23 07:04:32,1,4,4,27.5,24.8,34.4,15,0,15
2026-08-23 07:09:32,1,3,3,26.2,25,29.5,18,0,15
2026-08-23 07:14:32,0,2,3,25,25.8,27.3,19.5,0,15
2026-08-23 07:19:32,2,5,5,23,26.8,24,22.4,0,15
2026-08-23 07:24:32,1,4,5,21.5,28,21.8,24.6,0,15
2026-08-23 07:29:31,1,5,5,20.4,29.4,20.5,26.6,0,15
2026-08-23 07:34:32,2,6,7,19.5,30.8,19.6,28.1,0,15
2026-08-23 07:39:32,1,4,5,18.9,31.3,19.1,28.4,0,15
2026-08-23 07:44:32,2,4,4,18.5,31.6,18.7,28.8,0,15
2026-08-23 07:49:31,2,4,4,18.2,32.3,18.4,29.4,0,15
2026-08-23 07:54:32,1,5,6,18,33.4,18.2,30.6,0,15
2026-08-23 07:59:32,1,6,7,17.8,33.5,18,30.6,0,15
2026-08-23 08:04:32,2,6,6,17.6,34.5,17.9,31.5,0,15
2026-08-23 08:09:32,1,6,7,17.5,34.1,17.8,31.2,0,15
2026-08-23 08:14:32,3,7,7,17.4,35.3,17.6,32.2,0,15
2026-08-23 08:19:32,2,6,6,17.4,35.8,17.6,32.7,0,15
2026-08-23 08:24:32,2,4,4,17.3,35.8,17.5,32.6,0,15
2026-08-23 08:29:32,2,6,6,17.3,36,17.5,32.9,0,15
2026-08-23 08:34:32,1,6,6,17.2,35.9,17.5,32.7,0,15
2026-08-23 08:39:32,0,3,3,17.2,35.7,17.5,32.4,0,15
2026-08-23 08:44:32,0,5,5,17.2,35.6,17.5,32.4,0,15
2026-08-23 08:49:32,1,4,5,17.2,35.8,17.5,32.4,0,15
2026-08-23 08:54:32,1,3,3,17.2,35.7,17.5,32.4,0,15
2026-08-23 08:59:32,0,1,1,17.3,35.9,17.5,32.7,0,15
2026-08-23 09:04:32,0,3,3,17.3,36.4,17.5,33.4,0,15
2026-08-23 09:09:32,0,3,4,17.3,36.3,17.5,33.2,0,15
2026-08-23 09:14:32,0,1,1,17.3,34.3,17.6,31,0,15
2026-08-23 09:19:32,0,2,3,17.4,34.5,17.7,31.1,0,15
2026-08-23 09:24:33,0,3,3,17.5,34.3,17.9,31.1,0,15
2026-08-23 09:29:32,0,4,4,17.6,34.9,18,31.6,0,15
2026-08-23 09:34:32,1,4,4,17.7,35.2,18.2,31.7,0,15
2026-08-23 09:39:32,1,5,6,17.9,35.2,18.4,31.5,0,15
2026-08-23 09:44:32,2,6,6,18,35,18.7,31.5,0,15
2026-08-23 09:49:32,2,5,6,18.2,35.2,18.9,31.5,0,15
2026-08-23 09:54:32,1,4,5,18.4,34.9,19.2,31.2,0,15
2026-08-23 09:59:32,1,5,6,18.6,34.9,19.4,31,0,15
2026-08-23 10:04:32,2,5,5,18.7,34.5,19.7,30.8,0,15
2026-08-23 10:09:32,1,5,5,19,34.5,19.9,30.7,0,15
2026-08-23 10:14:32,2,4,4,19.1,34.6,20.2,30.7,0,15
2026-08-23 10:19:32,0,7,7,19.3,34.5,20.5,30.4,0,15
2026-08-23 10:24:32,2,7,8,19.6,34.2,20.7,30.2,0,15
2026-08-23 10:29:32,4,6,7,19.8,34.2,21,29.8,0,15
2026-08-23 10:34:32,2,6,6,20,33.9,21.3,29.6,0,15
2026-08-23 10:39:32,3,6,7,20.2,33.5,21.5,29.4,0,15
2026-08-23 10:44:33,3,8,8,20.4,33.6,,,0,15
2026-08-23 10:49:33,4,7,7,20.5,33.1,,,0,15
2026-08-23 10:54:32,3,8,8,20.7,32.9,,,0,15
2026-08-23 10:59:33,2,7,8,20.9,32.8,,,0,15
2026-08-23 11:04:32,3,6,7,21.2,32.6,,,0,15
2026-08-23 11:09:33,2,7,7,21.3,32.4,,,0,15
2026-08-23 11:14:33,3,7,7,21.5,32.4,,,0,15
2026-08-23 11:19:32,4,8,9,21.7,32.3,,,0,15
2026-08-23 11:24:33,2,6,6,21.9,32,,,0,15
2026-08-23 11:29:33,3,6,6,22.1,31.8,,,0,15
2026-08-23 11:34:32,2,6,7,22.3,31.6,,,0,15
2026-08-23 11:39:33,3,8,8,22.4,31.5,,,0,15
2026-08-23 11:44:33,2,6,6,22.6,31.6,,,0,15
2026-08-23 11:49:33,3,7,7,22.7,31,,,0,15
2026-08-23 11:54:33,5,8,9,22.8,30.9,,,0,15
2026-08-23 11:59:32,4,11,12,23,31.1,,,0,15
2026-08-23 12:04:33,5,17,19,23.1,30.9,,,0,15
2026-08-23 12:09:33,5,9,12,23.2,31.1,,,0,15
2026-08-23 12:14:33,7,17,19,23.4,30.6,,,0,15
2026-08-23 12:19:33,5,19,21,23.5,30.5,,,0,15
2026-08-23 12:24:33,7,19,21,23.6,30.3,,,0,15
2026-08-23 12:29:33,8,22,22,23.7,30.4,,,0,15
2026-08-23 12:34:33,6,19,22,23.8,30.5,,,0,15
2026-08-23 12:39:32,9,24,25,24,30.4,,,0,15
2026-08-23 12:44:33,9,24,28,24.1,30.3,,,0,15
2026-08-23 12:49:32,11,25,28,24.2,30.2,,,0,15
2026-08-23 12:54:33,14,28,31,24.3,30.2,,,0,15
2026-08-23 12:59:33,15,30,30,24.4,30.5,,,0,15
2026-08-23 13:04:32,18,31,32,24.4,30.2,,,0,15
2026-08-23 13:09:33,18,31,34,24.5,30.3,,,0,15
2026-08-23 13:14:33,21,33,39,24.5,30.5,,,0,15
2026-08-23 13:19:33,21,33,37,24.6,30.3,,,0,15
2026-08-23 13:24:33,21,34,40,24.6,30.3,,,0,15
2026-08-23 13:29:33,23,39,45,24.6,30.4,,,0,15
2026-08-23 13:34:33,23,40,49,24.7,30.5,,,0,15
2026-08-23 13:39:33,25,42,50,24.7,30.8,,,0,15
2026-08-23 13:44:34,26,43,52,24.7,30.8,,,0,15
2026-08-23 13:49:33,28,45,55,24.8,30.8,,,0,15
2026-08-23 13:54:34,28,48,61,24.8,31,,,0,15
2026-08-23 13:59:33,29,49,61,24.8,31,,,0,15
2026-08-23 14:04:33,32,52,64,24.8,31.9,,,0,15
2026-08-23 14:09:33,31,48,60,24.9,32.8,27.1,27.6,0,15
2026-08-23 14:14:33,30,49,60,24.8,33.2,27.1,28,0,15
2026-08-23 14:19:33,30,48,60,24.8,33.8,27.1,28.8,0,15
2026-08-23 14:24:33,29,47,57,24.8,33.9,27,28.9,0,15
2026-08-23 14:29:33,29,46,56,24.8,34.2,27,29,0,15
2026-08-23 14:34:33,29,47,57,24.8,34.5,27,29.5,0,15
2026-08-23 14:39:33,28,45,55,24.8,34.8,27,29.8,0,15
2026-08-23 14:44:33,29,46,56,24.8,35,27,29.9,0,15
2026-08-23 14:49:33,28,46,56,24.8,35,26.9,30,0,15
2026-08-23 14:54:33,30,48,58,24.7,35.1,26.9,30,0,15
2026-08-23 14:59:33,28,45,56,24.7,35.2,26.9,30.2,0,15
2026-08-23 15:04:33,30,46,56,24.7,35.3,26.9,30.1,0,15
2026-08-23 15:09:33,29,45,56,24.7,35.4,26.9,30.1,0,15
2026-08-23 15:14:33,30,46,56,24.6,35.7,26.8,30.5,0,15
2026-08-23 15:19:33,29,46,55,24.6,35.6,26.8,30.6,0,15
2026-08-23 15:24:33,30,46,56,24.5,36,26.7,30.9,0,15
2026-08-23 15:29:33,29,46,58,24.4,36.5,26.6,31.1,0,15
2026-08-23 15:34:33,29,46,55,24.3,36.4,26.5,31.2,0,15
2026-08-23 15:39:33,29,47,57,24.2,36.6,26.4,31.5,0,15
2026-08-23 15:44:33,27,42,52,24.1,36.8,26.3,31.6,0,15
2026-08-23 15:49:34,27,43,54,24,36.7,26.2,31.6,0,15
2026-08-23 15:54:33,29,45,55,23.9,37,26.1,32,0,15
2026-08-23 15:59:34,27,43,54,23.8,37.1,26,32.2,0,15
2026-08-23 16:04:34,28,44,54,23.7,37.4,25.9,32.4,0,15
2026-08-23 16:09:33,28,44,52,23.6,37.3,25.8,32.6,0,15
2026-08-23 16:14:34,27,43,52,23.6,37.7,25.6,33.1,0,15
2026-08-23 16:19:34,28,45,56,23.5,38.1,25.5,33.5,0,15
2026-08-23 16:24:33,28,46,54,23.4,38.2,25.4,33.7,0,15
2026-08-23 16:29:34,28,45,55,23.2,38.6,25.3,34,0,15
2026-08-23 16:34:33,29,47,57,23.2,39.1,25.1,34.5,0,15
2026-08-23 16:39:33,28,45,55,23,38.8,25,34.4,0,15
2026-08-23 16:44:34,28,46,56,22.9,39.4,24.8,35.1,0,15
2026-08-23 16:49:34,29,47,57,22.8,39.9,24.7,35.6,0,15
2026-08-23 16:54:34,29,47,56,22.6,40,24.5,35.9,0,15
2026-08-23 16:59:33,28,44,54,22.5,40.5,24.4,36.1,0,15
2026-08-23 17:04:33,28,45,55,22.4,40.6,24.2,36.3,0,15
2026-08-23 17:09:33,29,46,55,22.3,40.6,24.1,36.6,0,15
2026-08-23 17:14:34,28,46,56,22.2,40.9,23.9,36.7,0,15
2026-08-23 17:19:33,29,46,56,22,41.5,23.8,37.2,0,15
2026-08-23 17:24:34,29,46,57,22,41.8,23.7,37.7,0,15
2026-08-23 17:29:34,29,45,55,21.8,42,23.5,37.9,0,15
2026-08-23 17:34:34,28,44,55,21.7,42.3,23.4,38.4,0,15
2026-08-23 17:39:34,28,44,55,21.7,42.5,23.3,38.6,0,15
2026-08-23 17:44:33,26,43,51,21.5,42.5,23.2,38.6,0,15
2026-08-23 17:49:34,29,45,54,21.4,42.7,23,39,0,15
2026-08-23 17:54:34,26,43,51,21.3,42.9,22.9,39.2,0,15
2026-08-23 17:59:34,29,44,53,21.2,43.1,22.7,39.4,0,15
2026-08-23 18:04:34,26,43,51,21.1,43.2,22.6,39.6,0,15
2026-08-23 18:09:34,27,43,51,21,43.6,22.5,39.8,0,15
2026-08-23 18:14:35,27,43,52,20.9,43.7,22.3,40.1,0,15
2026-08-23 18:19:34,26,43,52,20.7,43.6,22.2,40.2,0,15
2026-08-23 18:24:34,27,44,52,20.7,43.9,22,40.6,0,15
2026-08-23 18:29:34,26,43,52,20.6,44.1,21.9,40.9,0,15
2026-08-23 18:34:34,28,46,54,20.4,44.4,21.8,41.3,0,15
2026-08-23 18:39:34,29,46,55,20.3,44.7,21.6,41.6,0,15
2026-08-23 18:44:33,28,45,53,20.3,44.8,21.5,41.7,0,15
2026-08-23 18:49:34,27,45,56,20.2,45,21.4,42.2,0,15
2026-08-23 18:54:34,29,45,55,20.1,45.2,21.3,42.4,0,15
2026-08-23 18:59:34,29,45,55,20,45.4,21.3,42.7,0,15
2026-08-23 19:04:34,29,47,56,20,45.7,21.2,42.9,0,15
2026-08-23 19:09:34,29,47,57,19.9,45.8,21.1,43.2,0,15
2026-08-23 19:14:34,29,47,59,19.9,45.8,21.1,43.2,0,15
2026-08-23 19:19:34,29,48,58,19.9,45.9,21,43.3,0,15
2026-08-23 19:24:34,29,46,56,19.9,46.1,21,43.6,0,15
2026-08-23 19:29:34,28,45,52,19.8,46.2,20.9,43.7,0,15
2026-08-23 19:34:34,29,45,53,19.8,46.2,20.9,43.7,0,15
2026-08-23 19:39:34,29,49,58,19.7,46.5,20.8,44,0,15
2026-08-23 19:44:34,28,46,56,19.7,46.4,20.7,44.1,0,15
2026-08-23 19:49:34,29,47,57,19.6,46.7,20.6,44.1,0,15
2026-08-23 19:54:34,30,48,59,19.6,46.7,20.5,44.6,0,15
2026-08-23 19:59:34,29,47,57,19.5,46.7,20.4,44.5,0,15
2026-08-23 20:04:34,31,49,59,19.5,47,20.3,44.8,0,15
2026-08-23 20:09:34,30,47,58,19.4,47.1,20.3,45.1,0,15
2026-08-23 20:14:34,29,48,59,19.3,47.1,20.2,45.2,0,15
2026-08-23 20:19:34,30,47,58,19.3,47.2,20.2,45.3,0,15
2026-08-23 20:24:34,31,49,59,19.3,47.1,20.1,45.2,0,15
2026-08-23 20:29:34,30,48,60,19.2,47.4,20.1,45.6,0,15
2026-08-23 20:34:34,30,47,57,19.2,47.5,20.1,45.5,0,15
2026-08-23 20:39:34,30,49,60,19.2,47.7,20.1,45.7,0,15
2026-08-23 20:44:34,28,45,52,19.2,47.5,20,45.7,0,15
2026-08-23 20:49:34,24,38,46,19.9,50.7,23.5,44.9,0,15
2026-08-23 20:54:34,23,34,38,23.2,45.3,31.3,30.5,0,15
2026-08-23 20:59:34,22,36,42,25.6,40,33.8,25.6,0,15
2026-08-23 21:04:34,23,35,40,26.9,37.8,34.7,24.6,0,15
2026-08-23 21:09:35,24,38,45,27.3,35,33.5,24.5,0,15
2026-08-23 21:14:34,22,35,42,26.6,36.6,31.9,27.3,0,15
2026-08-23 21:19:34,23,35,41,27.6,34.9,34.8,23.8,0,15
2026-08-23 21:24:34,21,32,36,28.3,33.9,35.6,22.9,0,15
2026-08-23 21:29:34,23,35,40,28.7,32.7,35.9,22.3,0,15
2026-08-23 21:34:34,22,34,38,29.4,32.5,36.6,21.4,0,15
2026-08-23 21:39:35,22,34,38,29.3,32.1,35.7,22.1,0,15
2026-08-23 21:44:34,24,36,44,29.4,32.1,36.1,21.7,0,15
2026-08-23 21:49:34,22,34,38,29.7,31.8,36.6,21.4,0,15
2026-08-23 21:54:36,21,32,35,29.8,31.4,36.5,21.1,0,15
2026-08-23 21:59:34,21,34,38,29.8,31.4,36.5,21,0,15
2026-08-23 22:04:34,20,31,36,30,31,36.6,21,0,15
2026-08-23 22:09:35,22,33,37,30,30.9,36.8,20.5,0,15
2026-08-23 22:14:35,23,35,40,30,30.6,36.7,20.7,0,15
2026-08-23 22:19:34,23,34,40,30.1,30.7,36.6,20.8,0,15
2026-08-23 22:24:35,22,35,40,30.2,30.5,37,20.4,0,15
2026-08-23 22:29:35,22,35,41,30.1,30.6,36.5,20.8,0,15
2026-08-23 22:34:34,24,39,45,29.5,31,34.9,22.2,0,15
2026-08-23 22:39:35,27,42,49,28.7,30.8,33.4,22.9,0,15
2026-08-23 22:44:34,28,46,55,26.7,32.6,28.5,28,0,15
2026-08-23 22:49:34,28,45,56,24.7,34.9,25.4,32.3,0,15
2026-08-23 22:54:35,29,46,56,23,37.4,23.5,35.3,0,15
2026-08-23 22:59:34,30,48,60,21.9,39.2,22.4,37.5,0,15
2026-08-23 23:04:35,28,47,57,21,40.8,21.6,39.2,0,15
2026-08-23 23:09:34,30,47,59,20.4,41.8,21,40,0,15
2026-08-23 23:14:35,29,48,57,19.9,42.9,20.6,41,0,15
2026-08-23 23:19:34,29,48,58,19.6,43.5,20.2,41.7,0,15
2026-08-23 23:24:35,31,49,60,19.3,44.2,20,42.2,0,15
2026-08-23 23:29:35,30,48,57,19.1,44,19.7,42.1,0,15
2026-08-23 23:34:35,27,45,52,18.9,43.9,19.6,41.9,0,15
2026-08-23 23:39:34,26,45,52,18.8,44.1,19.4,42.2,0,15
2026-08-23 23:44:35,26,43,51,18.7,44.3,19.3,42.2,0,15
2026-08-23 23:49:34,26,43,51,18.6,44,19.2,42.1,0,15
2026-08-23 23:54:35,26,42,50,18.6,44,19.2,41.9,0,15
2026-08-23 23:59:35,23,39,49,18.5,43.8,19.1,41.5,0,15
2026-08-24 00:04:35,24,38,42,18.5,43.8,19,41.8,0,15
2026-08-24 00:09:34,26,39,50,18.4,44.2,19,42.4,0,15
2026-08-24 00:14:35,25,40,47,18.3,44.7,18.9,42.8,0,15
2026-08-24 00:19:34,24,37,41,18.3,44.5,18.8,42.5,0,15
2026-08-24 00:24:35,23,37,41,18.2,44.2,18.8,42.3,0,15
2026-08-24 00:29:35,24,38,43,18.2,44.3,18.7,42.2,0,15
2026-08-24 00:34:35,24,38,42,18.1,44.6,18.6,42.5,0,15
2026-08-24 00:39:35,25,36,41,18,45.2,18.5,43.4,0,15
2026-08-24 00:44:35,25,39,47,18,45.2,18.5,43.7,0,15
2026-08-24 00:49:34,24,38,43,17.9,45.2,18.4,43.6,0,15
2026-08-24 00:54:35,23,35,36,17.9,45.2,18.3,43.5,0,15
2026-08-24 00:59:35,24,36,40,17.8,45.2,18.2,43.5,0,15
2026-08-24 01:04:35,24,37,43,17.8,45.4,18.1,43.6,0,15
2026-08-24 01:09:35,25,39,46,17.7,45.2,18.1,43.5,0,15
2026-08-24 01:14:35,24,35,39,17.6,45.4,18,43.8,0,15
2026-08-24 01:19:35,22,35,42,17.6,45.3,17.9,43.7,0,15
2026-08-24 01:24:35,22,33,37,17.5,45.4,17.9,43.7,0,15
2026-08-24 01:29:35,23,35,38,17.5,45.3,17.8,43.6,0,15
2026-08-24 01:34:35,16,30,30,17.4,44.8,17.8,43.1,0,15
2026-08-24 01:39:35,20,31,31,17.4,44.8,17.7,42.9,0,15
2026-08-24 01:44:35,20,33,38,17.4,44.6,17.7,42.8,0,15
2026-08-24 01:49:35,13,26,30,17.5,47.3,18.2,46.1,0,15
2026-08-24 01:54:36,16,31,31,20.5,44.9,28,30.8,0,15
2026-08-24 01:59:35,23,36,43,22.6,39,29.3,26.4,0,15
2026-08-24 02:04:35,24,40,47,22,38.3,24.9,31,0,15
2026-08-24 02:09:35,27,41,50,20.8,39.3,22.1,35.2,0,15
2026-08-24 02:14:35,18,33,36,21.3,41.2,25.8,32.6,0,15
2026-08-24 02:19:35,20,31,35,23.8,37.7,31.4,24.9,0,15
2026-08-24 02:24:35,22,32,35,25.5,34.5,33.2,22.4,0,15
2026-08-24 02:29:35,20,31,33,26.5,33.1,33.8,21.6,0,15
2026-08-24 02:34:35,20,31,34,27.2,32.1,34.3,21.2,0,15
2026-08-24 02:39:35,22,34,38,27.6,31.7,34.4,21.4,0,15
2026-08-24 02:44:35,22,32,35,28,31.2,34.8,20.7,0,15
2026-08-24 02:49:35,19,29,30,28.2,30.7,35,20.3,0,15
2026-08-24 02:54:35,20,30,33,28.3,30.4,34.9,20.5,0,15
2026-08-24 02:59:36,22,34,39,28.5,30.1,35.1,20.2,0,15
2026-08-24 03:04:35,21,30,33,28.5,29.8,35.2,19.8,0,15
2026-08-24 03:09:35,20,32,34,28.5,29.4,35.2,19.6,0,15
2026-08-24 03:14:35,21,33,37,28.6,30,35.2,20.1,0,15
2026-08-24 03:19:35,22,35,44,28.7,29.9,35.4,19.8,0,15
2026-08-24 03:24:35,20,31,33,28.6,29.7,35.2,19.9,0,15
2026-08-24 03:29:35,21,32,34,28.6,29.6,35.3,19.8,0,15
2026-08-24 03:34:35,20,30,33,28.6,29.2,35.1,19.5,0,15
2026-08-24 03:39:35,22,33,37,28.6,29.4,35.4,19.2,0,15
2026-08-24 03:44:35,20,32,36,28.6,29.2,35.3,19.5,0,15
2026-08-24 03:49:35,22,36,42,28.6,29.3,35.3,19.3,0,15
2026-08-24 03:54:35,21,34,38,28.5,29.1,35.1,19.5,0,15
2026-08-24 03:59:35,21,33,37,28.6,29.4,35.2,19.5,0,15
2026-08-24 04:04:35,21,32,35,28.6,28.8,35.3,19.1,0,15
2026-08-24 04:09:35,22,34,39,28.5,29.2,35.1,19.4,0,15
2026-08-24 04:14:35,22,34,38,28.4,29.4,34.8,19.8,0,15
2026-08-24 04:19:35,22,33,35,28.4,28.9,35.2,19,0,15
2026-08-24 04:24:35,19,31,33,28.4,29.1,35.1,19.2,0,15
2026-08-24 04:29:35,20,31,34,28.3,28.7,34.7,19.4,0,15
2026-08-24 04:34:35,22,33,36,28.3,28.9,35,19.1,0,15
2026-08-24 04:39:36,21,32,35,28.3,29.7,34.9,19.8,0,15
2026-08-24 04:44:35,20,33,38,28.2,30,34.7,20.2,0,15
2026-08-24 04:49:35,22,34,38,28.2,29.7,34.6,20.2,0,15
2026-08-24 04:54:36,23,35,42,28.1,30.3,34.7,20.3,0,15
2026-08-24 04:59:35,23,38,45,28.2,30.5,34.8,20.6,0,15
2026-08-24 05:04:35,23,36,41,28.1,30.6,34.5,21,0,15
2026-08-24 05:09:35,24,39,47,28.1,30.7,34.8,20.6,0,15
2026-08-24 05:14:35,23,36,42,28.1,30.9,34.7,20.9,0,15
2026-08-24 05:19:36,21,34,39,28,31.1,34.5,21.2,0,15
2026-08-24 05:24:35,21,34,39,28,30.9,34.5,21.2,0,15
2026-08-24 05:29:36,22,38,46,27.9,31.2,34.3,21.3,0,15
2026-08-24 05:34:36,22,38,44,27.9,31.1,34.5,21.2,0,15
2026-08-24 05:39:35,23,36,42,27.8,31.3,34.3,21.5,0,15
2026-08-24 05:44:35,22,35,42,27.7,31.2,,,,15
2026-08-24 05:49:36,22,36,45,27.7,31.3,34.2,21.4,0,15
2026-08-24 05:54:36,23,37,43,27.7,31.5,34.1,21.5,0,15
2026-08-24 05:59:35,23,38,44,27.7,31.6,34.2,21.8,0,15
2026-08-24 06:04:36,25,38,45,27.7,31.6,34,21.8,0,15
2026-08-24 06:09:36,23,37,45,27.6,31.1,33.8,21.7,0,15
2026-08-24 06:14:35,21,35,41,27.6,31.2,34,21.3,0,15
2026-08-24 06:19:35,22,33,38,27.6,31.2,34.1,21.3,0,15
2026-08-24 06:24:36,23,36,41,27.6,31.3,34,21.5,0,15
2026-08-24 06:29:36,22,34,41,27.5,31.4,33.8,21.7,0,15
2026-08-24 06:34:36,23,35,40,27.5,31.1,33.9,21.6,0,15
2026-08-24 06:39:36,23,37,44,27.6,31.4,34.1,21.3,0,15
2026-08-24 06:44:36,21,34,41,27.5,31.4,34,21.4,0,15
2026-08-24 06:49:36,22,35,42,27.5,31.4,34,21.5,0,15
2026-08-24 06:54:36,23,35,42,27.4,31.3,33.7,21.7,0,15
2026-08-24 06:59:36,23,37,44,27.6,31.2,34,21.1,0,15
2026-08-24 07:04:36,22,37,43,27.5,31.2,33.9,21.3,0,15
2026-08-24 07:09:36,22,34,41,27.5,30.8,33.7,21.3,0,15
2026-08-24 07:14:36,22,34,39,27.4,31.1,33.4,21.6,0,15
2026-08-24 07:19:36,22,36,42,27.5,31.1,33.6,21.6,0,15
2026-08-24 07:24:36,23,36,45,27.4,31,,,,15
2026-08-24 07:29:36,24,39,46,27.4,31,33.6,21.4,0,15
2026-08-24 07:34:36,22,37,44,27.4,31.3,33.7,21.4,0,15
2026-08-24 07:39:37,23,36,41,27.4,31.3,33.9,21.2,0,15
2026-08-24 07:44:36,22,34,40,27.5,31,33.9,21.1,0,15
2026-08-24 07:49:36,21,35,40,27.4,30.8,33.8,21.1,0,15
2026-08-24 07:54:37,22,36,43,27.4,31.1,34,21.2,0,15
2026-08-24 07:59:36,21,36,42,27.3,31.3,33.6,21.5,0,15
2026-08-24 08:04:36,22,38,47,27.4,31.4,33.8,21.5,0,15
2026-08-24 08:09:36,23,37,45,27.3,31,33.6,21.3,0,15
2026-08-24 08:14:36,23,37,45,27.3,31,33.7,21.3,0,15
2026-08-24 08:19:37,21,35,44,27.3,31.4,33.7,21.5,0,15
2026-08-24 08:24:36,21,35,44,27.3,31.2,33.7,21.5,0,15
2026-08-24 08:29:37,20,34,39,27.3,31.2,33.8,21.2,0,15
2026-08-24 08:34:36,21,34,41,27.2,31.2,33.6,21.4,0,15
2026-08-24 08:39:36,22,36,41,27.3,31.2,33.5,21.6,0,15
2026-08-24 08:44:36,23,38,45,27.2,31.4,33.4,21.8,0,15
2026-08-24 08:49:36,22,35,40,27.3,31.1,33.7,21.1,0,15
2026-08-24 08:54:36,23,38,45,27.3,30.8,33.7,21.2,0,15
2026-08-24 08:59:37,21,34,40,27.4,31.2,33.6,21.4,0,15
2026-08-24 09:04:36,22,35,40,27.3,31.1,33.6,21.5,0,15
2026-08-24 09:09:36,24,37,42,27.3,30.9,33.7,21.2,0,15
2026-08-24 09:14:37,23,37,45,27.4,30.8,33.8,21,0,15
2026-08-24 09:19:37,23,35,41,27.5,30.9,33.9,21.1,0,15
2026-08-24 09:24:39,22,33,38,27.5,30.8,33.8,21.3,0,15
2026-08-24 09:29:36,22,36,44,27.6,30.6,,,,15
2026-08-24 09:34:37,23,37,43,27.7,30.7,34,21,0,15
2026-08-24 09:39:36,22,36,42,27.7,30.9,34.1,21.2,0,15
2026-08-24 09:44:36,23,35,39,27.8,30.4,34.1,21.1,0,15
2026-08-24 09:49:37,25,40,48,27.8,30.5,,,,15
2026-08-24 09:54:36,23,36,43,27.9,30.4,34.2,20.8,0,15
2026-08-24 09:59:36,23,36,42,27.9,30.8,34.3,21.1,0,15
2026-08-24 10:04:36,22,38,46,28,30.9,34.4,21.2,0,15
2026-08-24 10:09:36,24,40,49,28.1,30.6,,,,15
2026-08-24 10:14:36,26,42,49,28.1,30.9,34.5,21.2,0,15
2026-08-24 10:19:37,24,38,46,28.2,30.8,34.5,21.3,0,15
2026-08-24 10:24:36,24,40,47,28.3,31,34.8,21.1,0,15
2026-08-24 10:29:36,23,39,47,28.4,30.7,35.3,20.7,0,15
2026-08-24 10:34:37,24,40,47,28.4,30.6,34.9,21,0,15
2026-08-24 10:39:36,24,40,48,28.4,30.7,34.7,21.1,0,15
2026-08-24 10:44:37,24,38,47,28.3,31,34.8,21.1,0,15
2026-08-24 10:49:38,22,38,45,28.4,31.1,34.8,21.4,0,15
2026-08-24 10:54:36,27,43,50,28.3,30.9,34.7,21.6,0,15
2026-08-24 10:59:36,25,41,49,28.4,31.1,35,21.1,0,15
2026-08-24 11:04:37,25,39,48,28.5,31.1,35,21.3,0,15
2026-08-24 11:09:37,26,42,52,28.5,31.1,34.9,21.5,0,15
2026-08-24 11:14:36,26,42,49,28.7,31.1,35.4,20.9,0,15
2026-08-24 11:19:36,25,41,49,28.7,31.1,35.3,21.3,0,15
2026-08-24 11:24:38,28,43,53,28.7,30.8,,,,15
2026-08-24 11:29:36,26,41,50,28.7,31,35.2,21.2,0,15
2026-08-24 11:34:36,28,43,52,28.8,31.2,35.3,21.4,0,15
2026-08-24 11:39:36,25,40,49,28.9,31,35.4,21.3,0,15
2026-08-24 11:44:36,27,43,53,28.9,31.1,35.5,21.1,0,15
2026-08-24 11:49:38,27,42,52,29,31,35.5,21.4,0,15
2026-08-24 11:54:37,27,41,50,29,31.1,35.4,21.6,0,15
2026-08-24 11:59:36,28,45,57,29.1,31,35.6,21.2,0,15
2026-08-24 12:04:38,27,45,55,29.3,31,35.7,21.3,0,15
2026-08-24 12:09:37,26,43,50,29.3,31,35.7,21.4,0,15
2026-08-24 12:14:39,28,47,59,29.4,30.9,35.8,21.1,0,15
2026-08-24 12:19:37,27,44,54,29.5,30.9,36,21.1,0,15
2026-08-24 12:24:36,29,49,59,29.6,30.7,35.9,21,0,15
2026-08-24 12:29:37,32,53,66,27.6,31.6,30.5,25.9,0,15
2026-08-24 12:34:38,29,46,57,27.9,32.6,34,23.6,0,15
2026-08-24 12:39:37,26,44,53,28.5,32.1,35.1,22.2,0,15
2026-08-24 12:44:36,25,43,52,28.9,31.6,35.8,21.2,0,15
2026-08-24 12:49:37,28,45,55,29.3,31.2,36.1,21.1,0,15
2026-08-24 12:54:37,28,45,55,29.4,31.2,35.8,21.5,0,15
2026-08-24 12:59:37,29,45,54,29.6,31,36.2,20.9,0,15
2026-08-24 13:04:37,28,45,53,29.5,31.2,35.7,21.6,0,15
2026-08-24 13:09:38,28,46,55,29.2,31.3,35.2,22.2,0,15
2026-08-24 13:14:36,27,45,56,29.4,31.2,35.7,21.6,0,15
2026-08-24 13:19:38,27,46,56,29.7,31.1,36.2,21,0,15
2026-08-24 13:24:37,27,45,54,29.8,30.8,36.2,21.1,0,15
2026-08-24 13:29:37,29,48,59,29.8,30.6,36.4,20.7,0,15
2026-08-24 13:34:37,30,49,61,29.9,30.7,36.3,20.8,0,15
2026-08-24 13:39:37,29,47,58,29.8,30.7,36.1,21.1,0,15
2026-08-24 13:44:37,30,48,60,29.9,30.4,36.7,20.4,0,15
2026-08-24 13:49:37,29,47,56,29.9,30.5,36.3,20.8,0,15
2026-08-24 13:54:37,29,47,57,29.8,30.5,36.2,20.7,0,15
2026-08-24 13:59:37,29,47,57,29.9,30.6,36.6,20.7,0,15
2026-08-24 14:04:39,29,47,60,29.9,30.3,36.4,20.5,0,15
2026-08-24 14:09:37,30,50,63,29.8,30.5,35.8,21.1,0,15
2026-08-24 14:14:38,30,48,60,29.8,30.7,36.4,20.8,0,15
2026-08-24 14:19:37,30,51,65,29.9,30.6,36.3,20.9,0,15
2026-08-24 14:24:37,33,53,66,29.8,30.5,36.4,20.7,0,15
2026-08-24 14:29:37,30,47,58,29.9,30.7,36.4,20.9,0,15
2026-08-24 14:34:38,30,50,62,29.9,30.3,36.7,20.4,0,15
2026-08-24 14:39:37,30,48,59,29.9,30.9,36.5,20.9,0,15
2026-08-24 14:44:39,31,51,64,29.9,30.6,36.3,20.7,0,15
2026-08-24 14:49:37,29,47,59,29.9,30.5,36.4,20.8,0,15
2026-08-24 14:54:37,30,49,61,29.9,30.5,36.3,20.8,0,15
2026-08-24 14:59:38,29,48,61,29.9,30.8,36.4,20.9,0,15
2026-08-24 15:04:37,30,49,60,29.8,30.8,36.1,21.3,0,15
2026-08-24 15:09:37,32,53,66,29.8,30.8,36.2,21,0,15
2026-08-24 15:14:51,33,57,69,29.8,30.8,36.1,21.1,0,15
2026-08-24 15:19:38,30,48,60,29.8,30.9,36.2,21.3,0,15
2026-08-24 15:24:37,30,50,61,29.8,31,36.1,21.3,0,15
2026-08-24 15:29:37,34,57,68,29.9,30.9,36.3,21.1,0,15
2026-08-24 15:34:39,30,48,61,29.8,30.7,36.2,21.3,0,15
2026-08-24 15:39:38,30,50,61,30,30.7,36.6,20.7,0,15
2026-08-24 15:44:38,28,45,58,30,30.6,36.3,21,0,15
2026-08-24 15:49:38,30,51,62,29.9,30.6,36.4,20.8,0,15
2026-08-24 15:54:39,28,46,55,29.9,30.9,36.2,21.1,0,15
2026-08-24 15:59:37,29,51,62,29.7,30.9,,,,15
2026-08-24 16:04:37,29,46,56,29.7,30.6,36,21.1,0,15
2026-08-24 16:09:37,28,46,57,29.7,31,36.3,21.1,0,15
2026-08-24 16:14:38,31,51,62,29.7,30.9,36.1,20.9,0,15
2026-08-24 16:19:37,30,48,62,29.7,30.8,36,21.2,0,15
2026-08-24 16:24:38,30,49,61,29.6,31.1,35.8,21.4,0,15
2026-08-24 16:29:37,30,50,62,29.6,31.1,36,21.1,0,15
2026-08-24 16:34:38,28,46,58,29.6,31.1,36.1,21.1,0,15
2026-08-24 16:39:38,27,45,56,29.5,30.9,35.9,21.3,0,15
2026-08-24 16:44:38,28,49,62,29.4,30.9,35.7,21.2,0,15
2026-08-24 16:49:38,30,50,61,29.4,31.1,35.8,21.3,0,15
2026-08-24 16:54:38,27,45,56,29.2,31.1,35.6,21.4,0,15
2026-08-24 16:59:38,28,46,56,29.2,31,35.5,21.3,0,15
2026-08-24 17:04:38,27,42,53,29.1,31.2,35.6,21.3,0,15
2026-08-24 17:09:37,27,44,53,29.1,31.2,35.6,21.4,0,15
2026-08-24 17:14:37,27,44,54,29,31.1,35.5,21.5,0,15
2026-08-24 17:19:38,27,44,53,29,31.2,35.7,21.1,0,15
2026-08-24 17:24:38,26,45,55,28.9,31.3,35.4,21.4,0,15
2026-08-24 17:29:37,27,44,55,28.9,31.1,35.6,21,0,15
2026-08-24 17:34:37,28,47,57,28.8,31.3,35.5,21.3,0,15
2026-08-24 17:39:38,27,45,54,28.7,31.4,35.3,21.6,0,15
2026-08-24 17:44:38,28,48,60,28.7,31.3,35.2,21.3,0,15
2026-08-24 17:49:38,27,46,59,28.6,31.4,35.1,21.6,0,15
2026-08-24 17:54:38,28,46,56,28.5,31.7,35.1,21.8,0,15
2026-08-24 17:59:38,28,48,60,28.5,31.4,35.1,21.5,0,15
2026-08-24 18:04:38,26,44,53,28.5,31.4,35.1,21.5,0,15
2026-08-24 18:09:38,27,45,53,28.4,31.7,35,21.8,0,15
2026-08-24 18:14:37,28,48,61,28.4,31.7,,,,15
2026-08-24 18:19:38,28,47,59,28.4,31.8,35,21.8,0,15
2026-08-24 18:24:38,25,43,51,28.4,31.6,34.9,21.7,0,15
2026-08-24 18:29:38,27,44,55,28.2,31.7,34.5,22.2,0,15
2026-08-24 18:34:38,28,47,61,28.2,31.8,34.5,22,0,15
2026-08-24 18:39:38,27,45,55,28.2,31.9,34.8,22,0,15
2026-08-24 18:44:38,27,44,54,28.1,32,34.7,22.2,0,15
2026-08-24 18:49:38,28,46,58,28.2,31.6,34.9,21.6,0,15
2026-08-24 18:54:38,23,40,48,28.3,31.9,34.9,21.8,0,15
2026-08-24 18:59:38,26,42,50,28.1,31.7,34.5,22.2,0,15
2026-08-24 19:04:39,24,42,50,28,31.6,,,,15
2026-08-24 19:09:38,25,43,50,28,31.3,34.7,21.5,0,15
2026-08-24 19:14:38,25,42,51,28,31.2,34.4,21.6,0,15
2026-08-24 19:19:39,28,45,56,28.1,30.9,34.5,21.3,0,15
2026-08-24 19:24:38,26,41,50,28.2,30.9,34.7,21.2,0,15
2026-08-24 19:29:38,24,40,47,28.3,31,34.7,21.5,0,15
2026-08-24 19:34:37,26,41,50,28.4,31.1,35.1,21,0,15
2026-08-24 19:39:38,26,42,49,28.3,31.1,34.7,21.3,0,15
2026-08-24 19:44:39,26,44,54,28.3,31.1,34.9,21.2,0,15
2026-08-24 19:49:38,25,41,48,28.3,30.9,34.8,21.1,0,15
2026-08-24 19:54:38,26,43,52,28.3,30.9,34.6,21.3,0,15
2026-08-24 19:59:38,25,41,51,28.3,30.5,34.7,21,0,15
2026-08-24 20:04:38,24,42,50,28.2,30.4,34.6,20.9,0,15
2026-08-24 20:09:38,25,40,50,28.3,30.4,34.7,20.7,0,15
2026-08-24 20:14:38,32,52,66,27.7,29.7,32.1,22,0,15
2026-08-24 20:19:39,28,45,56,25.3,31.4,26.8,27.6,0,15
2026-08-24 20:24:38,26,45,55,23.1,33.8,,,,15
2026-08-24 20:29:38,24,41,48,24.5,33.7,29.3,25.4,0,15
2026-08-24 20:34:38,23,39,47,23.5,35.9,26.4,30.5,0,15
2026-08-24 20:39:38,25,41,49,24.5,34,29.2,25.6,0,15
2026-08-24 20:44:38,26,45,55,23.2,34.6,25.2,29.8,0,15
2026-08-24 20:49:39,22,39,45,21.7,36.2,22.3,33.2,0,15
2026-08-24 20:54:38,2,6,7,20.4,33,20.6,30.9,0,15
2026-08-24 20:59:39,2,5,5,19.5,34.5,19.6,32.7,0,15
2026-08-24 21:04:39,1,1,2,19,34.1,19.1,32.5,0,15
2026-08-24 21:09:38,0,1,1,18.6,33.4,18.7,31.3,0,15
2026-08-24 21:14:38,8,24,25,18.3,37,18.5,35.2,0,15
2026-08-24 21:19:38,9,25,26,18.2,37.9,18.4,36,0,15
2026-08-24 21:24:39,7,20,20,18.1,38.3,18.3,36.3,0,15
2026-08-24 21:29:38,0,2,3,18,37.3,18.2,35.2,0,15
2026-08-24 21:34:38,0,0,0,17.9,36.2,18.2,33.5,0,15
2026-08-24 21:39:38,0,0,0,17.9,36,18.2,33.9,0,15
2026-08-24 21:44:39,0,0,0,17.9,35.7,18.3,32.3,0,15
2026-08-24 21:49:38,0,0,0,18,35.2,18.4,32.7,0,15
2026-08-24 21:54:38,0,0,0,18.1,35.4,18.6,32.2,0,15
2026-08-24 21:59:38,0,0,0,18.2,35.2,18.7,32.3,0,15
2026-08-24 22:04:38,0,0,0,18.3,35.2,18.9,31.9,0,15
2026-08-24 22:09:38,0,0,0,18.4,34.1,19,30.9,0,15
2026-08-24 22:14:38,0,0,0,18.5,34.2,19.1,31.1,0,15
2026-08-24 22:19:38,0,0,0,18.5,34.4,19.2,31.2,0,15
2026-08-24 22:24:39,0,0,0,18.6,34.1,19.3,31.2,0,15
2026-08-24 22:29:39,0,0,0,18.7,33.7,19.4,30.4,0,15
2026-08-24 22:34:38,0,0,0,18.8,32.9,19.5,29.2,0,15
2026-08-24 22:39:38,0,0,0,18.8,32.9,19.6,29.4,0,15
2026-08-24 22:44:38,0,0,0,18.9,32.7,19.7,29.3,0,15
2026-08-24 22:49:39,0,0,0,19,32.5,19.8,28.9,0,15
2026-08-24 22:54:38,0,0,0,19.1,32.6,19.9,29.3,0,15
2026-08-24 22:59:38,0,0,0,19.2,32.4,20,29.1,0,15
2026-08-24 23:04:38,0,0,0,19.2,32.4,20.1,28.5,0,15
2026-08-24 23:09:38,0,0,0,19.3,32.6,20.2,29.2,0,15
2026-08-24 23:14:38,0,0,0,19.4,32.4,20.2,28.7,0,15
2026-08-24 23:19:38,0,0,0,19.4,32.3,20.3,28.7,0,15
2026-08-24 23:24:38,0,0,0,19.4,32.3,20.3,28.4,0,15
2026-08-24 23:29:39,0,0,0,19.4,32.5,20.3,29,0,15
2026-08-24 23:34:38,0,0,0,19.5,32.3,20.4,28.5,0,15
2026-08-24 23:39:39,0,0,0,19.5,32.4,20.4,29.1,0,15
2026-08-24 23:44:38,0,0,0,19.5,32.2,20.4,28.4,0,15
2026-08-24 23:49:38,2,6,7,19.6,34,20.5,30.5,0,15
2026-08-24 23:54:39,0,0,0,19.6,32.7,20.5,28.9,0,15
2026-08-24 23:59:38,0,0,0,19.6,32.4,20.5,28.6,0,15
2026-08-25 00:04:39,0,0,0,19.5,32.4,20.5,28.8,0,15
2026-08-25 00:09:38,0,0,0,19.6,32.1,20.5,28.6,0,15
2026-08-25 00:14:38,0,0,0,19.6,32.1,20.5,28.5,0,15
2026-08-25 00:19:39,0,0,0,19.6,32.1,20.5,28.4,0,15
2026-08-25 00:24:39,0,0,0,19.6,32.9,20.5,29.4,0,15
2026-08-25 00:29:39,0,0,0,19.6,32.8,20.5,29.1,0,15
2026-08-25 00:34:38,0,0,0,19.6,32.5,20.5,28.7,0,15
2026-08-25 00:39:39,0,0,0,19.6,33,20.5,29.6,0,15
2026-08-25 00:44:39,0,4,4,19.5,33.4,20.5,30.2,0,15
2026-08-25 00:49:39,24,39,45,19.6,37.9,20.5,35.1,0,15
2026-08-25 00:54:39,23,42,52,19.5,39.4,20.3,36.3,0,15
2026-08-25 00:59:39,24,41,52,19.4,39.9,20.2,36.9,0,15
2026-08-25 01:04:39,23,38,46,19.3,40.2,20,37,0,15
2026-08-25 01:09:39,23,41,48,19.1,40.1,19.9,37.4,0,15
2026-08-25 01:14:39,24,42,52,19,40.9,19.7,38.6,0,15
2026-08-25 01:19:38,24,42,51,18.8,41.2,19.5,38.8,0,15
2026-08-25 01:24:39,24,39,45,18.7,41.2,19.3,38.6,0,15
2026-08-25 01:29:39,24,41,51,18.5,42,19.1,39.6,0,15
2026-08-25 01:34:39,24,38,45,18.5,42.3,19,39.6,0,15
2026-08-25 01:39:39,28,43,51,18.3,43.3,18.8,41.4,0,15
2026-08-25 01:44:39,26,44,52,19.9,43.8,24.8,33.7,0,15
2026-08-25 01:49:39,25,42,50,20.7,42.9,25.1,34.2,0,15
2026-08-25 01:54:38,22,39,46,23.2,39.6,31,26.2,0,15
2026-08-25 01:59:39,22,39,48,25.1,36,,,,15
2026-08-25 02:04:39,25,44,53,25.4,34,30.8,24.1,0,15
2026-08-25 02:09:39,25,44,53,23.8,35,26,29.2,0,15
2026-08-25 02:14:39,22,39,46,22.2,35.9,23.1,32.2,0,15
2026-08-25 02:19:39,22,37,43,20.9,37.1,21.3,34.6,0,15
2026-08-25 02:24:39,23,36,42,20,38.3,20.3,36.2,0,15
2026-08-25 02:29:39,17,31,35,19.3,38.7,19.6,36.7,0,15
2026-08-25 02:34:39,12,28,29,18.9,38.8,19.2,36.6,0,15
2026-08-25 02:39:39,0,1,1,18.5,36.8,18.9,33.9,0,15
2026-08-25 02:44:39,0,0,0,18.4,35.9,18.7,33.4,0,15
2026-08-25 02:49:39,0,0,0,18.3,35.7,18.7,33.5,0,15
2026-08-25 02:54:39,0,0,0,18.3,35.7,18.7,33.5,0,15
2026-08-25 02:59:39,0,0,0,18.3,35.6,18.8,32.4,0,15
2026-08-25 03:04:39,4,12,14,18.3,37.6,18.9,34.8,0,15
2026-08-25 03:09:39,4,14,15,18.4,37.9,19,35.1,0,15
2026-08-25 03:14:39,2,6,6,18.4,37.7,19,34.6,0,15
2026-08-25 03:19:39,2,5,6,18.4,37.7,19,34.7,0,15
2026-08-25 03:24:39,1,3,3,18.4,37,19,33.9,0,15
2026-08-25 03:29:39,0,3,3,18.5,37.2,19.1,34.2,0,15
2026-08-25 03:34:39,0,0,1,18.5,36.4,19.1,33.1,0,15
2026-08-25 03:39:39,0,0,0,18.5,35.8,19.1,32.3,0,15
2026-08-25 03:44:39,0,0,0,18.6,35.7,19.1,32.3,0,15
2026-08-25 03:49:40,0,0,0,18.6,35.5,19.2,31.9,0,15
2026-08-25 03:54:39,0,0,0,18.6,35.7,19.3,32.4,0,15
2026-08-25 03:59:39,0,0,0,18.7,35.6,19.3,32.1,0,15
2026-08-25 04:04:39,0,0,0,18.7,35.4,19.4,32.2,0,15
2026-08-25 04:09:39,0,0,0,18.7,35.6,19.4,32.3,0,15
2026-08-25 04:14:39,0,0,0,18.8,35.5,19.5,32.3,0,15
2026-08-25 04:19:39,0,0,0,18.8,35.8,19.5,32.4,0,15
2026-08-25 04:24:39,0,0,0,18.8,37.3,19.5,34.6,0,15
2026-08-25 04:29:39,0,0,0,18.8,36.9,19.5,33.8,0,15
2026-08-25 04:34:39,0,0,0,18.8,37.4,19.5,34.1,0,15
2026-08-25 04:39:39,0,0,0,18.9,37.5,19.5,34.3,0,15
2026-08-25 04:44:39,0,0,0,18.8,37.4,19.5,34.3,0,15
2026-08-25 04:49:39,0,0,0,18.8,37.5,19.5,34.2,0,15
2026-08-25 04:54:39,0,0,0,18.8,36.8,19.5,33.7,0,15
2026-08-25 04:59:39,0,0,0,18.8,36,19.5,32.6,0,15
2026-08-25 05:04:39,0,0,0,18.8,36.1,19.5,32.7,0,15
2026-08-25 05:09:39,0,0,0,18.8,36.5,19.5,33.4,0,15
2026-08-25 05:14:39,0,0,0,18.8,36.4,19.5,33.1,0,15
2026-08-25 05:19:40,0,0,0,18.8,35.9,19.5,32.4,0,15
2026-08-25 05:24:39,0,0,0,18.8,35.7,19.5,32.2,0,15
2026-08-25 05:29:40,0,0,0,18.8,35.5,19.5,32.3,0,15
2026-08-25 05:34:40,0,0,0,18.8,35.8,19.5,32.2,0,15
2026-08-25 05:39:39,0,0,0,18.8,35.4,19.5,32.1,0,15
2026-08-25 05:44:40,0,0,0,18.8,35.8,19.5,32.2,0,15
2026-08-25 05:49:39,0,0,0,18.9,35.8,19.6,32.6,0,15
2026-08-25 05:54:39,0,0,0,18.9,35.4,19.6,32,0,15
2026-08-25 05:59:39,0,0,0,18.9,34.9,19.6,32,0,15
2026-08-25 06:04:39,0,0,0,18.9,34.8,19.6,31.3,0,15
2026-08-25 06:09:39,0,0,0,18.9,34.8,19.7,31.5,0,15
2026-08-25 06:14:39,0,0,0,19,35.2,19.8,31.5,0,15
2026-08-25 06:19:40,0,0,0,19,35.3,19.8,31.9,0,15
2026-08-25 06:24:39,0,0,0,19.1,34.8,19.8,31.3,0,15
2026-08-25 06:29:39,0,0,0,19.1,34.7,19.9,31.2,0,15
2026-08-25 06:34:40,0,0,0,19.1,34.6,19.9,31.1,0,15
2026-08-25 06:39:40,0,0,0,19.1,34.8,19.9,31.5,0,15
2026-08-25 06:44:39,0,0,0,19.2,34.6,19.9,31.1,0,15
2026-08-25 06:49:40,0,0,0,19.1,34.8,20,31.3,0,15
2026-08-25 06:54:39,0,0,0,19.2,35,20,31.5,0,15
2026-08-25 06:59:40,0,1,1,19.2,35.1,20,31.3,0,15
2026-08-25 07:04:39,0,0,0,19.2,35.1,20,31.4,0,15
2026-08-25 07:09:40,0,0,0,19.2,35,20,31.1,0,15
2026-08-25 07:14:40,0,0,0,19.2,34.5,20,31,0,15
2026-08-25 07:19:39,0,0,0,19.2,34.8,20,31.1,0,15
2026-08-25 07:24:39,0,0,0,19.2,34.7,20,31,0,15
2026-08-25 07:29:39,0,0,0,19.2,34.5,20,30.9,0,15
2026-08-25 07:34:39,0,0,0,19.3,34.3,20.1,30.8,0,15
2026-08-25 07:39:39,0,0,0,19.3,33.9,20.1,30.2,0,15
2026-08-25 07:44:40,0,0,0,19.3,33.8,20.2,30.2,0,15
2026-08-25 07:49:40,0,0,0,19.4,34.2,20.2,30.7,0,15
2026-08-25 07:54:41,0,0,0,19.4,34.6,20.2,31,0,15
2026-08-25 07:59:40,0,0,0,19.4,35.1,20.2,31.5,0,15
2026-08-25 08:04:40,0,0,0,19.4,35.3,20.2,31.8,0,15
2026-08-25 08:09:40,0,0,0,19.4,35.1,20.1,31.4,0,15
2026-08-25 08:14:39,0,0,0,19.3,35.7,20,32,0,15
2026-08-25 08:19:41,0,0,0,19.3,36.1,20,32.5,0,15
2026-08-25 08:24:41,0,0,0,19.2,36,20,32.3,0,15
2026-08-25 08:29:40,0,0,0,19.2,35.8,19.9,32.2,0,15
2026-08-25 08:34:40,0,0,0,19.2,36.1,19.9,32.5,0,15
2026-08-25 08:39:40,0,0,0,19.1,36,19.8,32.7,0,15
2026-08-25 08:44:39,0,0,0,19.1,36.2,19.8,32.9,0,15
2026-08-25 08:49:39,0,0,0,19,36.3,19.7,33,0,15
2026-08-25 08:54:40,0,0,0,19,36.5,19.6,33.2,0,15
2026-08-25 08:59:40,0,0,0,19,36.8,19.6,33.7,0,15
2026-08-25 09:04:40,0,0,0,18.9,37.1,19.6,34,0,15
2026-08-25 09:09:40,0,0,0,18.9,36.6,19.6,33.3,0,15
2026-08-25 09:14:40,0,0,0,18.9,36.5,19.6,33.1,0,15
2026-08-25 09:19:40,0,0,0,18.9,36.7,19.6,33.3,0,15
2026-08-25 09:24:40,0,0,0,18.9,36.8,19.6,33.5,0,15
2026-08-25 09:29:40,0,0,0,18.9,36.7,19.6,33.5,0,15
2026-08-25 09:34:40,0,0,0,18.9,37,19.6,33.7,0,15
2026-08-25 09:39:40,0,0,0,18.9,37,19.6,33.7,0,15
2026-08-25 09:44:40,0,0,0,18.9,36.9,19.6,33.7,0,15
2026-08-25 09:49:39,0,0,0,18.9,37.6,19.6,34.6,0,15
2026-08-25 09:54:40,0,0,0,18.9,37.4,19.6,34.2,0,15
2026-08-25 09:59:41,0,0,0,18.9,37.4,19.6,34.1,0,15
2026-08-25 10:04:40,0,0,0,18.9,37.4,19.7,34,0,15
2026-08-25 10:09:40,0,0,0,19,37.4,19.7,34.1,0,15
2026-08-25 10:14:40,0,0,0,18.9,38.6,19.7,35.5,0,15
2026-08-25 10:19:40,0,0,0,19,37.7,19.8,34.4,0,15
2026-08-25 10:24:40,0,0,0,19,37.4,19.8,34.3,0,15
2026-08-25 10:29:40,0,0,0,19,37.5,19.8,34,0,15
2026-08-25 10:34:40,0,0,0,19,37.3,19.8,34.1,0,15
2026-08-25 10:39:40,0,3,3,19.1,37.7,19.9,34.5,0,15
2026-08-25 10:44:40,0,0,0,19.1,37.3,19.9,34.1,0,15
2026-08-25 10:49:40,0,0,0,19.1,37.1,19.9,33.8,0,15
2026-08-25 10:54:40,0,0,0,19.2,37.4,20,34.1,0,15
2026-08-25 10:59:40,0,0,0,19.2,37.3,20,33.7,0,15
2026-08-25 11:04:40,0,0,0,19.2,37.1,20,33.7,0,15
2026-08-25 11:09:40,0,0,0,19.3,37.3,20.1,33.7,0,15
2026-08-25 11:14:40,0,0,0,19.3,37.1,20.1,33.5,0,15
2026-08-25 11:19:40,0,0,0,19.3,37.3,20.2,33.7,0,15
2026-08-25 11:24:40,0,0,0,19.3,37.3,20.2,33.6,0,15
2026-08-25 11:29:40,0,0,0,19.4,37.3,20.3,33.6,0,15
2026-08-25 11:34:40,2,28,37,19.5,37.3,20.4,33.6,0,15
2026-08-25 11:39:40,0,0,0,19.5,36.9,20.4,33.1,0,15
2026-08-25 11:44:40,0,0,0,19.5,36.9,20.5,33.1,0,15
2026-08-25 11:49:41,0,0,0,19.6,37,20.5,33.5,0,15
2026-08-25 11:54:40,1,21,32,19.7,36.8,20.6,33.4,0,15
2026-08-25 11:59:41,0,0,0,19.7,36.4,20.7,32.7,0,15
2026-08-25 12:04:41,0,0,0,19.7,36.1,20.7,32.3,0,15
2026-08-25 12:09:40,0,0,0,19.8,36.4,20.8,32.8,0,15
2026-08-25 12:14:41,0,0,0,19.9,36.1,20.8,32.2,0,15
2026-08-25 12:19:40,0,0,0,19.9,36,20.9,32.2,0,15
2026-08-25 12:24:40,0,0,0,19.9,36,20.9,32.4,0,15
2026-08-25 12:29:41,0,0,0,19.9,35.8,21,31.8,0,15
2026-08-25 12:34:40,0,0,0,20,36.2,21.1,32.4,0,15
2026-08-25 12:39:41,0,0,0,20.1,36.1,21.1,32.2,0,15
2026-08-25 12:44:41,0,0,0,20.1,36.2,21.2,32.4,0,15
2026-08-25 12:49:41,0,0,0,20.1,36.1,21.2,31.9,0,15
2026-08-25 12:54:41,0,0,1,20.1,35.6,21.3,31.7,0,15
2026-08-25 12:59:43,0,0,0,20.2,35.4,21.3,31.5,0,15
2026-08-25 13:04:40,0,0,0,20.2,35.7,21.3,31.8,0,15
2026-08-25 13:09:41,0,1,4,20.3,35.1,21.3,31.1,0,15
2026-08-25 13:14:41,0,0,0,20.3,35.6,21.4,31.8,0,15
2026-08-25 13:19:40,0,0,0,20.3,35.5,21.4,31.5,0,15
2026-08-25 13:24:41,2,28,37,20.4,35.3,21.5,31.5,0,15
2026-08-25 13:29:40,0,0,0,20.4,35.8,21.5,31.9,0,15
2026-08-25 13:34:42,0,0,0,20.4,35.7,21.5,31.8,0,15
2026-08-25 13:39:43,0,0,0,20.4,35.1,21.5,31.3,0,15
2026-08-25 13:44:41,0,4,8,20.4,35.2,21.5,31.3,0,15
2026-08-25 13:49:41,0,0,0,20.4,36.2,21.6,32.3,0,15
2026-08-25 13:54:40,0,0,0,20.4,35.4,21.6,31.5,0,15
2026-08-25 13:59:41,0,0,0,20.5,35.9,21.6,31.9,0,15
2026-08-25 14:04:40,0,0,0,20.4,36.8,21.6,33.3,0,15
2026-08-25 14:09:41,0,0,0,20.4,37.6,21.6,33.8,0,15
2026-08-25 14:14:41,0,0,0,20.4,38,21.5,33.9,0,15
2026-08-25 14:19:41,0,0,0,20.4,36.9,21.5,32.8,0,15
2026-08-25 14:24:41,0,0,0,20.4,36.5,21.5,32.6,0,15
2026-08-25 14:29:41,0,0,0,20.3,36.2,21.4,32.4,0,15
2026-08-25 14:34:40,0,0,0,20.3,36,21.4,32,0,15
2026-08-25 14:39:41,0,0,0,20.3,35.7,21.4,31.8,0,15
2026-08-25 14:44:41,0,0,0,20.3,35.6,21.3,31.8,0,15
2026-08-25 14:49:41,0,0,0,20.2,35.8,21.3,31.8,0,15
2026-08-25 14:54:41,0,0,0,20.2,35.6,21.2,31.6,0,15
2026-08-25 14:59:41,0,0,0,20.2,36.4,21.3,33,0,15
2026-08-25 15:04:41,0,0,0,20.2,38.5,21.2,35.2,0,15
2026-08-25 15:09:41,0,1,2,20.1,39.2,21.2,36,0,15
2026-08-25 15:14:41,0,1,1,20.1,39.9,21.1,36.6,0,15
2026-08-25 15:19:41,1,2,2,20,40.4,21,37.2,0,15
2026-08-25 15:24:41,1,4,4,19.9,40.4,21,37.3,0,15
2026-08-25 15:29:41,1,5,5,19.9,41.3,20.8,38.2,0,15
2026-08-25 15:34:41,1,4,4,19.8,41.2,20.7,37.8,0,15
2026-08-25 15:39:41,0,2,2,19.7,41.3,20.6,38.3,0,15
2026-08-25 15:44:41,1,3,3,19.6,41.7,20.5,38.8,0,15
2026-08-25 15:49:42,1,2,2,19.5,41.1,20.3,38.1,0,15
2026-08-25 15:54:41,0,0,0,19.3,38.6,20.1,35.2,0,15
2026-08-25 15:59:41,0,0,0,19.3,39.1,20,35.9,0,15
2026-08-25 16:04:42,0,0,0,19.3,38,20,34.7,0,15
2026-08-25 16:09:42,0,0,0,19.2,39.1,20,35.9,0,15
2026-08-25 16:14:41,0,0,0,19.2,39.6,20,36.3,0,15
2026-08-25 16:19:41,0,0,0,19.2,38.9,20,35.8,0,15
2026-08-25 16:24:41,0,0,0,19.2,39.1,20.1,35.8,0,15
2026-08-25 16:29:41,0,0,0,19.3,39.1,20.1,35.9,0,15
2026-08-25 16:34:41,0,0,0,19.2,39,20.1,35.7,0,15
2026-08-25 16:39:41,0,3,3,19.3,39.6,20.1,36.7,0,15
2026-08-25 16:44:41,0,2,2,19.3,41.3,20.1,38.8,0,15
2026-08-25 16:49:41,1,3,5,19.3,42.6,20.1,39.8,0,15
2026-08-25 16:54:41,4,11,12,19.3,43.2,20.1,40.3,0,15
2026-08-25 16:59:41,2,3,4,19.3,43.4,20,40.5,0,15
2026-08-25 17:04:41,1,4,4,19.2,43.4,19.9,40.2,0,15
2026-08-25 17:09:41,0,1,1,19.1,42.6,19.8,39.5,0,15
2026-08-25 17:14:41,0,1,1,19.1,42.2,19.8,39.7,0,15
2026-08-25 17:19:41,0,0,0,19,41.9,19.7,39.4,0,15
2026-08-25 17:24:42,0,0,0,18.9,41.8,19.6,39.2,0,15
2026-08-25 17:29:42,0,0,0,18.8,42.2,19.5,39.8,0,15
2026-08-25 17:34:42,0,1,1,18.8,43.7,19.5,41.4,0,15
2026-08-25 17:39:41,19,37,40,18.8,43.4,19.5,41.1,0,15
2026-08-25 17:44:42,9,24,26,18.8,43.8,19.4,41.1,0,15
2026-08-25 17:49:41,0,0,0,18.8,43.8,19.4,41.5,0,15
2026-08-25 17:54:41,0,0,0,18.7,43.4,19.3,41,0,15
2026-08-25 17:59:43,0,0,0,18.7,42.9,19.3,40.3,0,15
2026-08-25 18:04:41,0,0,0,18.7,41.8,19.3,39.2,0,15
2026-08-25 18:09:41,0,0,0,18.7,41.4,19.2,39.1,0,15
2026-08-25 18:14:41,0,0,0,18.6,42.4,19.2,39.7,0,15
2026-08-25 18:19:41,0,0,1,18.6,43.8,19.2,41.6,0,15
2026-08-25 18:24:42,0,0,0,18.6,44.9,19.2,43.2,0,15
2026-08-25 18:29:41,0,0,0,18.6,44.1,19.1,41.7,0,15
2026-08-25 18:34:42,0,0,0,18.5,45,19.1,43.1,0,15
2026-08-25 18:39:42,0,0,0,18.4,45.3,19,43.2,0,15
2026-08-25 18:44:41,0,0,0,18.4,44.6,18.9,42.5,0,15
2026-08-25 18:49:41,0,0,0,18.3,44.4,18.9,42.3,0,15
2026-08-25 18:54:41,0,0,0,18.3,43.5,18.8,41.4,0,15
2026-08-25 18:59:42,0,0,0,18.3,43.3,18.8,41.3,0,15
2026-08-25 19:04:41,0,0,0,18.2,43.3,18.7,41.4,0,15
2026-08-25 19:09:42,0,0,0,18.2,42.9,18.7,40.5,0,15
2026-08-25 19:14:42,0,0,0,18.2,42.2,18.6,39.7,0,15
2026-08-25 19:19:41,0,0,0,18.2,41.3,18.6,38.7,0,15
2026-08-25 19:24:42,0,0,0,18.1,40.6,18.5,38.2,0,15
2026-08-25 19:29:41,0,0,0,18.1,40.4,18.5,38.2,0,15
2026-08-25 19:34:41,0,0,0,18.1,39.8,18.4,37.1,0,15
2026-08-25 19:39:41,0,0,0,18.1,38.8,18.4,35.8,0,15
2026-08-25 19:44:42,0,0,0,18,39.3,18.4,36.9,0,15
2026-08-25 19:49:42,0,0,0,18,40.7,18.5,38.1,0,15
2026-08-25 19:54:41,0,0,0,18.1,40.4,18.5,38.1,0,15
2026-08-25 19:59:42,0,0,0,18.1,41.2,18.5,38.8,0,15
2026-08-25 20:04:41,0,0,0,18.1,41.7,18.5,39.4,0,15
2026-08-25 20:09:43,1,4,4,18.1,44.2,18.5,42.4,0,15
2026-08-25 20:14:41,3,6,6,18,45.8,18.5,44.7,0,15
2026-08-25 20:19:42,2,6,7,21,46.5,28.3,32.9,0,15
2026-08-25 20:24:43,1,4,5,23.7,41.1,32.1,26.3,0,15
2026-08-25 20:29:41,3,6,7,25.8,37.1,34,23.4,0,15
2026-08-25 20:34:41,5,8,9,26.1,34.6,31.4,24.7,0,15
2026-08-25 20:39:42,3,6,7,26,36.1,31.6,25.7,0,15
2026-08-25 20:44:41,2,4,6,27.1,34.7,34.3,23.2,0,15
2026-08-25 20:49:42,2,5,5,27.3,32.4,33.2,22.6,0,15
2026-08-25 20:54:42,4,8,9,27.5,33.2,34,23.1,0,15
2026-08-25 20:59:42,0,4,4,28.1,31.6,34.9,21.2,0,15
2026-08-25 21:04:43,2,3,4,26.6,31.6,29.6,25.3,0,15
2026-08-25 21:09:42,0,1,1,24.5,31.1,25.5,26.8,0,15
2026-08-25 21:14:42,0,1,1,22.6,32.4,23,30.2,0,15
2026-08-25 21:19:43,2,7,7,21.3,37.1,21.6,35.7,0,15
2026-08-25 21:24:42,6,9,9,20.5,39.8,20.7,38.5,0,15
2026-08-25 21:29:41,4,7,9,23,39.7,29.5,28.4,0,15
2026-08-25 21:34:42,3,5,5,25.1,36.7,32.7,24.2,0,15
2026-08-25 21:39:42,2,6,6,26.7,34.2,34.8,21.8,0,15
2026-08-25 21:44:42,4,8,8,27.6,32.4,35.2,20.8,0,15
2026-08-25 21:49:42,3,8,10,28,31.9,35,21.1,0,15
2026-08-25 21:54:42,3,7,7,28.1,31.2,,,,15
2026-08-25 21:59:42,3,6,7,28.4,31.2,35.3,20.6,0,15
2026-08-25 22:04:42,2,5,5,28.5,31,35.3,20.7,0,15
2026-08-25 22:09:42,2,5,5,28.5,31.1,35.1,21,0,15
2026-08-25 22:14:42,3,6,8,28.5,30.8,35.2,20.6,0,15
2026-08-25 22:19:43,2,5,5,28.5,30.8,35.2,20.7,0,15
2026-08-25 22:24:42,3,8,9,28.4,30.9,34.9,21,0,15
2026-08-25 22:29:42,2,5,5,28.6,30.9,35.7,20.3,0,15
2026-08-25 22:34:43,4,6,6,28.6,30.5,,,,15
2026-08-25 22:39:42,3,5,5,28.6,30.4,35.3,20.3,0,15
2026-08-25 22:44:42,4,8,8,28.5,30.4,35,20.4,0,15
2026-08-25 22:49:42,2,6,6,28.4,29.9,34.8,20.3,0,15
2026-08-25 22:54:42,1,4,4,28.4,30,34.8,20.1,0,15
2026-08-25 22:59:42,0,4,5,28.5,29.9,35.2,20,0,15
2026-08-25 23:04:42,1,2,2,28.5,29.5,35.2,19.7,0,15
2026-08-25 23:09:42,0,1,2,28.5,29,34.8,19.4,0,15
2026-08-25 23:14:42,1,4,4,27.4,29.3,31.2,22,0,15
2026-08-25 23:19:42,0,3,3,25.1,30.7,26.2,26.7,0,15
2026-08-25 23:24:44,0,0,0,22.9,31.7,23.1,29.6,0,15
2026-08-25 23:29:42,0,2,2,21.3,34.5,21.4,33,0,15
2026-08-25 23:34:42,0,1,1,20.3,36.3,20.3,34.8,0,15
2026-08-25 23:39:42,0,0,0,19.5,37.7,19.5,36.2,0,15
2026-08-25 23:44:42,0,2,2,18.9,39.1,19,37.8,0,15
2026-08-25 23:49:42,0,2,3,20.9,39.9,27.1,28.6,0,15
2026-08-25 23:54:42,0,1,1,22.2,35.1,27.1,25.5,0,15
2026-08-25 23:59:42,0,3,3,21.4,35.4,23.5,29.8,0,15
2026-08-26 00:04:42,0,4,4,20.4,37.4,21.2,34.1,0,15
2026-08-26 00:09:42,0,4,4,19.6,38.9,19.9,36.7,0,15
2026-08-26 00:14:42,2,4,4,18.9,40.3,19.1,38.7,0,15
2026-08-26 00:19:42,0,2,2,20.3,42,25.4,32.6,0,15
2026-08-26 00:24:43,0,2,3,23.1,37.3,31.1,24.3,0,15
2026-08-26 00:29:43,2,6,6,25.1,35.2,,,,15
2026-08-26 00:34:42,3,7,7,26.2,33.4,33.5,22,0,15
2026-08-26 00:39:42,2,7,8,27,32.4,34.1,21.4,0,15
2026-08-26 00:44:42,3,5,5,27.6,31.6,34.7,20.9,0,15
2026-08-26 00:49:43,4,7,8,27.8,31.2,,,,15
2026-08-26 00:54:43,3,8,8,27.9,30.8,34.7,20.6,0,15
2026-08-26 00:59:42,4,6,7,28.1,31,34.8,20.8,0,15
2026-08-26 01:04:42,5,7,7,28.1,30.7,34.6,20.9,0,15
2026-08-26 01:09:43,3,5,5,28.1,30.7,34.8,20.6,0,15
2026-08-26 01:14:42,2,5,5,28.1,31.1,34.8,20.8,0,15
2026-08-26 01:19:42,3,7,8,28,31,34.4,21.2,0,15
2026-08-26 01:24:42,4,7,8,28,30.8,34.5,20.8,0,15
2026-08-26 01:29:43,4,8,8,28,30.9,34.5,20.8,0,15
2026-08-26 01:34:43,2,5,6,28,30.7,34.5,20.8,0,15
2026-08-26 01:39:43,3,5,5,27.9,30.9,34.3,21.2,0,15
2026-08-26 01:44:42,5,9,9,28,30.7,34.7,20.6,0,15
2026-08-26 01:49:43,1,4,4,28.1,30.8,34.8,20.8,0,15
2026-08-26 01:54:43,3,6,6,28.1,30.6,34.9,20.5,0,15
2026-08-26 01:59:43,3,5,6,28.1,30.6,34.4,21,0,15
2026-08-26 02:04:42,4,8,8,28,30.6,34.5,20.6,0,15
2026-08-26 02:09:42,3,7,7,27.9,30.5,34.4,20.7,0,15
2026-08-26 02:14:42,2,6,7,28,30.7,34.5,21,0,15
2026-08-26 02:19:43,3,7,7,28.1,30.5,35,20.3,0,15
2026-08-26 02:24:42,4,9,9,28,30.7,34.4,21.1,0,15
2026-08-26 02:29:43,5,8,8,27.9,30.8,34.2,21.3,0,15
2026-08-26 02:34:43,5,10,10,27.9,30.7,,,,15
2026-08-26 02:39:42,3,7,7,27.9,30.4,34.3,20.6,0,15
2026-08-26 02:44:43,4,6,6,28.1,30.2,34.9,20.2,0,15
2026-08-26 02:49:43,3,6,7,28.2,30.2,35.1,20,0,15
2026-08-26 02:54:42,3,7,7,28,30.4,34.5,20.8,0,15
2026-08-26 02:59:42,5,9,9,28,30.4,34.5,20.8,0,15
2026-08-26 03:04:43,3,7,7,27.9,30.4,34.3,20.8,0,15
2026-08-26 03:09:43,4,7,8,28.2,30.6,35.3,20,0,15
2026-08-26 03:14:43,5,8,9,28.3,30.4,35,20.1,0,15
2026-08-26 03:19:43,5,11,14,28.3,30.7,34.9,20.6,0,15
2026-08-26 03:24:43,4,11,12,28.1,30.5,34.6,20.5,0,15
2026-08-26 03:29:43,6,12,13,28.1,30.7,34.7,20.7,0,15
2026-08-26 03:34:43,5,7,12,28,30.8,34.4,21.1,0,15
2026-08-26 03:39:43,7,12,13,27.9,30.9,34.3,21,0,15
2026-08-26 03:44:43,4,13,13,27.9,30.8,34.4,20.9,0,15
2026-08-26 03:49:43,5,14,14,27.9,31.2,34.7,21,0,15
2026-08-26 03:54:43,3,6,6,27.9,30.6,34.8,20.5,0,15
2026-08-26 03:59:43,2,4,4,27.9,30.9,34.3,21,0,15
2026-08-26 04:04:43,3,6,7,27.8,30.8,34.2,21.1,0,15
2026-08-26 04:09:43,1,4,4,27.7,30.8,34,21.4,0,15
2026-08-26 04:14:43,2,7,8,27.7,31.1,34.2,21.1,0,15
2026-08-26 04:19:43,0,4,5,27.6,31,34,21.4,0,15
2026-08-26 04:24:43,0,3,3,27.5,30.9,33.7,21.3,0,15
2026-08-26 04:29:43,1,3,3,27.5,30.8,33.7,21.3,0,15
2026-08-26 04:34:43,0,1,1,27.5,30.6,34.2,20.7,0,15
2026-08-26 04:39:43,0,1,2,27.4,30.8,33.8,21.1,0,15
2026-08-26 04:44:43,0,2,2,27.5,31,33.9,21.2,0,15
2026-08-26 04:49:43,0,1,1,27.4,31,33.8,21.2,0,15
2026-08-26 04:54:43,0,0,0,27.4,31.3,33.8,21.4,0,15
2026-08-26 04:59:43,0,2,2,27.6,30.9,34.6,20.5,0,15
2026-08-26 05:04:43,0,2,3,27.6,30.8,,,,15
2026-08-26 05:09:43,0,1,1,27.5,30.9,34.2,20.7,0,15
2026-08-26 05:14:43,0,2,2,27.4,30.8,33.7,21.1,0,15
2026-08-26 05:19:43,0,0,0,27.3,30.9,33.7,21.3,0,15
2026-08-26 05:24:43,0,0,0,27.3,31.2,33.6,21.6,0,15
2026-08-26 05:29:43,0,1,1,27.2,31.1,,,,15
2026-08-26 05:34:44,0,1,1,27.4,31.2,34.1,20.9,0,15
2026-08-26 05:39:43,0,0,2,27.3,31.2,33.7,21.3,0,15
2026-08-26 05:44:43,0,0,0,27.3,31.1,33.9,21,0,15
2026-08-26 05:49:43,0,0,0,27.3,31.2,33.6,21.4,0,15
2026-08-26 05:54:44,0,1,1,27.3,31.4,33.7,21.5,0,15
2026-08-26 05:59:43,0,0,0,27.5,31.2,34.3,21,0,15
2026-08-26 06:04:43,0,0,0,27.4,30.9,33.8,21,0,15
2026-08-26 06:09:43,0,2,2,27.2,31.3,33.7,21.4,0,15
2026-08-26 06:14:43,0,0,1,27.2,31.5,33.6,21.6,0,15
2026-08-26 06:19:44,0,1,2,27.1,31.6,33.5,21.7,0,15
2026-08-26 06:24:43,0,1,1,27,31.6,33.4,21.8,0,15
2026-08-26 06:29:43,0,1,2,27,31.6,33.3,22,0,15
2026-08-26 06:34:43,0,0,0,27.1,31.7,33.3,21.8,0,15
2026-08-26 06:39:43,0,1,1,27,31.5,33.4,21.6,0,15
2026-08-26 06:44:44,0,2,2,27.1,31.5,33.5,21.6,0,15
2026-08-26 06:49:43,0,2,2,27.1,31.5,33.5,21.6,0,15
2026-08-26 06:54:43,0,0,0,27.2,31.6,33.6,21.7,0,15
2026-08-26 06:59:44,0,1,1,27.2,31.6,33.6,21.7,0,15
2026-08-26 07:04:44,0,1,1,27.1,31.6,33.4,21.9,0,15
2026-08-26 07:09:44,0,3,3,27.1,31.4,33.5,21.7,0,15
2026-08-26 07:14:43,0,0,0,27.1,31.5,33.7,21.4,0,15
2026-08-26 07:20:24,0,2,2,27.1,31.6,33.4,21.6,0,15
2026-08-26 07:24:44,0,2,3,27.2,31.5,33.7,21.5,0,15
2026-08-26 07:29:44,0,1,1,27.1,31.7,33.5,21.9,0,15
2026-08-26 07:34:43,0,1,1,27.1,31.5,33.5,21.5,0,15
2026-08-26 07:39:44,0,3,3,27.1,31.3,33.4,21.7,0,15
2026-08-26 07:44:44,0,3,3,27.1,31.7,33.7,21.5,0,15
2026-08-26 07:49:44,0,1,2,27.2,31.5,33.6,21.7,0,15
2026-08-26 07:54:44,0,1,1,27.1,31.7,33.5,21.8,0,15
2026-08-26 07:59:44,0,3,3,27.1,31.7,33.3,22.1,0,15
2026-08-26 08:04:44,0,4,4,27.1,31.7,33.6,21.6,0,15
2026-08-26 08:09:44,0,1,1,27.3,31.7,34,21.5,0,15
2026-08-26 08:14:44,0,1,1,27.4,31.4,34.3,21,0,15
2026-08-26 08:19:44,0,0,0,27.3,31.3,33.7,21.6,0,15
2026-08-26 08:24:44,0,3,3,27.2,31.4,,,,15
2026-08-26 08:29:44,0,0,1,27.2,31.3,33.5,21.6,0,15
2026-08-26 08:34:43,0,1,2,27.4,31.4,34.1,21.4,0,15
2026-08-26 08:39:43,0,2,2,27.5,31.2,34.5,20.9,0,15
2026-08-26 08:44:44,0,2,2,27.6,31,34.5,20.8,0,15
2026-08-26 08:49:43,0,2,3,27.5,31.1,34.2,21.3,0,15
2026-08-26 08:54:44,0,2,2,27.5,31.2,33.9,21.3,0,15
2026-08-26 08:59:43,0,0,0,27.5,31.2,34.2,21.2,0,15
2026-08-26 09:04:44,0,0,0,27.7,31,34.5,20.9,0,15
2026-08-26 09:09:44,0,1,1,27.7,30.9,34.5,20.7,0,15
2026-08-26 09:14:44,0,1,1,27.7,31,34.3,21.1,0,15
2026-08-26 09:19:44,0,0,0,27.7,31,34.2,21.2,0,15
2026-08-26 09:24:46,0,0,0,27.5,31.4,33.6,21.8,0,15
2026-08-26 09:29:44,7,17,19,27.5,31.3,34.3,21.1,0,15
2026-08-26 09:34:43,3,6,7,27.7,31,34.4,20.8,0,15
2026-08-26 09:39:44,1,2,2,27.7,31.2,34.2,21.2,0,15
2026-08-26 09:44:44,0,2,3,27.5,31,33.8,21.3,0,15
2026-08-26 09:49:45,0,2,2,27.4,31.1,33.6,21.5,0,15
2026-08-26 09:54:44,0,4,4,27.4,31.4,34,21.4,0,15
2026-08-26 09:59:44,1,4,4,27.3,31.4,33.7,21.7,0,15
2026-08-26 10:04:44,0,3,3,27.3,31.4,33.6,21.8,0,15
2026-08-26 10:09:43,2,3,4,27.3,31.5,33.6,21.9,0,15
2026-08-26 10:14:44,0,3,3,27.3,31.5,33.5,21.8,0,15
2026-08-26 10:19:44,0,2,3,27.4,31.4,33.8,21.5,0,15
2026-08-26 10:24:46,0,3,3,27.4,31.4,34,21.4,0,15
2026-08-26 10:29:45,0,3,3,27.5,31.1,34.3,20.8,0,15
2026-08-26 10:34:44,0,2,3,27.5,31.2,33.8,21.3,0,15
2026-08-26 10:39:44,1,3,3,27.5,31.1,34,21.4,0,15
2026-08-26 10:44:46,1,3,3,27.6,31,34.2,21,0,15
2026-08-26 10:49:44,1,5,5,27.5,31.1,33.8,21.5,0,15
2026-08-26 10:54:45,0,2,2,27.4,31.1,33.7,21.7,0,15
2026-08-26 10:59:44,1,5,6,27.5,31.1,33.8,21.3,0,15
2026-08-26 11:04:44,0,4,4,27.5,31.2,33.9,21.4,0,15
2026-08-26 11:09:44,2,3,5,27.4,31.1,33.6,21.7,0,15
2026-08-26 11:26:16,0,6,6,27.3,31.1,33.5,21.5,0,15
2026-08-26 11:31:16,1,6,6,27.4,31.1,33.9,21.2,0,15
2026-08-26 11:36:16,0,2,2,27.5,31.1,33.9,21.3,0,15
2026-08-26 11:41:16,1,4,5,27.5,31,33.8,21.4,0,15
2026-08-26 11:46:16,2,7,7,27.6,30.6,,,,15
2026-08-26 11:51:16,5,24,27,27.6,31,33.9,21.2,0,15
2026-08-26 11:56:16,0,5,5,27.6,31,34,21.3,0,15
2026-08-26 12:01:16,2,4,4,27.6,31.2,33.9,21.5,0,15
2026-08-26 12:06:16,0,4,4,27.5,31.5,34,21.7,0,15
2026-08-26 12:11:17,3,6,6,27.6,31.1,34.1,21.2,0,15
2026-08-26 12:16:16,1,5,5,27.6,31.3,34.1,21.4,0,15
2026-08-26 12:21:16,1,2,2,27.5,31.3,33.8,21.7,0,15
2026-08-26 12:26:16,1,4,4,27.5,31.2,33.8,21.9,0,15
2026-08-26 12:31:16,2,5,5,27.5,31.7,33.6,22.1,0,15
2026-08-26 12:36:18,2,5,7,27.5,31.5,33.6,21.7,0,15
2026-08-26 12:41:16,1,7,7,27.5,31.8,33.9,21.9,0,15
2026-08-26 12:46:17,2,5,5,27.5,31.5,33.9,21.8,0,15
2026-08-26 12:51:16,5,18,19,27.6,31.9,34,22.1,0,15
2026-08-26 12:56:18,3,8,8,27.6,31.7,34.2,21.8,0,15
2026-08-26 13:01:16,5,11,12,27.7,32,34.2,22,0,15
2026-08-26 13:06:16,4,11,11,27.6,31.9,34.1,22.2,0,15
2026-08-26 13:11:16,3,7,8,27.7,31.8,34,22,0,15
2026-08-26 13:16:16,5,12,16,27.6,31.7,34,22.1,0,15
2026-08-26 13:21:17,5,9,9,27.6,31.9,34,22,0,15
2026-08-26 13:26:17,5,15,17,27.6,31.7,33.9,22,0,15
2026-08-26 13:31:16,4,6,7,27.7,31.7,34.5,21.5,0,15
2026-08-26 13:36:17,5,14,15,27.7,31.5,34.2,21.7,0,15
2026-08-26 13:41:17,5,12,12,27.7,31.7,34.1,21.9,0,15
2026-08-26 13:46:16,3,7,8,27.6,31.7,33.9,22.1,0,15
2026-08-26 13:51:17,4,9,9,27.6,31.7,34,22.1,0,15
2026-08-26 13:56:17,3,6,6,27.6,31.9,33.9,22.1,0,15
2026-08-26 14:01:17,4,5,6,27.6,31.3,34.1,21.4,0,15
2026-08-26 14:06:17,2,7,7,27.6,31.5,34,21.7,0,15
2026-08-26 14:11:17,4,13,18,27.6,31.3,34,21.6,0,15
2026-08-26 14:16:17,2,5,5,27.6,30.7,33.9,21.1,0,15
2026-08-26 14:21:17,1,8,8,27.6,30.3,34.2,20.3,0,15
2026-08-26 14:26:17,0,0,0,27.6,29.2,34.2,19.6,0,15
2026-08-26 14:31:17,0,0,0,27.5,27.3,33.8,18,0,15
2026-08-26 14:36:17,0,0,0,27.4,27.1,33.7,18.2,0,15
2026-08-26 14:41:17,0,0,0,27.5,27.5,33.9,18.2,0,15
2026-08-26 14:46:17,0,0,0,27.4,27.4,33.5,18.4,0,15
2026-08-26 14:51:17,0,0,0,27,27.4,33,18.8,0,15
2026-08-26 14:56:17,0,0,0,27.1,26.9,33,17.9,0,15
2026-08-26 15:01:17,0,0,0,27,26.7,33.2,17.4,0,15
2026-08-26 15:06:17,0,0,0,27,26.6,33,17.8,0,15
2026-08-26 15:11:17,0,0,0,27,26.2,32.9,17.4,0,15
2026-08-26 15:16:17,0,0,0,26.9,26.4,32.9,17.5,0,15
2026-08-26 15:21:17,0,0,0,26.9,26.7,32.7,18,0,15
2026-08-26 15:26:18,0,0,0,26.9,27,33.1,17.9,0,15
2026-08-26 15:31:17,0,0,0,26.9,26.8,33,17.5,0,15
2026-08-26 15:36:17,0,0,0,26.9,26.5,32.7,17.9,0,15
2026-08-26 15:41:17,0,0,0,26.8,26.3,32.8,17.6,0,15
2026-08-26 15:46:17,0,0,0,26.7,26,32.9,17,0,15
2026-08-26 15:51:17,0,0,0,26.9,25.9,33.3,16.8,0,15
2026-08-26 15:56:17,0,0,0,27,25.6,33.4,16.5,0,15
2026-08-26 16:01:17,0,0,0,27.1,26.4,33.6,17.1,0,15
2026-08-26 16:06:17,0,3,3,27.2,28,33.3,19.1,0,15
2026-08-26 16:11:17,14,25,26,27.4,30.1,33.8,20.5,0,15
2026-08-26 16:16:17,7,18,19,27.5,30.8,33.8,21.1,0,15
2026-08-26 16:21:17,17,27,28,27.5,31.2,33.9,21.5,0,15
2026-08-26 16:26:17,10,21,23,27.5,31.3,33.7,21.6,0,15
2026-08-26 16:31:17,9,22,22,27.4,31.5,33.6,21.8,0,15
2026-08-26 16:36:17,8,19,21,27.5,31.2,33.9,21.2,0,15
2026-08-26 16:41:17,8,19,21,27.5,31.4,33.8,21.6,0,15
2026-08-26 16:46:17,8,22,23,27.4,31.8,33.8,21.9,0,15
2026-08-26 16:51:18,9,19,22,27.5,31.8,33.8,21.9,0,15
2026-08-26 16:56:17,8,24,25,27.4,31.7,,,,15
2026-08-26 17:01:18,34,51,63,27.6,31.9,34.5,21.5,0,15
2026-08-26 17:06:17,14,22,24,27.7,31.7,34.7,21.1,0,15
2026-08-26 17:11:18,9,20,23,27.8,31.2,34.7,21,0,15
2026-08-26 17:16:17,7,14,15,27.7,31.4,34.4,21.4,0,15
2026-08-26 17:21:18,11,23,23,27.8,31.4,,,,15
2026-08-26 17:26:18,7,19,19,27.9,31.4,34.6,21.3,0,15
2026-08-26 17:31:18,13,24,25,27.9,31.1,34.5,21.1,0,15
2026-08-26 17:36:17,8,15,18,27.6,31.3,34.1,21.6,0,15
2026-08-26 17:41:18,7,21,21,27.8,31.1,34.7,20.9,0,15
2026-08-26 17:46:18,8,19,19,27.7,31.4,34,21.6,0,15
2026-08-26 17:51:18,15,27,28,27.5,31.4,33.6,21.9,0,15
2026-08-26 17:56:18,12,24,25,27.6,31.6,34,21.6,0,15
2026-08-26 18:01:18,12,22,23,27.5,31.7,33.9,21.9,0,15
2026-08-26 18:06:18,7,19,22,27.4,31.4,33.7,21.9,0,15
2026-08-26 18:11:18,10,22,22,27.4,31.7,33.9,21.7,0,15
2026-08-26 18:16:18,7,18,18,27.4,31.9,34.1,21.9,0,15
2026-08-26 18:21:18,8,23,25,27.5,31.7,33.9,21.6,0,15
2026-08-26 18:26:18,9,19,22,27.5,31.5,34,21.5,0,15
2026-08-26 18:31:18,5,17,18,27.4,31.4,33.8,21.7,0,15
2026-08-26 18:36:18,3,6,6,27.4,30.4,33.8,20.7,0,15
2026-08-26 18:41:19,4,6,7,27.4,30,33.9,20.6,0,15
2026-08-26 18:46:18,6,17,17,27.5,31.1,33.9,21.3,0,15
2026-08-26 18:51:19,7,19,20,27.5,31.6,34,21.7,0,15
2026-08-26 18:56:18,8,17,18,27.4,31.9,33.8,22.2,0,15
2026-08-26 19:01:18,8,18,19,27.5,31.7,34,21.7,0,15
2026-08-26 19:06:18,12,25,26,27.5,31.8,34.1,21.8,0,15
2026-08-26 19:11:18,11,24,26,27.6,31.8,,,,15
2026-08-26 19:16:18,5,15,17,27.6,31.9,34.3,21.8,0,15
2026-08-26 19:21:18,7,17,19,27.5,31.9,33.8,22.2,0,15
2026-08-26 19:26:18,7,15,16,27.7,31.8,34.5,21.6,0,15
2026-08-26 19:31:18,7,15,16,27.7,31.6,34.5,21.2,0,15
2026-08-26 19:36:18,9,18,18,27.5,31.6,33.9,21.8,0,15
2026-08-26 19:41:18,8,18,19,27.4,31.8,33.8,22.1,0,15
2026-08-26 19:46:18,6,17,18,27.4,31.8,33.9,21.8,0,15
2026-08-26 19:51:18,6,15,16,27.4,32,33.8,22,0,15
2026-08-26 19:56:18,6,12,13,27.3,32.2,33.8,22.2,0,15
2026-08-26 20:01:19,5,14,15,27.3,32.3,33.8,22.2,0,15
2026-08-26 20:06:19,6,12,13,27.2,32.2,33.5,22.5,0,15
2026-08-26 20:11:18,7,16,19,27.4,32,34.2,21.7,0,15
2026-08-26 20:16:18,6,12,13,27.3,31.8,33.7,22,0,15
2026-08-26 20:21:18,8,20,20,27.4,32.1,33.8,22.1,0,15
2026-08-26 20:26:18,6,18,18,27.3,31.9,33.7,22.1,0,15
2026-08-26 20:31:18,7,16,17,27.4,32.1,34.1,22,0,15
2026-08-26 20:36:18,5,14,17,27.3,32.2,33.6,22.3,0,15
2026-08-26 20:41:18,5,13,15,27.2,32.1,33.9,21.9,0,15
2026-08-26 20:46:18,5,13,13,27.4,32,34,22,0,15
2026-08-26 20:51:18,4,13,15,27.3,32,33.5,22.4,0,15
2026-08-26 20:56:18,6,11,11,27.3,32,33.8,22,0,15
2026-08-26 21:01:18,6,9,9,27.2,32.1,33.6,22.3,0,15
2026-08-26 21:06:18,4,8,8,27.3,31.4,33.6,21.5,0,15
2026-08-26 21:11:18,4,12,12,27.2,31.7,33.8,21.8,0,15
2026-08-26 21:16:18,6,10,11,27.4,31.7,34.1,21.4,0,15
2026-08-26 21:21:18,4,7,8,27.4,31.8,34,21.7,0,15
2026-08-26 21:26:18,4,7,7,27.6,31.4,34.5,21.2,0,15
2026-08-26 21:31:18,4,8,10,27.6,31.3,34.4,20.9,0,15
2026-08-26 21:36:18,5,8,8,27.5,31,33.9,21.3,0,15
2026-08-26 21:41:18,5,8,11,27.4,31.5,33.7,21.8,0,15
2026-08-26 21:46:18,4,8,8,27.3,31.8,33.5,22.1,0,15
2026-08-26 21:51:18,9,16,16,27.2,31.8,,,,15
2026-08-26 21:56:18,6,15,15,27.3,31.7,33.8,21.8,0,15
2026-08-26 22:01:18,6,14,14,27.2,31.6,33.5,22,0,15
2026-08-26 22:06:18,5,14,15,27.1,31.8,33.5,22,0,15
2026-08-26 22:11:19,6,11,11,27.1,31.9,33.5,22.1,0,15
2026-08-26 22:16:19,7,17,20,27.2,31.8,33.6,21.9,0,15
2026-08-26 22:21:19,4,9,9,27.1,31.9,33.7,21.8,0,15
2026-08-26 22:26:18,3,8,8,27,31.8,33.3,22.1,0,15
2026-08-26 22:31:18,0,1,1,27.2,30.8,34,20.5,0,15
2026-08-26 22:36:18,0,0,0,27.2,30.4,33.6,21,0,15
2026-08-26 22:41:18,4,10,10,27.2,31.5,33.5,22,0,15
2026-08-26 22:46:18,4,8,10,27.2,31.4,33.6,21.6,0,15
2026-08-26 22:51:18,3,5,5,27,31.6,33.3,21.8,0,15
2026-08-26 22:56:19,4,8,8,27,31.7,33.2,22.1,0,15
2026-08-26 23:01:19,3,5,6,27,31.7,33.5,21.6,0,15
2026-08-26 23:06:18,4,7,7,27.2,31.9,33.9,21.8,0,15
2026-08-26 23:11:19,3,7,7,27.2,31.4,34,21.3,0,15
2026-08-26 23:16:19,2,5,7,27.1,31.6,33.5,21.8,0,15
2026-08-26 23:21:19,1,4,4,27.1,31.5,33.5,21.7,0,15
2026-08-26 23:26:18,2,5,6,27.1,31.6,33.4,21.7,0,15
2026-08-26 23:31:19,4,7,7,27.1,31.6,33.6,21.5,0,15
2026-08-26 23:36:19,5,8,8,27,31.7,33.4,22,0,15
2026-08-26 23:41:19,5,11,11,27,31.8,33.4,21.8,0,15
2026-08-26 23:46:19,4,7,8,27,31.9,33.5,21.7,0,15
2026-08-26 23:51:19,2,7,9,27,31.9,33.4,22,0,15
2026-08-26 23:56:18,3,5,5,26.9,31.9,33.3,22.2,0,15
2026-08-27 00:01:19,3,5,5,26.9,31.8,33.3,22,0,15
2026-08-27 00:06:19,4,7,7,26.9,31.8,33,22.2,0,15
2026-08-27 00:11:18,6,11,11,27,32.1,33.8,21.6,0,15
2026-08-27 00:16:19,3,7,8,27.1,32,33.6,21.9,0,15
2026-08-27 00:21:19,4,8,10,27.1,32.1,33.5,21.9,0,15
2026-08-27 00:26:19,5,9,9,27,32.3,33.5,22.2,0,15
2026-08-27 00:31:19,5,11,12,27,32.2,33.2,22.5,0,15
2026-08-27 00:36:18,3,8,8,27,32.1,33.3,22.3,0,15
2026-08-27 00:41:19,4,11,11,26.8,32.1,33,22.8,0,15
2026-08-27 00:46:19,6,11,14,26.9,32.2,33.2,22.2,0,15
2026-08-27 00:51:19,5,11,12,26.9,32.1,33.5,21.9,0,15
2026-08-27 00:56:19,6,17,18,26.9,32.4,33.3,22.5,0,15
2026-08-27 01:01:19,7,11,13,26.8,32.4,33.2,22.6,0,15
2026-08-27 01:06:19,7,17,18,26.9,32.3,,,,15
2026-08-27 01:11:19,9,20,22,26.9,32.4,33.3,22.3,0,15
2026-08-27 01:16:19,6,17,17,26.9,32.6,33.4,22.4,0,15
2026-08-27 01:21:19,7,20,20,26.9,32.1,,,,15
2026-08-27 01:26:19,8,16,16,26.9,32.4,33.3,22.2,0,15
2026-08-27 01:31:19,7,13,13,26.8,32.3,33.1,22.4,0,15
2026-08-27 01:36:19,6,11,11,26.8,32.3,33.2,22.4,0,15
2026-08-27 01:41:19,4,14,15,26.8,32.6,33.4,22.4,0,15
2026-08-27 01:46:19,6,10,11,27,32.1,33.8,21.7,0,15
2026-08-27 01:51:19,6,14,16,27,32,33.5,22.2,0,15
2026-08-27 01:56:19,5,14,16,27.1,32.1,33.9,21.9,0,15
2026-08-27 02:01:19,6,11,13,26.9,32.2,33.2,22.6,0,15
2026-08-27 02:06:19,6,13,14,26.8,32.5,33.1,22.8,0,15
2026-08-27 02:11:19,5,14,15,26.8,32.4,33.2,22.6,0,15
2026-08-27 02:16:19,7,16,16,26.8,32.3,33.3,22.3,0,15
2026-08-27 02:21:19,6,13,15,26.9,32.6,33.6,22.3,0,15
2026-08-27 02:26:19,5,16,18,26.8,32.4,33.1,22.5,0,15
2026-08-27 02:31:19,6,12,13,26.8,32.4,33.2,22.2,0,15
2026-08-27 02:36:19,6,16,17,26.7,32.2,33,22.4,0,15
2026-08-27 02:41:19,5,14,14,26.8,32.5,33.3,22.3,0,15
2026-08-27 02:46:19,6,12,13,26.7,32.6,33.2,22.6,0,15
2026-08-27 02:51:19,4,9,12,26.7,32.5,32.9,22.7,0,15
2026-08-27 02:56:19,5,13,14,26.7,32.4,32.9,22.7,0,15
2026-08-27 03:01:19,6,13,15,26.7,32.2,,,,15
2026-08-27 03:06:19,5,13,14,26.8,32.3,33.4,22,0,15
2026-08-27 03:11:19,6,16,17,26.7,32.4,33,22.5,0,15
2026-08-27 03:16:19,6,17,19,26.6,32.5,32.9,22.6,0,15
2026-08-27 03:21:19,3,8,8,26.6,32.4,33,22.6,0,15
2026-08-27 03:26:19,5,9,11,26.9,32.2,33.7,21.6,0,15
2026-08-27 03:31:19,4,8,10,26.8,32.1,33.2,22.2,0,15
2026-08-27 03:36:19,4,10,10,26.7,32,,,,15
2026-08-27 03:41:19,4,10,12,26.8,31.9,33.2,21.8,0,15
2026-08-27 03:46:19,4,10,10,26.8,31.8,33.3,21.9,0,15
2026-08-27 03:51:19,4,9,9,26.9,31.4,33.8,21.2,0,15
2026-08-27 03:56:19,4,8,8,26.9,31.3,33.5,21.5,0,15
2026-08-27 04:01:19,3,8,8,26.9,31.3,33.3,21.4,0,15
2026-08-27 04:06:19,3,7,7,26.9,31.6,33.5,21.4,0,15
2026-08-27 04:11:19,5,12,12,26.9,31.4,33.6,21.1,0,15
2026-08-27 04:16:19,4,11,11,26.8,31.5,33.3,21.5,0,15
2026-08-27 04:21:19,5,11,12,26.8,31.6,33.2,21.6,0,15
2026-08-27 04:26:19,4,7,8,26.7,31.6,33.1,21.8,0,15
2026-08-27 04:31:19,5,11,11,26.7,31.3,33,21.3,0,15
2026-08-27 04:36:19,4,9,9,26.7,31.1,33.3,21.2,0,15
2026-08-27 04:41:19,4,11,11,26.8,30.7,,,,15
2026-08-27 04:46:19,3,11,11,26.8,31,33,21.2,0,15
2026-08-27 04:51:19,4,7,7,26.8,31,33,21.3,0,15
2026-08-27 04:56:19,2,7,7,26.6,31.1,32.7,21.5,0,15
2026-08-27 05:01:19,4,8,8,26.7,30.8,,,,15
2026-08-27 05:06:19,2,5,5,26.7,31,33,21,0,15
2026-08-27 05:11:20,4,7,7,26.7,31,33.2,21.1,0,15
2026-08-27 05:16:20,2,6,7,26.8,30.5,33.4,20.6,0,15
2026-08-27 05:21:20,2,5,6,26.6,30.9,32.9,21,0,15
2026-08-27 05:26:19,1,5,5,26.5,31,32.8,21.2,0,15
2026-08-27 05:31:20,2,6,6,26.4,31,32.5,21.4,0,15
2026-08-27 05:36:20,4,8,8,26.4,30.9,32.7,21,0,15
2026-08-27 05:41:20,4,6,7,26.3,31,32.7,20.9,0,15
2026-08-27 05:46:20,1,5,5,26.4,30.8,32.7,20.9,0,15
2026-08-27 05:51:19,2,7,7,26.3,30.7,32.7,20.8,0,15
2026-08-27 05:56:20,1,7,7,26.3,30.7,32.4,21.1,0,15
2026-08-27 06:01:20,2,7,8,26.3,30.5,32.8,20.5,0,15
2026-08-27 06:06:20,3,8,8,26.2,30.6,32.4,20.8,0,15
2026-08-27 06:11:19,1,6,6,26.1,30.6,32.3,20.9,0,15
2026-08-27 06:16:20,4,8,11,26.2,30.9,32.8,20.7,0,15
2026-08-27 06:21:20,3,7,7,26.3,30.7,33.1,20.3,0,15
2026-08-27 06:26:20,3,7,7,26.4,30.8,32.9,20.7,0,15
2026-08-27 06:31:20,3,8,8,26.5,30.4,33.3,20.2,0,15
2026-08-27 06:36:20,4,9,11,26.5,30.3,33.1,20.2,0,15
2026-08-27 06:41:20,2,9,9,26.5,30.5,33.1,20.4,0,15
2026-08-27 06:46:20,4,7,7,26.6,30.2,33.2,20,0,15
2026-08-27 06:51:20,3,7,9,26.4,30.5,32.8,20.6,0,15
2026-08-27 06:56:20,4,9,9,26.3,30.6,32.4,21.1,0,15
2026-08-27 07:01:20,5,8,11,26.2,30.6,32.3,21.1,0,15
2026-08-27 07:06:20,5,13,13,26.4,30.7,33.1,20.3,0,15
2026-08-27 07:11:20,3,10,10,26.3,30.5,32.8,20.6,0,15
2026-08-27 07:16:20,6,15,17,26.3,30.5,32.5,20.7,0,15
2026-08-27 07:21:21,1,6,7,26.2,30.5,32.5,20.7,0,15
2026-08-27 07:26:20,6,12,13,26.1,30.9,32.4,21,0,15
2026-08-27 07:31:20,3,8,10,26.1,30.7,32.3,21,0,15
2026-08-27 07:36:20,7,14,14,26,30.9,32.3,21.3,0,15
2026-08-27 07:41:20,3,10,10,26,31,32.2,21.1,0,15
2026-08-27 07:46:20,3,10,10,26.1,31.1,32.4,21,0,15
2026-08-27 07:51:21,3,8,8,26,30.8,32.1,21.2,0,15
2026-08-27 07:56:20,4,9,9,25.9,30.9,32,21.3,0,15
2026-08-27 08:01:20,3,5,5,25.9,31,32.1,21.3,0,15
2026-08-27 08:06:20,5,9,9,25.9,30.8,32.1,21.3,0,15
2026-08-27 08:11:20,5,12,13,26,31,32.2,21.2,0,15
2026-08-27 08:16:20,3,8,8,26,31,32.2,21.2,0,15
2026-08-27 08:21:20,4,12,13,26,31,32,21.4,0,15
2026-08-27 08:26:20,5,13,15,26,31.3,,,,15
2026-08-27 08:31:20,3,8,8,26.1,31.4,32.3,21.4,0,15
2026-08-27 08:36:20,4,9,11,26.1,31.5,32.5,21.4,0,15
2026-08-27 08:41:20,3,8,8,26.1,31.5,32.3,21.6,0,15
2026-08-27 08:46:20,2,7,7,26.2,31.7,32.4,21.7,0,15
2026-08-27 08:51:22,3,8,8,26.2,31.4,32.4,21.6,0,15
2026-08-27 08:56:20,5,8,12,26.3,31.5,32.7,21.5,0,15
2026-08-27 09:01:20,2,4,5,26.4,31.3,32.6,21.7,0,15
2026-08-27 09:06:21,3,7,7,26.4,31.6,32.6,21.8,0,15
2026-08-27 09:11:21,2,7,8,26.5,31.6,32.7,21.8,0,15
2026-08-27 09:16:20,3,8,8,26.5,31.6,32.6,21.8,0,15
2026-08-27 09:21:20,2,6,6,26.8,31.3,33.6,21.1,0,15
2026-08-27 09:26:21,3,8,9,27,31.3,33.9,20.8,0,15
2026-08-27 09:31:20,5,16,18,27.1,31,33.7,21,0,15
2026-08-27 09:36:21,6,17,18,27,31,33.2,21.8,0,15
2026-08-27 09:41:20,6,15,15,27.1,31.3,33.5,21.6,0,15
2026-08-27 09:46:24,4,9,9,27.1,31.5,33.5,21.6,0,15
2026-08-27 09:51:20,4,15,16,27.2,31.5,33.5,22,0,15
2026-08-27 09:56:21,5,15,16,27.3,31.3,33.5,21.9,0,15
2026-08-27 10:01:20,4,12,13,27.4,31.4,33.8,21.4,0,15
2026-08-27 10:06:21,6,16,16,27.5,31.4,33.9,21.8,0,15
2026-08-27 10:11:20,7,19,19,27.6,31.4,34,21.9,0,15
2026-08-27 10:16:21,5,19,19,27.7,31.6,34.1,22,0,15
2026-08-27 10:21:21,7,19,19,27.9,31.2,34.4,21.3,0,15
2026-08-27 10:26:20,7,18,19,27.9,31.1,34.5,21.5,0,15
2026-08-27 10:31:21,9,23,24,28,31,34.3,21.5,0,15
2026-08-27 10:36:22,12,26,26,28.1,30.9,34.7,21.1,0,15
2026-08-27 10:41:20,6,19,19,28,31.1,34.5,21.4,0,15
2026-08-27 10:46:21,7,20,20,28,31,34.5,21.4,0,15
2026-08-27 10:51:20,11,20,24,27.9,31,34.4,21.5,0,15
2026-08-27 10:56:22,8,18,21,27.8,31.2,34.1,21.8,0,15
2026-08-27 11:01:20,11,22,22,28.1,31,35,21,0,15
2026-08-27 11:06:21,9,22,23,27.9,31.1,34.4,21.6,0,15
2026-08-27 11:11:21,14,26,27,28,31.2,,,,15
2026-08-27 11:16:21,19,41,54,28,31,34.6,21.3,0,15
2026-08-27 11:21:21,11,28,30,27.9,30.9,34.1,21.5,0,15
2026-08-27 11:26:21,16,29,32,26.1,32.2,28.5,27,0,15
2026-08-27 11:31:21,20,35,45,23.7,35.8,24.5,34.5,0,15
2026-08-27 11:36:21,11,26,27,24.8,35.8,29.8,26.7,0,15
2026-08-27 11:41:20,10,27,28,23.8,36.4,26.4,30.8,0,15
2026-08-27 11:46:21,15,30,30,22.3,38.2,23.4,35.5,0,15
2026-08-27 11:51:20,12,25,30,21.1,40.7,21.7,39.5,0,15
2026-08-27 11:56:21,15,31,36,20.3,41.6,20.7,40.7,0,15
2026-08-27 12:01:21,17,32,37,19.7,42.9,20.1,42.2,0,15
2026-08-27 12:06:21,20,32,33,19.3,44.1,19.6,43.3,0,15
2026-08-27 12:11:21,8,23,23,20.4,46.6,25.1,38.3,0,15
2026-08-27 12:16:21,15,25,26,21.9,41.7,26.6,32.3,0,15
2026-08-27 12:21:20,19,33,36,21.3,41.5,23.7,36.3,0,15
2026-08-27 12:26:21,19,31,35,20.7,42.8,21.9,40,0,15
2026-08-27 12:31:21,19,29,31,20.1,43.7,20.9,41.9,0,15
2026-08-27 12:36:21,23,34,40,19.7,44.2,20.3,42.7,0,15
2026-08-27 12:41:21,21,34,37,19.4,45,20,43.7,0,15
2026-08-27 12:46:21,21,32,36,19.2,45.8,19.8,44.4,0,15
2026-08-27 12:51:21,15,28,29,19,45.3,19.7,44.1,0,15
2026-08-27 12:56:22,12,22,24,19,45.4,19.7,44.1,0,15
2026-08-27 13:01:21,8,25,27,19,45.3,19.7,44.1,0,15
2026-08-27 13:06:22,10,26,28,18.9,45.1,19.7,43.4,0,15
2026-08-27 13:11:21,15,29,32,18.9,45,19.6,43.6,0,15
2026-08-27 13:16:21,16,29,30,18.9,45.6,19.6,43.9,0,15
2026-08-27 13:21:21,18,29,32,18.8,45.8,19.5,44.4,0,15
2026-08-27 13:26:21,20,33,33,18.8,45.9,19.5,44.5,0,15
2026-08-27 13:31:21,17,30,31,18.7,46.2,19.5,44.6,0,15
2026-08-27 13:36:21,23,32,34,18.8,46,19.5,44.6,0,15
2026-08-27 13:41:21,16,28,32,18.8,45.8,19.5,44.2,0,15
2026-08-27 13:46:21,16,31,32,18.8,45.1,19.6,43.4,0,15
2026-08-27 13:51:21,10,26,27,18.8,45.1,19.6,43.4,0,15
2026-08-27 13:56:21,15,27,29,18.8,44.9,19.6,42.9,0,15
2026-08-27 14:01:21,12,27,28,18.8,45,19.5,43.4,0,15
2026-08-27 14:06:21,14,28,30,18.8,45.1,19.5,43.3,0,15
2026-08-27 14:11:21,14,29,29,18.7,45.2,19.5,43.4,0,15
2026-08-27 14:16:21,15,32,32,18.8,45.8,19.5,44.3,0,15
2026-08-27 14:21:22,14,30,31,18.7,46.2,19.5,44.6,0,15
2026-08-27 14:26:22,21,33,38,18.7,46,19.5,44.4,0,15
2026-08-27 14:31:21,16,30,31,18.7,45.5,19.4,43.8,0,15
2026-08-27 14:36:21,21,30,31,18.6,45.5,19.3,43.9,0,15
2026-08-27 14:41:21,15,31,32,18.5,45.7,19.2,44.3,0,15
2026-08-27 14:46:21,17,30,32,18.5,46.5,19.1,45.1,0,15
2026-08-27 14:51:21,15,31,33,18.4,47,19,45.7,0,15
2026-08-27 14:56:22,17,32,33,18.3,47,18.9,45.9,0,15
2026-08-27 15:01:21,15,30,31,18.3,47.1,18.9,45.8,0,15
2026-08-27 15:06:22,24,33,35,18.2,47.4,18.8,46.3,0,15
2026-08-27 15:11:21,6,19,19,20.2,49.8,26.6,37.4,0,15
2026-08-27 15:16:21,11,22,23,23.1,42.7,31.5,27.6,0,15
2026-08-27 15:21:22,12,26,28,24.1,39,30.1,27.5,0,15
2026-08-27 15:26:22,15,30,31,23,38.7,25.6,32.6,0,15
2026-08-27 15:31:22,19,31,32,21.8,40.2,23,36.6,0,15
2026-08-27 15:36:21,18,30,32,20.7,41.5,21.4,39.4,0,15
2026-08-27 15:41:22,12,27,30,20,42.2,20.5,40.6,0,15
2026-08-27 15:46:21,16,29,30,19.4,43.5,19.9,41.9,0,15
2026-08-27 15:51:22,13,27,30,19,43.9,19.5,42.7,0,15
2026-08-27 15:56:22,13,28,29,18.7,44.2,19.1,43,0,15
2026-08-27 16:01:22,7,22,24,18.5,44.9,18.9,43.5,0,15
2026-08-27 16:06:22,8,25,25,18.2,45,18.7,43.6,0,15
2026-08-27 16:11:22,10,26,26,18.1,45.3,18.6,43.9,0,15
2026-08-27 16:16:22,12,28,28,18,46,18.5,44.6,0,15
2026-08-27 16:21:22,21,39,46,17.9,46.2,18.3,44.9,0,15
2026-08-27 16:26:21,13,27,28,17.8,46.8,18.2,45.6,0,15
2026-08-27 16:31:22,9,21,23,19.5,49,25.1,38.2,0,15
2026-08-27 16:36:22,15,27,28,22.4,42.8,30.7,27.8,0,15
2026-08-27 16:41:22,10,24,25,24.6,38.8,32.7,25,0,15
2026-08-27 16:46:21,6,17,18,26,36.5,33.4,23.9,0,15
2026-08-27 16:51:22,8,22,22,26.5,34.1,32.5,23.6,0,15
2026-08-27 16:56:22,8,24,24,24.8,34.7,27.2,29,0,15
2026-08-27 17:01:22,11,23,24,22.9,36.7,23.8,33.7,0,15
2026-08-27 17:06:22,9,24,24,21.4,38.6,21.8,37,0,15
2026-08-27 17:11:21,8,21,23,20.3,40.6,20.6,39.5,0,15
2026-08-27 17:16:22,3,7,9,20.7,42.7,24.5,35.8,0,15
