fecha,pm1_ugm3,pm25_ugm3,pm10_ugm3,temperatura_c,humedad_pct,temperatura_interna_c,humedad_interna_pct,relay,senal
2026-09-01 11:51:02,0,0,0,,,20,43.1,0,28
2026-09-01 12:13:02,5,8,8,15.9,53.2,20.4,41.2,0,14
2026-09-01 12:17:59,0,3,3,18.2,46.4,20.8,38.8,0,16
2026-09-01 12:22:58,1,3,3,19,44.7,21.1,38.4,0,18
2026-09-01 12:32:59,1,3,3,19.9,42.6,21.6,37.4,0,19
2026-09-01 12:37:58,1,5,5,20.2,42.1,,,0,18
2026-09-01 12:42:58,1,2,2,20.5,41.7,,,0,13
2026-09-01 12:47:59,1,3,4,20.7,41,,,0,18
2026-09-01 12:52:58,1,4,4,20.9,39.7,,,0,18
2026-09-01 12:57:59,1,3,3,21,39.8,,,0,17
2026-09-01 13:02:58,1,4,4,21.1,40,,,0,19
2026-09-01 13:07:58,1,4,5,21.2,40.2,,,0,19
2026-09-01 13:13:00,0,1,2,21.3,39.6,,,0,19
2026-09-01 13:17:59,0,4,5,21.4,39.9,,,0,19
2026-09-01 13:22:59,0,5,6,21.5,39.7,,,0,19
2026-09-01 13:27:58,4,6,6,21.6,39.7,,,0,21
2026-09-01 13:32:58,2,5,5,21.7,39.9,,,0,19
2026-09-01 13:37:59,2,4,4,21.8,39.5,,,0,19
2026-09-01 13:42:59,3,6,6,21.8,39.4,,,0,18
2026-09-01 13:47:58,6,11,12,21.9,39.5,,,0,18
2026-09-01 13:52:59,4,7,9,22,39.9,,,0,18
2026-09-01 13:57:58,4,7,7,22.1,40.1,,,0,18
2026-09-01 14:02:59,5,8,8,22.1,40,,,0,18
2026-09-01 14:07:59,5,9,9,22.2,39.9,,,0,18
2026-09-01 14:12:59,4,8,9,22.2,39.8,,,0,17
2026-09-01 14:17:59,4,7,7,22.3,39.1,,,0,20
2026-09-01 14:22:58,4,9,9,22.3,39,,,0,17
2026-09-01 14:27:58,4,8,8,22.3,38.9,,,0,21
2026-09-01 14:32:59,3,6,6,22.4,39,,,0,21
2026-09-01 14:37:59,4,8,8,22.4,38.7,,,0,18
2026-09-01 14:42:59,3,6,7,22.4,38.4,,,0,18
2026-09-01 14:47:58,2,5,5,22.3,38.4,,,0,18
2026-09-01 14:52:59,3,6,6,22.3,38.2,,,0,18
2026-09-01 14:57:59,2,5,5,22.3,37.7,,,0,18
2026-09-01 15:02:58,1,4,4,22.3,37.7,,,0,18
2026-09-01 15:07:59,3,6,7,22.3,37.9,,,0,18
2026-09-01 15:12:59,4,11,13,22.3,37.5,,,0,18
2026-09-01 15:17:58,7,14,14,22.3,37.6,,,0,18
2026-09-01 15:22:59,3,6,7,22.2,37.5,,,0,18
2026-09-01 15:27:59,2,7,7,22.2,37.2,,,0,18
2026-09-01 15:32:59,4,8,9,22.2,37.3,,,0,17
2026-09-01 15:37:59,4,9,13,22.1,37.1,,,0,18
2026-09-01 15:42:58,3,7,9,22.1,37.5,,,0,17
2026-09-01 15:47:59,4,7,8,22,36.8,,,0,21
2026-09-01 15:52:58,4,7,7,22,37.2,,,0,18
2026-09-01 15:57:59,15,30,33,21.9,37.2,,,0,17
2026-09-01 16:02:59,5,14,18,21.9,37,,,0,17
2026-09-01 16:07:59,5,12,13,21.8,36.8,,,0,18
2026-09-01 16:12:59,4,9,9,21.8,36.8,23.3,32.5,0,21
2026-09-01 16:17:59,4,14,16,21.8,36.6,23.2,32.3,0,18
2026-09-01 16:23:02,5,17,20,21.7,36.4,23.2,32.2,0,18
2026-09-01 16:27:59,4,12,15,21.7,36.8,23.1,32.6,0,18
2026-09-01 16:33:01,5,18,19,21.6,36.8,23,32.4,0,18
2026-09-01 16:37:59,5,16,19,21.5,36.8,23,32.5,0,18
2026-09-01 16:42:59,5,12,12,21.5,36.4,22.9,32.2,0,17
2026-09-01 16:47:59,6,11,15,21.4,36.2,22.8,31.9,0,17
2026-09-01 16:52:59,5,16,17,21.4,36.5,22.8,32.5,0,18
2026-09-01 16:57:59,9,22,26,21.3,36.7,22.7,32.9,0,18
2026-09-01 17:02:59,7,22,24,21.3,37,22.6,33.2,0,18
2026-09-01 17:07:59,11,27,31,21.2,38,22.5,34.4,0,18
2026-09-01 17:12:59,9,29,30,21.1,38.1,22.5,34.2,0,17
2026-09-01 17:17:59,14,33,39,21.1,38.4,22.4,34.7,0,18
2026-09-01 17:23:00,20,36,42,21,39,22.3,35.2,0,18
2026-09-01 17:28:01,19,33,42,20.9,39.5,22.2,36,0,18
2026-09-01 17:33:00,21,34,41,20.9,39.7,22.1,36.2,0,19
2026-09-01 17:37:59,19,33,38,20.9,39.8,22.1,36.2,0,19
2026-09-01 17:43:00,15,31,38,20.8,40,22,36.5,0,21
2026-09-01 17:48:00,19,34,39,20.7,40.4,21.9,36.9,0,18
2026-09-01 17:52:59,17,31,36,20.7,40.2,21.9,36.8,0,18
2026-09-01 17:58:00,20,33,39,20.6,40.6,21.8,37.3,0,18
2026-09-01 18:02:59,20,34,41,20.6,41.1,21.7,38,0,18
2026-09-01 18:07:59,27,46,59,20.5,41.5,21.6,38.2,0,18
2026-09-01 18:13:00,26,44,55,20.5,42.2,21.6,38.9,0,18
2026-09-01 18:17:59,23,41,49,20.4,42.3,21.5,39.3,0,18
2026-09-01 18:23:00,22,38,47,20.4,43,21.4,39.9,0,18
2026-09-01 18:27:59,20,31,37,20.3,43.4,21.4,40.2,0,18
2026-09-01 18:33:00,18,34,35,20.2,43.3,21.3,40.1,0,18
2026-09-01 18:37:59,11,28,31,20.2,43.3,21.2,40.1,0,18
2026-09-01 18:43:00,8,23,24,20.1,43.4,21.1,40.6,0,18
2026-09-01 18:47:59,9,23,25,20,44,21,41.2,0,17
2026-09-01 18:53:00,7,19,23,20,44,21,41.3,0,16
2026-09-01 18:57:59,7,23,24,19.9,43.8,20.9,40.9,0,16
2026-09-01 19:03:00,7,19,23,19.9,43.7,20.8,40.6,0,18
2026-09-01 19:07:59,6,19,20,19.8,43.7,20.8,40.7,0,18
2026-09-01 19:13:00,6,16,19,19.8,43.6,20.7,40.6,0,16
2026-09-01 19:18:00,7,19,19,19.7,43.7,20.6,40.7,0,18
2026-09-01 19:23:00,6,19,19,19.7,44,20.6,41.2,0,16
2026-09-01 19:28:00,6,16,19,19.6,43.6,20.5,41,0,18
2026-09-01 19:33:01,6,16,19,19.6,43.2,20.5,40.2,0,18
2026-09-01 19:38:00,5,17,18,19.5,43.2,20.4,40.3,0,18
2026-09-01 19:43:00,6,16,17,19.5,43,20.3,40.2,0,17
2026-09-01 19:48:00,6,21,21,19.4,43.4,20.2,40.5,0,17
2026-09-01 19:53:00,9,23,26,19.4,43.3,20.2,40.5,0,16
2026-09-01 19:58:23,8,25,27,19.4,43.8,20.1,40.9,0,18
2026-09-01 20:03:00,8,23,25,19.3,44.2,20.1,41.8,0,17
2026-09-01 20:08:00,9,26,29,19.3,44.7,20,42.2,0,17
2026-09-01 20:13:00,9,26,26,19.2,44.3,20,41.7,0,16
2026-09-01 20:18:00,11,26,27,19.2,44.5,20,41.8,0,18
2026-09-01 20:23:00,9,26,28,19.2,45,19.9,42.3,0,18
2026-09-01 20:28:00,8,24,26,19.2,44.8,19.9,42.4,0,18
2026-09-01 20:33:02,9,21,26,19.1,44.7,19.8,42.4,0,18
2026-09-01 20:38:00,9,24,26,19.1,44.4,19.8,42.2,0,18
2026-09-01 20:43:00,9,21,25,19,44.5,19.7,42.3,0,18
2026-09-01 20:48:00,8,22,24,19,44.8,19.7,42.8,0,18
2026-09-01 20:53:00,9,25,26,19,45,19.6,42.9,0,18
2026-09-01 20:58:00,8,24,27,18.9,45.3,19.6,43.2,0,18
2026-09-01 21:03:00,8,24,28,18.9,45.3,19.6,43.3,0,18
2026-09-01 21:08:00,9,21,25,18.9,45.1,19.5,43,0,17
2026-09-01 21:13:01,7,20,24,18.8,44.6,19.5,42.6,0,18
2026-09-01 21:18:00,8,24,26,18.8,44.9,19.4,43,0,18
2026-09-01 21:23:01,7,24,24,18.8,45.3,19.4,43.5,0,18
2026-09-01 21:28:00,8,20,25,18.7,45.3,19.3,43.2,0,17
2026-09-01 21:33:00,7,22,22,18.7,45.4,19.3,43.3,0,17
2026-09-01 21:38:01,7,22,25,18.7,45.4,19.2,43.7,0,18
2026-09-01 21:43:00,10,24,25,18.6,45.5,19.2,43.7,0,17
2026-09-01 21:48:00,8,22,24,18.6,45.9,19.2,44,0,18
2026-09-01 21:53:01,7,21,24,18.6,45.7,19.1,43.9,0,17
2026-09-01 21:58:00,7,21,22,18.5,45.7,19.1,43.9,0,18
2026-09-01 22:03:00,6,21,21,18.5,45.4,19.1,43.6,0,21
2026-09-01 22:08:01,8,22,25,18.5,45.7,19,44,0,16
2026-09-01 22:13:00,8,22,22,18.4,45.6,19,43.8,0,16
2026-09-01 22:18:01,9,25,25,18.4,45.9,18.9,44.2,0,18
2026-09-01 22:23:00,10,22,25,18.3,46.2,18.9,44.8,0,18
2026-09-01 22:28:01,7,21,25,18.3,46.4,18.8,44.9,0,18
2026-09-01 22:33:01,8,20,24,18.3,46.5,18.8,44.6,0,18
2026-09-01 22:38:01,8,21,22,18.2,45.9,18.7,43.9,0,16
2026-09-01 22:43:02,7,18,22,18.2,46,18.6,44.4,0,16
2026-09-01 22:48:01,7,21,22,18.2,46.6,18.6,44.9,0,16
2026-09-01 22:53:01,6,17,21,18.1,46.3,18.6,44.8,0,18
2026-09-01 22:58:01,7,20,24,18.1,46.6,18.5,44.9,0,18
2026-09-01 23:03:02,8,22,24,18.1,45.9,18.5,44.2,0,18
2026-09-01 23:08:01,7,17,21,18,46.4,18.5,44.7,0,18
2026-09-01 23:13:01,8,19,20,18,46.7,18.4,45,0,16
2026-09-01 23:18:01,7,17,21,18,46.5,18.4,44.8,0,18
2026-09-01 23:23:01,7,16,19,18,46.4,18.4,44.6,0,18
2026-09-01 23:28:01,6,19,20,17.9,46.9,18.3,45.4,0,16
2026-09-01 23:33:02,8,18,20,17.9,46.4,18.3,44.9,0,18
2026-09-01 23:38:01,6,15,21,17.9,46.3,18.3,44.7,0,18
2026-09-01 23:43:01,8,19,20,17.9,46.9,18.3,45.4,0,18
2026-09-01 23:48:02,6,13,16,17.9,46.6,18.2,45,0,16
2026-09-01 23:53:01,6,14,17,17.8,46,18.2,44.1,0,18
2026-09-01 23:58:01,5,9,9,17.8,45.6,18.2,43.8,0,18
2026-09-02 00:03:01,3,10,12,17.8,45.2,18.2,43.5,0,18
2026-09-02 00:08:01,4,8,13,17.8,45.4,18.1,43.6,0,18
2026-09-02 00:13:01,2,8,8,17.8,45.4,18.1,44,0,15
2026-09-02 00:18:00,0,5,6,17.8,44.6,18.1,42.6,0,16
2026-09-02 00:23:01,0,2,2,17.8,43.9,18.1,41.1,0,16
2026-09-02 00:28:01,0,0,2,17.8,43.5,18.1,41.1,0,18
2026-09-02 00:33:02,0,3,3,17.8,43.9,18.1,41.9,0,16
2026-09-02 00:38:01,0,3,3,17.8,44.5,18.1,42.7,0,15
2026-09-02 00:43:01,0,4,4,17.8,44.2,18.1,42.1,0,16
2026-09-02 00:48:02,0,3,4,17.8,43.9,18.1,41.6,0,15
2026-09-02 00:53:01,0,1,1,17.8,43.5,18.1,41.2,0,18
2026-09-02 00:58:01,0,1,1,17.8,43.2,18.1,40.6,0,15
2026-09-02 01:03:04,0,2,2,17.7,43.3,18.1,40.9,0,15
2026-09-02 01:08:01,0,2,2,17.7,43.7,18.1,41.4,0,18
2026-09-02 01:13:02,0,3,4,17.7,43.9,18,41.6,0,18
2026-09-02 01:18:04,0,4,4,17.7,43.8,18,41.6,0,18
2026-09-02 01:23:01,0,5,5,17.6,44,18,42.2,0,17
2026-09-02 01:28:01,1,4,4,17.6,44.3,17.9,42.5,0,17
2026-09-02 01:33:01,1,5,6,17.6,44.5,17.9,42.7,0,16
2026-09-02 01:38:01,3,5,5,17.6,44.7,17.9,42.7,0,16
2026-09-02 01:43:02,3,8,8,17.5,44.9,17.9,43.1,0,16
2026-09-02 01:48:01,5,7,7,17.5,45.3,17.8,43.5,0,16
2026-09-02 01:53:01,4,7,7,17.4,45.5,17.8,43.8,0,16
2026-09-02 01:58:01,4,8,8,17.4,45.5,17.7,43.8,0,16
2026-09-02 02:09:10,4,7,8,17.4,45.6,17.6,43.8,0,17
2026-09-02 02:14:08,2,5,5,17.3,45.4,17.6,43.6,0,17
2026-09-02 02:19:09,4,5,5,17.4,45.4,17.6,43.7,0,17
2026-09-02 02:24:08,3,5,7,17.3,45.1,17.6,43.4,0,17
2026-09-02 02:29:09,2,4,4,17.3,45.2,17.6,43.7,0,17
2026-09-02 02:34:08,2,5,7,17.3,45.3,17.5,43.4,0,17
2026-09-02 02:39:09,2,5,6,17.3,45.6,17.5,43.6,0,17
2026-09-02 02:44:09,3,5,5,17.2,45.7,17.5,43.9,0,17
2026-09-02 02:49:09,3,7,7,17.2,45.4,17.5,43.9,0,17
2026-09-02 02:54:08,3,6,7,17.2,45.8,17.4,44.4,0,17
2026-09-02 02:59:09,4,7,8,17.2,45.7,17.4,44.1,0,17
2026-09-02 03:04:09,2,5,6,17.2,45.8,17.4,44.3,0,17
2026-09-02 03:09:32,2,6,6,17.2,45.5,17.3,44,0,17
2026-09-02 03:14:09,3,7,7,17.1,45.5,17.3,43.7,0,14
2026-09-02 03:19:09,4,6,8,17.1,45.5,17.3,44.2,0,13
2026-09-02 03:24:09,2,5,6,17.1,45.6,17.3,44,0,16
2026-09-02 03:29:09,3,6,7,17.1,45.6,17.2,44.1,0,16
2026-09-02 03:34:09,2,5,5,17.1,45.8,17.2,44.3,0,18
2026-09-02 03:39:09,2,6,6,17.1,45.5,17.2,44,0,18
2026-09-02 03:44:09,2,5,5,17.1,45.7,17.2,44.1,0,18
2026-09-02 03:49:12,1,4,4,17,45.8,17.2,44.3,0,18
2026-09-02 03:54:09,2,4,4,17,45.9,17.2,44.6,0,16
2026-09-02 03:59:09,1,5,5,17.6,48.3,19.9,43.5,0,19
2026-09-02 04:04:09,1,4,4,18.7,44,21.2,37.2,0,16
2026-09-02 04:09:09,1,5,5,18.5,43.7,19.7,39.4,0,16
2026-09-02 04:14:10,1,4,6,18.2,43.6,18.8,40.8,0,15
2026-09-02 04:19:11,1,4,4,17.9,43.8,18.2,41.6,0,19
2026-09-02 04:24:18,0,3,4,17.7,43.9,17.8,42,0,21
2026-09-02 04:29:09,1,2,2,17.5,44,17.6,42.3,0,18
2026-09-02 04:34:09,0,2,2,17.3,44.2,17.5,42.5,0,18
2026-09-02 04:39:10,0,3,4,17.2,44.6,17.4,43.1,0,18
2026-09-02 04:44:09,0,1,1,17.2,44.4,17.3,42.5,0,16
2026-09-02 04:49:09,0,1,1,17.1,44.2,17.2,42.4,0,16
2026-09-02 04:54:09,0,1,1,17.1,45.9,17.6,45.7,0,16
2026-09-02 04:59:10,0,1,1,20.1,44.5,26.4,32.3,0,16
2026-09-02 05:04:10,0,2,2,21.3,38.7,26,28.4,0,16
2026-09-02 05:09:09,0,1,2,20.6,38,22.5,32.3,0,16
2026-09-02 05:14:11,0,1,1,19.8,37.9,20.4,34.6,0,16
2026-09-02 05:19:10,0,1,1,19.1,39.7,19.3,37.5,0,16
2026-09-02 05:24:09,0,0,0,18.5,40.9,18.6,39.2,0,16
2026-09-02 05:29:09,0,1,1,18.1,42,18.1,40.5,0,16
2026-09-02 05:34:09,0,0,1,17.8,42.6,17.8,41,0,16
2026-09-02 05:39:09,0,0,0,18.2,45.4,20.5,41.5,0,16
2026-09-02 05:44:10,0,0,0,20.7,40.2,26.1,29.3,0,16
2026-09-02 05:49:09,0,0,0,20.6,38.8,23.1,32.1,0,16
2026-09-02 05:54:09,0,1,1,19.8,39.3,20.8,35.4,0,16
2026-09-02 05:59:10,0,0,0,19.1,39.9,19.4,37.5,0,16
2026-09-02 06:04:11,0,0,0,18.6,40.7,18.7,38.9,0,16
2026-09-02 06:09:09,0,1,1,18.2,40.7,18.2,39,0,18
2026-09-02 06:14:09,0,0,0,17.8,41.4,17.9,39.8,0,16
2026-09-02 06:19:11,0,3,4,17.7,42.5,17.7,40.6,0,21
2026-09-02 06:24:11,0,1,1,19.1,44.2,24,35.2,0,16
2026-09-02 06:29:10,0,4,4,22.1,39.3,29.6,25.9,0,18
2026-09-02 06:34:10,1,3,3,24.3,36.2,32,23.2,0,18
2026-09-02 06:39:10,1,3,3,25.6,33.5,32.5,22.3,0,18
2026-09-02 06:44:10,1,5,5,26.5,32.4,33,21.7,0,18
2026-09-02 06:49:09,2,5,5,25.6,32.1,28.8,24.9,0,18
2026-09-02 06:54:10,4,6,6,23.4,33.6,24.4,30,0,16
2026-09-02 06:59:09,3,5,5,21.7,36.1,21.8,33.8,0,16
2026-09-02 07:04:10,2,5,5,21.9,38.2,25.7,31,0,16
2026-09-02 07:09:09,2,4,4,24.1,35.1,30.9,24,0,18
2026-09-02 07:14:10,1,4,4,25.7,32.8,32.4,22,0,18
2026-09-02 07:19:10,3,7,7,26.5,32,33,21.4,0,18
2026-09-02 07:24:10,4,7,8,26.6,31.3,31.7,22.4,0,18
2026-09-02 07:29:10,5,8,8,25.3,31.7,27.6,25.9,0,18
2026-09-02 07:34:11,5,11,11,23.2,33.7,23.8,30.8,0,18
2026-09-02 07:39:10,6,9,12,21.4,36.5,21.5,34.6,0,18
2026-09-02 07:44:09,4,11,12,20.2,38.6,20.1,37.9,0,17
2026-09-02 07:49:10,5,7,8,22.4,38.4,,,,17
2026-09-02 07:54:10,4,10,10,24.5,35.8,31.3,24.3,0,18
2026-09-02 07:59:11,3,10,10,25.8,33.7,32.5,22.9,0,18
2026-09-02 08:04:10,4,8,10,26.6,32.7,32.9,22.5,0,18
2026-09-02 08:09:11,10,19,19,27.1,32,33.2,22.2,0,18
2026-09-02 08:14:10,11,20,22,27.3,31.4,33,22,0,17
2026-09-02 08:19:10,19,27,27,25.6,32.7,27.7,27.3,0,19
2026-09-02 08:24:12,18,29,31,23.4,35.4,23.8,32.9,0,18
2026-09-02 08:29:11,11,24,24,24.5,36.4,29.6,27.2,0,18
2026-09-02 08:34:10,11,22,23,26,34.5,32.4,23.7,0,17
2026-09-02 08:39:10,13,23,24,26.7,32.9,32.9,23.1,0,18
2026-09-02 08:44:11,18,31,32,25.8,33.1,28.8,26.6,0,18
2026-09-02 08:49:09,21,29,29,23.6,35.3,24.4,32.1,0,17
2026-09-02 08:54:11,19,30,30,22,37.7,21.9,36.2,0,18
2026-09-02 08:59:10,20,29,29,20.6,39.6,20.5,38.9,0,18
2026-09-02 09:04:10,19,30,30,19.7,41.1,19.5,40.7,0,18
2026-09-02 09:09:10,19,28,29,19.1,42.3,19,41.9,0,18
2026-09-02 09:14:10,19,30,32,18.6,43.7,18.5,43.3,0,18
2026-09-02 09:19:11,20,28,29,18.3,44.5,18.3,44.1,0,18
2026-09-02 09:24:10,16,28,29,18,45.3,18.1,44.6,0,18
2026-09-02 09:29:10,19,28,30,17.9,45.6,17.9,44.8,0,18
2026-09-02 09:34:10,17,25,28,17.7,45.8,17.8,44.9,0,18
2026-09-02 09:39:10,13,26,26,17.6,46,17.7,45.1,0,18
2026-09-02 09:44:10,12,25,28,17.5,46.3,17.7,45.4,0,18
2026-09-02 09:49:10,21,31,33,17.5,46.2,17.7,45.3,0,18
2026-09-02 09:54:10,10,22,24,17.5,46.3,17.7,45.3,0,18
2026-09-02 09:59:10,8,24,24,17.5,46.2,17.7,44.9,0,18
2026-09-02 10:04:10,7,22,24,17.5,45.6,17.7,44.3,0,21
2026-09-02 10:09:10,8,21,21,17.5,45.6,17.8,44.3,0,17
2026-09-02 10:14:11,15,30,30,17.6,47.1,17.9,46,0,15
2026-09-02 10:19:10,15,26,28,17.7,46.9,18,45.8,0,18
2026-09-02 10:24:10,28,46,56,17.7,47.5,18.1,46.3,0,17
2026-09-02 10:29:12,16,26,27,17.8,47,18.2,45.7,0,18
2026-09-02 10:34:10,12,24,25,17.9,46.7,18.3,45.4,0,18
2026-09-02 10:39:10,9,21,22,18,45.9,18.5,44.5,0,17
2026-09-02 10:44:10,9,24,25,18.1,45.9,18.6,44.1,0,18
2026-09-02 10:49:10,13,24,24,18.2,46.2,18.8,44.6,0,21
2026-09-02 10:54:10,9,20,24,18.4,45.3,19,43.4,0,18
2026-09-02 10:59:10,13,23,26,18.5,45.4,19.2,43.5,0,18
2026-09-02 11:04:11,25,38,44,18.7,46.9,19.4,45.3,0,18
2026-09-02 11:09:10,29,43,51,18.9,47,19.6,45.4,0,18
2026-09-02 11:14:10,34,51,65,19,47.1,19.8,45.2,0,21
2026-09-02 11:19:11,25,38,45,19.2,46.5,20,44.3,0,18
2026-09-02 11:24:10,28,42,51,19.3,46.9,20.2,44.9,0,21
2026-09-02 11:29:10,29,45,55,19.4,46.9,20.4,44.7,0,18
2026-09-02 11:34:11,28,41,49,19.6,46.3,20.6,44.1,0,18
2026-09-02 11:39:10,27,40,48,19.7,46,20.8,43.4,0,18
2026-09-02 11:44:10,27,41,47,19.9,45.9,21.1,43.3,0,18
2026-09-02 11:49:11,28,44,52,20.1,45.5,21.3,42.8,0,21
2026-09-02 11:54:10,30,47,56,20.4,45.4,21.6,42.6,0,18
2026-09-02 11:59:11,30,47,57,20.5,44.8,21.9,41.9,0,18
2026-09-02 12:04:10,30,44,53,20.8,44.8,22.1,41.9,0,18
2026-09-02 12:09:11,29,44,51,21,44.9,22.4,41.8,0,18
2026-09-02 12:14:10,28,43,51,21.2,43.7,22.6,40.4,0,18
2026-09-02 12:19:11,28,43,51,21.3,43.4,22.9,40.2,0,18
2026-09-02 12:24:10,28,42,49,21.6,43.2,23.1,39.4,0,18
2026-09-02 12:29:12,28,42,50,21.7,42.9,23.2,39.5,0,18
2026-09-02 12:34:11,29,43,52,21.8,42.8,23.4,39.2,0,18
2026-09-02 12:39:13,30,47,56,21.9,42.5,23.5,38.8,0,18
2026-09-02 12:44:10,34,52,65,22,42.2,23.6,38.8,0,18
2026-09-02 12:49:11,34,51,64,22.1,42.1,23.6,38.7,0,18
2026-09-02 12:54:11,33,48,60,22.1,42.5,23.7,38.7,0,18
2026-09-02 12:59:12,31,47,58,22.1,42.5,23.7,39,0,18
2026-09-02 13:04:12,32,49,61,22.2,42.2,23.8,38.6,0,18
2026-09-02 13:09:12,30,46,55,22.2,42.4,23.8,38.9,0,18
2026-09-02 13:14:12,34,49,60,22.2,42,23.8,38.4,0,18
2026-09-02 13:19:12,34,50,62,22.2,41.5,23.8,38,0,18
2026-09-02 13:24:11,31,47,56,22.2,41.5,23.9,38,0,21
2026-09-02 13:29:11,31,47,59,22.3,41.5,23.9,37.9,0,18
2026-09-02 13:34:11,26,39,47,22.3,40.5,24,36.5,0,18
2026-09-02 13:39:10,28,40,48,22.4,39.8,24.1,36.2,0,18
2026-09-02 13:44:11,26,41,48,22.5,39.7,24.2,35.8,0,18
2026-09-02 13:49:10,26,39,46,22.5,39.5,24.3,35.5,0,18
2026-09-02 13:54:11,24,36,41,22.6,39,24.4,35.1,0,18
2026-09-02 13:59:10,24,37,43,22.7,39.9,24.5,35.9,0,18
2026-09-02 14:04:11,25,39,45,22.8,38.8,24.6,34.6,0,21
2026-09-02 14:09:11,24,36,41,22.9,38.6,24.7,34.2,0,19
2026-09-02 14:14:10,22,33,36,23,38.3,24.8,34.4,0,19
2026-09-02 14:19:11,23,33,38,23,38,24.9,33.9,0,19
2026-09-02 14:24:11,22,35,38,23.1,38,24.9,34.2,0,19
2026-09-02 14:29:10,23,35,39,23.1,37.8,24.9,33.4,0,18
2026-09-02 14:34:11,24,37,46,23.1,37.5,25,32.9,0,21
2026-09-02 14:39:11,23,36,42,23.1,37.4,25,33.4,0,18
2026-09-02 14:44:11,22,33,37,23.1,36.9,25,32.7,0,18
2026-09-02 14:49:11,22,35,39,23.2,35.9,25,31.2,0,18
2026-09-02 14:54:12,22,33,38,23.2,36.5,25,32.2,0,18
2026-09-02 14:59:11,23,36,42,23.2,36.6,25.1,32,0,18
2026-09-02 15:04:11,21,32,36,23.2,37.1,25.1,33,0,18
2026-09-02 15:09:11,22,32,35,23.2,37,25.1,32.7,0,18
2026-09-02 15:14:11,21,34,37,23.2,35.2,25.1,31,0,21
2026-09-02 15:19:11,22,35,40,23.3,35.7,25.1,31.3,0,21
2026-09-02 15:24:12,21,34,38,23.2,35.7,25.1,30.9,0,21
2026-09-02 15:29:11,17,28,29,23.2,35.7,25.1,31.3,0,21
2026-09-02 15:34:10,20,29,29,23.2,35.6,25.1,31.2,0,18
2026-09-02 15:39:11,12,25,26,23.2,35.9,25,31.2,0,18
2026-09-02 15:44:10,13,23,24,23.1,35.4,24.9,30.9,0,18
2026-09-02 15:49:11,8,20,24,23,35.5,24.8,30.9,0,18
2026-09-02 15:54:11,9,22,23,23,35.8,24.7,31.5,0,18
2026-09-02 15:59:10,8,22,22,22.8,36.5,24.6,31.8,0,21
2026-09-02 16:04:11,8,19,19,22.7,36.4,24.5,32.1,0,18
2026-09-02 16:09:10,5,11,14,22.7,36.2,24.4,31.8,0,18
2026-09-02 16:14:11,7,13,13,22.6,36.6,24.3,32.3,0,21
2026-09-02 16:19:11,5,13,15,22.5,36.3,24.2,32.1,0,21
2026-09-02 16:24:11,3,7,8,22.4,36.2,24.1,31.8,0,21
2026-09-02 16:29:11,5,11,11,22.4,35.8,24,31.4,0,21
2026-09-02 16:34:11,6,9,11,22.3,36,23.9,31.7,0,19
2026-09-02 16:39:11,17,30,33,22.3,35.6,23.8,31.2,0,21
2026-09-02 16:44:11,6,13,14,22.2,36.2,23.8,31.7,0,21
2026-09-02 16:49:11,5,7,7,22.2,36.3,23.7,32,0,18
2026-09-02 16:54:11,5,9,9,22.1,36,23.6,31.8,0,21
2026-09-02 16:59:12,1,6,6,22,36,23.5,31.8,0,21
2026-09-02 17:04:11,1,4,4,21.9,36.6,23.4,32.5,0,21
2026-09-02 17:09:11,2,6,6,21.9,36.6,23.3,32.6,0,18
2026-09-02 17:14:11,2,5,5,21.8,37.1,23.2,33.1,0,21
2026-09-02 17:19:11,2,4,4,21.7,38.2,23.1,34.3,0,21
2026-09-02 17:24:11,1,5,5,21.7,38.8,23,34.9,0,21
2026-09-02 17:29:11,1,4,5,21.5,39.1,23,35.2,0,21
2026-09-02 17:34:11,2,5,5,21.5,39.2,22.9,35.3,0,21
2026-09-02 17:39:11,2,3,4,21.4,38.9,22.8,35.2,0,18
2026-09-02 17:44:11,2,4,4,21.3,39.3,22.7,35.6,0,21
2026-09-02 17:49:12,4,7,7,21.2,39.3,22.6,35.6,0,21
2026-09-02 17:54:11,2,4,4,21.1,39.3,22.5,35.7,0,18
2026-09-02 17:59:11,4,8,8,21.1,39.5,22.4,36.1,0,21
2026-09-02 18:04:11,1,5,5,21,39.8,22.3,36.3,0,21
2026-09-02 18:09:11,2,4,6,20.9,39.8,22.2,36.3,0,18
2026-09-02 18:14:11,2,4,4,20.8,39.9,22.1,36.5,0,18
2026-09-02 18:19:11,3,5,5,20.8,40,22,36.5,0,21
2026-09-02 18:24:12,2,5,5,20.7,40.3,21.9,36.8,0,18
2026-09-02 18:29:11,0,3,3,20.6,40.2,21.8,36.8,0,18
2026-09-02 18:34:11,1,4,4,20.5,40.5,,,0,18
2026-09-02 18:39:12,0,4,4,20.4,40.4,,,0,18
2026-09-02 18:44:11,0,3,3,20.3,39.8,,,0,18
2026-09-02 18:49:11,0,2,2,20.3,39.3,,,0,18
2026-09-02 18:54:12,0,1,1,20.2,38.9,,,0,18
2026-09-02 18:59:11,0,2,4,20.1,39,,,0,18
2026-09-02 19:04:11,2,4,5,20,39,,,0,21
2026-09-02 19:09:12,4,7,7,19.9,39.4,,,0,18
2026-09-02 19:14:11,0,2,2,19.8,39.6,,,0,18
2026-09-02 19:19:12,0,1,2,19.7,39.8,,,0,21
2026-09-02 19:24:11,0,1,1,19.6,40.3,,,0,18
2026-09-02 19:29:11,0,1,1,19.5,39.8,,,0,21
2026-09-02 19:34:11,0,1,1,19.5,40.1,,,0,21
2026-09-02 19:39:13,0,1,1,19.4,40.3,,,0,18
2026-09-02 19:44:11,0,0,0,19.3,40.5,,,0,21
2026-09-02 19:49:12,0,2,3,19.3,40.6,,,0,18
2026-09-02 19:54:11,0,1,2,19.2,41.1,,,0,17
2026-09-02 19:59:11,0,1,1,19.1,41.1,,,0,18
2026-09-02 20:04:11,0,1,2,19,40.9,,,0,18
2026-09-02 20:09:11,0,0,1,18.9,41,,,0,21
2026-09-02 20:14:11,0,1,1,18.9,41.2,19.6,38.2,0,18
2026-09-02 20:19:12,0,1,1,18.8,41.1,19.5,38.2,0,18
2026-09-02 20:24:11,0,0,1,18.7,41.2,19.4,38.5,0,18
2026-09-02 20:29:11,0,1,1,18.7,41.5,19.3,38.7,0,18
2026-09-02 20:34:12,0,2,2,18.6,42,19.2,39.5,0,18
2026-09-02 20:39:11,1,1,2,18.6,41.8,19.1,39.2,0,18
2026-09-02 20:44:12,0,1,2,18.4,42.1,19,39.3,0,18
2026-09-02 20:49:11,0,2,2,18.4,42.1,19,39.6,0,18
2026-09-02 20:54:11,0,1,1,18.3,41.8,18.9,39.3,0,18
2026-09-02 20:59:11,0,1,1,18.3,42.2,18.8,39.7,0,18
2026-09-02 21:04:12,0,0,0,18.2,41.8,18.7,39.4,0,18
2026-09-02 21:09:11,0,1,1,18.1,42.1,18.6,39.5,0,18
2026-09-02 21:14:12,0,1,1,18.1,41.9,18.5,39.4,0,18
2026-09-02 21:19:11,0,0,1,18,42,18.5,39.4,0,18
2026-09-02 21:24:12,0,1,1,18,41.7,18.4,39.4,0,18
2026-09-02 21:29:11,0,1,1,17.9,42.3,18.4,39.7,0,18
2026-09-02 21:34:12,0,1,1,17.9,42.4,18.3,39.9,0,18
2026-09-02 21:39:12,0,2,2,17.8,42.5,18.2,40.1,0,18
2026-09-02 21:44:11,0,2,2,17.8,42.7,18.2,40.3,0,18
2026-09-02 21:49:13,0,2,2,17.7,42.9,18.1,40.5,0,18
2026-09-02 21:54:12,0,2,2,17.7,43.2,18,40.7,0,18
2026-09-02 21:59:12,0,0,0,17.6,42.9,18,40.4,0,18
2026-09-02 22:04:12,0,1,1,17.6,42.9,17.9,40.4,0,18
2026-09-02 22:09:12,0,2,2,17.5,42.7,17.9,40.3,0,18
2026-09-02 22:14:12,0,0,0,17.5,43,17.9,40.4,0,18
2026-09-02 22:19:11,0,0,0,17.5,43.2,17.8,40.9,0,18
2026-09-02 22:24:12,0,1,2,17.5,43.4,17.8,41.1,0,18
2026-09-02 22:29:11,0,1,1,17.5,43.5,17.8,41.3,0,18
2026-09-02 22:34:12,0,0,0,17.4,43.4,17.7,40.9,0,18
2026-09-02 22:39:12,0,2,3,17.4,43.5,17.7,41.4,0,18
2026-09-02 22:44:12,0,1,1,17.4,43.2,17.6,40.8,0,18
2026-09-02 22:49:12,0,1,1,17.4,42.9,17.6,40.6,0,18
2026-09-02 22:54:12,0,2,2,17.3,43.3,17.5,41,0,18
2026-09-02 22:59:12,1,3,4,17.3,43.6,17.5,41.5,0,18
2026-09-02 23:04:12,1,3,3,17.2,44,17.5,41.8,0,18
2026-09-02 23:09:12,0,2,2,17.7,46,19.7,42.5,0,18
2026-09-02 23:14:12,0,0,0,20.1,40.9,25.2,30.2,0,18
2026-09-02 23:19:12,0,0,0,20.2,38.9,22.8,31.9,0,18
2026-09-02 23:24:11,0,0,0,19.5,38.8,20.7,34.5,0,18
2026-09-02 23:29:12,0,2,2,18.9,39.4,19.4,36.6,0,18
2026-09-02 23:34:12,0,3,3,18.5,40.6,18.8,38.6,0,18
2026-09-02 23:39:12,0,3,4,18.2,41.7,18.7,39.3,0,21
2026-09-02 23:44:12,0,2,3,19.5,43.3,24.1,34.2,0,18
2026-09-02 23:49:12,0,1,1,22.3,38.5,29.8,25.3,0,18
2026-09-02 23:54:12,0,1,1,23.7,35.5,30.3,23.9,0,18
2026-09-02 23:59:12,0,0,0,23.2,33.8,26.3,26.8,0,18
2026-09-03 00:04:19,0,1,1,21.8,35.8,22.7,31.5,0,16
2026-09-03 00:09:12,0,2,2,21.3,37.5,23.7,32.2,0,13
2026-09-03 00:14:20,0,0,0,23.4,35.8,30,24.9,0,14
2026-09-03 00:19:12,0,1,1,25.3,32.9,32.3,21.7,0,15
2026-09-03 00:24:12,0,2,2,25.4,31.6,29.9,23.1,0,17
2026-09-03 00:29:12,0,0,0,24.5,33.4,28.1,26.5,0,19
2026-09-03 00:34:24,0,3,3,25.7,31.8,31.3,22.3,0,14
2026-09-03 00:39:12,0,0,0,24.5,32,26.8,26.1,0,18
2026-09-03 00:44:12,0,0,0,23.4,34.5,26.4,29,0,18
2026-09-03 00:49:15,0,2,2,24.8,33.6,29.9,24.8,0,13
2026-09-03 00:54:12,0,2,2,25.7,32.2,31.3,22.7,0,14
2026-09-03 00:59:17,0,2,3,24.8,32,27.4,25.8,0,21
2026-09-03 01:04:12,1,3,3,23,33.7,24,30.1,0,16
2026-09-03 01:09:12,1,3,3,21.4,35.8,21.6,33.6,0,16
2026-09-03 01:14:12,0,1,1,20.5,39.2,21.1,38.1,0,16
2026-09-03 01:19:12,0,2,2,22.9,36.4,29.2,25.5,0,18
2026-09-03 01:24:12,0,0,0,24.8,33.4,31.5,22.4,0,15
2026-09-03 01:29:18,0,2,2,25.1,32.9,30.3,24,0,14
2026-09-03 01:34:16,0,0,0,26.2,31.2,32.3,21.3,0,14
2026-09-03 01:39:12,0,0,0,26.6,30.4,32,21.4,0,16
2026-09-03 01:44:15,0,2,2,26.9,29.8,32.4,20.6,0,14
2026-09-03 01:49:18,0,2,3,25.3,30.6,27.2,25.4,0,14
2026-09-03 01:54:13,0,2,2,23.1,32.8,23.5,30.1,0,14
2026-09-03 01:59:12,0,2,2,21.5,35.2,21.3,33.4,0,18
2026-09-03 02:04:12,0,0,1,22.8,35.6,27.9,26.9,0,15
2026-09-03 02:09:13,0,1,1,24.9,33,31.5,22.6,0,19
2026-09-03 02:14:12,0,2,2,26.1,31.5,32.6,21.2,0,16
2026-09-03 02:19:19,0,1,1,26.8,30.7,33,20.7,0,18
2026-09-03 02:24:12,0,0,0,27.3,29.9,33.6,20.2,0,14
2026-09-03 02:29:13,0,1,1,27.6,29.4,33.7,19.8,0,18
2026-09-03 02:34:12,0,0,0,27.9,29.2,34.1,19.7,0,18
2026-09-03 02:39:12,0,0,1,28,28.7,34,19.7,0,18
2026-09-03 02:44:12,0,1,1,28,29,33.8,20,0,18
2026-09-03 02:49:12,0,2,2,27.9,28.6,33.1,20.1,0,18
2026-09-03 02:54:12,0,0,0,26.4,30.1,29.8,23.8,0,17
2026-09-03 02:59:13,0,1,1,26.8,30,32,21.6,0,17
2026-09-03 03:04:12,0,2,2,26.6,29.6,30.7,21.8,0,14
2026-09-03 03:09:12,0,0,0,25.7,31.1,29.7,24.3,0,16
2026-09-03 03:14:12,0,1,1,26.6,30.3,,,,16
2026-09-03 03:19:14,0,2,2,27.2,29.5,33.3,20.1,0,16
2026-09-03 03:24:12,0,0,0,27.5,29.1,33.6,19.6,0,16
2026-09-03 03:29:14,0,1,1,27.7,28.8,33.4,19.8,0,14
2026-09-03 03:34:13,0,0,0,27.8,28.6,,,,15
2026-09-03 03:39:12,0,1,2,27.8,28.5,33.3,19.9,0,18
2026-09-03 03:44:13,0,2,2,27.9,28.3,33.3,19.8,0,16
2026-09-03 03:49:12,0,0,0,28,28.4,33.6,19.7,0,16
2026-09-03 03:54:19,0,0,0,28.1,28.1,33.7,19.2,0,18
2026-09-03 03:59:12,0,0,0,28.1,28,33.8,19.3,0,16
2026-09-03 04:04:13,0,1,1,28.1,28.3,33.7,19.5,0,14
2026-09-03 04:09:12,0,1,1,28.1,27.8,33.6,19.5,0,16
2026-09-03 04:14:13,0,0,1,28.1,27.9,33.6,19.5,0,16
2026-09-03 04:19:12,0,1,1,28,28.1,33.5,19.6,0,16
2026-09-03 04:24:12,0,2,2,27.9,28.3,33.5,19.4,0,18
2026-09-03 04:29:12,0,0,1,27.9,28,33.5,19.4,0,14
2026-09-03 04:34:12,0,0,1,28,28.3,33.7,19.5,0,16
2026-09-03 04:39:14,0,0,0,27.9,28.1,33.7,19.4,0,19
2026-09-03 04:44:12,0,0,0,28,28.2,33.7,19.4,0,14
2026-09-03 04:49:12,0,1,2,28,28.3,33.8,19.4,0,14
2026-09-03 04:54:13,0,1,1,28,28.1,33.7,19.3,0,18
2026-09-03 04:59:12,0,1,1,28.1,27.9,33.8,19.1,0,18
2026-09-03 05:04:15,0,0,1,28.1,27.9,33.9,19.1,0,14
2026-09-03 05:09:12,0,0,1,28.1,28,33.8,19.3,0,18
2026-09-03 05:14:13,0,1,1,28.1,28.1,33.8,19.3,0,18
2026-09-03 05:19:12,0,0,0,28.1,27.9,34.1,19.1,0,16
2026-09-03 05:24:13,0,1,1,28,28.2,33.8,19.4,0,19
2026-09-03 05:29:12,0,0,0,28.1,28.1,33.8,19.3,0,19
2026-09-03 05:34:15,0,0,0,28,28.3,33.7,19.5,0,14
2026-09-03 05:39:19,0,0,0,28,28.3,33.8,19.3,0,14
2026-09-03 05:44:13,0,0,0,28,28.3,33.6,19.6,0,14
2026-09-03 05:49:12,0,1,1,27.9,28.2,33.5,19.7,0,16
2026-09-03 05:54:13,0,0,1,27.9,28.2,33.7,19.5,0,18
2026-09-03 05:59:12,0,0,0,28,28,33.8,19.4,0,17
2026-09-03 06:04:17,0,1,1,28,28.1,33.8,19.5,0,14
2026-09-03 06:09:12,0,0,1,28.1,28.3,33.8,19.5,0,18
2026-09-03 06:14:13,0,0,0,28,28.2,33.7,19.6,0,18
2026-09-03 06:19:13,0,0,0,28,28.3,33.7,19.5,0,18
2026-09-03 06:24:13,0,0,1,28,28.5,33.7,19.7,0,18
2026-09-03 06:29:13,0,0,2,28,28.7,33.7,19.8,0,18
2026-09-03 06:34:13,0,1,1,27.9,28.9,33.5,20.1,0,18
2026-09-03 06:39:13,0,3,3,27.8,29,33.5,20.1,0,18
2026-09-03 06:44:13,0,0,1,27.8,28.7,33.5,19.9,0,18
2026-09-03 06:49:13,0,2,2,27.8,28.7,33.4,20,0,17
2026-09-03 06:54:13,0,0,2,27.7,28.8,33.5,19.9,0,18
2026-09-03 06:59:13,0,0,0,27.7,28.7,33.5,19.8,0,21
2026-09-03 07:04:13,0,1,2,27.7,28.4,33.4,19.6,0,18
2026-09-03 07:09:13,0,1,3,27.6,28.6,33.3,19.6,0,18
2026-09-03 07:14:13,0,1,1,27.6,28.2,33.5,19.4,0,18
2026-09-03 07:19:13,0,0,0,27.6,28.4,33.3,19.6,0,18
2026-09-03 07:24:13,0,2,2,27.5,28.5,33.1,19.7,0,17
2026-09-03 07:29:13,0,1,1,27.5,28.4,33.4,19.7,0,18
2026-09-03 07:34:13,0,0,1,27.5,28.5,33.1,19.8,0,18
2026-09-03 07:39:13,1,2,2,27.4,28.7,33,20,0,18
2026-09-03 07:44:14,0,0,2,27.4,28.7,33,20.1,0,18
2026-09-03 07:49:14,0,2,2,27.4,29,33.1,19.9,0,18
2026-09-03 07:54:15,0,3,3,27.5,28.8,33.3,19.8,0,18
2026-09-03 07:59:14,0,3,3,27.4,29.1,33,20.2,0,17
2026-09-03 08:04:15,0,1,1,27.4,29.1,33.2,20.1,0,18
2026-09-03 08:09:13,0,2,2,27.5,29.2,33,20.5,0,18
2026-09-03 08:14:13,2,4,5,27.5,29.8,32.9,20.9,0,18
2026-09-03 08:19:13,2,3,3,27.5,30.2,33,21.2,0,18
2026-09-03 08:24:13,0,4,4,27.5,30.3,33.2,21.3,0,18
2026-09-03 08:29:13,2,2,2,27.5,30.4,33.1,21.4,0,21
2026-09-03 08:34:13,1,3,3,27.4,30.3,33,21.5,0,18
2026-09-03 08:39:14,0,4,5,27.5,30.3,33,21.4,0,18
2026-09-03 08:44:14,1,5,6,27.4,30.2,33,21.3,0,21
2026-09-03 08:49:13,3,7,7,27.4,30.1,32.9,21.3,0,21
2026-09-03 08:54:13,1,3,3,27.5,30.3,33.4,21.1,0,18
2026-09-03 08:59:13,1,3,4,27.6,30.1,33.3,21.2,0,18
2026-09-03 09:04:13,1,3,3,27.6,30.3,33.1,21.5,0,18
2026-09-03 09:09:13,1,3,3,27.6,30.5,33.2,21.6,0,21
2026-09-03 09:14:13,1,4,4,27.3,30.9,32.5,22.6,0,18
2026-09-03 09:19:13,2,5,5,27.5,30.9,33.1,22,0,18
2026-09-03 09:24:13,5,13,14,26.2,31.6,28.8,25.6,0,18
2026-09-03 09:29:13,7,12,13,23.9,33.9,24.5,31.3,0,18
2026-09-03 09:34:13,7,14,14,22,36.9,21.9,35.7,0,21
2026-09-03 09:39:13,7,17,17,20.6,39.2,20.4,38.8,0,17
2026-09-03 09:44:13,7,18,20,19.7,41,19.5,40.8,0,17
2026-09-03 09:49:13,8,15,16,19,42.7,18.9,42.5,0,18
2026-09-03 09:54:13,17,31,36,18.5,43.6,18.5,43.1,0,21
2026-09-03 09:59:13,6,13,14,18.2,44.1,18.3,43.6,0,21
2026-09-03 10:04:13,7,20,22,17.9,44.9,18.1,44.3,0,21
2026-09-03 10:09:13,6,9,12,17.8,45.4,18.1,44.8,0,18
2026-09-03 10:14:13,5,14,15,17.8,45.8,18.1,45.1,0,18
2026-09-03 10:19:13,7,16,19,17.8,46.1,18.1,45.2,0,21
2026-09-03 10:24:13,8,20,20,17.8,46.4,18.2,45.7,0,18
2026-09-03 10:29:13,15,26,26,17.8,46.8,18.3,45.7,0,18
2026-09-03 10:34:13,13,29,30,17.9,47.1,18.4,46.1,0,18
2026-09-03 10:39:13,14,26,27,18,47.1,18.5,46.1,0,18
2026-09-03 10:44:13,29,44,53,18.1,47.5,18.7,46.5,0,21
2026-09-03 10:49:13,17,27,27,18.2,47.5,18.8,46.1,0,18
2026-09-03 10:54:13,13,25,26,18.3,47.1,19,45.5,0,18
2026-09-03 10:59:14,17,26,27,18.4,46.9,19.1,45.4,0,21
2026-09-03 11:04:14,17,28,28,18.6,46.9,19.3,45.5,0,18
2026-09-03 11:09:14,19,29,30,18.6,46.8,19.4,45.1,0,18
2026-09-03 11:14:14,19,29,31,18.8,46.7,19.6,45,0,18
2026-09-03 11:19:13,21,32,35,18.9,46.7,19.7,44.9,0,21
2026-09-03 11:24:13,17,27,27,19,46.3,19.9,44.5,0,18
2026-09-03 11:29:14,21,32,33,19.1,46.4,20,44.6,0,18
2026-09-03 11:34:14,22,37,42,19.2,46.2,20.2,43.9,0,21
2026-09-03 11:39:13,24,33,35,19.3,45.7,20.4,43.4,0,18
2026-09-03 11:44:14,20,27,27,19.5,45.6,20.5,43.2,0,18
2026-09-03 11:49:13,19,28,29,19.6,45.5,20.6,43,0,18
2026-09-03 11:54:14,20,31,34,19.7,45.7,20.8,43.2,0,18
2026-09-03 11:59:13,20,30,30,19.8,45.7,20.9,43.2,0,18
2026-09-03 12:04:14,25,37,43,19.9,45.6,21.1,43.1,0,19
2026-09-03 12:09:13,22,33,35,20,45.4,21.2,42.9,0,19
2026-09-03 12:14:13,22,33,37,20.1,44.9,21.4,42.1,0,21
2026-09-03 12:19:13,22,31,34,20.3,44.8,21.5,42,0,18
2026-09-03 12:24:14,22,31,32,20.4,44.1,21.7,41,0,19
2026-09-03 12:29:13,23,33,34,20.5,43.8,,,0,18
2026-09-03 12:34:14,22,31,32,20.6,43.6,,,0,18
2026-09-03 12:39:13,19,30,31,20.7,43.1,,,0,21
2026-09-03 12:44:14,20,27,27,20.9,42.9,,,0,21
2026-09-03 12:49:14,19,29,29,20.9,42.1,,,0,21
2026-09-03 12:54:13,18,28,28,21,41.9,,,0,21
2026-09-03 12:59:14,19,31,31,21.1,42,,,0,18
2026-09-03 13:04:13,19,30,31,21.2,41.7,,,0,19
2026-09-03 13:09:14,20,30,32,21.3,41.6,,,0,19
2026-09-03 13:14:14,19,31,32,21.4,41.4,,,0,19
2026-09-03 13:19:14,20,28,29,21.5,41.4,,,0,19
2026-09-03 13:24:13,23,36,40,21.6,40.9,,,0,19
2026-09-03 13:29:13,20,31,35,21.7,41,,,0,18
2026-09-03 13:34:14,22,32,33,21.8,40.6,,,0,21
2026-09-03 13:39:13,22,32,34,21.8,39.9,,,0,21
2026-09-03 13:44:14,21,33,36,21.9,39.5,,,0,18
2026-09-03 13:49:13,23,33,37,22,39,,,0,18
2026-09-03 13:54:14,22,33,36,22,39.6,,,0,19
2026-09-03 13:59:14,21,32,33,22.1,39,,,0,20
2026-09-03 14:04:14,20,29,29,22.1,39.6,,,0,21
2026-09-03 14:09:14,23,34,37,22.2,39.2,,,0,18
2026-09-03 14:14:14,19,30,33,22.2,38.2,,,0,19
2026-09-03 14:19:14,15,27,27,22.3,38.3,,,0,19
2026-09-03 14:24:14,16,24,25,22.3,38,,,0,18
2026-09-03 14:29:14,16,26,26,22.4,38.3,,,0,21
2026-09-03 14:34:14,12,24,26,22.4,38.2,,,0,21
2026-09-03 14:39:13,12,24,24,22.4,38,,,0,21
2026-09-03 14:44:14,9,24,24,22.4,38,,,0,18
2026-09-03 14:49:14,13,25,25,22.4,38.5,,,0,18
2026-09-03 14:54:13,14,25,26,22.4,38.4,,,0,21
2026-09-03 14:59:14,12,24,24,22.4,38.4,,,0,19
2026-09-03 15:04:14,13,25,26,22.3,38.3,,,0,18
2026-09-03 15:09:14,12,23,24,22.3,38.2,,,0,18
2026-09-03 15:14:14,13,24,24,22.2,38.7,,,0,18
2026-09-03 15:19:14,12,26,26,22.2,38.4,,,0,18
2026-09-03 15:24:15,14,25,26,22.1,38.5,,,0,18
2026-09-03 15:29:14,9,22,22,22.1,38.6,,,0,18
2026-09-03 15:34:14,33,52,64,22.1,38.6,,,0,18
2026-09-03 15:39:14,14,27,27,22,38.7,,,0,21
2026-09-03 15:44:14,9,25,26,22,38.8,,,0,18
2026-09-03 15:49:14,8,22,25,21.9,38.9,,,0,18
2026-09-03 15:54:14,11,22,23,21.8,39.2,,,0,21
2026-09-03 15:59:14,11,24,24,21.8,39.4,,,0,19
2026-09-03 16:04:15,13,23,26,21.7,39.5,,,0,19
2026-09-03 16:09:14,9,22,23,21.6,39.4,,,0,21
2026-09-03 16:14:14,18,26,27,21.6,39.6,23.1,35.8,0,18
2026-09-03 16:19:14,9,22,22,21.5,40.1,23.1,36.2,0,19
2026-09-03 16:24:14,8,22,24,21.5,40.2,23,36.2,0,21
2026-09-03 16:29:14,11,23,23,21.5,39.9,22.9,36,0,18
2026-09-03 16:34:14,8,22,25,21.4,39.6,22.9,36,0,21
2026-09-03 16:39:14,8,18,20,21.3,39.9,22.9,36.4,0,18
2026-09-03 16:44:15,8,19,19,21.3,39.9,22.8,36.2,0,21
2026-09-03 16:49:15,8,17,18,21.3,39.9,22.7,36.3,0,19
2026-09-03 16:54:14,7,15,15,21.2,40,22.7,36.4,0,19
2026-09-03 16:59:14,5,13,14,21.1,40.1,22.6,36.6,0,19
2026-09-03 17:04:14,4,9,13,21.1,40.3,22.5,36.7,0,19
2026-09-03 17:09:15,6,9,9,21,40.5,22.4,36.9,0,19
2026-09-03 17:14:14,5,8,8,21,40.1,22.4,36.8,0,18
2026-09-03 17:19:14,3,7,8,20.9,40.5,22.3,37,0,21
2026-09-03 17:24:14,4,7,7,20.8,40.5,22.2,36.9,0,21
2026-09-03 17:29:15,4,8,8,20.8,40.6,22.1,37.2,0,18
2026-09-03 17:34:14,3,6,6,20.7,40.5,22.1,37.1,0,18
2026-09-03 17:39:14,6,9,9,20.7,40.6,22,37.1,0,18
2026-09-03 17:44:14,3,6,7,20.6,40.8,21.9,37.3,0,18
2026-09-03 17:49:19,6,14,16,20.5,40.7,21.8,37.4,0,18
2026-09-03 17:54:14,4,6,6,20.5,41.1,21.7,37.7,0,21
2026-09-03 17:59:18,4,6,6,20.4,41,21.6,37.8,0,21
2026-09-03 18:04:14,3,6,6,20.3,41.2,21.5,38,0,18
2026-09-03 18:09:14,2,7,7,20.3,41.4,21.4,38.1,0,18
2026-09-03 18:14:15,3,5,5,20.2,41.4,21.3,38.3,0,18
2026-09-03 18:19:15,3,7,7,20.1,41.7,21.2,38.7,0,18
2026-09-03 18:24:14,2,6,6,20,42.2,21.1,39.1,0,18
2026-09-03 18:29:15,2,7,7,19.9,42.5,21,39.4,0,17
2026-09-03 18:34:14,2,8,8,19.8,42.9,20.9,39.7,0,16
2026-09-03 18:39:15,3,6,6,19.7,43.2,20.8,40.1,0,18
2026-09-03 18:44:15,4,7,7,19.6,43.4,20.6,40.4,0,18
2026-09-03 18:49:14,4,6,7,19.5,43.7,20.5,40.8,0,18
2026-09-03 18:54:14,4,6,6,19.4,43.9,20.4,41,0,18
2026-09-03 18:59:15,4,8,8,19.3,44.1,20.3,41.3,0,21
2026-09-03 19:04:15,3,5,5,19.3,44.2,20.2,41.6,0,18
2026-09-03 19:09:15,2,5,6,19.2,44.5,20.1,41.7,0,18
2026-09-03 19:14:16,2,5,6,19.1,44.4,20,42,0,21
2026-09-03 19:19:15,3,5,5,19.1,44.6,19.9,42.2,0,21
2026-09-03 19:24:15,1,4,4,19,44.7,19.8,42.5,0,18
2026-09-03 19:29:15,7,21,21,18.9,44.8,19.7,42.5,0,18
2026-09-03 19:34:15,22,36,41,18.8,44.9,19.6,42.6,0,17
2026-09-03 19:39:15,2,6,7,18.8,44.8,19.5,42.6,0,18
2026-09-03 19:44:14,2,3,3,18.7,44.8,19.5,42.6,0,18
2026-09-03 19:49:15,4,7,7,18.7,44.9,19.4,42.8,0,18
2026-09-03 19:54:16,2,5,5,18.6,44.5,19.3,42.2,0,21
2026-09-03 19:59:14,1,2,2,18.5,44.3,19.2,42.1,0,21
2026-09-03 20:04:15,0,3,3,18.5,44.3,19.2,41.9,0,21
2026-09-03 20:09:14,1,3,3,18.4,44.1,19.1,41.8,0,18
2026-09-03 20:14:16,1,4,4,18.4,44.3,19,42,0,18
2026-09-03 20:19:14,2,3,3,18.4,44.4,19,42.1,0,16
2026-09-03 20:24:15,2,3,3,18.3,44.4,18.9,42.2,0,18
2026-09-03 20:29:15,1,3,3,18.2,44.4,18.8,42.3,0,18
2026-09-03 20:34:15,1,2,2,18.2,44.4,18.8,42.5,0,16
2026-09-03 20:39:14,1,3,3,18.1,44.9,18.7,42.7,0,17
2026-09-03 20:44:15,2,6,6,18.1,44.8,18.6,43,0,18
2026-09-03 20:49:15,2,5,5,18.1,45,18.6,43,0,18
2026-09-03 20:54:14,2,7,7,18,45.1,18.5,43.1,0,18
2026-09-03 20:59:15,2,5,6,18,45.1,18.5,43.2,0,21
2026-09-03 21:04:15,1,4,4,17.9,45,18.4,43,0,18
2026-09-03 21:09:15,3,7,7,17.9,44.9,18.4,43,0,18
2026-09-03 21:14:15,3,7,7,17.9,44.9,18.4,43.1,0,18
2026-09-03 21:19:15,2,5,5,17.8,45.1,18.3,43.1,0,18
2026-09-03 21:24:15,2,5,5,17.8,45.1,18.3,43.2,0,18
2026-09-03 21:29:15,3,6,7,17.7,45.1,18.2,43.4,0,18
2026-09-03 21:34:15,3,6,6,17.8,45.2,18.2,43.4,0,18
2026-09-03 21:39:15,4,7,8,17.7,45.4,18.2,43.6,0,18
2026-09-03 21:44:15,4,8,8,17.7,45.4,18.1,43.7,0,18
2026-09-03 21:49:15,4,10,10,17.7,45.8,18.1,44.1,0,18
2026-09-03 21:54:15,5,8,8,17.6,45.9,18.1,44.3,0,17
2026-09-03 21:59:16,4,10,12,17.6,46.1,18,44.4,0,18
2026-09-03 22:04:15,5,10,13,17.6,46.1,18,44.5,0,18
2026-09-03 22:09:15,10,25,30,17.5,46.2,18,44.7,0,18
2026-09-03 22:14:15,4,10,12,17.5,46,17.9,44.5,0,18
2026-09-03 22:19:15,3,7,7,17.5,45.9,17.9,44.3,0,18
2026-09-03 22:24:15,4,10,10,17.5,46,17.8,44.5,0,18
2026-09-03 22:29:15,5,9,10,17.5,46.3,17.8,44.8,0,18
2026-09-03 22:34:15,3,8,8,17.4,46.3,17.8,44.9,0,18
2026-09-03 22:39:15,5,10,10,17.4,46.4,17.7,45.1,0,18
2026-09-03 22:44:15,5,7,10,17.3,46.6,17.7,45.2,0,18
2026-09-03 22:49:16,5,10,10,17.3,46.6,17.6,45.4,0,18
2026-09-03 22:54:15,5,8,10,17.3,46.8,17.6,45.5,0,18
2026-09-03 22:59:15,6,12,12,17.3,46.9,17.6,45.6,0,18
2026-09-03 23:04:15,6,19,19,17.3,46.7,17.5,45.4,0,16
2026-09-03 23:09:16,4,12,12,17.2,46.4,17.5,45,0,16
2026-09-03 23:14:15,4,10,12,17.2,46.4,17.5,45,0,18
2026-09-03 23:19:16,4,9,9,17.2,46.5,17.4,45,0,18
2026-09-03 23:24:15,4,10,10,17.2,46.5,17.4,45.1,0,16
2026-09-03 23:29:15,2,7,7,18.7,48.7,23.6,39.5,0,18
2026-09-03 23:34:16,1,5,5,21.8,43,29.6,29,0,18
2026-09-03 23:39:15,1,3,3,23.9,38.7,31.5,25.4,0,18
2026-09-03 23:44:15,1,4,4,25.4,35.9,32.6,23.9,0,18
2026-09-03 23:49:15,2,6,6,26.5,34,33.1,22.9,0,18
2026-09-03 23:54:15,2,4,5,27.1,32.6,33.4,22.3,0,18
2026-09-03 23:59:15,4,7,7,27.5,31.6,33.7,21.7,0,18
2026-09-04 00:04:15,3,6,6,27.8,31,34.1,21.2,0,18
2026-09-04 00:09:22,4,8,8,28,30.5,34.2,20.9,0,21
2026-09-04 00:14:15,3,7,7,28,29.8,33.6,20.8,0,19
2026-09-04 00:19:15,4,5,6,26.1,30.4,28.2,25,0,16
2026-09-04 00:24:15,3,4,4,23.7,32.2,24.3,29.2,0,17
2026-09-04 00:29:15,2,4,4,22.2,34.8,23,32.7,0,17
2026-09-04 00:34:15,2,4,5,24.2,33.5,30.2,23.9,0,14
2026-09-04 00:39:18,2,3,3,25.7,31.2,32.5,21,0,18
2026-09-04 00:44:15,1,3,3,26.6,30.4,33.3,20.4,0,9
2026-09-04 00:49:16,2,5,5,27.2,29.8,33.7,19.9,0,15
2026-09-04 00:54:15,3,5,6,27.5,29.4,33.7,19.9,0,13
2026-09-04 00:59:16,3,5,5,27.7,29.2,33.8,19.8,0,16
2026-09-04 01:04:15,0,4,4,27.8,29,33.8,19.8,0,16
2026-09-04 01:09:16,2,4,4,28,28.6,34.2,19.3,0,16
2026-09-04 01:14:15,2,5,5,28.1,28.3,34.1,19.2,0,16
2026-09-04 01:19:16,0,4,4,28,28,33.9,19.3,0,16
2026-09-04 01:24:16,1,6,6,28,28.1,34,19.1,0,16
2026-09-04 01:29:16,3,7,7,28,28.3,34,19.1,0,19
2026-09-04 01:34:15,1,4,4,28,28.1,33.8,19.3,0,16
2026-09-04 01:39:16,3,5,6,27.9,27.9,33.7,19.1,0,16
2026-09-04 01:44:15,1,4,4,27.8,27.7,33.5,19.1,0,19
2026-09-04 01:49:15,0,4,4,27.8,27.9,33.7,18.9,0,16
2026-09-04 01:54:16,2,4,4,27.9,28,33.8,18.8,0,16
2026-09-04 01:59:16,3,5,5,27.8,28.1,33.5,19.3,0,16
2026-09-04 02:04:16,2,6,6,27.8,28.4,33.5,19.4,0,19
2026-09-04 02:09:16,2,4,4,27.8,28.4,33.5,19.6,0,19
2026-09-04 02:14:16,2,4,5,27.7,28.3,33.4,19.6,0,16
2026-09-04 02:19:15,2,7,7,27.7,28.4,33.5,19.4,0,19
2026-09-04 02:24:16,2,6,6,27.7,28.2,33.5,19.4,0,16
2026-09-04 02:29:16,1,4,5,27.6,28.5,33.3,19.8,0,16
2026-09-04 02:34:16,3,5,5,27.6,28.5,33.4,19.6,0,19
2026-09-04 02:39:17,3,7,7,27.6,28.5,33.3,19.7,0,16
2026-09-04 02:44:16,3,6,7,27.7,28.5,33.6,19.3,0,19
2026-09-04 02:49:15,4,6,7,27.5,28.2,33.2,19.5,0,16
2026-09-04 02:54:16,2,4,4,27.5,28.1,33.2,19.5,0,16
2026-09-04 02:59:16,1,4,4,27.6,28.3,33.4,19.1,0,16
2026-09-04 03:04:16,1,4,4,27.5,28.3,33.2,19.2,0,16
2026-09-04 03:09:16,2,5,5,27.5,27.9,33.3,19,0,19
2026-09-04 03:14:16,2,4,5,27.6,27.9,33.8,18.7,0,16
2026-09-04 03:19:16,3,4,4,27.6,27.9,33.4,19,0,16
2026-09-04 03:24:16,1,4,4,27.6,27.7,33.4,18.9,0,16
2026-09-04 03:29:20,2,4,4,27.5,27.9,33.2,19.1,0,16
2026-09-04 03:34:16,3,5,5,27.5,28.1,33.3,19.2,0,16
2026-09-04 03:39:16,1,3,4,27.5,28.2,33.2,19.3,0,19
2026-09-04 03:44:16,1,4,4,27.4,28.1,33,19.4,0,16
2026-09-04 03:49:16,3,5,5,27.3,28.4,32.9,19.6,0,19
2026-09-04 03:54:16,2,6,6,27.4,28.6,33.1,19.6,0,19
2026-09-04 04:00:03,3,8,8,27.3,28.2,32.9,19.6,0,16
2026-09-04 04:04:16,3,5,6,27.3,28.6,32.9,19.7,0,15
2026-09-04 04:09:19,3,6,6,27.2,28.5,32.8,19.7,0,13
2026-09-04 04:14:16,4,8,8,27.2,28.4,32.8,19.6,0,17
2026-09-04 04:19:16,4,7,7,27.3,28.8,33,19.5,0,17
2026-09-04 04:24:16,2,7,10,27.3,28.6,33,19.5,0,17
2026-09-04 04:29:16,5,9,11,27.3,28.6,33.1,19.4,0,17
2026-09-04 04:34:16,4,9,9,27.4,28.3,33.1,19.3,0,17
2026-09-04 04:39:16,3,7,8,27.3,28.3,33,19.4,0,17
2026-09-04 04:44:16,2,7,9,27.2,28.3,32.9,19.4,0,17
2026-09-04 04:49:16,4,8,9,27.2,28.2,32.9,19.3,0,17
2026-09-04 04:54:16,3,10,10,27.1,28.7,32.7,19.5,0,17
2026-09-04 04:59:16,4,7,7,27,28.5,32.5,19.9,0,17
2026-09-04 05:04:16,4,7,8,27,28.6,32.5,19.9,0,17
2026-09-04 05:09:16,3,7,8,26.9,28.6,32.5,19.9,0,17
2026-09-04 05:14:16,4,8,13,26.9,28.6,32.5,19.9,0,17
2026-09-04 05:19:16,6,11,11,26.9,28.8,32.5,19.9,0,17
2026-09-04 05:24:16,4,10,11,26.9,28.9,32.6,19.9,0,17
2026-09-04 05:29:16,4,8,10,26.9,28.8,32.5,20,0,17
2026-09-04 05:34:16,5,11,11,26.9,29,32.7,19.9,0,17
2026-09-04 05:39:16,7,11,13,26.9,28.7,32.6,19.9,0,17
2026-09-04 05:44:16,5,12,12,26.9,28.9,32.5,19.9,0,17
2026-09-04 05:49:16,5,11,11,26.8,28.7,32.4,19.9,0,17
2026-09-04 05:54:17,4,10,11,26.8,28.6,32.5,19.7,0,17
2026-09-04 05:59:16,5,8,8,26.8,28.8,32.3,20,0,17
2026-09-04 06:04:16,4,9,11,26.8,28.9,32.4,19.9,0,18
2026-09-04 06:09:16,6,11,11,26.8,28.7,32.3,19.9,0,18
2026-09-04 06:14:17,5,11,12,26.8,29,32.4,19.9,0,18
2026-09-04 06:19:16,7,16,16,26.8,28.7,32.4,19.8,0,18
2026-09-04 06:24:16,4,10,14,26.7,28.6,32.2,20,0,18
2026-09-04 06:29:17,5,11,15,26.7,29,32.2,20.1,0,18
2026-09-04 06:34:17,5,11,11,26.6,29,32.2,20,0,18
2026-09-04 06:39:16,7,17,17,26.6,29,32.1,20,0,16
2026-09-04 06:44:17,6,12,12,26.5,29,31.9,20,0,18
2026-09-04 06:49:17,4,11,12,26.5,28.9,31.9,20.2,0,18
2026-09-04 06:54:16,6,11,11,26.5,29,32.1,20,0,18
2026-09-04 06:59:17,7,14,15,26.5,28.6,32,20,0,18
2026-09-04 07:04:17,6,14,15,26.5,29,32,20.1,0,18
2026-09-04 07:09:16,6,16,17,26.5,28.8,32,20.1,0,18
2026-09-04 07:14:17,4,13,14,26.4,28.8,31.8,20.2,0,18
2026-09-04 07:19:16,7,12,12,26.4,29.1,31.8,20.1,0,21
2026-09-04 07:24:16,7,18,19,26.4,29.1,31.7,20.3,0,18
2026-09-04 07:29:17,7,17,17,26.3,28.9,31.7,20.4,0,18
2026-09-04 07:34:18,6,13,17,26.4,29.1,31.7,20.2,0,18
2026-09-04 07:39:17,9,19,20,26.4,29,31.7,20.2,0,16
2026-09-04 07:44:16,6,17,18,26.4,29,31.7,20.4,0,18
2026-09-04 07:49:16,5,12,13,26.4,29.1,31.8,20.3,0,18
2026-09-04 07:54:17,5,12,12,26.4,29.3,31.9,20.4,0,16
2026-09-04 07:59:16,6,14,15,26.5,29.2,31.9,20.3,0,18
2026-09-04 08:04:17,7,19,19,26.5,29.1,32,20.2,0,16
2026-09-04 08:09:16,7,15,17,26.5,29,31.9,20.1,0,18
2026-09-04 08:14:17,5,15,16,26.5,29,31.8,20.4,0,21
2026-09-04 08:19:16,6,16,18,26.5,29.3,31.9,20.5,0,21
2026-09-04 08:24:16,7,11,13,26.6,29.2,32.1,20.3,0,18
2026-09-04 08:29:17,5,17,17,26.6,29.1,32.1,20.4,0,21
2026-09-04 08:34:16,18,29,31,26.6,29,32.1,20.4,0,18
2026-09-04 08:39:17,15,24,26,26.6,29.1,32.1,20.3,0,18
2026-09-04 08:44:16,8,18,18,26.7,28.9,32.2,20.1,0,21
2026-09-04 08:49:17,4,10,10,26.8,29.1,32.3,20.3,0,18
2026-09-04 08:54:16,5,12,12,26.9,29.1,32.5,20,0,18
2026-09-04 08:59:17,3,8,8,26.9,29.1,32.5,20.1,0,21
2026-09-04 09:04:16,3,8,8,27,28.7,32.4,20.1,0,18
2026-09-04 09:09:16,5,8,8,27,28.8,32.4,20.2,0,18
2026-09-04 09:14:17,4,11,12,27.1,28.7,32.6,20.1,0,18
2026-09-04 09:19:17,14,29,29,27.3,28.8,33,19.8,0,18
2026-09-04 09:24:17,6,14,17,27.3,28.7,33,19.8,0,18
2026-09-04 09:29:16,3,8,8,27.4,28.6,33.3,19.8,0,18
2026-09-04 09:34:17,8,19,20,26.8,28.9,30.4,21.8,0,18
2026-09-04 09:39:16,9,23,23,24.5,30.8,25.3,27.3,0,21
2026-09-04 09:44:16,9,22,23,22.3,33,22.3,31.5,0,21
2026-09-04 09:49:17,9,25,25,20.8,35.5,20.5,34.6,0,18
2026-09-04 09:54:17,9,25,26,19.7,37.2,19.5,36.4,0,21
2026-09-04 09:59:18,13,25,26,19,38.6,18.9,37.9,0,18
2026-09-04 10:04:17,10,25,27,18.5,39.5,18.5,38.9,0,18
2026-09-04 10:09:17,10,22,24,18.2,40.7,18.3,39.7,0,18
2026-09-04 10:14:17,10,24,25,18,41.3,18.1,40.1,0,18
2026-09-04 10:19:16,12,28,28,17.9,41.8,18.1,40.5,0,19
2026-09-04 10:24:17,13,26,27,17.8,42.4,18.1,40.8,0,21
2026-09-04 10:29:17,12,25,25,17.7,42.5,18.1,40.9,0,18
2026-09-04 10:34:17,10,28,28,17.8,42.9,18.1,41.1,0,17
2026-09-04 10:39:17,14,29,29,17.8,43.2,18.2,41.4,0,21
2026-09-04 10:44:17,13,28,30,17.9,42.9,18.3,41,0,18
2026-09-04 10:49:17,12,25,28,18,43.1,18.4,41,0,18
2026-09-04 10:54:17,21,31,31,18,43,18.6,40.9,0,18
2026-09-04 10:59:17,16,29,30,18.1,42.8,18.7,40.7,0,18
2026-09-04 11:04:17,14,28,29,18.2,43,18.8,40.8,0,18
2026-09-04 11:09:17,19,32,34,18.3,42.8,18.9,40.4,0,18
2026-09-04 11:14:17,23,33,37,18.4,43,19,40.8,0,18
2026-09-04 11:19:19,24,36,39,18.5,43,19.2,40.7,0,17
2026-09-04 11:24:17,22,33,37,18.6,42.9,19.4,40.4,0,18
2026-09-04 11:29:17,20,32,34,18.8,42.7,19.5,40,0,18
2026-09-04 11:34:17,20,33,34,18.9,42.5,19.7,39.8,0,18
2026-09-04 11:39:17,22,34,38,19,42.2,19.9,39.4,0,21
2026-09-04 11:44:17,24,35,39,19.2,41.8,20.1,39.4,0,18
2026-09-04 11:49:17,25,39,45,19.3,42.1,20.2,39.1,0,21
2026-09-04 11:54:17,25,38,42,19.4,41.9,20.4,39,0,17
2026-09-04 11:59:16,30,44,52,19.5,41.5,20.6,38.7,0,18
2026-09-04 12:04:17,25,41,48,19.7,41.2,20.7,38.2,0,18
2026-09-04 12:09:17,24,37,42,19.8,41,20.9,37.9,0,18
2026-09-04 12:14:17,24,38,45,19.9,40.9,21,37.9,0,21
2026-09-04 12:19:17,24,38,44,20,40.6,21.2,37.2,0,18
2026-09-04 12:24:17,28,43,50,20.1,40.5,21.4,37.3,0,18
2026-09-04 12:29:17,25,38,44,20.3,40.2,21.5,36.8,0,21
2026-09-04 12:34:17,25,38,43,20.4,40.1,21.6,36.7,0,18
2026-09-04 12:39:17,26,41,49,20.5,39.7,21.8,36.2,0,18
2026-09-04 12:44:17,25,38,44,20.6,39.5,21.9,36.1,0,18
2026-09-04 12:49:17,25,40,47,20.7,39.3,22,35.8,0,21
2026-09-04 12:54:17,25,37,42,20.7,39.3,22.1,35.9,0,18
2026-09-04 12:59:17,27,43,50,20.8,39.2,22.2,35.3,0,18
2026-09-04 13:04:18,26,39,47,20.9,39.1,22.3,35.7,0,18
2026-09-04 13:09:17,27,43,50,20.9,38.7,22.4,34.9,0,18
2026-09-04 13:14:17,24,36,42,21,38.9,22.5,35.4,0,19
2026-09-04 13:19:17,25,37,42,21.1,38.4,22.6,34.8,0,19
2026-09-04 13:24:17,25,40,47,21.1,38.4,22.6,34.7,0,19
2026-09-04 13:29:17,25,40,47,21.3,38,22.7,33.8,0,19
2026-09-04 13:34:17,29,42,49,21.3,38.1,22.8,34.3,0,19
2026-09-04 13:39:17,28,42,49,21.3,38.4,22.9,34.7,0,13
2026-09-04 13:44:17,27,41,49,21.4,37.8,22.9,34.1,0,21
2026-09-04 13:49:17,27,42,50,21.4,37.7,23,33.4,0,16
2026-09-04 13:54:17,27,43,51,21.5,37.3,23,33.1,0,18
2026-09-04 13:59:17,29,44,54,21.5,37.6,23,33.5,0,21
2026-09-04 14:04:17,26,42,50,21.5,37.6,23.1,33.6,0,18
2026-09-04 14:09:17,26,41,48,21.6,37.4,23.1,33.3,0,18
2026-09-04 14:14:17,23,37,43,21.6,36.7,23.1,32.2,0,18
2026-09-04 14:19:18,24,38,46,21.7,36.5,23.2,32,0,18
2026-09-04 14:24:18,25,39,46,21.7,36.6,23.2,32.4,0,18
2026-09-04 14:29:17,24,39,46,21.7,35.8,23.2,31,0,18
2026-09-04 14:34:17,24,36,41,21.7,35.6,23.2,31.4,0,18
2026-09-04 14:39:17,20,34,37,21.7,35.6,23.2,31.3,0,18
2026-09-04 14:44:18,23,35,39,21.8,35.6,23.2,31.6,0,21
2026-09-04 14:49:17,22,34,37,21.7,34.6,23.2,30.1,0,18
2026-09-04 14:54:17,14,26,27,21.7,33.9,23.2,29.3,0,18
2026-09-04 14:59:17,15,27,28,21.7,34.1,23.2,29.8,0,21
2026-09-04 15:04:17,14,27,28,21.7,34.3,23.2,30.3,0,18
2026-09-04 15:09:19,11,20,22,21.7,34.4,23.2,30.2,0,21
2026-09-04 15:14:17,9,23,23,21.7,34.6,23.2,30.6,0,21
2026-09-04 15:19:17,12,22,24,21.7,34.3,23.2,30.2,0,18
2026-09-04 15:24:18,8,20,20,21.7,33.9,23.2,29.9,0,17
2026-09-04 15:29:17,8,20,22,21.7,33.5,23.2,29.2,0,21
2026-09-04 15:34:18,8,18,18,21.7,33.5,23.2,29.4,0,18
2026-09-04 15:39:17,7,18,18,21.7,33.4,23.2,29.2,0,18
2026-09-04 15:44:17,6,15,15,21.7,33.7,23.2,29.7,0,18
2026-09-04 15:49:17,6,16,16,21.7,33.6,23.1,29.4,0,18
2026-09-04 15:54:18,7,14,15,21.6,33.1,23.1,29.1,0,21
2026-09-04 15:59:17,7,16,16,21.6,33.5,23.1,29.1,0,21
2026-09-04 16:04:18,6,15,16,21.6,33,23,29,0,18
2026-09-04 16:09:18,5,9,11,21.5,33.1,23,29,0,18
2026-09-04 16:14:17,5,11,11,21.5,32.2,23,27.9,0,18
2026-09-04 16:19:17,8,22,23,21.5,32.7,23,28.8,0,18
2026-09-04 16:24:17,5,11,12,21.4,32.5,22.9,28.3,0,21
2026-09-04 16:29:17,6,11,13,21.4,32.1,22.9,27.9,0,18
2026-09-04 16:34:18,5,9,11,21.4,32,22.8,27.8,0,21
2026-09-04 16:39:18,4,9,9,21.3,32,22.8,27.8,0,18
2026-09-04 16:44:18,4,8,8,21.3,32.1,22.7,28,0,18
2026-09-04 16:49:18,3,7,7,21.2,31.8,22.7,27.7,0,18
2026-09-04 16:54:19,4,8,9,21.2,32.2,22.6,28,0,18
2026-09-04 16:59:18,4,7,7,21.1,31.7,22.5,27.8,0,18
2026-09-04 17:04:18,4,8,8,21.1,31.7,22.5,27.6,0,14
2026-09-04 17:09:18,3,6,6,21.1,31.9,22.4,28.1,0,21
2026-09-04 17:14:18,4,6,6,21,32.2,22.3,28.4,0,18
2026-09-04 17:19:18,1,8,8,21,31.8,22.3,27.7,0,18
2026-09-04 17:24:18,3,5,5,20.9,31.6,22.2,27.6,0,18
2026-09-04 17:29:18,3,5,6,20.9,31.6,22.1,27.6,0,15
2026-09-04 17:34:18,3,6,6,20.8,31.7,22.1,27.6,0,18
2026-09-04 17:39:21,2,5,5,20.8,31.5,22,27.5,0,14
2026-09-04 17:44:17,1,6,6,20.7,31.6,22,27.7,0,18
2026-09-04 17:49:18,2,4,4,20.7,31.4,21.9,27.4,0,18
2026-09-04 17:54:18,2,4,4,20.6,31.2,21.8,27,0,18
2026-09-04 17:59:18,20,37,42,20.5,31.1,21.8,27.1,0,18
2026-09-04 18:04:18,1,4,5,20.5,31.1,,,0,18
2026-09-04 18:09:18,1,2,4,20.4,30.7,,,0,18
2026-09-04 18:14:17,1,2,3,20.3,30.9,,,0,15
2026-09-04 18:19:18,0,2,2,20.2,30.5,,,0,18
2026-09-04 18:24:18,0,1,2,20.1,30.6,,,0,16
2026-09-04 18:29:18,0,2,2,20,30.3,,,0,19
2026-09-04 18:34:18,0,2,2,19.9,30.4,,,0,18
2026-09-04 18:39:18,0,3,3,19.8,30.3,,,0,17
2026-09-04 18:44:18,0,2,2,19.7,30.6,,,0,18
2026-09-04 18:49:18,0,2,2,19.6,30.5,,,0,21
2026-09-04 18:54:24,0,1,2,19.5,30.6,,,0,14
2026-09-04 18:59:18,1,4,4,19.3,31,,,0,21
2026-09-04 19:04:18,0,1,1,19.3,30.9,,,0,19
2026-09-04 19:09:18,0,1,1,19.2,31.2,,,0,21
2026-09-04 19:14:21,0,3,3,19.1,31,,,0,14
2026-09-04 19:19:18,0,2,2,19,31.4,,,0,18
2026-09-04 19:24:18,0,1,1,18.9,31.6,,,0,21
2026-09-04 19:29:18,0,3,3,18.8,31.7,,,0,18
2026-09-04 19:34:18,1,2,2,18.7,32,,,0,18
2026-09-04 19:39:19,0,1,2,18.6,32.3,,,0,18
2026-09-04 19:44:18,0,1,1,18.5,32,,,0,18
2026-09-04 19:49:18,0,1,1,18.4,32.5,,,0,18
2026-09-04 19:54:18,0,1,1,18.3,32.2,,,0,18
2026-09-04 19:59:18,0,1,1,18.2,32.2,,,0,18
2026-09-04 20:04:18,0,4,4,18.1,32.1,,,0,21
2026-09-04 20:09:18,3,7,7,18,32.3,,,0,18
2026-09-04 20:14:18,5,6,6,18,32.4,18.4,29.1,0,18
2026-09-04 20:19:18,3,7,8,17.8,32,18.3,28.5,0,18
2026-09-04 20:24:18,3,5,5,17.8,31.9,18.2,28.3,0,18
2026-09-04 20:29:19,1,3,3,17.8,32.1,18.1,28.6,0,18
2026-09-04 20:34:18,0,1,2,17.7,32.1,18,28.6,0,18
2026-09-04 20:39:18,1,3,3,17.6,32,18,28.4,0,18
2026-09-04 20:44:18,0,3,3,17.6,32.2,17.9,28.8,0,18
2026-09-04 20:49:18,0,4,4,17.5,32.3,17.8,29.2,0,18
2026-09-04 20:54:18,0,3,3,17.5,32.2,17.7,29,0,18
2026-09-04 20:59:18,0,5,5,17.4,32.3,17.7,29.2,0,21
2026-09-04 21:04:18,0,2,2,19.8,32.6,25.6,22.6,0,18
2026-09-04 21:09:18,0,3,4,20.4,29.9,23.8,22.3,0,21
2026-09-04 21:14:18,0,3,3,19.8,29.6,21.3,24.4,0,18
2026-09-04 21:19:19,0,3,3,19.2,30.3,19.8,26.1,0,18
2026-09-04 21:24:18,0,4,4,18.7,30.7,19,27.1,0,18
2026-09-04 21:29:18,0,2,2,21,31,27.3,21.4,0,18
2026-09-04 21:34:18,0,1,1,23.5,28.3,31,17.6,0,18
2026-09-04 21:39:19,0,0,2,25.3,26.1,32.4,15.9,0,18
2026-09-04 21:44:18,0,1,1,26.2,24.6,32.6,15.2,0,18
2026-09-04 21:49:19,0,3,4,24.9,24.4,27.4,18.2,0,18
2026-09-04 21:54:18,0,0,0,22.8,25.9,23.6,21.6,0,21
2026-09-04 21:59:18,0,3,3,21.7,27.7,23,23.5,0,17
2026-09-04 22:04:18,0,1,2,23.9,27.2,30.2,17.8,0,21
2026-09-04 22:09:18,0,1,3,25.5,25.4,32.3,15.6,0,18
2026-09-04 22:14:19,0,2,2,26.5,24.8,33.2,15.3,0,17
2026-09-04 22:19:18,0,2,3,27,24.1,33.4,14.9,0,18
2026-09-04 22:24:19,1,1,2,27.4,23.7,33.5,14.5,0,21
2026-09-04 22:29:19,0,1,1,27.6,23.2,33.5,14.4,0,18
2026-09-04 22:34:19,0,2,2,27.4,23.4,32.3,15.2,0,18
2026-09-04 22:39:19,0,1,2,27.4,23.1,33,14.7,0,18
2026-09-04 22:44:19,0,1,1,27.6,23.1,33.3,14.7,0,18
2026-09-04 22:49:19,0,2,2,27.8,23,33.6,14.5,0,18
2026-09-04 22:54:19,0,0,0,27.9,23,33.7,14.5,0,16
2026-09-04 22:59:18,0,1,1,27.9,22.7,33.7,14.3,0,18
2026-09-04 23:04:19,0,1,1,28,22.8,33.8,14.4,0,18
2026-09-04 23:09:19,0,1,1,28,22.9,33.7,14.3,0,18
2026-09-04 23:14:19,0,0,0,28,22.7,33.7,14.3,0,18
2026-09-04 23:19:19,0,2,3,28,22.9,33.7,14.3,0,18
2026-09-04 23:24:19,0,2,2,28,22.7,33.8,14.3,0,18
2026-09-04 23:29:19,0,0,0,28,22.9,33.7,14.2,0,18
2026-09-04 23:34:19,0,2,2,27.9,22.7,33.6,14.3,0,17
2026-09-04 23:39:18,0,1,2,27.9,22.4,33.5,13.9,0,18
2026-09-04 23:44:19,0,0,1,27.9,22.2,33.7,13.7,0,18
2026-09-04 23:49:19,0,0,0,27.9,22.6,33.7,14.2,0,18
2026-09-04 23:54:19,0,0,0,27.9,22.7,33.7,14.1,0,18
2026-09-04 23:59:18,0,1,2,27.9,22.5,33.9,14,0,18
2026-09-05 00:04:27,0,0,0,28,22.6,33.8,14.1,0,14
2026-09-05 00:09:18,0,3,3,28,22.4,33.8,14.1,0,18
2026-09-05 00:14:19,0,2,2,28,22.7,33.9,14.1,0,15
2026-09-05 00:19:19,0,3,3,28,22.7,33.7,14.3,0,17
2026-09-05 00:24:19,0,3,3,27.9,22.8,33.7,14.2,0,18
2026-09-05 00:29:22,0,2,2,27.9,22.9,34,14.1,0,13
2026-09-05 00:34:19,0,3,3,27.9,22.7,33.6,14.3,0,17
2026-09-05 00:39:21,0,2,2,27.9,22.9,33.6,14.4,0,14
2026-09-05 00:44:19,0,3,3,27.8,22.7,33.6,14.4,0,13
2026-09-05 00:49:19,1,2,3,27.8,22.7,33.6,14.3,0,13
2026-09-05 00:54:19,0,3,3,27.8,22.8,33.7,14.3,0,21
2026-09-05 00:59:19,0,3,3,27.9,22.7,33.9,14.2,0,17
2026-09-05 01:04:19,1,4,5,27.9,23,33.8,14.4,0,18
2026-09-05 01:09:21,2,5,5,27.8,22.9,33.6,14.5,0,14
2026-09-05 01:14:25,1,2,2,27.8,23.1,33.5,14.6,0,14
2026-09-05 01:19:19,2,3,4,27.7,23.2,33.3,14.7,0,18
2026-09-05 01:24:19,0,4,4,27.7,23,33.6,14.3,0,16
2026-09-05 01:29:19,1,4,4,27.7,23,33.4,14.7,0,17
2026-09-05 01:34:19,1,4,4,27.6,23.2,33.3,14.8,0,18
2026-09-05 01:39:19,1,3,3,27.6,23.2,,,,18
2026-09-05 01:44:22,1,3,3,27.7,23.3,33.5,14.6,0,14
2026-09-05 01:49:19,0,2,2,27.6,23,33.3,14.5,0,18
2026-09-05 01:54:19,1,3,3,27.6,23.1,33.3,14.7,0,18
2026-09-05 01:59:19,1,5,5,27.5,23.1,33,14.7,0,18
2026-09-05 02:04:18,2,5,5,27.5,23.1,,,,16
2026-09-05 02:09:19,1,4,4,27.4,23.2,33,14.9,0,16
2026-09-05 02:14:22,0,1,1,27.3,23.3,32.9,14.9,0,18
2026-09-05 02:19:19,0,2,2,27.3,23.3,32.9,14.9,0,16
2026-09-05 02:24:19,1,4,4,27.3,23.4,32.9,15.1,0,18
2026-09-05 02:29:25,1,3,4,27.3,23.6,33.1,14.8,0,13
2026-09-05 02:34:19,1,2,3,27.3,23.3,32.9,14.8,0,16
2026-09-05 02:39:19,1,3,4,27.3,23.5,33,14.8,0,18
2026-09-05 02:44:22,1,3,4,27.3,23.6,33,14.8,0,13
2026-09-05 02:49:19,1,3,3,27.3,23.5,33,14.9,0,16
2026-09-05 02:54:22,1,4,4,27.3,23.6,32.9,14.9,0,13
2026-09-05 02:59:19,0,4,4,27.1,23.3,32.6,15.1,0,16
2026-09-05 03:04:19,2,3,4,27.2,23.4,33,14.7,0,16
2026-09-05 03:09:19,0,2,2,27.1,23.6,32.6,15.2,0,15
2026-09-05 03:14:22,0,4,4,27.1,23.9,32.8,15.1,0,13
2026-09-05 03:19:19,0,3,3,27.2,23.5,33,14.9,0,18
2026-09-05 03:24:19,1,3,3,27.1,23.3,32.7,15,0,18
2026-09-05 03:29:19,0,4,4,27.1,23.8,32.7,15.2,0,18
2026-09-05 03:34:19,0,3,3,27.1,23.6,32.8,15.1,0,15
2026-09-05 03:39:19,1,4,4,27.1,23.6,32.7,15.1,0,16
2026-09-05 03:44:19,0,1,1,27,23.7,32.6,15.1,0,16
2026-09-05 03:49:22,1,4,4,27,23.4,32.6,15,0,13
2026-09-05 03:54:19,0,5,5,27,23.4,32.6,14.9,0,16
2026-09-05 03:59:19,0,3,3,26.9,23.3,32.5,14.8,0,16
2026-09-05 04:04:19,0,2,2,26.9,23.4,32.5,14.9,0,13
2026-09-05 04:09:19,0,3,3,26.9,23.4,32.4,14.9,0,16
2026-09-05 04:14:19,1,3,3,26.9,23.4,32.7,14.8,0,18
2026-09-05 04:19:26,0,4,4,26.9,23.3,32.5,14.8,0,14
2026-09-05 04:24:19,0,2,2,26.9,23,,,,17
2026-09-05 04:29:22,0,3,3,26.8,23.2,32.3,15,0,13
2026-09-05 04:34:25,1,4,4,26.9,23.3,32.5,14.8,0,13
2026-09-05 04:39:19,1,1,1,26.9,23.4,32.3,14.9,0,16
2026-09-05 04:44:19,0,3,3,27,23,32.7,14.4,0,17
2026-09-05 04:49:19,0,2,2,26.9,23,32.4,14.7,0,16
2026-09-05 04:54:19,0,1,1,26.9,23.2,32.3,14.9,0,15
2026-09-05 04:59:19,0,1,2,26.9,23.2,32.4,14.7,0,15
2026-09-05 05:04:19,0,1,1,26.8,23.2,32.3,14.9,0,18
2026-09-05 05:09:19,0,1,1,26.8,23.3,32.3,14.9,0,16
2026-09-05 05:14:20,0,2,2,26.7,23,32.2,14.6,0,16
2026-09-05 05:19:19,0,2,2,26.6,22.9,32,14.8,0,13
2026-09-05 05:24:22,0,2,2,26.7,23.3,32.3,14.8,0,16
2026-09-05 05:29:19,0,2,3,26.7,23.4,32.3,14.8,0,16
2026-09-05 05:34:19,0,2,2,26.6,23.2,32.1,14.7,0,16
2026-09-05 05:39:19,0,2,2,26.6,23.4,32.2,14.8,0,18
2026-09-05 05:44:19,0,2,2,26.6,23.3,32.3,14.7,0,18
2026-09-05 05:49:19,0,2,2,26.6,23.5,32,15,0,15
2026-09-05 05:54:19,0,1,1,26.5,23.5,31.9,15,0,18
2026-09-05 05:59:22,0,0,1,26.5,23.3,31.9,14.9,0,12
2026-09-05 06:04:19,0,1,2,26.5,23.1,32,14.8,0,15
2026-09-05 06:09:20,0,2,2,26.6,23.2,32.2,14.6,0,15
2026-09-05 06:14:19,0,0,2,26.5,23.3,31.9,14.7,0,15
2026-09-05 06:19:19,1,2,2,26.5,23.3,31.8,14.9,0,15
2026-09-05 06:24:19,0,2,2,26.4,23.3,31.8,15.1,0,15
2026-09-05 06:29:20,0,2,2,26.4,23.3,31.8,15,0,15
2026-09-05 06:34:20,0,1,1,26.4,23.3,31.8,15,0,15
2026-09-05 06:39:20,0,1,1,26.4,23.5,32,14.8,0,15
2026-09-05 06:44:19,1,3,3,26.4,23.2,31.9,14.8,0,15
2026-09-05 06:49:20,1,2,2,26.5,23.5,32,14.8,0,15
2026-09-05 06:54:20,0,2,2,26.4,22.9,31.9,14.4,0,15
2026-09-05 06:59:19,0,3,3,26.4,23.2,31.6,14.9,0,15
2026-09-05 07:04:20,1,1,1,26.3,23.1,31.6,14.9,0,15
2026-09-05 07:09:20,1,2,2,26.3,23.1,31.6,14.7,0,18
2026-09-05 07:14:20,0,2,2,26.3,23.3,31.6,15,0,18
2026-09-05 07:19:20,0,1,1,26.3,23.2,,,,18
2026-09-05 07:24:20,0,3,3,26.3,23.4,31.7,15,0,18
2026-09-05 07:29:19,0,1,1,26.3,23.2,31.6,15.1,0,18
2026-09-05 07:34:20,0,1,2,26.3,23.6,31.9,15,0,18
2026-09-05 07:39:20,0,1,1,26.3,23.4,31.8,14.9,0,18
2026-09-05 07:44:20,0,0,1,26.3,23.5,31.8,14.9,0,18
2026-09-05 07:49:20,0,1,1,26.4,23.5,31.9,14.9,0,18
2026-09-05 07:54:20,0,1,1,26.3,23.4,31.6,15,0,18
2026-09-05 07:59:19,1,6,6,26.2,23.5,31.6,15.1,0,18
2026-09-05 08:04:20,0,0,0,26.2,23.3,31.5,15.1,0,18
2026-09-05 08:09:20,0,1,1,26.2,23.4,31.5,15,0,18
2026-09-05 08:14:21,0,3,4,26.3,23.3,31.6,14.9,0,18
2026-09-05 08:19:19,6,15,17,26.3,23.4,31.5,15,0,18
2026-09-05 08:24:20,3,6,6,26.3,23.2,31.4,15.3,0,18
2026-09-05 08:29:20,1,3,3,26.3,23.2,31.6,15.1,0,17
2026-09-05 08:34:20,0,1,1,26.4,23.4,31.8,15,0,21
2026-09-05 08:39:20,0,1,1,26.5,23.2,31.8,15,0,18
2026-09-05 08:44:20,0,0,0,26.5,23.1,31.9,15,0,18
2026-09-05 08:49:20,0,2,3,26.6,22.9,32.1,14.6,0,18
2026-09-05 08:54:20,0,1,1,26.7,22.7,,,,21
2026-09-05 08:59:20,0,2,3,26.8,22.7,,,,18
2026-09-05 09:04:20,0,1,3,26.9,22.8,32.3,14.7,0,18
2026-09-05 09:09:20,0,0,0,26.9,23,32.3,14.6,0,18
2026-09-05 09:14:20,0,0,0,27,22.2,32.5,13.9,0,18
2026-09-05 09:19:21,0,0,1,27,21.8,32.6,13.7,0,18
2026-09-05 09:24:20,0,0,0,27.1,21.8,32.8,13.3,0,18
2026-09-05 09:29:20,0,0,0,27.2,21.6,32.8,13.4,0,18
2026-09-05 09:34:20,0,0,0,27.4,21,33.1,12.7,0,21
2026-09-05 09:39:20,0,0,0,25.9,21.2,28.2,15.3,0,18
2026-09-05 09:44:21,0,0,0,23.6,22.7,24,18.8,0,18
2026-09-05 09:49:20,0,3,3,21.8,24.8,21.6,21.8,0,18
2026-09-05 09:54:20,0,1,2,20.5,26.2,20.3,23.7,0,21
2026-09-05 09:59:20,0,1,2,19.6,27.2,19.5,24.5,0,18
2026-09-05 10:04:20,14,25,26,19,27.7,19.1,25.1,0,18
2026-09-05 10:09:20,0,2,2,18.7,28.3,18.9,25.7,0,18
2026-09-05 10:14:20,0,2,4,18.5,28.6,18.7,25.9,0,18
2026-09-05 10:19:21,1,1,1,18.3,29.9,18.7,26.9,0,18
2026-09-05 10:24:20,1,3,3,18.3,30.5,18.7,27.4,0,18
2026-09-05 10:29:20,0,4,4,18.3,30.3,18.7,27,0,21
2026-09-05 10:34:20,0,4,5,18.3,30.3,18.8,27,0,18
2026-09-05 10:39:20,1,4,4,18.4,30.4,18.9,27.3,0,18
2026-09-05 10:44:20,5,12,14,18.5,31.2,19.1,28.1,0,18
2026-09-05 10:49:20,3,7,7,18.5,31.4,19.2,28.3,0,21
2026-09-05 10:54:20,4,8,8,18.7,31.4,19.4,28,0,19
2026-09-05 10:59:21,3,6,6,18.8,31.4,19.5,27.9,0,17
2026-09-05 11:04:20,2,6,6,18.9,31.2,19.7,27.6,0,18
2026-09-05 11:09:20,3,6,6,19,31.2,19.9,27.5,0,21
2026-09-05 11:14:20,2,6,6,19.1,31,20,27.3,0,19
2026-09-05 11:19:21,3,7,8,19.3,31,20.2,27,0,19
2026-09-05 11:24:20,4,6,6,19.3,30.6,20.4,26.7,0,21
2026-09-05 11:29:20,2,5,5,19.5,30.6,20.5,26.5,0,21
2026-09-05 11:34:20,1,5,5,19.6,30.6,20.7,26.3,0,18
2026-09-05 11:39:20,2,7,7,19.8,30.1,20.9,25.8,0,18
2026-09-05 11:44:21,2,6,7,19.9,30.2,21.1,25.9,0,18
2026-09-05 11:49:21,2,6,6,20,29.9,21.3,25.6,0,18
2026-09-05 11:54:20,1,4,4,20.2,29.6,21.4,25.2,0,18
2026-09-05 11:59:20,4,6,6,20.3,29.7,21.6,25.4,0,18
2026-09-05 12:04:21,2,5,5,20.4,29.6,21.7,25.3,0,21
2026-09-05 12:09:22,2,6,7,20.6,29.7,21.9,25.3,0,21
2026-09-05 12:14:20,3,5,5,20.7,29.3,22.1,24.7,0,18
2026-09-05 12:19:21,3,5,5,20.8,29.4,22.3,24.7,0,18
2026-09-05 12:24:21,3,8,9,20.9,29.1,22.4,24.5,0,17
2026-09-05 12:29:20,7,15,17,21,28.9,22.6,24.3,0,18
2026-09-05 12:34:22,4,11,11,21.2,28.8,22.7,24.3,0,18
2026-09-05 12:39:21,4,11,12,21.3,28.8,22.9,24.3,0,21
2026-09-05 12:44:21,5,9,11,21.4,28.8,23,24.2,0,18
2026-09-05 12:49:20,4,13,15,21.6,29,23.2,24,0,18
2026-09-05 12:54:21,7,13,14,21.7,28.8,23.4,24.2,0,18
2026-09-05 12:59:20,5,12,13,21.8,28.5,23.5,23.8,0,18
2026-09-05 13:04:21,6,13,15,21.9,28.4,23.6,23.1,0,18
2026-09-05 13:09:20,6,11,13,22,27.7,23.8,22.8,0,18
2026-09-05 13:14:20,6,15,16,22.1,27.1,23.9,22,0,21
2026-09-05 13:19:21,7,14,17,22.2,27.1,24,21.8,0,21
2026-09-05 13:24:20,7,20,20,22.3,26.8,24.1,21.7,0,19
2026-09-05 13:29:21,9,22,23,22.4,27,24.2,22.3,0,18
2026-09-05 13:34:21,15,28,30,22.5,26.6,24.3,21.6,0,21
2026-09-05 13:39:21,9,23,24,22.6,27.2,24.4,22.5,0,18
2026-09-05 13:44:20,13,28,28,22.6,26.8,24.5,21.6,0,18
2026-09-05 13:49:22,13,26,27,22.7,26.8,24.6,21.7,0,18
2026-09-05 13:54:21,11,25,26,22.7,26.8,24.6,22,0,18
2026-09-05 13:59:20,12,26,27,22.8,26.9,24.7,22,0,18
2026-09-05 14:04:21,11,26,27,22.8,27,24.7,21.9,0,18
2026-09-05 14:09:21,13,25,26,22.8,26.1,24.8,21.1,0,18
2026-09-05 14:14:21,10,25,25,22.9,26.5,24.8,21.6,0,18
2026-09-05 14:19:21,11,24,26,22.9,26.7,24.8,21.7,0,21
2026-09-05 14:24:21,15,27,27,23,26.5,24.9,21.7,0,18
2026-09-05 14:29:21,18,30,31,23,26.5,24.9,21.5,0,18
2026-09-05 14:34:20,14,28,28,23,26.2,25,21.1,0,21
2026-09-05 14:39:21,16,27,27,23,26.1,25,20.8,0,18
2026-09-05 14:44:21,12,27,27,23,26.5,25,21.3,0,18
2026-09-05 14:49:20,14,24,26,23,26.4,25,21.2,0,18
2026-09-05 14:54:22,13,25,25,23,26.6,25,21.8,0,18
2026-09-05 14:59:20,18,27,28,23,26.6,24.9,21.7,0,18
2026-09-05 15:04:21,14,26,26,23,27,24.9,22.1,0,21
2026-09-05 15:09:21,17,29,30,23,26.1,24.9,21.1,0,18
2026-09-05 15:14:21,18,29,29,23,26.9,24.9,21.9,0,18
2026-09-05 15:19:21,19,31,33,23,26.4,24.9,20.9,0,18
2026-09-05 15:24:22,19,30,34,23,26.5,24.9,21.3,0,18
2026-09-05 15:29:21,17,26,26,23,26.6,24.9,21.4,0,21
2026-09-05 15:34:21,16,27,27,23,26.8,24.9,21.7,0,21
2026-09-05 15:39:21,17,28,31,22.9,26.5,24.9,21.5,0,18
2026-09-05 15:44:21,14,26,28,22.9,26.6,24.8,21.3,0,18
2026-09-05 15:49:21,11,24,24,22.9,26.5,24.8,21.7,0,21
2026-09-05 15:54:21,14,23,24,22.9,26.4,24.8,21.3,0,18
2026-09-05 15:59:21,12,26,26,22.8,26.3,24.7,21.3,0,18
2026-09-05 16:04:21,12,24,26,22.8,26,24.6,20.8,0,17
2026-09-05 16:09:21,10,23,23,22.8,25.8,24.6,20.6,0,17
2026-09-05 16:14:22,9,22,22,22.7,25.9,24.6,20.8,0,17
2026-09-05 16:19:21,11,22,22,22.7,25.9,24.5,20.8,0,18
2026-09-05 16:24:21,11,23,24,22.6,25.8,24.5,20.5,0,18
2026-09-05 16:29:21,9,20,22,22.6,26.1,24.4,21.1,0,18
2026-09-05 16:34:21,9,22,22,22.6,25.9,24.4,20.8,0,18
2026-09-05 16:39:21,9,24,25,22.5,25.6,24.3,20.5,0,18
2026-09-05 16:44:21,7,20,22,22.5,25.9,24.3,21,0,21
2026-09-05 16:49:21,9,19,22,22.4,26.4,24.2,21.3,0,16
2026-09-05 16:54:21,8,22,24,22.4,26.1,24.1,21,0,18
2026-09-05 16:59:21,7,19,19,22.4,26,24.1,21.1,0,16
2026-09-05 17:04:21,11,23,24,22.3,25.8,24,20.6,0,18
2026-09-05 17:09:21,8,19,20,22.3,25.9,24,21.1,0,18
2026-09-05 17:14:21,8,19,19,22.2,26.1,23.9,20.9,0,18
2026-09-05 17:19:21,7,19,20,22.1,25.7,23.8,20.7,0,18
2026-09-05 17:24:21,9,19,19,22.1,25.4,23.8,20.2,0,21
2026-09-05 17:29:21,8,19,19,22,25.7,23.7,20.6,0,18
2026-09-05 17:34:22,8,20,22,22,25.8,23.6,20.8,0,18
2026-09-05 17:39:21,8,18,19,21.9,26,23.5,20.9,0,21
2026-09-05 17:44:21,8,20,20,21.9,26.3,23.5,21.4,0,18
2026-09-05 17:49:24,7,14,16,21.8,26.5,23.4,21.6,0,18
2026-09-05 17:54:21,7,17,17,21.8,26.3,23.3,21.5,0,18
2026-09-05 17:59:22,7,17,18,21.7,26.1,23.3,21.2,0,18
2026-09-05 18:04:21,8,20,22,21.7,26.3,23.2,21.1,0,18
2026-09-05 18:09:21,7,18,19,21.6,26.8,23.1,21.5,0,18
2026-09-05 18:14:21,8,19,20,21.5,26.2,23,21.5,0,18
2026-09-05 18:19:21,7,16,18,21.4,26.8,23,21.7,0,18
2026-09-05 18:24:21,7,17,19,21.3,26.4,22.9,21.7,0,18
2026-09-05 18:29:22,8,18,19,21.3,26.7,22.8,21.8,0,18
2026-09-05 18:34:21,7,15,16,21.2,26.8,22.6,22,0,18
2026-09-05 18:39:22,6,15,18,21.1,27.4,22.5,22.5,0,18
2026-09-05 18:44:22,7,16,19,21,27.3,22.4,22.8,0,18
2026-09-05 18:49:22,7,18,18,20.9,27.8,22.3,23.2,0,18
2026-09-05 18:54:22,7,15,16,20.8,28.1,22.1,23.6,0,18
2026-09-05 18:59:21,6,18,18,20.7,28.4,22,23.9,0,18
2026-09-05 19:04:21,8,19,23,20.6,28.9,21.9,24.4,0,18
2026-09-05 19:09:21,8,19,23,20.5,29.6,21.7,24.9,0,18
2026-09-05 19:14:22,8,19,19,20.4,29.7,21.6,25.3,0,18
2026-09-05 19:19:21,8,21,23,20.2,29.9,21.5,25.3,0,18
2026-09-05 19:24:22,7,17,18,20.1,29.9,21.3,25.6,0,18
2026-09-05 19:29:21,6,19,19,20,30.3,21.2,25.9,0,18
2026-09-05 19:34:22,7,20,20,19.9,30.2,21,25.9,0,18
2026-09-05 19:39:21,8,19,21,19.8,30.4,20.9,26.1,0,18
2026-09-05 19:44:22,9,23,23,19.7,30.7,20.8,26.5,0,18
2026-09-05 19:49:22,8,23,24,19.6,30.9,20.7,26.8,0,18
2026-09-05 19:54:21,15,27,28,19.5,31.1,20.6,26.9,0,18
2026-09-05 19:59:22,23,34,40,19.5,31.2,20.5,27.1,0,18
2026-09-05 20:04:21,22,34,38,19.3,31.7,20.3,27.6,0,18
2026-09-05 20:09:21,23,35,39,19.3,32.1,20.2,28.2,0,18
2026-09-05 20:14:22,23,32,37,19.1,32.3,20.1,28.4,0,18
2026-09-05 20:19:22,16,27,28,19.1,32.2,20,28.3,0,18
2026-09-05 20:24:22,16,30,31,18.9,32.4,19.8,28.5,0,18
2026-09-05 20:29:22,15,28,29,18.9,32.6,19.7,28.8,0,18
2026-09-05 20:34:22,19,30,31,18.7,32.6,19.6,29.1,0,18
2026-09-05 20:39:21,19,31,32,18.6,32.9,19.5,29.2,0,18
2026-09-05 20:44:23,17,31,32,18.6,33,19.4,29.2,0,19
2026-09-05 20:49:22,11,28,29,18.5,33.1,19.3,29.4,0,18
2026-09-05 20:54:22,9,26,27,18.4,33.2,19.1,29.8,0,18
2026-09-05 20:59:22,19,32,32,18.3,33.4,19,29.9,0,19
2026-09-05 21:04:22,21,35,37,18.2,33.3,19,29.8,0,19
2026-09-05 21:09:21,12,27,29,18.2,33.5,18.8,30,0,19
2026-09-05 21:14:22,11,25,25,18.1,33.7,18.7,30.2,0,19
2026-09-05 21:19:22,9,24,25,18,33.6,18.6,29.9,0,19
2026-09-05 21:24:22,8,22,24,18,33.7,18.6,30,0,19
2026-09-05 21:29:22,6,22,22,17.9,33.5,18.5,30.1,0,18
2026-09-05 21:34:23,9,21,22,17.8,33.6,18.4,30.1,0,18
2026-09-05 21:39:22,5,15,18,17.8,33.7,18.3,30.2,0,18
2026-09-05 21:44:22,7,18,19,17.7,33.5,18.2,30.1,0,18
2026-09-05 21:49:22,6,13,16,17.6,33.8,18.1,30.4,0,18
2026-09-05 21:54:23,6,12,17,17.6,33.9,18.1,30.6,0,18
2026-09-05 21:59:22,7,18,19,17.5,34.2,18,30.8,0,21
2026-09-05 22:04:21,5,13,14,18.1,36.7,20.6,31.3,0,18
2026-09-05 22:09:22,5,13,13,20.2,31.8,25.1,22.6,0,18
2026-09-05 22:14:22,5,11,12,20.1,30.9,22.5,24.3,0,19
2026-09-05 22:19:22,6,14,14,19.4,31.3,20.6,26.5,0,19
2026-09-05 22:24:22,6,14,19,18.9,31.6,19.5,27.9,0,18
2026-09-05 22:29:22,5,10,13,18.4,32.2,18.8,28.9,0,18
2026-09-05 22:34:22,4,14,15,18.1,32.3,18.4,29.2,0,18
2026-09-05 22:39:22,3,9,9,18.5,34.3,21.2,29.3,0,17
2026-09-05 22:44:22,4,9,9,21.5,31.3,28.6,19.9,0,18
2026-09-05 22:49:22,6,17,17,21.8,29.5,25.5,21.6,0,18
2026-09-05 22:54:22,6,15,16,22.8,28.6,27.5,19.9,0,16
2026-09-05 22:59:22,7,18,20,21.9,28.5,24,22.6,0,18
2026-09-05 23:04:22,11,22,23,20.7,29.7,21.5,25.5,0,18
2026-09-05 23:09:22,7,22,22,21.8,30.8,27.1,22.2,0,18
2026-09-05 23:14:22,7,18,19,24.2,28.5,31.5,17.8,0,18
2026-09-05 23:19:22,7,18,19,25.7,26.7,32.9,16.3,0,18
2026-09-05 23:24:22,6,14,16,26.5,25.6,33.1,15.8,0,18
2026-09-05 23:29:22,6,13,16,27.1,24.8,33.4,15.5,0,18
2026-09-05 23:34:23,5,14,16,27.5,24.5,33.8,15.1,0,18
2026-09-05 23:39:22,7,19,22,26.1,24.4,28.9,17.7,0,18
2026-09-05 23:44:22,6,17,17,23.7,25.7,24.6,21.4,0,18
2026-09-05 23:49:39,7,20,22,21.9,27.5,22.1,24.1,0,18
2026-09-05 23:54:22,6,13,16,22.7,28.3,27.6,20.4,0,19
2026-09-05 23:59:25,9,23,23,23.5,27.2,28.3,18.9,0,15
2026-09-06 01:04:22,5,14,16,24.6,27,30.9,17.6,0,18
2026-09-06 01:09:22,6,14,14,25.9,25.6,32.6,16.1,0,18
2026-09-06 01:14:22,6,11,12,26.7,25,33.2,15.5,0,15
2026-09-06 01:19:22,4,11,12,27.1,24.3,33.6,15.1,0,15
2026-09-06 01:24:29,6,15,15,27.5,24.1,33.7,15,0,14
2026-09-06 01:29:22,5,8,9,27.7,23.8,33.8,15,0,19
2026-09-06 01:34:22,5,12,12,27.8,23.6,33.8,14.7,0,18
2026-09-06 01:39:22,3,8,8,27.9,23.6,34.1,14.7,0,18
2026-09-06 01:44:22,4,11,11,28,23,34.2,14.3,0,15
2026-09-06 01:49:22,4,6,6,28,22.7,33.8,14.2,0,16
2026-09-06 01:54:22,3,6,8,28,22.8,34,14,0,14
2026-09-06 01:59:22,3,6,6,28,22.3,34,13.9,0,18
2026-09-06 02:04:23,2,8,9,28,22.5,34,13.9,0,19
2026-09-06 02:09:22,4,7,7,28,22.3,33.9,13.8,0,19
2026-09-06 02:14:23,4,8,8,28,22.3,34,13.8,0,18
2026-09-06 02:19:29,6,9,9,28,22.4,33.9,13.6,0,14
2026-09-06 02:24:22,3,5,5,28,22.2,34,13.6,0,16
2026-09-06 02:29:25,2,5,6,28,22.4,33.9,13.8,0,14
2026-09-06 02:34:22,4,7,7,28,22.4,33.8,14,0,16
2026-09-06 02:39:22,4,7,8,28,22.6,33.8,14,0,18
2026-09-06 02:44:22,3,7,7,28,22.5,34,13.8,0,18
2026-09-06 02:49:22,4,8,9,28,22.1,33.9,13.8,0,18
2026-09-06 02:54:23,4,8,8,28,22.4,33.7,13.9,0,14
2026-09-06 02:59:22,2,5,5,27.9,22.4,33.8,13.9,0,17
2026-09-06 03:04:22,3,7,7,27.9,22.6,33.6,14,0,15
2026-09-06 03:09:23,3,6,6,27.9,22.5,33.7,13.8,0,16
2026-09-06 03:14:23,3,7,7,27.9,22.4,33.6,14,0,18
2026-09-06 03:19:22,2,5,5,27.8,22.5,33.5,13.9,0,18
2026-09-06 03:24:22,1,4,5,27.8,22.2,33.8,13.6,0,16
2026-09-06 03:29:23,1,3,3,27.9,22.4,33.8,13.7,0,19
2026-09-06 03:34:23,1,3,3,27.9,21.8,33.7,13.4,0,17
2026-09-06 03:39:22,0,2,2,27.9,21.7,33.8,13.1,0,18
2026-09-06 03:44:31,0,1,1,27.9,21.7,33.8,13.2,0,18
2026-09-06 03:49:34,0,1,2,27.9,21.7,33.8,13.1,0,18
2026-09-06 03:54:22,0,1,1,27.9,21.7,33.8,13.2,0,14
2026-09-06 03:59:22,0,0,0,27.9,21.6,,,,16
2026-09-06 04:04:23,0,1,1,27.8,21.6,33.6,13.4,0,16
2026-09-06 04:09:22,0,0,0,27.9,21.6,33.7,13.3,0,14
2026-09-06 04:14:23,0,0,0,27.9,21.5,33.7,13.1,0,16
2026-09-06 04:19:23,0,0,0,27.9,21.6,33.5,13.3,0,16
2026-09-06 04:24:23,0,0,0,27.8,21.2,33.5,13,0,18
2026-09-06 04:29:23,0,0,0,27.9,21.2,33.8,12.9,0,14
2026-09-06 04:34:23,0,0,1,27.8,21.4,33.5,13,0,18
2026-09-06 04:39:23,0,1,1,27.8,21.3,33.5,12.8,0,18
2026-09-06 04:44:22,0,0,0,27.7,21.2,33.5,12.8,0,18
2026-09-06 04:49:23,0,0,0,27.6,21.4,33.3,13,0,19
2026-09-06 04:54:31,0,0,0,27.6,21,33.3,12.6,0,16
2026-09-06 04:59:23,0,0,0,27.6,20.9,33.3,12.7,0,17
2026-09-06 05:04:23,0,0,0,27.6,21.2,33.3,12.9,0,18
2026-09-06 05:09:25,0,0,1,27.6,21,33.5,12.9,0,14
2026-09-06 05:14:23,0,1,1,27.6,21.1,33.3,12.9,0,18
2026-09-06 05:19:23,0,0,0,27.7,21.3,33.5,12.9,0,18
2026-09-06 05:24:26,0,0,0,27.7,21.4,33.5,13,0,18
2026-09-06 05:29:23,0,0,0,27.7,21.5,33.6,12.9,0,19
2026-09-06 05:34:23,0,0,0,27.6,21.4,33.3,13,0,19
2026-09-06 05:39:23,0,0,0,27.5,20.9,33.3,12.6,0,16
2026-09-06 05:44:23,0,0,0,27.5,21.4,33.3,13,0,16
2026-09-06 05:49:23,0,0,0,27.5,21.3,33.2,12.9,0,16
2026-09-06 05:54:23,0,0,0,27.4,21.3,33.1,12.9,0,14
2026-09-06 05:59:23,0,0,0,27.4,21.5,33,13,0,19
2026-09-06 06:04:24,0,0,0,27.4,21.4,,,,18
2026-09-06 06:09:23,0,0,0,27.4,21.3,33.1,12.9,0,18
2026-09-06 06:14:23,0,0,0,27.5,21.2,33.4,12.6,0,17
2026-09-06 06:19:23,0,0,0,27.5,20.7,33.1,12.6,0,17
2026-09-06 06:24:23,0,0,0,27.5,20.9,33,12.8,0,18
2026-09-06 06:29:23,0,0,0,27.5,21.1,33.1,12.7,0,18
2026-09-06 06:34:24,0,0,0,27.4,20.8,33,12.5,0,18
2026-09-06 06:39:24,0,0,0,27.5,20.8,33.3,12.3,0,18
2026-09-06 06:44:23,0,0,0,27.4,20.5,33.1,12.2,0,18
2026-09-06 06:49:24,0,0,0,27.5,21,33.2,12.3,0,18
2026-09-06 06:54:23,0,0,0,27.4,20.6,33.1,12.2,0,18
2026-09-06 06:59:23,0,0,0,27.4,20.4,33.2,12.1,0,18
2026-09-06 07:04:25,0,0,0,27.4,20.6,33.1,12,0,18
2026-09-06 07:09:23,0,0,0,27.4,20,33.2,11.7,0,18
2026-09-06 07:14:23,0,0,0,27.4,20.3,33.3,11.8,0,18
2026-09-06 07:19:23,0,0,0,27.4,20.1,33.2,11.7,0,18
2026-09-06 07:24:24,0,0,0,27.4,20.2,33.2,11.8,0,18
2026-09-06 07:29:23,0,0,0,27.4,20,33.1,11.8,0,18
2026-09-06 07:34:23,0,0,0,27.4,20.2,33,11.9,0,18
2026-09-06 07:39:23,0,0,0,27.4,19.7,33.2,11.6,0,18
2026-09-06 07:44:23,0,0,0,27.4,19.7,33.1,11.4,0,18
2026-09-06 07:49:24,0,0,0,27.3,20,33,11.6,0,18
2026-09-06 07:54:24,0,0,0,27.4,19.9,33.1,11.5,0,18
2026-09-06 07:59:24,0,0,0,27.3,19.8,33,11.5,0,18
2026-09-06 08:04:23,0,0,0,27.3,19.7,33,11.4,0,18
2026-09-06 08:09:23,0,0,0,27.3,19.7,32.9,11.4,0,18
2026-09-06 08:14:24,0,0,0,27.3,19.7,32.9,11.3,0,18
2026-09-06 08:19:24,0,0,0,27.3,19.7,32.9,11.6,0,18
2026-09-06 08:24:23,0,0,0,27.3,19.5,32.8,11.2,0,18
2026-09-06 08:29:24,0,0,0,27.3,19.5,32.8,11.2,0,21
2026-09-06 08:34:23,0,0,0,27.3,19.9,32.7,11.6,0,18
2026-09-06 08:39:23,0,0,0,27.3,19.8,32.7,11.7,0,18
2026-09-06 08:44:24,0,0,0,27.3,19.5,,,,18
2026-09-06 08:49:24,0,0,0,27.3,19.4,32.9,11.1,0,18
2026-09-06 08:54:23,0,0,0,27.4,19.3,33,11.3,0,18
2026-09-06 08:59:24,0,0,0,27.3,19.6,32.8,11.4,0,18
2026-09-06 09:04:24,0,0,0,27.3,19.7,32.9,11.6,0,18
2026-09-06 09:09:24,0,0,0,27.4,19.7,32.9,11.3,0,18
2026-09-06 09:14:23,0,0,0,27.3,20.1,32.9,11.8,0,18
2026-09-06 09:19:24,0,0,0,27.4,20,33,11.8,0,18
2026-09-06 09:24:23,0,0,0,27.3,20.1,32.9,11.7,0,18
2026-09-06 09:29:24,0,0,0,27.4,20.1,33,11.7,0,18
2026-09-06 09:34:24,0,0,0,27.5,20.1,33.3,11.6,0,18
2026-09-06 09:39:24,0,0,0,27.5,20,33.1,11.8,0,18
2026-09-06 09:44:24,0,0,0,27.6,20,33.3,11.7,0,18
2026-09-06 09:49:24,0,0,0,27.6,20.1,33.4,11.8,0,18
2026-09-06 09:54:24,0,0,0,27.6,20.2,33.3,11.9,0,18
2026-09-06 09:59:24,0,0,0,27.7,20.2,33.5,11.7,0,18
2026-09-06 10:04:24,0,0,0,27.8,19.7,33.5,11.4,0,17
2026-09-06 10:09:24,0,0,0,27,19.4,30.5,12.5,0,16
2026-09-06 10:14:24,0,0,0,24.8,20.4,25.6,15.5,0,19
2026-09-06 10:19:24,0,0,0,22.7,21.5,22.7,17.4,0,18
2026-09-06 10:24:24,0,0,0,21.2,22.2,21,18.9,0,18
2026-09-06 10:29:25,0,0,0,20.2,23.4,20.1,19.9,0,18
2026-09-06 10:34:24,0,0,0,19.4,24.5,19.5,21.1,0,18
2026-09-06 10:39:24,0,0,0,19,24.8,19.2,21.4,0,18
2026-09-06 10:44:25,0,0,0,18.7,25.5,19,22,0,18
2026-09-06 10:49:25,0,0,0,18.6,25.9,18.9,22.4,0,18
2026-09-06 10:54:25,0,0,0,18.5,26.7,18.9,22.9,0,18
2026-09-06 10:59:24,0,0,0,18.5,26.7,19,23,0,18
2026-09-06 11:04:24,0,0,0,18.5,27.1,19.1,23.3,0,19
2026-09-06 11:09:24,0,0,0,18.5,27.2,19.2,23.5,0,18
2026-09-06 11:14:24,0,0,1,18.7,27.3,19.3,23.5,0,18
2026-09-06 11:19:24,0,1,1,18.8,27.5,19.5,23.6,0,18
2026-09-06 11:24:25,0,0,0,18.8,27.9,19.6,24,0,18
2026-09-06 11:29:24,0,0,0,19,27.9,19.8,24.1,0,18
2026-09-06 11:34:24,0,2,2,19.1,28.4,20,24.4,0,18
2026-09-06 11:39:25,0,1,1,19.3,28.7,20.2,24.6,0,18
2026-09-06 11:44:24,0,1,1,19.4,28.7,20.4,24.5,0,18
2026-09-06 11:49:26,0,2,3,19.6,29,20.6,24.7,0,18
2026-09-06 11:54:28,0,1,1,19.7,28.5,20.8,24.4,0,18
2026-09-06 11:59:24,0,3,3,19.9,28.7,21,24.3,0,18
2026-09-06 12:04:25,0,5,5,20,28.7,21.2,24.5,0,18
2026-09-06 12:09:24,0,4,4,20.2,29,21.4,24.4,0,18
2026-09-06 12:14:25,3,5,5,20.3,29,21.6,24.4,0,18
2026-09-06 12:19:24,3,7,7,20.5,29.1,21.8,24.5,0,18
2026-09-06 12:24:27,3,6,7,20.6,28.9,22,24.3,0,18
2026-09-06 12:29:24,4,7,8,20.8,28.7,22.2,24.1,0,18
2026-09-06 12:34:24,4,8,9,20.9,28.5,22.4,23.8,0,18
2026-09-06 12:39:24,3,7,8,21,28.3,22.5,23.7,0,18
2026-09-06 12:44:24,4,8,8,21.2,27.9,22.7,22.8,0,18
2026-09-06 12:49:25,2,7,7,21.3,26.9,22.9,22,0,18
2026-09-06 12:54:35,1,4,4,21.5,26.6,23.1,21.6,0,18
2026-09-06 12:59:25,2,5,5,21.6,26.3,23.3,21.4,0,18
2026-09-06 13:04:25,0,3,4,21.8,26,23.5,21.1,0,18
2026-09-06 13:09:24,0,1,2,21.9,25.5,23.6,20.4,0,16
2026-09-06 13:14:25,0,0,1,22.1,25,23.8,20.1,0,21
2026-09-06 13:19:26,0,1,1,22.2,25,24,20,0,18
2026-09-06 13:24:25,0,1,2,22.3,25.1,24.2,20,0,18
2026-09-06 13:29:25,0,1,2,22.5,24.7,24.3,19.5,0,18
2026-09-06 13:34:24,0,1,1,22.6,24.4,24.5,19.1,0,18
2026-09-06 13:39:26,0,1,1,22.7,24,24.6,19,0,21
2026-09-06 13:44:24,0,1,1,22.8,24.4,24.7,19.3,0,18
2026-09-06 13:49:25,0,1,1,22.9,24.1,24.8,18.8,0,18
2026-09-06 13:54:24,0,0,0,23,24.1,25,18.5,0,18
2026-09-06 13:59:25,0,0,1,23,23.8,25.1,18.3,0,18
2026-09-06 14:04:25,0,0,0,23.2,23.3,25.2,18.2,0,18
2026-09-06 14:09:24,0,0,0,23.2,23.4,25.3,18,0,16
2026-09-06 14:14:24,0,2,2,23.3,23.4,25.4,17,0,18
2026-09-06 14:19:25,0,2,2,23.5,23.3,25.5,18,0,21
2026-09-06 14:24:25,0,2,2,23.5,23.1,25.7,17.4,0,18
2026-09-06 14:29:24,2,5,5,23.6,22.6,25.7,17.4,0,21
2026-09-06 14:34:25,1,4,4,23.7,23.4,25.8,17.8,0,18
2026-09-06 14:39:25,2,5,6,23.7,23.4,25.9,17.8,0,18
2026-09-06 14:44:24,3,7,7,23.8,23.2,26,17.7,0,18
2026-09-06 14:49:25,2,5,5,23.9,23.4,26.1,17.8,0,18
2026-09-06 14:54:25,4,7,7,23.9,23.3,26.1,17.7,0,19
2026-09-06 14:59:25,4,7,7,24,22.8,26.2,17.1,0,19
2026-09-06 15:04:25,4,7,7,24.1,23.1,26.2,17.6,0,19
2026-09-06 15:09:26,3,5,5,24.1,22.5,26.3,17,0,19
2026-09-06 15:14:26,2,7,8,24.1,23.4,26.3,17.4,0,19
2026-09-06 15:19:25,2,7,8,24.2,23.1,26.3,17.7,0,19
2026-09-06 15:24:25,4,7,7,24.2,22.7,26.4,17.3,0,19
2026-09-06 15:29:26,3,7,8,24.3,22.9,26.4,17.1,0,19
2026-09-06 15:34:25,3,8,8,24.2,23.4,26.4,17.7,0,19
2026-09-06 15:39:25,3,7,7,24.3,23,26.4,17.2,0,19
2026-09-06 15:44:24,4,9,9,24.3,23.5,26.4,17.7,0,19
2026-09-06 15:49:25,3,7,7,24.3,22.9,26.4,17.4,0,19
2026-09-06 15:54:25,5,12,12,24.3,23.5,26.4,18,0,19
2026-09-06 15:59:25,5,17,18,24.3,23.1,26.4,17.7,0,19
2026-09-06 16:04:25,3,10,11,24.3,23.7,26.4,18.2,0,19
2026-09-06 16:09:25,6,15,19,24.3,24.1,26.4,18.4,0,19
2026-09-06 16:14:25,6,16,16,24.3,23.9,26.4,18.4,0,19
2026-09-06 16:19:25,7,19,19,24.3,24.1,26.4,18.7,0,19
2026-09-06 16:24:25,7,19,20,24.2,24.2,26.3,18.6,0,19
2026-09-06 16:29:25,6,18,19,24.2,24.3,26.3,18.8,0,19
2026-09-06 16:34:24,6,19,20,24.1,24.5,26.3,18.8,0,19
2026-09-06 16:39:25,5,13,16,24.1,24.1,26.2,18.8,0,18
2026-09-06 16:44:25,5,11,12,24,24.2,26.2,18.8,0,18
2026-09-06 16:49:25,6,13,14,24,24.5,26.1,18.9,0,18
2026-09-06 16:54:25,5,8,11,24,24.3,26.1,18.9,0,21
2026-09-06 16:59:25,4,8,8,23.9,24.2,26.1,18.6,0,18
2026-09-06 17:04:25,4,7,11,23.9,24.3,26,18.8,0,18
2026-09-06 17:09:25,4,10,10,23.8,24.8,26,19.1,0,18
2026-09-06 17:14:25,4,8,8,23.8,24.7,25.9,19.1,0,18
2026-09-06 17:19:25,4,8,8,23.7,24.6,25.9,19,0,18
2026-09-06 17:24:25,4,8,8,23.7,24.6,25.8,19.1,0,18
2026-09-06 17:29:25,4,8,8,23.6,24.8,25.7,19.3,0,18
2026-09-06 17:34:25,4,9,9,23.6,24.8,25.6,19.3,0,18
2026-09-06 17:39:25,3,6,6,23.5,24.5,25.6,19.4,0,18
2026-09-06 17:44:25,3,6,6,23.4,24.7,25.5,19.7,0,18
2026-09-06 17:49:25,4,6,6,23.4,25.2,25.4,19.9,0,21
2026-09-06 17:54:25,4,8,8,23.3,25.1,25.3,19.8,0,18
2026-09-06 17:59:25,3,6,6,23.2,25.3,25.2,19.9,0,18
2026-09-06 18:04:25,2,6,7,23.1,25.3,25.1,20.1,0,18
2026-09-06 18:09:25,2,6,6,23.1,25.9,25,20.5,0,18
2026-09-06 18:14:25,3,7,7,23,25.8,24.9,20.7,0,18
2026-09-06 18:19:25,3,6,7,22.9,26.2,24.8,20.9,0,18
2026-09-06 18:24:25,3,8,9,22.8,26.4,24.8,21.3,0,18
2026-09-06 18:29:25,3,6,6,22.8,26.8,24.7,21.6,0,18
2026-09-06 18:34:25,4,8,8,22.7,26.9,24.5,21.8,0,18
2026-09-06 18:39:26,3,7,7,22.6,27.2,24.4,22,0,21
2026-09-06 18:44:26,4,6,6,22.5,27.3,24.3,22.4,0,18
2026-09-06 18:49:25,3,7,8,22.4,27.5,24.2,22.6,0,18
2026-09-06 18:54:26,3,6,7,22.4,27.9,24.1,22.9,0,19
2026-09-06 18:59:25,4,8,8,22.3,28,24,23,0,19
2026-09-06 19:04:25,3,6,6,22.2,28.2,23.9,23.2,0,19
2026-09-06 19:09:25,3,5,6,22.1,28.5,23.8,23.4,0,19
2026-09-06 19:14:25,2,5,5,22,28.7,23.7,23.6,0,19
2026-09-06 19:19:26,4,6,7,21.9,28.8,23.6,23.8,0,19
2026-09-06 19:24:25,3,6,6,21.9,29,23.5,24,0,19
2026-09-06 19:29:25,3,7,7,21.7,29.5,23.4,24.5,0,18
2026-09-06 19:34:25,3,6,8,21.7,29.7,23.2,24.8,0,18
2026-09-06 19:39:25,4,7,8,21.5,29.9,23.1,25.1,0,18
2026-09-06 19:44:25,3,7,7,21.4,30.1,23,25.4,0,18
2026-09-06 19:49:25,3,6,6,21.2,30.3,22.8,25.7,0,18
2026-09-06 19:54:25,3,6,7,21.1,30.5,22.6,26.2,0,18
2026-09-06 19:59:26,3,7,7,21,30.8,22.5,26.3,0,18
2026-09-06 20:04:26,4,8,8,20.9,31.2,22.3,26.7,0,18
2026-09-06 20:09:25,4,7,7,20.8,31.4,22.2,27,0,18
2026-09-06 20:14:26,4,8,9,20.7,31.8,22,27.5,0,18
2026-09-06 20:19:25,3,7,7,20.6,31.9,21.9,27.6,0,18
2026-09-06 20:24:26,3,7,7,20.4,32.1,21.8,28.1,0,21
2026-09-06 20:29:25,3,5,7,20.3,32.4,,,0,18
2026-09-06 20:34:26,3,6,6,20.2,32.4,,,0,18
2026-09-06 20:39:26,2,7,8,20.1,32.7,,,0,18
2026-09-06 20:44:26,3,8,8,20.1,32.7,,,0,18
2026-09-06 20:49:25,4,7,7,20,32.8,,,0,18
2026-09-06 20:54:26,3,7,7,19.9,33.1,,,0,18
2026-09-06 20:59:26,3,6,8,19.8,33.4,,,0,18
2026-09-06 21:04:26,3,7,7,19.7,33.5,,,0,18
2026-09-06 21:09:26,3,8,8,19.6,33.5,,,0,18
2026-09-06 21:14:25,4,8,8,19.5,33.9,20.6,30,0,21
2026-09-06 21:19:26,3,8,8,19.5,34.1,20.5,30.2,0,21
2026-09-06 21:24:26,5,9,12,19.4,34.3,20.4,30.4,0,18
2026-09-06 21:29:26,5,9,11,19.3,35.1,20.3,31,0,18
2026-09-06 21:34:26,4,8,8,19.2,34.7,20.2,31,0,18
2026-09-06 21:39:26,4,13,14,19.1,35,20.1,31.2,0,18
2026-09-06 21:44:26,4,5,5,19,35.1,20,31.3,0,18
2026-09-06 21:49:25,5,9,9,19,35.2,19.9,31.6,0,18
2026-09-06 21:54:26,4,8,8,18.9,35.1,19.8,31.2,0,18
2026-09-06 21:59:26,4,7,7,18.9,34.9,19.7,31.3,0,18
2026-09-06 22:04:26,4,9,12,18.8,35.2,19.6,31.5,0,18
2026-09-06 22:09:25,3,7,7,18.7,35.4,19.5,31.7,0,18
2026-09-06 22:14:26,4,6,6,18.6,35.1,19.4,31.2,0,18
2026-09-06 22:19:26,4,6,7,18.6,35.5,19.3,31.8,0,18
2026-09-06 22:24:25,4,6,6,18.5,35.5,19.2,31.8,0,18
2026-09-06 22:29:26,3,7,7,18.4,35.2,19.1,31.4,0,17
2026-09-06 22:34:25,4,8,8,18.3,35.3,19,31.7,0,18
2026-09-06 22:39:26,4,6,6,18.2,35.5,18.9,31.9,0,18
2026-09-06 22:44:26,3,6,6,18.1,35.7,18.8,32.2,0,18
2026-09-06 22:49:26,3,9,9,18.1,35.7,18.7,32,0,18
2026-09-06 22:54:26,3,8,8,18,35.4,18.6,31.5,0,18
2026-09-06 22:59:26,4,6,7,17.9,35.1,18.5,31.6,0,18
2026-09-06 23:04:25,5,7,7,17.9,35.3,18.5,31.7,0,18
2026-09-06 23:09:26,2,4,5,17.8,35.4,18.4,31.7,0,21
2026-09-06 23:14:26,3,6,6,17.7,35.2,18.3,31.6,0,18
2026-09-06 23:19:26,3,7,7,17.7,35.4,18.2,31.9,0,18
2026-09-06 23:24:26,3,6,6,17.6,35.7,18.1,32.1,0,18
2026-09-06 23:29:26,3,9,9,17.5,35.9,18,32.5,0,18
2026-09-06 23:34:26,3,6,7,17.5,35.8,18,32.3,0,18
2026-09-06 23:39:26,2,4,4,17.4,35.6,17.9,32.1,0,18
2026-09-06 23:44:27,3,5,6,18,36.3,20.1,30.7,0,18
2026-09-06 23:49:26,3,5,6,18.4,34.7,20.2,29.3,0,18
2026-09-06 23:54:26,2,5,5,18.2,34.5,19.2,30.3,0,18
2026-09-06 23:59:26,3,7,7,18,35.3,18.6,31.7,0,18
2026-09-07 00:04:26,2,5,6,18.9,36.6,22.2,30.2,0,18
2026-09-07 00:09:26,1,4,5,21.9,32.9,29.6,21,0,18
2026-09-07 00:14:26,0,2,4,24.2,29.8,32,18.2,0,18
2026-09-07 00:19:25,2,5,5,25.6,27.8,33,17.1,0,18
2026-09-07 00:24:26,3,4,4,26.5,26.5,33.3,16.4,0,18
2026-09-07 00:29:26,1,4,5,27,25.9,33.4,16.3,0,18
2026-09-07 00:34:26,3,5,5,26.8,25.5,31.7,17.1,0,19
2026-09-07 00:39:26,2,7,7,25.9,26,30,18.4,0,16
2026-09-07 00:44:27,2,5,6,25,27,28.7,20.1,0,18
2026-09-07 00:49:26,3,4,4,26,26.5,31.8,17.5,0,18
2026-09-07 00:54:26,1,3,3,26.4,26,32,17.1,0,19
2026-09-07 00:59:26,3,5,5,27,25.4,33.2,16.2,0,18
2026-09-07 01:04:26,2,7,7,27.3,24.8,33.5,15.8,0,18
2026-09-07 01:14:27,5,9,9,25.3,25.5,27.1,20,0,18
2026-09-07 01:19:29,5,7,8,23.6,27.4,24.8,22.8,0,18
2026-09-07 01:24:28,4,7,7,23.3,28.9,27.2,22,0,18
2026-09-07 01:29:28,3,6,6,25.1,27.3,31.7,17.8,0,18
2026-09-07 01:34:29,3,6,6,26.3,26.4,33.2,16.6,0,18
2026-09-07 01:39:29,3,6,6,27,25.7,33.6,16.1,0,18
2026-09-07 01:44:27,3,6,6,27.4,25.4,33.8,16,0,18
2026-09-07 01:54:26,3,5,6,27.8,24.6,33.8,15.8,0,18
2026-09-07 01:59:26,1,5,5,27.8,24.4,33.6,15.7,0,18
2026-09-07 02:04:27,3,4,5,27.8,24.4,33.6,15.6,0,18
2026-09-07 02:09:26,1,3,3,27.9,24.4,33.8,15.4,0,18
2026-09-07 02:14:26,2,5,5,27.8,24,33.7,15.3,0,18
2026-09-07 02:19:26,1,4,4,27.8,23.9,33.7,15.3,0,18
2026-09-07 02:24:26,2,5,6,27.8,24.3,33.7,15.4,0,18
2026-09-07 02:29:28,2,5,5,27.8,24.2,33.8,15.4,0,17
2026-09-07 02:34:27,3,6,6,27.8,24.4,33.6,15.6,0,18
2026-09-07 02:39:26,2,5,5,27.9,24.4,33.9,15.5,0,18
2026-09-07 02:44:27,2,5,5,27.8,24.3,33.7,15.6,0,18
2026-09-07 02:49:26,2,4,5,27.7,24.3,,,,21
2026-09-07 02:54:26,1,6,6,27.8,24.3,34,15.4,0,18
2026-09-07 02:59:26,3,6,6,27.8,24.4,33.8,15.5,0,18
2026-09-07 03:04:27,2,5,5,27.7,24.2,33.5,15.6,0,18
2026-09-07 03:09:27,2,5,5,27.6,24.3,33.5,15.6,0,18
2026-09-07 03:14:26,0,3,3,27.5,24.2,33.3,15.5,0,18
2026-09-07 03:19:28,1,3,3,27.6,24,33.6,15.1,0,18
2026-09-07 03:24:27,0,3,3,27.5,24,33.4,15.2,0,19
2026-09-07 03:29:26,1,3,3,27.5,23.9,33.2,15.2,0,19
2026-09-07 03:34:26,1,5,5,27.5,24,33.4,15,0,18
2026-09-07 03:39:27,0,3,4,27.4,23.6,33.2,15,0,18
2026-09-07 03:44:26,2,4,4,27.4,23.8,33.1,15.1,0,18
2026-09-07 03:49:27,0,2,2,27.5,24,33.5,15.1,0,18
2026-09-07 03:54:27,1,4,5,27.4,24,33.2,15.3,0,18
2026-09-07 03:59:27,1,2,2,27.4,23.9,33.3,15.2,0,18
2026-09-07 04:04:27,2,4,4,27.4,24.1,33.2,15.3,0,18
2026-09-07 04:09:26,1,3,3,27.2,23.9,32.9,15.4,0,18
2026-09-07 04:14:26,1,6,6,27.2,24.4,32.8,15.7,0,18
2026-09-07 04:19:27,1,3,4,27.2,24.6,32.9,15.8,0,18
2026-09-07 04:24:30,1,5,5,27.2,24,33,15.6,0,18
2026-09-07 04:29:27,2,5,5,27.1,24.5,32.7,15.7,0,18
2026-09-07 04:34:27,1,4,4,27.1,24.2,32.8,15.6,0,18
2026-09-07 04:39:27,0,2,2,27.2,24.1,33,15.3,0,18
2026-09-07 04:44:26,1,2,3,27.1,23.9,32.7,15.4,0,18
2026-09-07 04:49:27,0,2,3,27.1,23.9,32.9,15.2,0,21
2026-09-07 04:54:28,1,3,3,27.1,23.7,32.8,15.2,0,18
2026-09-07 04:59:27,0,2,2,27.1,24,32.8,15.2,0,16
2026-09-07 05:04:27,1,3,3,27,23.9,32.6,15.4,0,17
2026-09-07 05:09:26,0,3,3,27,24,32.6,15.5,0,16
2026-09-07 05:14:27,0,2,2,27,23.7,32.7,15.3,0,16
2026-09-07 05:19:27,1,3,3,27,23.7,32.8,15.2,0,18
2026-09-07 05:24:27,0,2,3,27,23.8,32.8,15.1,0,18
2026-09-07 05:29:27,0,1,2,27.1,23.8,32.7,15,0,18
2026-09-07 05:34:27,0,1,2,27,23.6,32.6,14.9,0,16
2026-09-07 05:39:27,0,2,2,27,23.3,32.7,14.8,0,18
2026-09-07 05:44:27,0,0,0,27,23.3,32.6,14.8,0,18
2026-09-07 05:49:27,0,0,0,26.9,23.2,32.6,14.8,0,16
2026-09-07 05:54:27,0,1,1,26.9,23.3,32.7,14.6,0,16
2026-09-07 05:59:27,0,0,1,26.9,23.1,32.6,14.6,0,18
2026-09-07 06:04:27,0,1,1,26.9,23.4,32.4,14.6,0,18
2026-09-07 06:09:27,0,1,1,26.9,22.9,32.4,14.3,0,17
2026-09-07 06:14:29,0,0,0,26.8,23.1,32.3,14.6,0,17
2026-09-07 06:19:27,0,0,1,26.8,23,32.4,14.5,0,17
2026-09-07 06:24:28,0,0,0,26.8,22.9,32.5,14.2,0,18
2026-09-07 06:29:27,0,1,1,26.7,22.8,32.3,14.4,0,18
2026-09-07 06:34:27,0,0,0,26.7,22.7,32.4,14.4,0,18
2026-09-07 06:39:27,0,1,1,26.8,22.6,32.5,14.4,0,18
2026-09-07 06:44:27,0,1,2,26.8,22.7,32.6,14.1,0,18
2026-09-07 06:49:27,0,0,0,26.8,22.8,32.4,14.4,0,18
2026-09-07 06:54:27,0,0,1,26.8,22.6,32.4,14.2,0,16
2026-09-07 06:59:27,0,0,0,26.8,22.6,,,,18
2026-09-07 07:04:27,0,0,0,26.8,22.6,32.4,14.2,0,18
2026-09-07 07:09:27,0,1,1,26.8,22.5,32.3,14.2,0,18
2026-09-07 07:14:27,0,0,0,26.7,22.8,32.3,14.2,0,18
2026-09-07 07:19:28,0,0,0,26.7,22.6,32.2,14.2,0,18
2026-09-07 07:24:27,0,0,0,26.7,22.6,32.3,14.2,0,18
2026-09-07 07:29:28,0,0,0,26.7,22.4,32.3,14.1,0,18
2026-09-07 07:34:27,0,0,0,26.7,22.6,32.4,14.1,0,16
2026-09-07 07:39:27,0,1,1,26.7,22.5,32.4,14,0,19
2026-09-07 07:44:27,0,0,0,26.7,22.5,32.4,14,0,19
2026-09-07 07:49:27,0,0,0,26.7,22.2,32.3,13.9,0,19
2026-09-07 07:54:27,0,0,0,26.6,22.6,32.2,13.9,0,19
2026-09-07 07:59:28,0,0,1,26.6,22.4,32.1,13.8,0,18
2026-09-07 08:04:30,0,1,1,26.5,22.4,32,14.1,0,18
2026-09-07 08:09:27,0,1,1,26.5,22.3,32.2,13.9,0,18
2026-09-07 08:14:27,0,0,0,26.5,22.3,32,14.1,0,18
2026-09-07 08:19:28,0,2,2,26.5,22.3,32.1,13.9,0,18
2026-09-07 08:24:28,0,0,0,26.5,22.4,32.1,14,0,19
2026-09-07 08:29:28,0,2,2,26.5,22.4,32.2,14,0,18
2026-09-07 08:34:28,0,1,2,26.5,22.2,,,,21
2026-09-07 08:39:28,0,1,2,26.5,22.2,32,13.9,0,17
2026-09-07 08:44:29,0,1,1,26.5,22.4,31.9,14.1,0,21
2026-09-07 08:49:27,0,0,0,26.5,22.3,32.1,13.8,0,18
2026-09-07 08:54:27,0,0,0,26.5,22.6,32,14.1,0,18
2026-09-07 08:59:28,0,1,1,26.5,22.6,32.1,14.1,0,21
2026-09-07 09:04:27,0,2,2,26.6,22.5,32.3,14.1,0,18
2026-09-07 09:09:28,0,1,1,26.6,22.3,32.1,14,0,17
2026-09-07 09:14:30,0,3,3,26.7,22.2,32.3,13.8,0,14
2026-09-07 09:19:28,0,2,3,26.8,22.3,,,,14
2026-09-07 09:24:28,0,0,0,26.7,22.4,32.2,14.1,0,19
2026-09-07 09:29:27,0,1,1,26.8,22.1,32.3,13.8,0,14
2026-09-07 09:34:27,0,1,2,26.7,22.6,32.2,14.1,0,21
2026-09-07 09:39:28,0,1,1,26.8,22.5,32.3,14.1,0,17
2026-09-07 09:44:28,0,1,1,26.9,22.5,32.6,13.9,0,21
2026-09-07 09:49:29,0,1,1,27,22,32.7,13.8,0,21
2026-09-07 09:54:28,0,4,4,27,22.2,32.6,13.8,0,15
2026-09-07 09:59:29,1,3,3,27.1,22.2,32.7,13.9,0,21
2026-09-07 10:04:28,0,0,0,27.2,22.5,32.9,14,0,21
2026-09-07 10:09:28,0,1,2,27.2,22.1,32.9,13.9,0,21
2026-09-07 10:14:28,0,1,1,27.2,22.6,32.8,14.2,0,17
2026-09-07 10:19:27,0,2,2,27.3,22.9,33,14.2,0,18
2026-09-07 10:24:28,0,1,1,26.5,22.6,29.8,15.5,0,17
2026-09-07 10:29:28,0,2,2,24.2,23.8,24.9,19.3,0,18
2026-09-07 10:34:28,0,1,1,22.1,25,22,22,0,18
2026-09-07 10:39:28,0,3,4,20.6,26.8,20.4,24.2,0,21
2026-09-07 10:44:28,2,6,6,19.6,27.8,19.4,25.4,0,18
2026-09-07 10:49:27,1,4,4,18.9,28.7,18.9,26.2,0,18
2026-09-07 10:54:28,7,18,20,18.5,30.3,18.5,28,0,18
2026-09-07 10:59:28,2,8,10,18.2,31.1,18.4,28.7,0,21
2026-09-07 11:04:28,6,10,10,18,32.7,18.3,30.3,0,21
2026-09-07 11:09:28,18,33,38,18,34.1,18.3,31.6,0,18
2026-09-07 11:14:28,14,24,25,17.9,35.2,18.3,32.6,0,21
2026-09-07 11:19:28,7,20,22,18,34.9,18.4,32,0,18
2026-09-07 11:24:29,12,25,25,18,35.5,18.5,32.6,0,18
2026-09-07 11:29:28,17,30,30,18.1,35.7,18.6,32.6,0,19
2026-09-07 11:34:27,14,25,27,18.2,36,18.8,33,0,19
2026-09-07 11:39:28,20,30,33,18.3,36.1,18.9,33,0,18
2026-09-07 11:44:29,18,30,31,18.4,36.4,19,33.2,0,21
2026-09-07 11:49:29,21,29,30,18.5,36.5,19.2,33.2,0,18
2026-09-07 11:54:28,23,33,34,18.6,36.6,19.3,33.4,0,21
2026-09-07 11:59:28,29,45,54,18.7,36.8,19.5,33.3,0,18
2026-09-07 12:04:29,21,32,37,18.8,36.7,19.7,33.4,0,21
2026-09-07 12:09:28,23,33,37,19,36.8,19.8,33.5,0,18
2026-09-07 12:14:28,28,42,51,19,36.9,20,33.4,0,21
2026-09-07 12:19:28,23,35,41,19.2,37.1,20.1,33.3,0,18
2026-09-07 12:24:29,25,38,42,19.3,36.9,20.3,33.1,0,18
2026-09-07 12:29:28,24,35,37,19.4,36.6,20.5,32.8,0,18
2026-09-07 12:34:29,25,36,40,19.5,36.5,20.6,32.6,0,18
2026-09-07 12:39:28,24,35,38,19.7,36.3,20.8,32.2,0,18
2026-09-07 12:43:33,22,34,37,19.8,36.1,20.9,32.1,0,19
2026-09-07 12:48:34,24,34,40,19.9,35.9,21.1,32.1,0,21
2026-09-07 12:53:33,23,34,38,20,36.1,21.3,32.1,0,19
2026-09-07 12:58:34,27,39,45,20.2,36,21.5,31.8,0,18
2026-09-07 13:03:34,25,37,43,20.3,35.8,21.6,31.8,0,18
2026-09-07 13:08:33,24,35,39,20.5,35.9,21.8,31.7,0,21
2026-09-07 13:13:34,24,34,38,20.6,35.7,22,31.6,0,18
2026-09-07 13:18:34,27,39,48,20.7,35.4,22.2,31.3,0,24
2026-09-07 13:23:34,25,36,45,20.9,35.4,22.3,31.2,0,21
2026-09-07 13:28:34,25,37,44,21,35.3,22.5,31.2,0,18
2026-09-07 13:33:34,26,39,46,21.1,35.3,22.6,31.1,0,18
2026-09-07 13:38:34,29,44,51,21.2,34.8,22.8,30.7,0,21
2026-09-07 13:43:34,26,39,44,21.3,34.7,22.9,30.5,0,18
2026-09-07 13:48:34,24,40,46,21.4,34.5,23.1,30.2,0,21
2026-09-07 13:53:35,26,39,46,21.6,34.1,23.2,30,0,18
2026-09-07 13:58:34,24,39,46,21.7,34.3,23.4,29.9,0,15
2026-09-07 14:03:34,24,36,43,21.8,34.2,23.5,29.6,0,21
2026-09-07 14:08:33,24,39,45,21.9,34,23.6,29.5,0,19
2026-09-07 14:13:34,25,36,43,22,33.6,23.8,29.3,0,21
2026-09-07 14:18:35,25,39,45,22.1,33.4,23.9,29,0,18
2026-09-07 14:23:34,25,40,47,22.2,33.1,24,28.7,0,18
2026-09-07 14:28:34,25,39,45,22.3,33,24,28.4,0,21
2026-09-07 14:33:34,26,40,48,22.3,32.9,24.1,28.5,0,18
2026-09-07 14:38:34,27,39,47,22.4,33.1,24.2,28.7,0,18
2026-09-07 14:43:34,26,40,49,22.5,32.9,24.3,28.4,0,21
2026-09-07 14:48:34,28,43,50,22.5,32.7,24.4,28.2,0,21
2026-09-07 14:53:34,28,43,51,22.6,32.3,24.5,27.5,0,19
2026-09-07 14:58:34,28,42,51,22.7,31.9,24.6,27.3,0,17
2026-09-07 15:03:34,27,42,50,22.8,32.3,24.7,27.6,0,21
2026-09-07 15:08:37,28,43,52,22.8,31.8,24.8,27.1,0,14
2026-09-07 15:13:34,28,45,53,22.9,31.7,24.9,26.8,0,14
2026-09-07 15:18:35,26,40,48,22.9,31.8,24.9,27,0,14
2026-09-07 15:23:34,25,40,48,23,31.5,25,26.8,0,17
2026-09-07 15:28:34,24,40,47,23.1,31.6,25.1,26.7,0,16
2026-09-07 15:33:34,22,37,44,23.1,31.4,25.1,26.6,0,18
2026-09-07 15:38:34,24,35,41,23.1,31.2,25.2,26.4,0,16
2026-09-07 15:43:35,22,34,38,23.2,31.1,25.2,26.2,0,18
2026-09-07 15:48:34,22,35,42,23.2,30.9,25.2,26.1,0,16
2026-09-07 15:53:34,23,35,40,23.2,31.1,25.3,26.3,0,15
2026-09-07 15:58:34,22,35,39,23.2,30.8,25.3,26,0,19
2026-09-07 16:03:35,21,32,38,23.2,30.7,25.3,26.1,0,16
2026-09-07 16:08:34,20,34,38,23.2,30.4,25.3,25.6,0,21
2026-09-07 16:13:34,21,32,35,23.2,30.8,25.3,26,0,17
2026-09-07 16:18:34,20,31,33,23.2,30.9,25.3,26.1,0,19
2026-09-07 16:23:34,18,29,34,23.2,30.5,25.2,25.6,0,15
2026-09-07 16:28:35,19,30,34,23.2,30.4,25.2,25.8,0,19
2026-09-07 16:33:48,18,29,29,23.2,30.6,25.2,25.7,0,12
2026-09-07 16:38:35,18,27,29,23.2,30.5,25.2,25.7,0,16
2026-09-07 16:43:34,12,25,25,23.1,30.6,25.1,25.7,0,19
2026-09-07 16:48:35,11,24,25,23.1,30.8,25.1,25.9,0,16
2026-09-07 16:53:35,8,23,24,23,30.8,25,26.1,0,16
2026-09-07 16:58:35,8,21,21,23.1,30.8,25,26.1,0,15
2026-09-07 17:03:35,11,22,22,23,30.7,24.9,25.9,0,18
2026-09-07 17:08:35,8,20,22,23,30.3,24.9,25.4,0,13
2026-09-07 17:13:35,6,16,17,23,30.2,24.8,25.3,0,15
2026-09-07 17:18:35,6,14,15,22.9,30.2,24.8,25.4,0,16
2026-09-07 17:23:37,5,11,15,22.8,30,24.7,25.1,0,16
2026-09-07 17:28:41,6,12,12,22.8,29.5,24.7,24.7,0,16
2026-09-07 17:33:35,5,11,13,22.8,29.8,24.6,24.9,0,15
2026-09-07 17:38:35,5,8,8,22.7,30,24.5,25.2,0,14
2026-09-07 17:43:35,5,9,9,22.7,30.1,24.5,25.4,0,15
2026-09-07 17:48:41,4,6,7,22.6,30.2,24.4,25.2,0,16
2026-09-07 17:53:35,3,6,7,22.5,30.4,24.3,25.5,0,16
2026-09-07 17:58:42,4,5,6,22.5,30.5,24.2,25.6,0,16
2026-09-07 18:03:38,3,6,6,22.4,30.5,24.1,25.8,0,18
2026-09-07 18:08:35,2,6,7,22.3,30.8,24,26,0,18
2026-09-07 18:13:35,2,5,5,22.3,30.7,23.9,26.1,0,21
2026-09-07 18:18:35,1,5,5,22.2,30.6,23.8,26.1,0,14
2026-09-07 18:23:36,1,5,6,22.1,30.6,23.7,25.8,0,18
2026-09-07 18:28:35,0,2,2,22,30.4,23.6,25.8,0,21
2026-09-07 18:33:38,0,2,2,21.9,30.4,23.5,25.7,0,18
2026-09-07 18:38:41,0,4,4,21.9,30.5,23.4,26,0,19
2026-09-07 18:43:38,0,2,3,21.8,30.6,23.3,26.2,0,19
2026-09-07 18:48:41,0,2,2,21.7,30.7,23.3,26.2,0,18
2026-09-07 18:53:35,0,3,4,21.6,31,23.1,26.4,0,19
2026-09-07 18:58:35,1,4,4,21.5,31,23,26.5,0,21
2026-09-07 19:03:35,0,3,3,21.4,31,22.9,26.6,0,21
2026-09-07 19:08:35,1,3,3,21.3,31.3,22.8,26.9,0,21
2026-09-07 19:13:35,0,3,3,21.1,31.4,22.6,27,0,18
2026-09-07 19:18:35,0,3,3,21,31.5,22.4,27.1,0,18
2026-09-07 19:23:35,0,2,2,20.9,31.5,22.3,27.2,0,19
2026-09-07 19:28:37,0,2,2,20.7,31.5,22.1,27.4,0,18
2026-09-07 19:33:35,1,2,3,20.6,31.7,21.9,27.5,0,21
2026-09-07 19:38:35,0,2,2,20.5,32,21.8,27.7,0,18
2026-09-07 19:43:35,0,3,3,20.3,32,21.6,28,0,19
2026-09-07 19:48:35,0,2,2,20.2,32.1,21.4,28.1,0,18
2026-09-07 19:53:35,0,3,3,20.1,32.5,21.3,28.5,0,18
2026-09-07 19:58:35,0,3,3,20,32.8,21.2,28.7,0,19
2026-09-07 20:03:35,1,2,2,19.9,33,21,29,0,19
2026-09-07 20:08:35,2,3,3,19.7,33.7,20.8,29.6,0,17
2026-09-07 20:13:35,1,4,4,19.6,33.8,20.7,30.1,0,18
2026-09-07 20:18:36,2,4,5,19.5,34,20.6,30.1,0,21
2026-09-07 20:23:36,1,3,3,19.4,34.2,20.5,30.4,0,21
2026-09-07 20:28:36,1,3,3,19.3,34.5,20.3,30.6,0,18
2026-09-07 20:33:35,0,3,3,19.2,34.6,20.2,30.7,0,21
2026-09-07 20:38:36,1,3,3,19.1,34.7,20.1,31,0,18
2026-09-07 20:43:35,0,3,4,19.1,34.9,20,31.2,0,14
2026-09-07 20:48:35,0,1,2,19,34.7,19.9,31,0,18
2026-09-07 20:53:35,0,2,3,18.9,35.2,19.8,31.4,0,18
2026-09-07 20:58:35,1,2,2,18.8,35.4,19.7,31.6,0,18
2026-09-07 21:03:35,1,3,3,18.7,35.5,19.6,31.8,0,18
2026-09-07 21:08:35,0,2,2,18.7,35.8,19.5,32.1,0,18
2026-09-07 21:13:35,0,4,5,18.6,36,19.4,32.2,0,18
2026-09-07 21:18:35,0,4,4,18.6,36,19.3,32.4,0,18
2026-09-07 21:23:35,1,4,4,18.5,36.5,19.2,32.8,0,18
2026-09-07 21:28:35,0,5,5,18.4,36.3,19.1,32.7,0,18
2026-09-07 21:33:36,1,4,4,18.3,36.4,19.1,32.8,0,19
2026-09-07 21:38:36,1,3,4,18.3,36.6,19,33.1,0,21
2026-09-07 21:43:36,1,4,4,18.2,36.5,18.9,33.1,0,18
2026-09-07 21:48:35,1,3,3,18.2,37.1,18.8,33.7,0,18
2026-09-07 21:53:36,2,4,5,18.1,37.1,18.7,33.6,0,18
2026-09-07 21:58:35,1,3,3,18,36.8,18.6,33.4,0,18
2026-09-07 22:03:42,1,2,2,17.9,37.1,18.6,33.7,0,18
2026-09-07 22:08:35,0,2,2,17.9,37.2,18.5,33.9,0,17
2026-09-07 22:13:35,0,2,2,17.9,37.3,18.4,34,0,18
2026-09-07 22:18:36,1,3,3,17.8,37.4,18.3,34.1,0,18
2026-09-07 22:23:35,0,3,3,17.7,37.5,18.2,34.4,0,18
2026-09-07 22:28:36,0,4,5,17.7,37.6,18.2,34.5,0,18
2026-09-07 22:33:35,0,3,4,17.6,37.9,18.1,34.9,0,18
2026-09-07 22:38:35,1,4,4,17.6,37.9,18,34.9,0,14
2026-09-07 22:43:35,1,5,5,17.5,38.1,18,35,0,19
2026-09-07 22:48:35,1,2,2,19.8,38.9,26,28,0,18
2026-09-07 22:53:38,0,3,3,22.6,33.7,30.1,21.8,0,18
2026-09-07 22:58:35,0,3,3,24,31,30.5,20.1,0,14
2026-09-07 23:03:36,1,4,6,23.2,30.2,26.1,23.2,0,15
2026-09-07 23:08:35,2,4,6,21.8,31.1,22.9,26.8,0,18
2026-09-07 23:13:36,3,4,4,20.5,32.3,21,29.2,0,16
2026-09-07 23:18:36,2,5,6,19.6,33.5,19.9,30.7,0,18
2026-09-07 23:23:36,3,5,6,19,35.3,19.4,34.5,0,19
2026-09-07 23:28:36,1,5,6,21.8,33.6,28.4,22.8,0,19
2026-09-07 23:33:36,1,5,6,24,30.7,31.6,19.2,0,18
2026-09-07 23:38:35,2,6,6,25.5,28.3,32.5,17.8,0,14
2026-09-07 23:43:35,3,5,6,24.7,27.8,28,20.8,0,14
2026-09-07 23:48:37,3,7,7,22.8,29,24,24.6,0,19
2026-09-07 23:53:36,2,7,7,22.2,31,25.1,25.5,0,19
2026-09-07 23:58:35,2,5,5,24.2,29.4,30.3,19.5,0,15
2026-09-08 00:03:35,2,6,6,24.7,28.9,30,19.9,0,17
2026-09-08 00:08:35,2,5,6,25.6,27.5,31.6,18.4,0,15
2026-09-08 00:13:36,3,7,8,25.7,26.8,30,18.9,0,21
2026-09-08 00:18:36,3,6,6,26.1,26.7,31.9,18.1,0,18
2026-09-08 00:23:38,2,6,6,26.8,26.4,33.1,17.1,0,14
2026-09-08 00:28:35,1,4,4,27.3,25.8,33.4,16.9,0,19
2026-09-08 00:33:36,2,4,4,27.5,25.6,33.5,16.6,0,18
2026-09-08 00:38:36,3,5,5,27.8,25.2,33.9,16.3,0,18
2026-09-08 00:43:36,2,6,6,27.9,25.2,33.8,16.3,0,16
2026-09-08 00:48:36,1,4,5,28,25.2,34.1,16.1,0,18
2026-09-08 00:53:36,2,5,6,28.1,25,34.2,16,0,14
2026-09-08 00:58:36,1,4,5,28.1,24.6,34.1,15.9,0,17
2026-09-08 01:03:36,2,6,6,28.1,24.7,34,16,0,19
2026-09-08 01:08:36,2,5,5,28.1,24.5,34.2,15.9,0,15
2026-09-08 01:13:36,2,4,4,28.1,24.4,34.1,15.8,0,15
2026-09-08 01:18:36,1,4,4,28.1,24.4,33.9,15.8,0,19
2026-09-08 01:23:39,1,5,5,28,24.3,33.8,15.8,0,14
2026-09-08 01:28:42,1,4,5,28,24.4,33.9,15.8,0,14
2026-09-08 01:33:36,3,5,5,28,24.6,33.9,15.6,0,18
2026-09-08 01:38:36,2,6,6,27.9,24.3,33.6,15.7,0,17
2026-09-08 01:43:36,0,6,6,27.8,24.4,33.6,15.7,0,18
2026-09-08 01:48:36,2,6,6,27.8,24.4,33.5,15.9,0,16
2026-09-08 01:53:36,1,4,5,27.8,24.5,33.6,15.8,0,18
2026-09-08 01:58:36,2,5,5,27.8,24.2,33.4,15.7,0,18
2026-09-08 02:03:36,1,5,5,27.7,24.2,33.4,15.7,0,16
2026-09-08 02:08:36,0,4,5,27.7,24.1,33.5,15.7,0,19
2026-09-08 02:13:36,3,5,5,27.7,24.4,33.4,15.7,0,18
2026-09-08 02:18:36,3,6,6,27.7,24.3,33.4,15.7,0,17
2026-09-08 02:23:36,3,6,6,27.6,23.9,33.3,15.6,0,21
2026-09-08 02:28:36,3,5,5,27.6,24.5,33.2,15.7,0,16
2026-09-08 02:33:36,2,4,5,27.6,24.3,33.2,15.7,0,18
2026-09-08 02:38:36,1,3,3,27.6,24.1,33.4,15.4,0,17
2026-09-08 02:43:36,0,3,4,27.5,24.2,33.2,15.5,0,13
2026-09-08 02:48:36,1,6,6,27.6,24.2,33.4,15.3,0,18
2026-09-08 02:53:36,2,5,5,27.6,24,33.3,15.2,0,16
2026-09-08 02:58:36,2,6,6,27.5,23.9,,,,18
2026-09-08 03:03:36,2,6,6,27.5,23.6,33.3,15.2,0,18
2026-09-08 03:08:36,1,5,6,27.4,23.9,33,15.6,0,14
2026-09-08 03:13:36,2,5,5,27.4,24.1,33.1,15.5,0,18
2026-09-08 03:18:36,2,4,4,27.4,24,33.1,15.5,0,16
2026-09-08 03:23:36,1,3,3,27.4,24.1,33.1,15.4,0,17
2026-09-08 03:28:36,1,6,6,27.3,24,32.9,15.5,0,16
2026-09-08 03:33:36,1,3,3,27.4,24,33,15.5,0,16
2026-09-08 03:38:36,2,3,3,27.3,24,33,15.3,0,18
2026-09-08 03:43:45,2,5,5,27.2,23.7,,,,17
2026-09-08 03:48:36,1,4,5,27.2,23.9,32.9,15.4,0,16
2026-09-08 03:53:36,2,5,6,27.2,23.8,32.8,15.3,0,18
2026-09-08 03:58:36,1,3,4,27.2,23.9,32.8,15.4,0,18
2026-09-08 04:03:36,1,4,4,27.2,23.6,33,15.2,0,15
2026-09-08 04:08:36,0,3,4,27.2,23.6,32.9,15.1,0,18
2026-09-08 04:13:36,1,4,5,27.2,23.8,32.9,15.2,0,18
2026-09-08 04:18:36,0,3,4,27.2,23.7,32.8,15.2,0,18
2026-09-08 04:23:36,1,4,6,27.2,23.7,32.8,15.2,0,15
2026-09-08 04:28:36,1,4,5,27.1,23.8,32.6,15.2,0,18
2026-09-08 04:33:37,0,4,4,27.1,23.4,32.7,15.2,0,18
2026-09-08 04:38:40,1,4,4,27.1,23.7,32.6,15.2,0,18
2026-09-08 04:43:36,2,3,3,27,23.7,32.5,15.3,0,18
2026-09-08 04:48:37,1,3,4,27,23.7,32.6,15.3,0,18
2026-09-08 04:53:36,1,2,2,27,23.5,32.6,15.2,0,18
2026-09-08 04:58:39,0,2,2,27,23.6,32.7,15.1,0,14
2026-09-08 05:03:49,0,1,2,27,23.5,32.6,15,0,21
2026-09-08 05:08:36,1,4,5,27,23.8,32.6,15.1,0,17
2026-09-08 05:13:37,0,4,4,27,23.5,32.5,15,0,16
2026-09-08 05:18:36,1,3,3,27,23.5,32.7,14.8,0,18
2026-09-08 05:23:37,0,5,6,27,23.6,32.5,14.9,0,18
2026-09-08 05:28:36,1,5,6,26.9,23.4,,,,18
2026-09-08 05:33:45,0,5,5,26.9,23.5,32.4,15.2,0,18
2026-09-08 05:38:36,0,4,4,26.9,23.8,32.5,15.2,0,18
2026-09-08 05:43:37,0,4,4,27,23.5,32.5,15.2,0,18
2026-09-08 05:48:36,0,3,4,26.9,23.8,32.5,15.2,0,18
2026-09-08 05:53:36,2,5,5,26.9,23.6,32.3,15.1,0,18
2026-09-08 05:58:37,1,4,4,26.9,23.5,32.3,15.1,0,14
2026-09-08 06:03:37,1,3,3,26.9,23.5,32.4,15.1,0,18
2026-09-08 06:08:38,0,2,2,26.8,23.3,32.3,15.1,0,17
2026-09-08 06:13:37,0,3,3,26.8,23.5,32.2,15.1,0,18
2026-09-08 06:18:38,1,3,4,26.8,23.4,32.1,15,0,18
2026-09-08 06:23:38,1,3,3,26.7,23.4,32.1,14.9,0,15
2026-09-08 06:28:37,1,3,3,26.7,23.6,32.1,15.1,0,18
2026-09-08 06:33:37,1,3,4,26.7,23.6,32.1,15.1,0,18
2026-09-08 06:38:38,0,2,3,26.7,23.5,32.2,15.2,0,18
2026-09-08 06:43:37,1,4,4,26.7,23.5,32.1,15.2,0,18
2026-09-08 06:48:37,2,5,5,26.7,23.7,32.2,15.2,0,18
2026-09-08 06:53:37,1,3,5,26.7,23.6,32.2,15.1,0,18
2026-09-08 06:58:37,0,3,3,26.6,23.6,32.1,15.3,0,18
2026-09-08 07:03:37,1,6,6,26.6,23.7,32.2,15.1,0,18
2026-09-08 07:08:37,0,2,4,26.6,23.4,32,14.9,0,18
2026-09-08 07:13:37,1,2,2,26.5,23.3,32,14.9,0,18
2026-09-08 07:18:37,0,2,3,26.5,23.4,31.9,15.1,0,18
2026-09-08 07:23:37,0,2,2,26.5,23.3,31.9,15.1,0,18
2026-09-08 07:28:37,1,3,3,26.6,23.3,32,14.9,0,18
2026-09-08 07:33:37,0,7,7,26.5,23.4,31.8,15,0,21
2026-09-08 07:38:37,0,2,3,26.5,23.5,31.9,15,0,20
2026-09-08 07:43:37,2,4,4,26.5,23.5,32.2,14.8,0,18
2026-09-08 07:48:36,0,3,3,26.5,23,32,14.6,0,18
2026-09-08 07:53:37,0,3,4,26.6,23.1,32,14.7,0,16
2026-09-08 07:58:37,1,4,4,26.6,23.2,31.9,14.9,0,18
2026-09-08 08:03:37,1,4,4,26.6,23.2,32,14.8,0,15
2026-09-08 08:08:37,0,3,4,26.5,23.3,32,14.9,0,18
2026-09-08 08:13:37,1,5,5,26.5,23.2,32.1,14.7,0,18
2026-09-08 08:18:38,0,5,5,26.5,23.2,32,14.7,0,15
2026-09-08 08:23:37,2,6,6,26.5,23.3,31.9,14.8,0,18
2026-09-08 08:28:38,3,7,8,26.5,23.3,31.8,15,0,19
2026-09-08 08:33:37,1,6,8,26.5,23.5,31.8,15.1,0,19
2026-09-08 08:38:37,2,5,6,26.5,23.2,32,14.8,0,21
2026-09-08 08:43:37,0,2,4,26.5,23,31.9,14.6,0,18
2026-09-08 08:48:37,0,5,6,26.5,23,31.7,14.5,0,19
2026-09-08 08:53:37,0,4,4,26.6,22.7,31.9,14.4,0,21
2026-09-08 08:58:37,0,3,4,26.5,23,31.8,14.8,0,19
2026-09-08 09:03:37,0,1,1,26.6,23.2,31.9,14.9,0,18
2026-09-08 09:08:37,0,6,7,26.6,23,32,14.8,0,18
2026-09-08 09:13:37,0,2,3,26.5,23.3,31.5,15.2,0,21
2026-09-08 09:18:37,0,3,3,26.6,23.2,31.8,14.9,0,18
2026-09-08 09:23:37,0,2,3,26.7,23,32,14.9,0,19
2026-09-08 09:28:37,0,2,2,26.7,23.3,32,15,0,19
2026-09-08 09:33:37,0,2,5,26.8,22.7,32.1,14.7,0,19
2026-09-08 09:38:38,1,4,4,26.9,22.8,,,,19
2026-09-08 09:43:37,5,15,16,27,23.2,32.2,14.9,0,21
2026-09-08 09:48:37,2,6,6,27,23,32.5,14.8,0,21
2026-09-08 09:53:37,1,4,6,27.1,23.2,32.5,14.8,0,21
2026-09-08 09:58:40,0,4,4,27.2,23.2,32.7,14.9,0,18
2026-09-08 10:03:37,1,4,4,27.3,23.2,32.6,15,0,21
2026-09-08 10:08:38,5,8,8,26.2,23.1,29.1,16.7,0,18
2026-09-08 10:13:38,3,8,8,23.8,24.9,24.4,20.6,0,21
2026-09-08 10:18:37,2,6,6,21.9,26.2,21.6,23.6,0,18
2026-09-08 10:23:37,1,4,5,20.4,27.5,20.1,25.2,0,18
2026-09-08 10:28:38,1,5,5,19.4,28.7,19.1,26.6,0,16
2026-09-08 10:33:37,2,5,7,18.7,30.2,18.6,28.1,0,18
2026-09-08 10:38:38,4,6,6,18.3,31.3,18.2,29.2,0,18
2026-09-08 10:43:38,4,12,12,18,32.3,18.1,30.2,0,18
2026-09-08 10:48:37,5,12,13,17.9,33.2,18,31,0,21
2026-09-08 10:53:37,5,10,12,17.8,33.9,18,31.6,0,18
2026-09-08 10:58:38,6,12,14,17.8,34.1,18,31.7,0,21
2026-09-08 11:03:38,6,10,14,17.8,34.2,18.2,31.5,0,15
2026-09-08 11:08:38,7,14,16,17.9,34.5,18.3,31.6,0,21
2026-09-08 11:13:38,7,20,20,18,35.1,18.5,32.2,0,14
2026-09-08 11:18:38,7,19,20,18.1,35.4,18.7,32.2,0,16
2026-09-08 11:23:41,9,24,25,18.3,36.2,19,32.8,0,21
2026-09-08 11:28:38,13,27,27,18.5,36.1,19.2,32.9,0,18
2026-09-08 11:33:38,13,25,26,18.7,36,19.5,32.4,0,13
2026-09-08 11:38:48,16,25,25,18.8,36.4,19.7,32.9,0,15
2026-09-08 11:43:39,15,26,27,19,36.5,19.9,33,0,11
2026-09-08 11:48:37,11,24,26,20.4,37.9,24.7,29.1,0,12
2026-09-08 11:53:38,23,36,39,21.3,33.6,24.7,26.7,0,12
2026-09-08 11:58:38,22,35,37,21.2,33.4,23.1,28.3,0,14
2026-09-08 12:03:51,20,28,31,20.9,33.2,22.2,29.2,0,18
2026-09-08 12:08:43,19,28,28,20.7,33.8,21.8,30.2,0,14
2026-09-08 12:13:41,22,31,32,20.5,34.2,21.5,30.6,0,21
2026-09-08 12:18:50,18,30,30,20.4,34.6,21.4,31,0,21
2026-09-08 12:23:40,19,30,30,20.3,34.8,21.4,31.2,0,18
2026-09-08 12:28:38,21,32,33,20.3,35.5,21.4,31.7,0,14
2026-09-08 12:33:38,23,34,37,20.3,35.6,21.4,31.8,0,20
2026-09-08 12:38:38,25,38,47,20.3,35.7,21.4,31.9,0,18
2026-09-08 12:43:48,27,40,47,20.3,35.8,21.4,31.8,0,18
2026-09-08 12:48:49,29,42,51,20.3,36,21.4,32.1,0,21
2026-09-08 12:53:41,29,45,53,20.3,36.1,21.4,32.3,0,18
2026-09-08 12:58:38,30,45,54,20.2,36.1,21.4,32.3,0,12
2026-09-08 13:03:41,29,42,49,20.2,36.2,21.4,32.4,0,11
2026-09-08 13:08:41,30,46,56,20.3,36.3,21.5,32.6,0,18
2026-09-08 13:13:38,30,46,55,20.3,36.5,21.6,32.6,0,13
2026-09-08 13:18:38,30,44,52,20.4,36.6,21.7,32.5,0,13
2026-09-08 13:23:38,29,42,50,20.5,36.6,21.9,32.7,0,13
2026-09-08 13:28:44,30,45,54,20.6,36.7,22,32.6,0,13
2026-09-08 13:33:38,29,44,52,20.7,36.7,22.2,32.4,0,12
2026-09-08 13:38:38,30,44,56,20.8,36.5,22.3,32.4,0,18
2026-09-08 13:43:46,32,49,61,21,36.4,22.4,32.1,0,18
2026-09-08 13:48:46,32,49,58,21,36.2,22.5,32.1,0,18
2026-09-08 13:53:38,30,47,59,21.1,36.2,22.5,32,0,18
2026-09-08 13:58:38,32,47,57,21.1,36,22.5,32,0,12
2026-09-08 14:03:41,30,45,55,21.1,36.1,22.5,32,0,12
2026-09-08 14:08:38,32,47,55,21,36.3,22.5,32.2,0,21
2026-09-08 14:13:38,30,44,52,21,36.1,22.4,32,0,18
2026-09-08 14:18:40,31,48,58,21,36.3,22.4,32.2,0,18
2026-09-08 14:23:38,32,46,55,21,36.4,22.3,32.4,0,18
2026-09-08 14:28:38,31,46,56,20.9,36.5,22.2,32.5,0,18
2026-09-08 14:33:38,32,46,57,20.9,36.4,22.2,32.5,0,21
2026-09-08 14:38:38,31,47,56,20.9,36.3,22.2,32.3,0,21
2026-09-08 14:43:38,32,47,58,20.8,36.5,22.2,32.5,0,18
2026-09-08 14:48:39,30,46,55,20.9,36.3,22.2,32.3,0,18
2026-09-08 14:53:38,30,44,54,20.9,36.4,22.2,32.3,0,18
2026-09-08 14:58:38,29,45,54,20.9,36.3,22.3,32.3,0,18
2026-09-08 15:03:38,30,46,56,20.9,36.6,22.3,32.4,0,18
2026-09-08 15:08:38,31,47,58,20.9,36.5,22.3,32.5,0,18
2026-09-08 15:13:40,32,46,56,20.9,36.4,22.3,32.4,0,18
2026-09-08 15:18:39,31,48,57,20.9,36.6,22.3,32.7,0,21
2026-09-08 15:23:38,31,48,58,21,36.5,22.3,32.6,0,18
2026-09-08 15:28:38,30,47,56,20.9,36.5,22.2,32.7,0,18
2026-09-08 15:33:39,30,48,56,20.9,36.7,22.2,32.8,0,21
2026-09-08 15:38:39,34,51,64,20.9,36.8,22.1,33,0,21
2026-09-08 15:43:42,35,53,66,20.8,37.1,22.1,33.2,0,18
2026-09-08 15:48:38,31,46,57,20.8,37.3,22,33.4,0,21
2026-09-08 15:53:39,31,47,55,20.7,37.1,21.9,33.3,0,21
2026-09-08 15:58:38,29,44,53,20.7,37.3,21.9,33.5,0,18
2026-09-08 16:03:39,29,44,52,20.6,37.5,21.9,33.8,0,18
2026-09-08 16:08:39,27,40,48,20.6,37.5,21.8,33.8,0,18
2026-09-08 16:13:39,25,36,43,20.6,37.7,21.8,34.2,0,18
2026-09-08 16:18:39,22,34,38,20.6,37.8,21.8,34.3,0,21
2026-09-08 16:23:39,21,31,36,20.6,38,21.7,34.3,0,21
2026-09-08 16:28:39,21,34,36,20.5,37.9,21.7,34.3,0,18
2026-09-08 16:33:39,22,34,37,20.5,37.7,21.7,34.4,0,18
2026-09-08 16:38:39,17,26,27,20.5,37.7,,,0,18
2026-09-08 16:43:39,7,18,19,20.5,37,,,0,18
2026-09-08 16:48:39,5,15,15,20.4,36.2,,,0,18
2026-09-08 16:53:39,6,11,11,20.4,35.7,,,0,18
2026-09-08 16:58:38,5,11,11,20.4,35.6,,,0,18
2026-09-08 17:03:38,6,13,15,20.3,36,,,0,18
2026-09-08 17:08:39,4,7,9,20.3,36.3,,,0,18
2026-09-08 17:13:39,5,9,12,20.2,36.7,21.3,33,0,18
2026-09-08 17:18:39,4,7,7,20.1,36.9,21.2,33.3,0,18
2026-09-08 17:23:38,5,9,11,20,37,21,33.5,0,18
2026-09-08 17:28:39,3,8,8,19.9,37.3,20.9,33.8,0,18
2026-09-08 17:33:38,3,5,6,19.8,37.7,20.7,34.2,0,21
2026-09-08 17:38:39,3,7,7,19.7,37.7,20.6,34.3,0,18
2026-09-08 17:43:39,21,32,36,19.6,38.1,20.5,34.8,0,18
2026-09-08 17:48:39,5,11,12,19.5,38.5,20.4,35,0,21
2026-09-08 17:53:39,4,13,16,19.4,38.4,20.3,35.2,0,16
2026-09-08 17:58:39,4,6,6,19.3,38.7,20.1,35.5,0,17
2026-09-08 18:03:39,3,6,6,19.2,38.9,20,35.7,0,18
2026-09-08 18:08:39,1,4,4,19.1,38.8,19.9,35.9,0,18
2026-09-08 18:13:39,4,6,7,19,39.3,19.7,36.5,0,16
2026-09-08 18:18:39,3,6,6,18.9,39.4,19.6,36.6,0,16
2026-09-08 18:23:39,2,5,5,18.8,39.6,19.4,36.7,0,18
2026-09-08 18:28:39,3,4,5,18.7,39.7,19.3,36.8,0,18
2026-09-08 18:33:39,3,9,9,18.6,39.8,19.2,37.2,0,21
2026-09-08 18:38:39,4,12,12,18.5,40.1,19.1,37.3,0,16
2026-09-08 18:43:39,3,8,8,18.4,40.1,19,37.5,0,17
2026-09-08 18:48:39,4,7,7,18.3,40.1,18.9,37.5,0,18
2026-09-08 18:53:39,3,6,6,18.3,40.4,18.8,37.8,0,17
2026-09-08 18:58:39,2,6,6,18.2,40.5,18.7,38,0,18
2026-09-08 19:03:39,2,6,6,18.1,40.8,18.7,38.3,0,18
2026-09-08 19:08:39,2,5,5,18.1,41,18.6,38.3,0,17
2026-09-08 19:13:39,2,6,6,18,41.1,18.5,38.6,0,16
2026-09-08 19:18:39,2,6,6,17.9,41.2,18.4,38.8,0,16
2026-09-08 19:23:38,2,6,6,17.9,41.4,18.3,39,0,18
2026-09-08 19:28:40,4,8,8,17.8,41.5,18.2,39.3,0,18
2026-09-08 19:33:39,2,4,4,17.7,41.5,18.1,39.2,0,18
2026-09-08 19:38:39,1,4,4,17.6,41.8,18,39.4,0,18
2026-09-08 19:43:39,2,6,6,17.6,42.1,17.9,39.8,0,18
2026-09-08 19:48:39,2,5,7,17.5,42,17.8,39.8,0,17
2026-09-08 19:53:39,10,20,22,17.4,42.1,17.7,39.9,0,17
2026-09-08 19:58:40,1,5,5,18.5,44.8,22.2,37.8,0,17
2026-09-08 20:03:39,1,2,2,21.6,39.3,29.3,25.7,0,18
2026-09-08 20:08:39,0,2,2,23.8,35,,,,16
2026-09-08 20:13:39,0,0,1,25.5,32.6,32.6,21.1,0,18
2026-09-08 20:18:39,0,0,0,26.4,31.2,32.9,20.4,0,18
2026-09-08 20:23:40,0,1,1,27,30.1,33.2,20,0,18
2026-09-08 20:28:39,0,1,1,27.3,29.2,33.4,19.7,0,18
2026-09-08 20:33:39,0,0,0,27.7,28.7,33.8,19.3,0,18
2026-09-08 20:38:39,0,0,0,27.9,28.4,33.7,19.1,0,18
2026-09-08 20:43:39,0,1,1,27.9,27.9,33.7,19,0,16
2026-09-08 20:48:39,0,1,1,28,27.9,33.8,18.8,0,16
2026-09-08 20:53:39,0,2,2,28.1,27.7,33.8,18.9,0,16
2026-09-08 20:58:39,0,1,1,28.1,27.3,,,,16
2026-09-08 21:03:39,0,1,1,28.2,27.5,34.1,18.5,0,18
2026-09-08 21:08:39,0,1,1,28.3,27.3,34.1,18.4,0,18
2026-09-08 21:13:39,0,1,1,28.2,27.3,33.8,18.5,0,18
2026-09-08 21:18:39,0,0,0,28.1,27.3,33.8,18.5,0,18
2026-09-08 21:23:39,0,1,1,28.1,27.2,33.6,18.8,0,18
2026-09-08 21:28:40,0,2,2,28.1,27.3,33.8,18.7,0,18
2026-09-08 21:33:39,0,1,1,28,27.6,33.6,18.8,0,18
2026-09-08 21:38:39,1,2,2,28,27.5,33.6,18.7,0,14
2026-09-08 21:43:46,0,1,1,28,27.1,33.7,18.6,0,16
2026-09-08 21:48:39,0,2,2,27.9,27.3,33.6,18.6,0,16
2026-09-08 21:53:40,0,2,2,27.9,27.5,33.6,18.5,0,16
2026-09-08 21:58:39,0,1,1,28,27.3,33.8,18.5,0,16
2026-09-08 22:03:39,0,1,2,27.9,27.2,33.6,18.5,0,16
2026-09-08 22:08:40,0,0,0,27.9,27.4,33.6,18.6,0,16
2026-09-08 22:13:39,0,1,2,27.9,27.4,33.4,18.6,0,16
2026-09-08 22:18:40,0,2,2,27.8,27.4,33.5,18.6,0,16
2026-09-08 22:23:39,0,3,4,27.8,27.5,33.5,18.5,0,16
2026-09-08 22:28:40,1,1,1,27.8,27.4,33.5,18.6,0,16
2026-09-08 22:33:40,2,3,3,27.8,27.4,33.4,18.6,0,18
2026-09-08 22:38:41,1,3,3,27.7,27.3,33.2,18.7,0,18
2026-09-08 22:43:40,0,2,2,27.6,27.5,33,19,0,18
2026-09-08 22:48:39,0,1,1,27.5,27.4,32.9,19.1,0,18
2026-09-08 22:53:39,0,1,1,27.5,27.6,32.9,19.1,0,16
2026-09-08 22:58:39,0,1,1,27.4,27.7,32.8,19.1,0,15
2026-09-08 23:03:40,1,3,3,27.5,27.5,33.1,18.9,0,16
2026-09-08 23:08:40,0,2,2,27.5,27.6,33.1,18.8,0,18
2026-09-08 23:13:40,1,3,3,27.4,27.8,32.9,19,0,15
2026-09-08 23:18:39,1,2,4,27.4,27.7,32.9,19.2,0,18
2026-09-08 23:23:39,0,2,2,27.4,27.5,32.8,19,0,15
2026-09-08 23:28:41,0,0,0,27.4,27.3,32.9,18.8,0,15
2026-09-08 23:33:40,0,1,1,27.4,27.4,33,18.7,0,16
2026-09-08 23:38:40,0,0,1,27.4,27.4,32.8,18.8,0,16
2026-09-08 23:43:39,0,1,1,27.4,27.1,32.9,18.7,0,17
2026-09-08 23:48:40,0,0,0,27.4,27.3,32.9,18.6,0,15
2026-09-08 23:53:40,0,0,0,27.4,27.3,32.9,18.7,0,15
2026-09-08 23:58:40,0,0,0,27.4,27.4,32.9,18.6,0,16
2026-09-09 00:03:43,0,1,1,27.3,27.3,32.8,18.6,0,18
2026-09-09 00:08:53,0,2,2,27.2,27.3,32.8,18.7,0,14
2026-09-09 00:13:40,0,1,1,27.1,27.4,32.5,18.9,0,18
2026-09-09 00:18:42,0,0,2,27.1,27.4,32.7,18.7,0,15
2026-09-09 00:23:51,0,3,3,27.1,27.5,32.6,19,0,14
2026-09-09 00:28:40,0,2,2,27.1,27.7,32.6,19,0,15
2026-09-09 00:33:48,2,2,3,27.2,27.5,32.9,18.8,0,17
2026-09-09 00:38:43,1,3,3,27.2,27.4,32.9,18.8,0,15
2026-09-09 00:43:40,0,2,2,27.2,27.6,32.9,18.7,0,14
2026-09-09 00:48:48,0,2,2,27.2,27.4,32.9,18.7,0,14
2026-09-09 00:53:40,0,2,3,27.2,27.6,32.9,18.7,0,15
2026-09-09 00:58:51,0,2,2,27.1,27.5,32.7,18.7,0,14
2026-09-09 01:03:40,1,4,5,27.1,27.5,,,,19
2026-09-09 01:08:40,0,2,2,27.1,27.7,32.7,18.9,0,18
2026-09-09 01:13:40,0,3,3,27,27.6,32.5,19,0,18
2026-09-09 01:18:52,0,2,2,26.9,27.7,32.3,19.2,0,14
2026-09-09 01:23:41,2,3,3,26.9,27.9,32.3,19.1,0,19
2026-09-09 01:28:40,2,3,3,26.9,27.7,32.2,19.1,0,17
2026-09-09 01:33:40,0,1,1,26.8,27.6,32,19.2,0,18
2026-09-09 01:38:40,1,3,3,26.8,27.7,32,19.3,0,16
2026-09-09 01:43:40,1,3,3,26.7,27.9,31.8,19.5,0,15
2026-09-09 01:48:40,2,4,4,26.7,27.7,32,19.5,0,19
2026-09-09 01:53:39,1,4,4,26.7,28,32,19.3,0,16
2026-09-09 01:58:40,2,4,4,26.6,27.8,31.7,19.5,0,16
2026-09-09 02:03:40,3,5,5,26.6,28,31.7,19.5,0,16
2026-09-09 02:08:40,2,4,4,26.6,28.1,31.7,19.8,0,16
2026-09-09 02:13:46,1,6,6,26.6,28,31.8,19.6,0,14
2026-09-09 02:18:40,2,6,6,26.6,28,31.8,19.6,0,17
2026-09-09 02:23:40,4,7,7,26.6,28,31.9,19.4,0,19
2026-09-09 02:28:43,3,6,7,26.7,28.1,32.1,19.3,0,14
2026-09-09 02:33:40,5,7,7,26.8,27.9,32.2,19.2,0,18
2026-09-09 02:38:40,2,8,8,26.8,27.9,32.2,19.2,0,16
2026-09-09 02:43:40,4,5,5,26.8,27.9,32.2,19.2,0,14
2026-09-09 02:48:40,3,5,5,26.8,27.8,32.1,19.2,0,16
2026-09-09 02:53:40,3,6,6,26.8,27.8,32.2,19.2,0,19
2026-09-09 02:58:40,3,6,7,26.8,27.9,32,19.5,0,16
2026-09-09 03:03:40,4,8,8,26.8,27.7,32.2,19.2,0,14
2026-09-09 03:08:40,4,8,8,26.7,27.9,31.8,19.7,0,16
2026-09-09 03:13:40,2,6,6,26.7,28,32.1,19.5,0,19
2026-09-09 03:18:40,5,9,11,26.7,28.2,32,19.6,0,18
2026-09-09 03:23:40,3,7,7,26.7,27.9,32.1,19.4,0,18
2026-09-09 03:28:40,4,9,9,26.6,28.1,31.7,19.7,0,17
2026-09-09 03:33:40,4,10,10,26.6,28.2,31.8,19.6,0,14
2026-09-09 03:38:43,4,8,8,26.6,28.2,31.6,19.7,0,15
2026-09-09 03:43:58,5,11,12,26.6,28.3,31.6,19.9,0,16
2026-09-09 03:48:40,4,7,7,26.5,28.5,31.5,20.2,0,14
2026-09-09 03:53:43,6,11,11,26.6,28.2,31.8,19.9,0,14
2026-09-09 03:58:40,4,8,11,26.7,28.2,32,19.7,0,14
2026-09-09 04:03:40,4,10,10,26.7,28.1,32.1,19.6,0,16
2026-09-09 04:08:40,4,10,11,26.7,28.2,32,19.6,0,17
2026-09-09 04:13:40,5,9,9,26.7,28.2,32.1,19.6,0,18
2026-09-09 04:18:43,5,10,10,26.7,28.3,32,19.8,0,14
2026-09-09 04:23:40,5,8,8,26.7,28.3,32,19.8,0,15
2026-09-09 04:28:43,3,7,7,26.7,28.4,32.2,19.6,0,14
2026-09-09 04:33:40,3,8,8,26.7,28,32.1,19.6,0,16
2026-09-09 04:38:40,3,6,6,26.7,28.2,32,19.5,0,18
2026-09-09 04:44:01,4,7,7,26.7,28.3,32.1,19.5,0,18
2026-09-09 04:48:41,3,5,5,26.7,28.3,32.1,19.6,0,17
2026-09-09 04:53:41,3,6,7,26.7,28.2,32,19.6,0,17
2026-09-09 04:58:40,4,7,7,26.6,28.1,31.9,19.6,0,16
2026-09-09 05:03:40,2,6,6,26.7,28.4,32.1,19.5,0,16
2026-09-09 05:08:40,3,7,7,26.6,28.3,32,19.5,0,18
2026-09-09 05:13:43,4,6,6,26.6,28.2,31.9,19.5,0,14
2026-09-09 05:18:40,4,6,6,26.6,28.2,32,19.4,0,16
2026-09-09 05:23:40,3,7,7,26.6,28.3,32,19.4,0,16
2026-09-09 05:28:41,2,4,5,26.5,28.2,31.8,19.8,0,16
2026-09-09 05:33:40,3,6,6,26.5,28.3,31.8,19.8,0,18
2026-09-09 05:38:41,3,5,5,26.6,28.3,32.1,19.5,0,16
2026-09-09 05:43:47,2,3,4,26.6,28.6,32,19.6,0,14
2026-09-09 05:48:41,4,6,6,26.6,28.3,31.9,19.6,0,18
2026-09-09 05:53:40,3,6,6,26.5,28.2,31.9,19.5,0,17
2026-09-09 05:58:41,4,7,7,26.4,28.2,31.8,19.5,0,17
2026-09-09 06:03:40,4,6,6,26.4,28.3,31.6,19.9,0,15
2026-09-09 06:08:41,5,7,7,26.4,28.4,31.7,19.8,0,18
2026-09-09 06:13:40,4,8,8,26.4,28.5,31.6,19.8,0,16
2026-09-09 06:18:41,3,7,7,26.3,28.4,31.6,19.7,0,15
2026-09-09 06:23:41,4,8,9,26.3,28.2,,,,15
2026-09-09 06:28:41,5,8,8,26.3,28.3,31.5,19.9,0,15
2026-09-09 06:33:41,4,8,8,26.3,28.6,31.4,20,0,15
2026-09-09 06:38:41,5,7,9,26.2,28.5,31.2,20.1,0,15
2026-09-09 06:43:41,4,7,7,26.2,28.5,31.2,20,0,15
2026-09-09 06:48:42,4,7,8,26.2,28.3,31.3,19.8,0,15
2026-09-09 06:53:41,4,10,10,26.3,28.4,31.4,19.8,0,15
2026-09-09 06:58:41,3,5,7,26.2,28.6,31.2,20.2,0,15
2026-09-09 07:03:41,6,9,11,26.2,28.8,31.2,20.2,0,16
2026-09-09 07:08:41,5,10,12,26.2,28.7,31.4,20,0,19
2026-09-09 07:13:40,6,11,11,26.1,28.8,31.3,20,0,18
2026-09-09 07:18:41,8,17,17,26.1,28.7,,,,18
2026-09-09 07:23:42,6,16,17,26.1,28.8,31,20.4,0,16
2026-09-09 07:28:40,6,12,13,26.2,28.6,31.2,20.3,0,16
2026-09-09 07:33:41,4,7,7,26.2,28.8,31.3,20.3,0,16
2026-09-09 07:38:41,6,11,11,26.2,28.4,31.4,20,0,17
2026-09-09 07:43:41,5,8,9,26.1,28.8,31,20.4,0,16
2026-09-09 07:48:41,6,15,16,26.1,28.8,31,20.5,0,16
2026-09-09 07:53:41,5,13,13,26.1,28.6,31,20.3,0,19
2026-09-09 07:58:41,6,15,15,26.1,28.8,31,20.2,0,19
2026-09-09 08:03:44,6,16,17,26.1,28.9,31.1,20.1,0,17
2026-09-09 08:08:42,8,15,18,26,28.6,,,,18
2026-09-09 08:13:41,8,22,22,26.1,28.6,31,20.5,0,17
2026-09-09 08:18:41,7,14,15,26.1,28.9,31.1,20.3,0,17
2026-09-09 08:23:51,7,15,16,26.1,28.7,31.2,20.2,0,18
2026-09-09 08:28:48,9,18,19,26,28.9,31.1,20.2,0,18
2026-09-09 08:33:41,6,17,18,26.1,28.8,31.2,20.3,0,17
2026-09-09 08:38:41,5,14,14,26.1,28.8,31.3,20.2,0,17
2026-09-09 08:43:41,6,17,18,26.1,28.8,31.3,20.2,0,18
2026-09-09 08:48:41,7,17,17,26.1,28.7,31.3,20.1,0,16
2026-09-09 08:53:41,8,22,22,26.1,28.5,31.1,20,0,18
2026-09-09 08:58:41,10,22,22,26.1,28.8,,,,18
2026-09-09 09:03:41,8,21,21,26.2,28.5,31.4,20.1,0,16
2026-09-09 09:08:41,8,17,19,26.3,28.7,31.8,19.6,0,16
2026-09-09 09:13:41,9,19,22,26.3,28.5,31.5,19.8,0,18
2026-09-09 09:18:41,13,23,23,26.2,28.4,,,,18
2026-09-09 09:23:49,14,27,28,26.3,28.6,31.4,20.1,0,12
2026-09-09 09:28:41,9,22,24,26.2,28.9,31.3,20.3,0,16
2026-09-09 09:33:44,7,19,19,26.2,28.9,31.4,20.2,0,14
2026-09-09 09:38:41,8,21,21,26.3,28.7,31.4,20.3,0,19
2026-09-09 09:43:44,10,21,22,26.3,28.8,31.6,20.1,0,17
2026-09-09 09:48:41,11,22,23,26.4,28.7,31.6,20,0,18
2026-09-09 09:53:41,7,18,19,26.4,28.2,31.4,20.2,0,17
2026-09-09 09:58:41,13,24,24,26.5,28.4,,,,18
2026-09-09 10:03:41,10,21,21,26.6,28.3,31.9,19.9,0,18
2026-09-09 10:08:42,10,19,19,26.7,28.4,32,19.9,0,17
2026-09-09 10:13:41,8,20,22,26.7,28.3,32.1,19.8,0,14
2026-09-09 10:18:42,9,22,22,26.8,28.2,32.3,19.6,0,13
2026-09-09 10:23:41,7,18,18,26.9,28.2,32.3,19.5,0,18
2026-09-09 10:28:41,7,21,23,26.9,28.1,32.3,19.5,0,19
2026-09-09 10:33:48,9,22,23,27,27.9,32.5,19.3,0,15
2026-09-09 10:38:45,8,20,23,27,27.9,32.5,19.2,0,18
2026-09-09 10:43:48,7,21,21,27.1,28,32.6,19.4,0,14
2026-09-09 10:48:44,8,23,24,27.3,28.1,33.1,19.2,0,14
2026-09-09 10:53:41,19,31,33,26.5,28.2,29.8,21.6,0,18
2026-09-09 10:58:42,22,32,37,24.3,30.4,25.1,26.9,0,15
2026-09-09 11:03:42,23,40,46,22.3,32.3,22.3,30.6,0,18
2026-09-09 11:08:55,19,31,35,20.9,34.3,20.8,33.5,0,15
2026-09-09 11:13:48,20,34,39,19.9,36.2,19.8,35.3,0,15
2026-09-09 11:18:42,21,32,35,19.2,37.5,19.3,36.3,0,18
2026-09-09 11:23:41,20,32,39,18.8,38.5,19,37.2,0,18
2026-09-09 11:28:41,20,33,36,18.6,39.1,18.8,37.8,0,18
2026-09-09 11:33:42,18,33,33,18.3,39.8,18.6,38.2,0,18
2026-09-09 11:38:42,16,31,33,18.2,39.9,18.6,38.3,0,14
2026-09-09 11:43:42,16,30,32,18.1,40.4,18.6,38.4,0,18
2026-09-09 11:48:42,17,32,36,18.1,40.5,18.6,38.4,0,16
2026-09-09 11:53:42,13,30,31,18.2,40.4,18.7,38.2,0,16
2026-09-09 11:58:41,15,30,33,18.2,40.2,18.8,38,0,21
2026-09-09 12:03:41,21,33,34,18.2,40.3,18.9,38,0,18
2026-09-09 12:08:50,10,22,27,18.3,40.1,19,37.6,0,14
2026-09-09 12:13:42,14,31,31,18.4,40.1,19.1,37.6,0,18
2026-09-09 12:18:41,16,29,31,18.5,40.1,19.3,37.6,0,21
2026-09-09 12:23:41,9,26,27,18.6,40,19.4,37.3,0,17
2026-09-09 12:28:42,14,28,30,18.8,40,19.5,37.2,0,18
2026-09-09 12:33:42,12,30,31,18.8,39.9,19.7,37.1,0,21
2026-09-09 12:38:41,13,29,30,19,39.9,19.9,37,0,18
2026-09-09 12:43:42,15,26,29,19.1,39.5,20,36.6,0,18
2026-09-09 12:48:42,11,27,27,19.2,39.4,20.2,36.4,0,18
2026-09-09 12:53:42,22,35,40,19.3,39.7,20.3,36.4,0,18
2026-09-09 12:58:42,24,37,42,19.4,39.3,20.5,36.2,0,16
2026-09-09 13:03:42,22,35,37,19.6,39.3,20.6,36.2,0,21
2026-09-09 13:08:42,21,35,38,19.7,39.3,20.8,36,0,18
2026-09-09 13:13:42,22,35,39,19.8,39,21,35.7,0,16
2026-09-09 13:18:42,22,35,40,19.9,39,21.1,35.6,0,18
2026-09-09 13:23:42,22,35,41,20.1,38.5,21.3,35.1,0,18
2026-09-09 13:28:41,24,37,42,20.2,38.6,21.4,35.1,0,16
2026-09-09 13:33:42,27,44,52,20.3,38.4,21.6,34.9,0,18
2026-09-09 13:38:42,27,44,52,20.4,38.1,21.7,34.6,0,18
2026-09-09 13:43:42,34,53,65,20.5,38.3,21.9,34.5,0,18
2026-09-09 13:48:42,27,42,49,20.7,37.7,22,34.2,0,18
2026-09-09 13:53:42,24,40,47,20.8,37.8,22.1,34.1,0,18
2026-09-09 13:58:43,24,37,44,20.9,37.6,22.3,33.9,0,18
2026-09-09 14:03:42,24,37,43,21,37.1,22.4,33.3,0,18
2026-09-09 14:08:42,23,38,46,21.1,37.1,22.5,33.3,0,18
2026-09-09 14:13:42,23,38,44,21.2,37.1,22.6,33.2,0,18
2026-09-09 14:18:42,23,39,47,21.2,36.6,22.8,32.7,0,18
2026-09-09 14:23:42,22,37,43,21.3,36.9,22.8,32.9,0,18
2026-09-09 14:28:42,22,37,46,21.4,36.3,22.9,32.5,0,18
2026-09-09 14:33:42,28,44,53,21.4,36.5,22.9,32.6,0,18
2026-09-09 14:38:42,22,36,41,21.5,36.6,23,32.7,0,18
2026-09-09 14:43:43,22,37,43,21.6,36.5,23.1,32.4,0,18
2026-09-09 14:48:42,21,32,36,21.6,36.4,23.1,32.4,0,19
2026-09-09 14:53:43,20,31,35,21.7,36.2,23.2,32.2,0,18
2026-09-09 14:58:42,18,30,30,21.8,36,23.3,31.8,0,18
2026-09-09 15:03:42,22,33,36,21.9,35.9,23.4,31.7,0,16
2026-09-09 15:08:42,22,33,36,21.9,36,23.5,31.9,0,18
2026-09-09 15:13:42,21,30,34,22,35.6,23.6,31.5,0,18
2026-09-09 15:18:42,18,28,30,22,35.3,23.6,31.2,0,18
2026-09-09 15:23:42,14,27,29,22.1,35.3,23.6,31.1,0,18
2026-09-09 15:28:42,20,30,33,22.1,34.9,23.7,30.9,0,18
2026-09-09 15:33:42,8,22,23,22.2,34.8,23.7,30.7,0,18
2026-09-09 15:38:42,7,22,22,22.2,34.5,23.8,30.4,0,18
2026-09-09 15:43:42,8,24,24,22.2,34.3,23.8,30.5,0,18
2026-09-09 15:48:42,9,22,23,22.2,34.5,23.8,30.5,0,18
2026-09-09 15:53:42,12,24,25,22.2,34,23.8,30,0,17
2026-09-09 15:58:42,11,24,24,22.2,34.3,23.8,30.2,0,18
2026-09-09 16:03:42,11,23,25,22.2,34.5,23.7,30.5,0,18
2026-09-09 16:08:42,11,24,24,22.2,34.2,23.7,30.3,0,18
2026-09-09 16:13:42,9,24,25,22.2,34.1,23.6,30.2,0,18
2026-09-09 16:18:42,11,26,28,22.1,34,23.6,30,0,18
2026-09-09 16:23:42,14,28,29,22,34.4,23.5,30.5,0,18
2026-09-09 16:28:42,8,23,24,22,34.4,23.5,30.5,0,21
2026-09-09 16:33:43,11,26,27,22,34.7,23.5,30.6,0,18
2026-09-09 16:38:42,9,24,24,21.9,34.5,23.5,30.5,0,19
2026-09-09 16:43:44,15,26,26,21.9,34.1,23.4,30.1,0,16
2026-09-09 16:48:45,20,34,38,21.9,34.3,23.4,30.3,0,18
2026-09-09 16:53:43,19,32,36,21.9,34.6,23.4,30.6,0,18
2026-09-09 16:58:44,24,41,48,21.9,34.3,23.4,30.4,0,18
2026-09-09 17:03:42,11,24,25,21.9,34.7,23.4,30.5,0,18
2026-09-09 17:08:43,9,22,24,21.8,34.1,23.4,30.1,0,18
2026-09-09 17:13:42,11,22,22,21.9,34.2,23.4,30.3,0,16
2026-09-09 17:18:42,9,22,22,21.8,34.7,23.4,30.8,0,19
2026-09-09 17:23:43,15,28,30,21.8,35.1,23.4,31,0,16
2026-09-09 17:28:43,18,32,35,21.9,35.5,23.3,31.4,0,18
2026-09-09 17:33:42,12,25,26,21.8,35.8,23.3,31.6,0,18
2026-09-09 17:38:42,9,24,24,21.8,35.9,23.2,31.8,0,18
2026-09-09 17:43:42,15,29,30,21.7,36.2,23.2,32.1,0,18
2026-09-09 17:48:43,9,24,24,21.7,36.3,23.1,32.3,0,21
2026-09-09 17:53:43,13,26,27,21.7,36.3,23.1,32.2,0,21
2026-09-09 17:58:51,13,24,25,21.6,36.5,23.1,32.3,0,18
2026-09-09 18:03:42,8,22,22,21.6,36.6,23,32.4,0,13
2026-09-09 18:08:42,11,26,27,21.6,36.5,23,32.4,0,17
2026-09-09 18:13:43,8,23,24,21.5,36.6,23,32.5,0,18
2026-09-09 18:18:42,12,23,25,21.5,36.9,23,32.7,0,13
2026-09-09 18:23:42,8,22,22,21.5,37,22.9,32.9,0,18
2026-09-09 18:28:42,12,25,25,21.4,37.2,22.9,33.1,0,16
2026-09-09 18:33:43,8,22,22,21.4,37.4,22.9,33.4,0,16
2026-09-09 18:38:45,9,22,24,21.3,37.4,22.8,33.6,0,13
2026-09-09 18:43:42,9,22,22,21.3,37.6,22.7,33.7,0,18
2026-09-09 18:48:56,7,19,22,21.2,37.8,22.6,34,0,18
2026-09-09 18:53:42,7,23,23,21.2,37.8,22.6,34.1,0,17
2026-09-09 18:58:43,8,22,22,21.1,38.3,22.5,34.5,0,18
2026-09-09 19:03:45,9,20,22,21.1,38.3,22.5,34.8,0,12
2026-09-09 19:08:42,8,18,19,21.1,38.5,22.4,34.9,0,13
2026-09-09 19:13:45,7,19,24,21,38.4,22.3,35.1,0,13
2026-09-09 19:18:53,7,15,20,20.9,38.6,22.2,35.1,0,18
2026-09-09 19:23:51,7,17,18,20.9,38.8,22.1,35.5,0,16
2026-09-09 19:28:43,6,19,21,20.8,39.2,22,35.7,0,18
2026-09-09 19:33:43,6,17,19,20.7,39.3,21.9,35.9,0,18
2026-09-09 19:38:46,6,14,15,20.7,39.4,21.8,36.2,0,14
2026-09-09 19:43:45,7,12,12,20.6,39.7,21.7,36.4,0,17
2026-09-09 19:48:45,7,14,14,20.5,40,21.6,36.7,0,13
2026-09-09 19:53:48,6,11,15,20.4,40,21.5,36.9,0,13
2026-09-09 19:58:43,6,14,17,20.3,40.3,21.3,37.2,0,14
2026-09-09 20:03:51,6,19,19,20.2,40.6,21.2,37.3,0,11
2026-09-09 20:08:43,7,16,17,20.1,40.7,21.1,37.6,0,13
2026-09-09 20:13:50,7,20,21,20,40.9,21,37.7,0,19
2026-09-09 20:18:42,7,15,17,19.9,40.9,20.9,37.9,0,18
2026-09-09 20:23:46,8,24,28,19.8,41.2,20.9,38.2,0,15
2026-09-09 20:28:50,7,20,21,19.8,41.3,20.8,38.3,0,12
2026-09-09 20:33:42,5,17,19,19.7,41.5,20.7,38.5,0,12
2026-09-09 20:38:46,26,42,48,19.6,41.6,20.6,38.6,0,13
2026-09-09 20:43:44,23,37,45,19.6,41.8,20.5,38.9,0,16
2026-09-09 20:48:46,7,18,20,19.5,42,20.4,39.2,0,13
2026-09-09 20:53:43,5,17,18,19.4,42.2,20.3,39.3,0,12
2026-09-09 20:58:46,7,16,16,19.4,42.2,20.3,39.3,0,12
2026-09-09 21:08:47,7,19,20,19.3,42.4,20.1,39.6,0,12
2026-09-09 21:14:54,5,9,9,19.2,42.6,20,39.8,0,13
2026-09-09 21:19:50,6,12,14,19.1,42.3,19.9,39.7,0,13
2026-09-09 21:24:58,6,9,9,19,42.6,19.9,39.8,0,17
2026-09-09 21:34:54,7,18,19,18.9,42.7,19.7,40.1,0,12
2026-09-09 21:39:50,6,13,16,18.8,43.1,19.6,40.4,0,13
2026-09-09 21:44:53,5,15,15,18.7,43,19.5,40.3,0,12
2026-09-09 21:49:56,7,16,18,18.7,43.2,19.4,40.7,0,15
2026-09-09 21:54:50,7,16,17,18.6,43.4,19.3,40.9,0,13
2026-09-09 21:59:53,7,16,18,18.5,43.5,19.2,41.1,0,17
2026-09-09 22:04:50,7,16,16,18.5,43.8,19.1,41.4,0,13
2026-09-09 22:09:59,7,16,17,18.4,43.9,19,41.6,0,15
2026-09-09 22:14:51,7,17,17,18.4,44,19,41.8,0,13
2026-09-09 22:19:53,7,18,20,18.3,43.7,18.9,41.4,0,12
2026-09-09 22:24:51,7,21,21,18.2,43.6,18.8,41.3,0,15
2026-09-09 22:29:51,9,20,22,18.2,43.7,18.7,41.2,0,12
2026-09-09 22:34:58,7,22,22,18.1,43.7,18.7,41.4,0,16
2026-09-09 22:39:51,10,26,26,18.1,43.8,18.6,41.7,0,16
2026-09-09 22:44:51,8,24,24,18,44,18.5,41.7,0,18
2026-09-09 22:49:50,6,14,19,18.4,47,20.2,44.6,0,13
2026-09-09 22:54:51,6,13,13,21.3,42,28.3,29,0,13
2026-09-09 22:59:51,8,15,16,23,38.1,29.3,26.2,0,15
2026-09-09 23:04:51,5,13,14,23.4,36.9,28.9,26.8,0,12
2026-09-09 23:09:54,7,19,19,23.2,35.4,26.3,28.3,0,12
2026-09-09 23:14:57,7,17,17,22,36.3,23.3,32,0,16
2026-09-09 23:19:51,7,18,20,20.9,37.6,21.5,34.7,0,12
2026-09-09 23:24:59,4,9,9,20,38.1,20.5,35.7,0,13
2026-09-09 23:29:52,5,9,9,19.4,38.8,19.8,36.6,0,13
2026-09-09 23:34:52,4,8,9,19,39.5,19.3,37.5,0,13
2026-09-09 23:39:54,4,6,6,18.6,39.5,19,37.4,0,12
2026-09-09 23:44:51,2,4,4,18.4,39.4,18.8,37.1,0,17
2026-09-09 23:49:54,0,0,0,18.3,40.3,19.1,38.9,0,13
2026-09-09 23:54:56,0,0,0,20,35.6,23.7,27.3,0,12
2026-09-09 23:59:51,0,0,0,19.8,34,21.8,28.8,0,13
2026-09-10 00:05:00,0,0,0,19.4,33.6,20.3,30.1,0,13
2026-09-10 00:09:54,0,0,0,18.9,33.7,19.3,30.7,0,12
2026-09-10 00:15:02,0,0,0,19.3,36.7,22.2,31,0,15
2026-09-10 00:19:51,0,1,1,22.3,33.4,29.7,22,0,13
2026-09-10 00:24:54,0,0,0,24.5,30.6,32,19.2,0,12
2026-09-10 00:29:51,0,0,0,26,28.7,33.2,18.2,0,16
2026-09-10 00:34:52,0,0,0,26.9,27.7,33.5,17.9,0,12
2026-09-10 00:40:04,0,0,0,26.8,26.6,31.4,18.7,0,15
2026-09-10 00:44:58,0,0,0,24.9,27.7,26.5,23.2,0,13
2026-09-10 00:49:51,0,0,0,24.9,28.2,28.4,21.7,0,15
2026-09-10 00:54:54,0,0,0,26.2,27.4,32.2,18.4,0,12
2026-09-10 00:59:51,0,0,0,27,26.5,33.3,17.5,0,15
2026-09-10 01:04:52,0,1,1,27.3,26,33,17.2,0,19
2026-09-10 01:09:51,0,1,1,26.6,26.8,30.8,19.4,0,19
2026-09-10 01:14:51,0,1,1,27.2,26.1,33.1,17.5,0,19
2026-09-10 01:19:58,0,0,0,26.1,26.1,28.9,19.9,0,15
2026-09-10 01:24:51,0,0,0,23.9,27.8,24.8,23.9,0,13
2026-09-10 01:29:51,0,0,0,22.2,29.2,22.3,26.8,0,16
2026-09-10 01:34:51,0,1,1,21.7,31.9,23.3,28.1,0,16
2026-09-10 01:39:52,0,1,1,23.8,30,30,20.7,0,21
2026-09-10 01:44:51,0,0,0,25.5,28.1,32.3,18.3,0,19
2026-09-10 01:50:00,0,0,1,26.6,26.8,33.3,17,0,19
2026-09-10 01:54:52,0,0,0,27.2,26.2,33.5,16.6,0,17
2026-09-10 01:59:52,0,0,0,27.5,25.8,33.6,16.7,0,19
2026-09-10 02:04:51,0,0,0,27.4,25.5,,,,19
2026-09-10 02:09:52,0,0,0,27.8,25.3,33.8,16.4,0,19
2026-09-10 02:14:52,0,0,0,28,25,34,16.1,0,13
2026-09-10 02:19:54,0,0,0,28.2,24.8,34.1,16.1,0,16
2026-09-10 02:24:52,0,0,0,28.2,24.8,34.1,16.1,0,19
2026-09-10 02:29:52,0,0,0,28.3,24.6,34,16.1,0,17
2026-09-10 02:34:52,0,0,0,28.4,24.9,34.4,16,0,18
2026-09-10 02:39:52,0,0,0,28.4,24.6,34.3,16,0,19
2026-09-10 02:44:52,0,0,0,28.4,24.7,34.2,16.1,0,15
2026-09-10 02:50:06,0,0,0,28.4,24.6,34.1,16,0,19
2026-09-10 02:54:52,0,1,1,28.4,24.7,34.2,16.1,0,16
2026-09-10 02:59:52,0,0,0,28.4,24.9,34.2,16.1,0,16
2026-09-10 03:04:52,0,2,2,27.6,24.8,31.4,17.8,0,16
2026-09-10 03:09:52,0,1,1,25.5,26.1,26.6,21.8,0,15
2026-09-10 03:14:52,0,1,1,26.3,26.7,31.6,18.4,0,17
2026-09-10 03:19:52,0,0,0,27,25.9,33,17.1,0,17
2026-09-10 03:24:52,0,0,0,27.5,25.5,33.6,16.5,0,19
2026-09-10 03:29:52,0,1,1,27,25.2,30.8,17.9,0,13
2026-09-10 03:34:58,0,0,1,25.8,25.9,28.1,20,0,13
2026-09-10 03:39:52,0,1,1,23.7,26.9,24.4,23.3,0,16
2026-09-10 03:44:52,0,0,0,24,28.6,28.6,21.1,0,19
2026-09-10 03:49:52,0,0,0,25.7,27.2,32.1,18,0,16
2026-09-10 03:54:52,0,1,1,26.7,26.3,33.1,17,0,16
2026-09-10 03:59:52,0,0,1,27.2,25.7,33.5,16.4,0,19
2026-09-10 04:04:53,0,0,0,27.6,25.3,33.7,16.2,0,17
2026-09-10 04:09:52,0,0,0,27.8,25,33.8,16.2,0,16
2026-09-10 04:14:52,0,0,0,28,24.8,34.1,15.9,0,19
2026-09-10 04:19:52,0,0,0,28.1,24.4,34,15.9,0,19
2026-09-10 04:24:59,0,0,0,28.2,24.6,33.9,15.9,0,12
2026-09-10 04:29:53,0,0,0,28.3,24.2,34.1,15.5,0,16
2026-09-10 04:35:01,0,0,0,28.1,24,33.4,15.8,0,19
2026-09-10 04:39:53,0,0,0,28.2,24.1,33.9,15.6,0,19
2026-09-10 04:44:52,0,0,0,28.2,24.2,34,15.5,0,19
2026-09-10 04:49:52,0,1,2,28.2,24.2,34,15.6,0,19
2026-09-10 04:54:53,0,0,0,28.2,24.3,34,15.8,0,19
2026-09-10 04:59:52,0,0,0,28.2,24.3,34,15.8,0,15
2026-09-10 05:04:53,0,0,0,28.3,24.4,34.1,16,0,19
2026-09-10 05:09:52,0,0,0,28.4,24.5,34.3,15.7,0,22
2026-09-10 05:14:53,0,0,0,28.3,24.2,34,15.8,0,19
2026-09-10 05:19:53,0,1,1,28.3,24.2,34,15.9,0,13
2026-09-10 05:24:53,0,1,1,28.4,24.3,34.3,15.6,0,19
2026-09-10 05:29:53,0,1,1,28.4,24.1,34.1,15.5,0,19
2026-09-10 05:34:53,0,1,1,27.8,24.3,32.3,16.5,0,19
2026-09-10 05:39:53,0,0,0,27,25.2,31.7,17.7,0,18
2026-09-10 05:44:53,0,1,1,27.5,24.8,33.3,16.3,0,19
2026-09-10 05:50:01,0,0,0,27.8,24.6,33.7,15.9,0,15
2026-09-10 05:54:53,0,2,2,27.9,24.3,33.7,16,0,19
2026-09-10 05:59:53,0,0,1,28.1,24.5,34,16,0,19
2026-09-10 06:04:56,0,1,1,28.2,24.5,34.1,15.7,0,15
2026-09-10 06:09:56,0,1,1,28.2,24.6,34.2,15.9,0,12
2026-09-10 06:15:07,0,0,1,28.3,24.4,34.1,15.7,0,13
2026-09-10 06:19:56,0,2,2,28.3,24.3,34,15.7,0,13
2026-09-10 06:24:58,0,0,0,28.3,24.4,34.1,15.8,0,13
2026-09-10 06:29:58,0,0,0,28.3,24.3,33.9,15.9,0,13
2026-09-10 06:35:00,0,0,0,28.3,24.2,34,15.6,0,13
2026-09-10 06:39:56,0,0,0,28.3,24.3,33.9,15.7,0,15
2026-09-10 06:44:53,0,0,0,28.3,23.8,33.9,15.3,0,13
2026-09-10 06:49:54,0,1,1,28.3,23.4,34.1,14.9,0,12
2026-09-10 06:55:00,0,0,0,28.3,23.8,34.2,15.1,0,12
2026-09-10 06:59:54,0,0,0,28.3,23.7,34.2,15.1,0,15
2026-09-10 07:05:21,0,0,0,28.4,23.9,34.3,15.2,0,15
2026-09-10 07:09:54,0,0,0,28.4,23.3,34.2,14.8,0,15
2026-09-10 07:14:54,0,0,0,28.4,23.2,34.2,14.7,0,19
2026-09-10 07:19:56,0,0,0,28.4,23.6,34.2,15,0,12
2026-09-10 07:24:53,0,0,0,28.4,23.7,34.1,15.1,0,12
2026-09-10 07:29:54,0,0,0,28.4,23.6,34.3,15,0,12
2026-09-10 07:34:56,0,0,0,28.4,23.4,34.2,15,0,15
2026-09-10 07:40:06,0,0,0,28.4,23.7,34.2,15.1,0,16
2026-09-10 07:44:53,2,8,8,28.4,23.5,34.3,15.1,0,15
2026-09-10 07:50:02,0,1,1,28.5,23.6,34.4,14.9,0,16
2026-09-10 07:54:54,0,0,0,28.4,23.3,34.2,14.6,0,12
2026-09-10 07:59:56,2,6,6,28.5,23.1,34.4,14.7,0,12
2026-09-10 08:05:00,0,0,0,28.5,23.3,34.3,14.7,0,12
2026-09-10 08:09:55,0,0,0,28.5,23.3,34.2,14.8,0,12
2026-09-10 08:15:06,0,1,1,28.5,23.3,,,,16
2026-09-10 08:20:01,0,0,1,28.6,23.5,34.5,14.7,0,18
2026-09-10 08:24:54,0,1,2,28.5,23.3,34.4,14.8,0,18
2026-09-10 08:29:57,0,1,2,28.6,23.4,34.7,14.8,0,15
2026-09-10 08:34:54,0,1,2,28.5,23.3,34.4,14.9,0,15
2026-09-10 08:40:03,0,1,1,28.6,23.4,34.4,15,0,15
2026-09-10 08:44:53,0,0,0,28.6,23.3,34.4,14.7,0,12
2026-09-10 08:49:58,0,0,0,28.6,23.2,34.8,14.6,0,15
2026-09-10 08:55:21,0,1,1,28.7,23.3,34.5,14.7,0,15
2026-09-10 08:59:54,0,1,3,28.7,23,34.3,14.6,0,17
2026-09-10 09:04:54,0,1,1,26.8,23.9,28.9,18.2,0,12
2026-09-10 09:09:53,0,3,3,24.6,25.9,25,22.3,0,10
2026-09-10 09:14:55,0,4,4,22.6,27.3,22.7,24.8,0,11
2026-09-10 09:19:54,0,3,3,21.3,29.2,21.3,26.9,0,15
2026-09-10 09:24:54,1,5,6,20.4,30.8,20.4,28.7,0,12
2026-09-10 09:29:54,7,15,15,19.7,31.9,19.8,29.8,0,13
2026-09-10 09:34:54,3,6,7,19.2,32.9,19.3,31,0,12
2026-09-10 09:39:55,4,9,10,18.8,33.8,19,31.6,0,18
2026-09-10 09:45:00,3,6,6,18.5,34,18.8,31.7,0,15
2026-09-10 09:49:57,2,4,4,18.3,34.4,18.6,31.9,0,14
2026-09-10 09:54:54,3,4,5,18.2,34.8,18.4,32.2,0,18
2026-09-10 10:00:08,4,7,8,18.1,35,18.4,32.2,0,18
2026-09-10 10:05:20,13,26,29,18,35.1,18.3,32.3,0,18
2026-09-10 10:09:57,2,7,7,17.9,35.7,18.2,32.9,0,19
2026-09-10 10:15:07,1,6,6,17.9,35.9,18.2,33.1,0,18
2026-09-10 10:19:57,3,7,7,17.9,36.2,18.2,33.5,0,18
2026-09-10 10:24:54,3,7,7,17.9,36.8,18.2,33.9,0,19
2026-09-10 10:29:54,2,7,7,17.9,36.9,18.2,34.1,0,21
2026-09-10 10:34:54,4,9,9,17.9,37.3,18.2,34.7,0,13
2026-09-10 10:39:54,3,6,6,17.9,37.3,18.2,34.6,0,18
2026-09-10 10:44:54,4,7,8,17.9,37.4,18.3,34.8,0,13
2026-09-10 10:49:54,4,9,13,18,38.1,18.4,35.5,0,18
2026-09-10 10:54:54,10,25,25,18,38.5,18.4,35.9,0,18
2026-09-10 10:59:54,5,13,16,18.1,38.4,18.5,35.8,0,18
2026-09-10 11:04:56,10,27,29,18.1,38.7,18.6,35.9,0,17
2026-09-10 11:09:54,7,17,19,18.2,38.8,18.6,36.1,0,18
2026-09-10 11:14:57,36,100,122,18.2,38.9,18.7,36.4,0,13
2026-09-10 11:19:54,6,17,17,18.2,39.2,18.7,36.5,0,15
2026-09-10 11:24:54,7,19,19,18.3,39.4,18.8,36.8,0,18
2026-09-10 11:29:54,14,30,32,18.3,39.7,18.8,37.3,0,16
2026-09-10 11:34:55,12,25,28,18.3,39.9,18.8,37.5,0,18
2026-09-10 11:39:54,10,26,28,18.3,40.6,18.8,38.1,0,16
2026-09-10 11:44:54,13,30,33,18.4,40.4,18.9,38,0,18
2026-09-10 11:49:54,10,24,24,18.4,39.8,18.9,37.4,0,18
2026-09-10 11:54:54,24,36,42,18.4,40.8,18.9,38.4,0,20
2026-09-10 11:59:57,24,37,41,18.4,41,19,38.7,0,12
2026-09-10 12:04:54,24,37,41,18.5,41,19,38.7,0,17
2026-09-10 12:09:54,24,35,38,18.5,41.3,19,38.8,0,17
2026-09-10 12:14:55,24,39,46,18.5,41.2,19,39,0,18
2026-09-10 12:19:54,26,42,50,18.5,41.6,19,39.5,0,18
2026-09-10 12:24:54,25,39,47,18.6,41.7,19.1,39.4,0,18
2026-09-10 12:29:55,26,41,49,18.6,41.9,19.2,39.5,0,18
2026-09-10 12:34:55,24,36,40,18.7,41.3,19.3,38.8,0,18
2026-09-10 12:39:54,27,43,51,18.8,41.4,19.4,39,0,18
2026-09-10 12:44:55,25,40,46,18.8,41.5,19.5,39,0,18
2026-09-10 12:49:54,26,40,52,18.9,41.4,19.5,39.1,0,18
2026-09-10 12:54:55,25,36,40,18.9,41.3,19.6,38.7,0,18
2026-09-10 12:59:54,32,60,80,19,41.1,19.7,38.7,0,12
2026-09-10 13:05:01,27,39,46,19,40.8,19.8,38.3,0,11
2026-09-10 13:09:54,23,36,42,19.1,40.4,19.8,37.8,0,18
2026-09-10 13:14:55,23,35,42,19.1,40.1,19.9,37.1,0,19
2026-09-10 13:19:54,16,30,30,19.2,38.6,19.9,35.2,0,17
2026-09-10 13:24:55,5,20,21,19.2,37.6,19.9,34.3,0,15
2026-09-10 13:29:55,8,19,21,19.2,37,20,33.7,0,18
2026-09-10 13:35:21,19,39,48,19.2,37.1,20,34,0,10
2026-09-10 13:39:54,2,8,12,19.3,35.8,20.1,31.7,0,15
2026-09-10 13:44:55,0,1,1,19.3,33.9,20.1,30.5,0,18
2026-09-10 13:49:55,0,0,0,19.3,32.7,20,28.7,0,19
2026-09-10 13:54:55,0,0,0,19.2,33.4,19.8,30.7,0,21
2026-09-10 13:59:55,0,0,0,19,32.3,19.5,29,0,17
2026-09-10 14:04:55,0,0,0,18.9,32.3,19.2,29.4,0,18
2026-09-10 14:09:55,0,0,0,18.7,32.5,19,29.7,0,21
2026-09-10 14:14:54,0,0,0,18.5,32,18.8,29.5,0,18
2026-09-10 14:19:55,0,0,0,18.4,32.4,18.6,29.6,0,18
2026-09-10 14:24:54,0,0,0,18.3,32.3,18.4,29.7,0,18
2026-09-10 14:29:55,0,0,0,18.1,32.4,18.3,29.5,0,18
2026-09-10 14:34:55,0,0,0,18,33.7,18.1,31.1,0,18
2026-09-10 14:39:55,0,0,0,17.9,34.5,17.9,31.9,0,18
2026-09-10 14:44:55,0,0,0,17.7,35.7,17.7,33.3,0,18
2026-09-10 14:49:54,0,0,0,17.6,36.1,17.6,33.7,0,18
2026-09-10 14:54:55,0,0,0,17.5,35.6,17.5,32.8,0,21
2026-09-10 14:59:55,0,0,0,17.4,35.6,17.3,32.8,0,19
2026-09-10 15:04:55,0,0,0,17.3,35.4,17.1,33,0,16
2026-09-10 15:09:55,0,3,3,17.1,35.7,17,33.2,0,18
2026-09-10 15:14:54,0,0,0,17.1,36.6,16.9,34.4,0,18
2026-09-10 15:19:55,0,0,0,18.8,35.9,22.5,27.5,0,18
2026-09-10 15:24:55,0,0,0,20.1,35.8,25.7,25.4,0,17
2026-09-10 15:29:56,0,0,0,22.3,32.4,,,,17
2026-09-10 15:34:55,0,0,0,24.1,30,31.6,18.3,0,18
2026-09-10 15:39:55,0,0,0,24.1,27.7,27.8,19.8,0,18
2026-09-10 15:44:55,0,0,0,22.4,28.6,23.3,23.9,0,18
2026-09-10 15:49:56,0,0,0,20.9,29.6,20.6,27,0,18
2026-09-10 15:54:55,0,0,0,19.7,30.9,19.2,28.8,0,20
2026-09-10 15:59:55,0,0,0,18.8,31.7,18.3,30,0,18
2026-09-10 16:04:55,0,0,0,18.3,32.6,17.8,31,0,18
2026-09-10 16:09:55,0,0,0,17.8,33.3,17.4,31.5,0,18
2026-09-10 16:14:55,0,0,0,17.5,33.9,17.2,32,0,18
2026-09-10 16:19:55,0,0,0,17.3,34.2,17,32.3,0,18
2026-09-10 16:24:56,0,0,0,17.9,36.8,20.8,30.5,0,18
2026-09-10 16:29:55,0,0,0,19.3,33.8,22.9,26.2,0,18
2026-09-10 16:34:55,0,0,0,21.4,31.8,,,,18
2026-09-10 16:39:55,0,0,0,23.4,29.9,31.2,18.3,0,17
2026-09-10 16:44:55,0,0,0,24.5,27.8,30.4,17.9,0,18
2026-09-10 16:49:56,0,0,0,23.3,27.4,25.6,21.3,0,18
2026-09-10 16:54:55,0,0,0,21.7,28.5,22,24.9,0,16
2026-09-10 16:59:55,0,0,0,20.3,29.6,20,27.1,0,18
2026-09-10 17:04:55,0,0,0,19.3,30.6,18.8,28.8,0,17
2026-09-10 17:09:55,0,0,0,19.1,33.9,20.5,30.6,0,18
2026-09-10 17:14:55,0,0,0,21.9,30.7,29.1,19.8,0,18
2026-09-10 17:19:55,0,0,0,23.9,28.4,31.5,17.5,0,21
2026-09-10 17:24:55,0,0,0,25.7,26.8,33,16.1,0,18
2026-09-10 17:29:56,0,0,0,25.8,25.9,30.3,17.5,0,18
2026-09-10 17:34:55,0,0,0,23.8,26.2,25,21.6,0,17
2026-09-10 17:39:56,0,0,0,22,28.1,21.8,25.2,0,18
2026-09-10 17:44:55,0,0,0,20.5,29.3,19.9,27.2,0,18
2026-09-10 17:49:56,0,0,0,19.4,30.3,18.9,28.5,0,17
2026-09-10 17:54:55,0,0,0,18.7,31.1,18.3,29.3,0,17
2026-09-10 17:59:55,0,0,0,18.2,32.2,17.9,30.3,0,21
2026-09-10 18:04:56,0,0,0,17.8,32.6,17.6,30.8,0,21
2026-09-10 18:09:56,0,0,0,19.4,34.5,24.9,24.8,0,18
2026-09-10 18:14:55,0,0,0,22.1,31,29.9,19.4,0,16
2026-09-10 18:19:55,0,0,0,24,28.9,31.8,17.4,0,18
2026-09-10 18:24:56,0,0,0,25.3,27.3,32.4,16.5,0,18
2026-09-10 18:29:55,0,0,0,26.1,26.1,32.8,16,0,18
2026-09-10 18:34:55,0,0,0,26.4,25.6,32.6,15.9,0,18
2026-09-10 18:39:55,0,0,0,26.7,25.3,32.6,16.1,0,16
2026-09-10 18:44:55,0,0,0,27.1,24.7,33.3,15.5,0,16
2026-09-10 18:49:58,0,0,0,27.3,24.4,33.4,15.2,0,19
2026-09-10 18:54:55,0,0,0,27.5,24,33.3,15.1,0,16
2026-09-10 18:59:56,0,0,0,27.6,24,33.4,15.2,0,16
2026-09-10 19:04:56,0,0,0,27.7,23.6,33.7,14.9,0,17
2026-09-10 19:09:56,0,0,0,27.7,23.7,33.6,14.8,0,18
2026-09-10 19:14:56,0,0,0,27.8,23.6,33.5,14.8,0,18
2026-09-10 19:19:56,0,0,0,27.9,23.5,33.6,15,0,17
2026-09-10 19:24:56,0,0,0,27.8,23.5,33.5,15,0,17
2026-09-10 19:29:56,0,0,0,27.6,23.7,33.2,15.2,0,18
2026-09-10 19:34:56,0,0,0,27.6,23.6,33.4,14.9,0,18
2026-09-10 19:39:55,0,0,0,27.5,23.5,33.1,14.9,0,17
2026-09-10 19:44:56,0,0,0,27.6,23.6,33.2,15,0,17
2026-09-10 19:49:55,0,0,0,27.6,23.8,33.3,15.1,0,18
2026-09-10 19:54:57,0,0,0,27.6,23.7,33.3,15.1,0,16
2026-09-10 19:59:56,0,0,0,27.5,23.5,33.4,14.6,0,18
2026-09-10 20:04:56,0,0,0,27.4,23.5,33.3,14.8,0,16
2026-09-10 20:09:56,0,0,0,27.3,23.5,32.9,14.8,0,18
2026-09-10 20:14:56,0,0,0,27.3,23.3,,,,18
2026-09-10 20:19:56,0,0,0,27.4,23.7,32.9,15.2,0,18
2026-09-10 20:24:56,0,0,0,27.3,23.6,33.2,15,0,18
2026-09-10 20:29:56,0,0,0,27.2,23.6,32.9,15,0,16
2026-09-10 20:34:56,0,0,0,27.1,23.5,32.7,15,0,16
2026-09-10 20:39:56,0,0,0,27.2,23.6,32.8,15.1,0,18
2026-09-10 20:44:56,0,0,0,27.2,23.3,32.9,15,0,18
2026-09-10 20:49:56,0,0,0,27.2,23.6,33,14.7,0,18
2026-09-10 20:54:56,0,0,0,27.2,23.2,,,,15
2026-09-10 20:59:56,0,0,0,27.2,23.5,32.7,15.1,0,18
2026-09-10 21:04:56,0,0,0,27.1,23.8,32.9,15,0,21
2026-09-10 21:09:56,0,0,0,27,23.6,32.8,14.9,0,18
2026-09-10 21:14:56,0,0,0,27,23.7,32.6,15,0,16
2026-09-10 21:19:58,0,0,0,26.9,23.7,32.3,15.4,0,16
2026-09-10 21:24:56,0,0,0,26.9,23.7,32.5,15,0,16
2026-09-10 21:29:56,0,0,0,26.9,23.6,32.5,15.1,0,18
2026-09-10 21:34:56,0,0,0,27,23.4,32.9,14.6,0,18
2026-09-10 21:39:56,0,0,0,27.1,23,33.2,14.3,0,18
2026-09-10 21:44:56,0,0,0,27.2,22.9,32.9,14.3,0,18
2026-09-10 21:49:56,0,0,0,27.3,22.9,33,14.3,0,18
2026-09-10 21:54:56,0,0,0,27.6,22.7,33.8,13.9,0,18
2026-09-10 21:59:56,0,0,0,27.8,22.4,34,13.6,0,18
2026-09-10 22:04:57,0,0,0,27.9,22.2,34,13.5,0,19
2026-09-10 22:09:56,0,0,0,28,21.8,34,13.2,0,17
2026-09-10 22:14:56,0,0,0,28,21.9,33.8,13.3,0,16
2026-09-10 22:19:57,0,0,0,28,21.7,33.7,13.5,0,18
2026-09-10 22:24:56,0,0,0,27.9,22.2,33.5,13.9,0,18
2026-09-10 22:29:56,0,0,0,27.9,22,33.6,13.8,0,18
2026-09-10 22:34:56,0,0,0,28,22.1,34.1,13.6,0,18
2026-09-10 22:39:56,0,0,0,27.9,22.2,33.6,13.8,0,16
2026-09-10 22:44:56,0,0,0,28,22.4,33.6,13.8,0,21
2026-09-10 22:49:56,0,0,0,27.9,22.2,33.3,14.1,0,17
2026-09-10 22:54:56,0,0,0,28,22.4,33.6,14,0,18
2026-09-10 22:59:56,0,1,1,28.1,23.8,34.3,15,0,18
2026-09-10 23:04:56,0,3,5,28.3,24.5,34.3,15.6,0,21
2026-09-10 23:09:57,0,3,3,28.4,24.9,34.4,15.9,0,16
2026-09-10 23:14:56,1,4,5,28.5,24.8,34.3,16.3,0,16
2026-09-10 23:19:56,2,4,4,28.7,25.3,,,,16
2026-09-10 23:24:56,1,4,4,28.9,25.2,35.1,16.2,0,15
2026-09-10 23:29:56,2,5,6,28.9,25.3,35.1,16.3,0,16
2026-09-10 23:34:56,2,5,6,29,25.4,35.3,16.1,0,18
2026-09-10 23:39:56,1,4,4,29.1,25.2,35.2,16.1,0,18
2026-09-10 23:44:56,2,6,6,29.1,25.6,35,16.7,0,15
2026-09-10 23:49:57,3,6,6,29.1,25.5,35.1,16.7,0,18
2026-09-10 23:54:56,1,4,4,29.1,25.7,35.3,16.5,0,16
2026-09-10 23:59:56,2,3,4,29.1,25.8,35.4,16.3,0,18
2026-09-11 00:04:56,3,4,5,29.4,25.3,35.6,16.1,0,17
2026-09-11 00:09:57,2,4,4,29.1,25.4,34.9,16.9,0,16
2026-09-11 00:15:05,1,4,5,29.2,25.6,35.3,16.8,0,16
2026-09-11 00:19:56,3,4,4,29.3,25.9,35.4,16.7,0,15
2026-09-11 00:24:56,2,6,6,29.3,25.6,35.6,16.5,0,18
2026-09-11 00:29:56,2,4,4,29.3,25.5,35.3,16.5,0,18
2026-09-11 00:34:56,3,6,6,29.3,25.7,35.3,16.8,0,13
2026-09-11 00:39:57,2,4,7,29.4,25.5,35.7,16.3,0,16
2026-09-11 00:44:56,2,3,4,29.7,25.2,36.1,15.9,0,18
2026-09-11 00:49:56,1,3,3,29.6,25.1,35.9,16,0,13
2026-09-11 00:54:59,2,4,4,29.5,25.3,35.4,16.3,0,13
2026-09-11 00:59:56,1,3,3,29.4,25.4,35.1,16.8,0,18
2026-09-11 01:04:57,3,5,5,29.3,25.7,35.2,16.8,0,18
2026-09-11 01:09:56,1,4,5,29.5,25.4,35.4,16.5,0,17
2026-09-11 01:14:56,2,5,5,29.5,25.3,35.4,16.2,0,17
2026-09-11 01:19:56,2,5,5,29.5,25,,,,17
2026-09-11 01:24:56,2,5,5,29.4,25.2,35,16.6,0,18
2026-09-11 01:29:56,1,4,4,29.4,25.5,35.2,16.6,0,18
2026-09-11 01:34:56,1,3,3,29.3,25.2,35.2,16.4,0,15
2026-09-11 01:39:56,3,6,6,29.3,25.5,35.4,16.3,0,18
2026-09-11 01:44:56,2,5,5,29.5,25.2,35.7,16.1,0,18
2026-09-11 01:50:02,3,5,6,29.4,25.5,35.2,16.8,0,18
2026-09-11 01:54:56,2,5,5,29.3,25.6,35.3,16.8,0,17
2026-09-11 01:59:56,0,2,3,29.3,24.9,35.5,16.1,0,18
2026-09-11 02:04:57,0,1,1,29.3,24.8,35.4,15.7,0,16
2026-09-11 02:09:57,0,0,0,29.1,24.7,35,15.9,0,15
2026-09-11 02:14:57,0,1,2,29.1,24.8,35.3,16,0,16
2026-09-11 02:20:05,0,2,2,29.2,24.8,35.5,15.7,0,13
2026-09-11 02:24:57,0,3,3,29.2,24.9,35.4,15.9,0,18
2026-09-11 02:29:57,2,4,4,29.1,25.2,35.2,16.5,0,18
2026-09-11 02:34:56,1,5,5,29.2,25.7,35.3,16.6,0,18
2026-09-11 02:39:56,3,8,8,29.1,25.9,35.4,16.8,0,19
2026-09-11 02:44:57,6,11,11,29.2,26.2,35.4,17.1,0,13
2026-09-11 02:49:56,6,11,14,29.2,26.8,35.3,17.7,0,18
2026-09-11 02:54:56,7,15,16,29.2,27,35.4,17.8,0,16
2026-09-11 02:59:57,6,13,14,29.2,27.1,35.5,17.7,0,16
2026-09-11 03:04:57,5,9,11,29.2,27.1,35.5,17.7,0,16
2026-09-11 03:09:57,4,8,8,29.2,26.9,35.4,17.7,0,18
2026-09-11 03:14:57,5,8,8,29.2,27.2,35.2,18.2,0,15
2026-09-11 03:19:56,4,7,8,29.2,27.2,35.4,18.2,0,18
2026-09-11 03:24:57,4,7,8,29.2,27.3,35.5,18,0,18
2026-09-11 03:29:56,3,7,8,29,27.5,35.3,18,0,16
2026-09-11 03:34:57,5,8,10,29,27.4,35.3,18,0,18
2026-09-11 03:39:57,3,7,7,29,27.5,35.1,18.3,0,16
2026-09-11 03:44:57,3,7,7,28.9,27.6,35,18.5,0,16
2026-09-11 03:49:57,4,8,8,28.9,27.7,35.4,18.3,0,19
2026-09-11 03:54:57,6,12,12,28.9,27.5,35.3,18.1,0,16
2026-09-11 03:59:56,4,8,8,28.9,27.6,35.3,18.1,0,16
2026-09-11 04:05:20,3,7,7,28.8,27.5,35,18.5,0,16
2026-09-11 04:09:57,3,7,7,28.8,27.9,35,18.6,0,18
2026-09-11 04:14:57,1,6,7,28.8,27.6,35.1,18.3,0,18
2026-09-11 04:19:57,4,7,8,28.8,27.5,35.2,18,0,18
2026-09-11 04:24:57,4,7,7,28.7,27.5,34.7,18.6,0,17
2026-09-11 04:29:57,2,4,4,28.7,27.6,34.8,18.5,0,16
2026-09-11 04:34:57,2,5,7,28.7,27.4,35.1,18.1,0,19
2026-09-11 04:39:58,6,11,11,28.6,27.3,34.9,18.2,0,19
2026-09-11 04:44:57,4,10,10,28.6,27.8,34.6,18.7,0,16
2026-09-11 04:49:57,6,11,12,28.6,27.6,34.8,18.6,0,18
2026-09-11 04:54:57,4,10,11,28.6,27.9,35.1,18.4,0,18
2026-09-11 04:59:58,5,12,14,28.6,27.8,34.9,18.4,0,16
2026-09-11 05:04:57,3,8,8,28.5,28,34.6,19,0,16
2026-09-11 05:09:57,6,11,14,28.6,27.9,35,18.7,0,16
2026-09-11 05:14:57,4,10,10,28.7,27.9,35,18.5,0,17
2026-09-11 05:20:00,5,7,7,28.5,28.1,,,,18
2026-09-11 05:24:57,4,7,7,28.5,28.2,34.6,19,0,19
2026-09-11 05:29:57,5,7,7,28.5,28.1,34.8,18.9,0,19
2026-09-11 05:34:57,5,9,9,28.5,28,34.9,18.6,0,17
2026-09-11 05:39:57,3,7,7,28.5,28,34.7,18.7,0,18
2026-09-11 05:44:57,3,4,4,28.5,28.1,34.6,19.1,0,19
2026-09-11 05:49:57,2,6,6,28.5,28.1,34.8,18.9,0,12
2026-09-11 05:54:57,2,4,4,28.5,28,34.7,18.8,0,16
2026-09-11 05:59:57,4,6,6,28.5,27.9,34.8,18.5,0,16
2026-09-11 06:04:57,3,4,4,28.5,28.3,34.6,19.1,0,15
2026-09-11 06:09:57,2,5,5,28.5,28.3,34.9,18.9,0,18
2026-09-11 06:14:57,2,4,4,28.6,28.1,35.1,18.6,0,15
2026-09-11 06:19:57,2,5,5,28.5,28,34.9,18.6,0,18
2026-09-11 06:24:57,1,5,5,28.4,28,34.5,18.8,0,18
2026-09-11 06:29:57,1,3,4,28.3,28.2,34.3,19.3,0,15
2026-09-11 06:34:57,0,0,0,28.3,28.3,34.6,19.1,0,18
2026-09-11 06:39:57,0,4,4,28.4,28.1,34.6,18.9,0,18
2026-09-11 06:44:58,0,4,4,28.4,28.2,34.8,18.7,0,18
2026-09-11 06:49:57,0,3,4,28.4,28.2,34.7,18.7,0,18
2026-09-11 06:54:58,1,4,4,28.3,28.4,34.3,19.3,0,19
2026-09-11 06:59:57,0,2,2,28.4,28.4,35.2,18.6,0,18
2026-09-11 07:04:57,0,0,1,28.5,28.1,35,18.6,0,18
2026-09-11 07:09:57,0,1,1,28.5,28.1,34.9,18.6,0,16
2026-09-11 07:14:58,0,3,3,28.5,28,34.9,18.6,0,17
2026-09-11 07:19:57,0,3,3,28.4,28.1,34.6,18.7,0,18
2026-09-11 07:24:58,0,3,3,28.4,28.1,34.5,18.8,0,16
2026-09-11 07:29:57,0,0,0,28.3,28.3,34.3,19.3,0,18
2026-09-11 07:34:58,0,2,2,28.4,28,34.8,18.8,0,18
2026-09-11 07:39:57,0,1,1,28.4,28.1,34.5,19,0,18
2026-09-11 07:44:58,1,3,4,28.3,28.3,34.6,19,0,16
2026-09-11 07:49:57,1,3,3,28.4,27.9,34.6,18.7,0,21
2026-09-11 07:54:57,3,6,6,28.3,27.8,34.5,18.7,0,16
2026-09-11 07:59:58,1,4,4,28.2,28.2,34.2,19.2,0,16
2026-09-11 08:04:57,1,6,6,28.1,28.2,34.2,19.1,0,16
2026-09-11 08:09:59,0,1,1,28.3,28,34.8,18.6,0,18
2026-09-11 08:14:58,0,3,3,28.3,27.9,34.7,18.5,0,18
2026-09-11 08:19:57,0,2,2,28.3,28,,,,18
2026-09-11 08:25:00,0,3,3,28.3,28.3,34.4,19.1,0,12
2026-09-11 08:30:04,0,1,1,28.3,28.1,34.5,18.9,0,18
2026-09-11 08:34:58,0,3,3,28.3,27.8,34.5,18.6,0,21
2026-09-11 08:39:57,0,3,3,28.2,27.8,34.3,18.6,0,18
2026-09-11 08:44:58,0,0,0,28.2,28,34.4,18.9,0,17
2026-09-11 08:49:58,0,3,3,28.3,27.8,34.6,18.6,0,16
2026-09-11 08:54:59,0,4,4,28.3,27.7,34.4,18.6,0,15
2026-09-11 08:59:58,3,8,9,28.2,27.9,34.3,18.7,0,18
2026-09-11 09:04:58,1,4,4,28.3,27.8,34.3,18.9,0,16
2026-09-11 09:09:57,0,3,3,28.4,27.8,34.5,18.6,0,16
2026-09-11 09:14:58,0,3,3,28.4,27.6,34.7,18.4,0,18
2026-09-11 09:19:58,1,5,7,28.4,27.7,34.5,18.6,0,18
2026-09-11 09:24:58,0,3,4,28.4,27.7,34.3,18.7,0,18
2026-09-11 09:29:58,0,2,2,28.3,27.8,34.1,18.9,0,18
2026-09-11 09:34:58,1,3,3,28.2,27.9,34.1,18.8,0,16
2026-09-11 09:39:58,0,2,2,28.3,27.6,34.3,18.5,0,16
2026-09-11 09:45:01,0,2,2,28.3,28,34,19.2,0,16
2026-09-11 09:49:58,0,5,5,28.3,28,34.1,19.1,0,16
2026-09-11 09:54:58,0,4,5,28.4,28.1,34.8,18.7,0,17
2026-09-11 09:59:57,0,4,4,28.4,27.7,34.3,18.8,0,18
2026-09-11 10:05:20,2,2,2,28.3,28.3,34,19.4,0,18
2026-09-11 10:09:58,1,4,4,28.4,28,34.4,19.1,0,19
2026-09-11 10:14:58,0,4,4,28.4,28,34.3,18.9,0,19
2026-09-11 10:19:58,3,4,6,28.3,28.1,33.9,19.5,0,16
2026-09-11 10:24:58,1,2,3,28.4,28,34.5,19,0,16
2026-09-11 10:30:01,1,6,7,28.5,27.9,34.5,18.9,0,13
2026-09-11 10:34:58,1,3,5,28.4,27.6,34.5,18.8,0,15
2026-09-11 10:39:58,0,3,3,28.4,27.8,34.3,19.1,0,14
2026-09-11 10:45:20,1,4,4,28.5,28,34.6,18.9,0,18
2026-09-11 10:50:02,1,6,6,28.6,27.7,35,18.4,0,18
2026-09-11 10:54:58,4,14,15,28.7,27.5,35.1,18.2,0,19
2026-09-11 10:59:58,1,6,7,28.8,27.7,35.1,18.3,0,16
2026-09-11 11:04:58,3,11,12,28.8,27.6,,,,13
2026-09-11 11:10:01,1,4,4,29,27.7,35.2,18.5,0,12
2026-09-11 11:14:58,5,9,11,29.1,27.9,35.5,18.6,0,15
2026-09-11 11:20:06,2,4,5,29.1,28.2,35.4,18.7,0,9
2026-09-11 11:25:21,2,4,5,29.1,27.9,35.5,18.6,0,13
2026-09-11 11:30:01,4,9,9,29,27.8,35.3,18.5,0,9
2026-09-11 11:34:59,4,11,12,29,28,35.1,18.8,0,13
2026-09-11 11:40:06,4,8,9,29.3,27.7,35.7,18.3,0,18
2026-09-11 11:45:20,3,7,8,29.2,27.9,35.2,19,0,13
2026-09-11 11:49:58,6,15,17,29.3,27.8,35.4,18.8,0,16
2026-09-11 11:54:59,5,8,8,28.6,27.5,33.3,19.8,0,17
2026-09-11 11:59:58,8,21,22,26.3,29.3,27.6,25.2,0,16
2026-09-11 12:04:58,9,23,24,23.9,31.9,24,30.1,0,16
2026-09-11 12:09:58,8,26,26,22.1,34.3,21.9,33.4,0,16
2026-09-11 12:15:00,8,21,21,20.8,36.1,20.6,35.4,0,19
2026-09-11 12:19:58,5,9,9,19.9,37.4,19.7,36.7,0,16
2026-09-11 12:24:59,6,14,14,19.2,38.6,19.1,37.6,0,19
2026-09-11 12:29:58,6,17,18,18.8,39.5,18.7,38.8,0,16
2026-09-11 12:34:58,7,17,20,18.4,40,18.4,39.2,0,16
2026-09-11 12:40:01,5,13,15,19,43,22.4,37.2,0,13
2026-09-11 12:44:59,4,9,9,22.2,38.1,30,25.1,0,18
2026-09-11 12:49:58,4,11,11,23.2,34.6,28.2,25.2,0,18
2026-09-11 12:55:20,6,20,24,22.2,34.9,23.9,30,0,10
2026-09-11 12:59:59,6,18,19,20.9,36.7,21.4,33.9,0,18
2026-09-11 13:04:58,7,19,20,19.9,38.2,20,36.5,0,18
2026-09-11 13:09:59,7,20,20,19.2,39.3,19.1,38.5,0,17
2026-09-11 13:14:58,6,13,17,18.6,40,18.6,39.1,0,18
2026-09-11 13:19:59,8,22,25,18.2,41.3,18.1,40.6,0,21
2026-09-11 13:24:58,7,20,20,18,41.6,17.9,40.8,0,16
2026-09-11 13:29:58,5,21,22,17.8,41.7,17.8,40.8,0,17
2026-09-11 13:34:58,6,21,24,17.6,42.6,17.7,41.4,0,18
2026-09-11 13:39:58,7,21,21,17.6,42.7,17.8,41.2,0,18
2026-09-11 13:44:59,6,20,21,17.6,42.8,17.8,41.3,0,18
2026-09-11 13:49:58,6,15,16,17.6,42.7,17.8,41.4,0,17
2026-09-11 13:54:59,7,22,22,17.6,43.1,17.9,41.2,0,17
2026-09-11 13:59:58,13,26,28,17.7,43.3,18,41.5,0,16
2026-09-11 14:04:58,7,25,25,17.7,43.1,18,41.3,0,16
2026-09-11 14:09:59,9,20,21,17.8,43,18.2,41.1,0,16
2026-09-11 14:14:59,7,19,20,17.9,43.1,18.2,41.4,0,17
2026-09-11 14:19:58,8,22,22,17.9,43.2,18.3,41.3,0,18
2026-09-11 14:25:00,9,22,24,18,43.1,18.4,41.2,0,18
2026-09-11 14:29:58,6,18,21,18.1,43,18.5,41,0,18
2026-09-11 14:34:59,6,19,19,18.1,42.9,18.6,40.9,0,17
2026-09-11 14:39:59,8,20,22,18.2,42.8,18.7,40.7,0,18
2026-09-11 14:44:59,7,21,24,18.3,42.4,18.8,40.3,0,17
2026-09-11 14:49:59,8,22,22,18.3,42.1,18.8,40.1,0,18
2026-09-11 14:54:58,7,21,21,18.4,41.9,18.9,39.9,0,18
2026-09-11 14:59:59,8,22,24,18.4,41.9,18.9,39.8,0,17
2026-09-11 15:04:59,8,20,20,18.4,41.8,18.9,39.8,0,18
2026-09-11 15:09:58,8,19,19,18.5,41.8,19,39.7,0,18
2026-09-11 15:14:59,9,25,26,18.5,42,19,40,0,18
2026-09-11 15:19:58,7,21,25,18.5,41.8,19.1,39.7,0,16
2026-09-11 15:25:00,7,22,24,18.6,41.8,19.1,39.5,0,16
2026-09-11 15:30:01,8,24,24,18.6,41.9,19.2,39.7,0,16
2026-09-11 15:35:00,15,31,32,18.6,41.6,19.2,39.5,0,16
2026-09-11 15:39:59,16,28,29,18.7,41.4,19.3,39.1,0,18
2026-09-11 15:44:59,13,25,27,18.7,41.6,19.4,39.4,0,16
2026-09-11 15:49:59,8,21,25,18.8,41,19.4,38.7,0,16
2026-09-11 15:54:59,7,20,20,18.8,41,19.5,38.5,0,16
2026-09-11 15:59:58,9,27,28,18.8,40.8,19.5,38.6,0,16
2026-09-11 16:05:00,8,24,26,18.9,40.7,19.5,38.3,0,18
2026-09-11 16:10:00,9,25,28,18.9,40.9,19.6,38.5,0,18
2026-09-11 16:14:59,12,26,26,18.9,40.8,19.6,38.4,0,16
2026-09-11 16:19:58,8,21,21,18.9,40.7,19.6,38.4,0,16
2026-09-11 16:25:00,9,23,25,18.9,40.7,19.6,38.2,0,18
2026-09-11 16:29:59,9,22,24,18.9,40.7,19.6,38.2,0,16
2026-09-11 16:35:00,11,25,25,18.9,40.5,19.6,38,0,16
2026-09-11 16:39:59,9,22,24,19,40.2,19.6,37.8,0,16
2026-09-11 16:44:59,9,24,26,19,40.2,19.6,37.8,0,16
2026-09-11 16:49:59,9,23,25,18.9,40.2,19.6,37.7,0,18
2026-09-11 16:54:59,8,21,21,18.9,40.1,19.6,37.7,0,16
2026-09-11 17:00:00,8,25,25,18.9,39.9,19.6,37.3,0,16
2026-09-11 17:04:59,9,23,23,18.9,39.8,19.6,37.3,0,16
2026-09-11 17:09:59,12,25,25,18.9,39.7,19.6,37.1,0,18
2026-09-11 17:14:59,9,26,26,18.9,39.8,19.6,37.1,0,18
2026-09-11 17:19:59,7,19,20,18.9,39.6,19.5,37.1,0,16
2026-09-11 17:24:59,8,24,24,18.9,39.6,19.5,37.1,0,18
2026-09-11 17:30:00,8,21,21,18.9,39.4,19.5,36.9,0,15
2026-09-11 17:35:00,7,20,20,18.9,39.4,19.5,37.1,0,20
2026-09-11 17:39:59,7,17,19,18.9,39.7,19.5,37.2,0,16
2026-09-11 17:44:59,8,20,20,18.9,39.7,19.5,37.2,0,16
2026-09-11 17:49:59,8,21,21,18.9,39.6,19.5,37.1,0,16
2026-09-11 17:54:59,6,17,19,18.9,39.6,19.5,37.1,0,18
2026-09-11 17:59:59,8,21,21,18.9,39.8,19.5,37.3,0,16
2026-09-11 18:04:59,7,20,20,18.8,39.8,19.4,37.2,0,16
2026-09-11 18:09:59,7,19,22,18.8,39.4,19.4,37,0,17
2026-09-11 18:14:59,7,18,19,18.8,39.5,19.3,37.1,0,18
2026-09-11 18:19:59,6,18,19,18.7,39.6,19.2,37.2,0,17
2026-09-11 18:25:00,6,15,18,18.6,39.5,19.1,37.3,0,16
2026-09-11 18:29:59,6,17,18,18.6,39.6,19.1,37.2,0,16
2026-09-11 18:34:59,6,17,18,18.6,39.6,19,37.3,0,18
2026-09-11 18:39:59,6,17,20,18.5,39.6,19,37.3,0,16
2026-09-11 18:45:00,7,19,20,18.4,39.7,18.9,37.3,0,16
2026-09-11 18:49:59,5,16,17,18.4,39.6,18.8,37.3,0,17
2026-09-11 18:55:00,4,10,12,18.3,39.7,18.7,37.3,0,17
2026-09-11 19:00:00,5,13,15,18.3,39.6,18.6,37.4,0,18
2026-09-11 19:04:59,3,10,12,18.2,39.9,18.6,37.6,0,18
2026-09-11 19:10:00,5,7,8,18.1,40.1,18.5,37.8,0,16
2026-09-11 19:14:59,3,7,7,18.1,40.4,18.4,38.2,0,16
2026-09-11 19:20:00,4,8,8,18,40.8,18.3,38.7,0,16
2026-09-11 19:24:59,4,8,8,18,41,18.3,39,0,18
2026-09-11 19:30:00,4,12,12,17.9,41.6,18.2,39.4,0,16
2026-09-11 19:35:00,4,10,10,17.8,41.5,18.1,39.4,0,18
2026-09-11 19:39:59,3,7,8,17.8,41.6,18,39.6,0,16
2026-09-11 19:45:00,3,7,7,17.7,42.8,18,42.3,0,15
2026-09-11 19:50:00,3,6,7,20.8,42.1,28.2,28.6,0,16
2026-09-11 19:54:59,4,8,8,23,36.3,29.9,23.9,0,16
2026-09-11 19:59:59,5,9,9,22.5,34.8,25.4,27.9,0,16
2026-09-11 20:04:59,3,6,6,21.3,35.9,22.4,31.8,0,15
2026-09-11 20:10:00,3,7,8,20.4,37.2,20.7,34.5,0,18
2026-09-11 20:15:00,3,7,7,19.6,38.3,19.8,36.2,0,16
2026-09-11 20:20:00,2,7,7,19,38.9,19.1,37.4,0,18
2026-09-11 20:24:59,1,5,5,20.8,40.2,26.5,30,0,18
2026-09-11 20:30:00,2,6,7,22.9,35.7,29,24.6,0,18
2026-09-11 20:35:00,1,2,2,24.2,34.8,30.9,23.7,0,18
2026-09-11 20:40:00,2,7,7,24.7,32,29.1,23.4,0,18
2026-09-11 20:45:01,1,3,3,23.6,33.4,26.7,27.6,0,18
2026-09-11 20:49:59,0,2,2,25.6,32.4,32.4,22,0,18
2026-09-11 20:55:00,0,2,2,26.6,30.5,32.5,20.8,0,16
2026-09-11 21:00:00,1,5,5,25,31,27.1,25.6,0,16
2026-09-11 21:04:59,3,5,5,23,32.9,,,,18
2026-09-11 21:10:00,0,2,2,24.9,32.9,30.9,23.5,0,18
2026-09-11 21:14:59,2,4,4,26.7,30.7,34,19.9,0,21
2026-09-11 21:20:00,0,4,4,27.6,29.2,34.8,18.7,0,18
2026-09-11 21:25:00,0,3,3,28.4,27.9,35.4,17.8,0,18
2026-09-11 21:30:00,1,5,5,28.7,27.4,,,,18
2026-09-11 21:35:00,2,6,6,29,26.9,35.5,17.6,0,16
2026-09-11 21:40:00,2,5,5,29.3,26.7,35.7,17.3,0,16
2026-09-11 21:45:00,2,5,5,29.5,26.4,36,17,0,16
2026-09-11 21:50:00,3,6,6,29.7,26,36.1,16.7,0,16
2026-09-11 21:55:00,2,6,6,29.6,26,35.9,16.7,0,18
2026-09-11 21:59:59,4,6,7,29.6,25.9,35.5,17.1,0,16
2026-09-11 22:05:01,2,3,4,29.6,26,35.8,16.9,0,16
2026-09-11 22:10:00,2,5,5,29.8,25.8,36.1,16.5,0,16
2026-09-11 22:15:00,3,5,6,29.8,25.7,36.2,16.3,0,16
2026-09-11 22:20:00,1,7,7,29.8,25.3,36.1,16.2,0,16
2026-09-11 22:25:00,4,6,6,29.8,25.4,36.2,16.1,0,16
2026-09-11 22:30:00,3,6,6,29.8,25.5,36.1,16.1,0,16
2026-09-11 22:35:00,1,4,5,29.7,25.5,35.7,16.3,0,16
2026-09-11 22:40:00,3,7,7,29.6,25.1,35.5,16.5,0,16
2026-09-11 22:45:01,4,7,7,29.6,25.6,35.6,16.5,0,18
2026-09-11 22:50:00,4,6,6,29.6,25.4,35.8,16.3,0,16
2026-09-11 22:55:01,2,5,5,29.4,25.4,35.6,16.3,0,16
2026-09-11 23:00:00,3,7,7,29.4,25.2,35.5,16.2,0,15
2026-09-11 23:05:00,2,6,6,29.3,25.4,35.4,16.6,0,16
2026-09-11 23:10:00,2,4,5,29.6,25.4,35.9,16.2,0,15
2026-09-11 23:15:00,1,4,4,29.6,25.3,35.8,16.3,0,18
2026-09-11 23:20:00,4,7,8,29.5,25,35.7,16.2,0,18
2026-09-11 23:25:00,5,8,8,29.3,25.3,35.4,16.2,0,18
2026-09-11 23:30:00,4,7,7,29.3,25.1,35.6,16,0,15
2026-09-11 23:35:00,3,4,5,29.2,25,35.6,15.9,0,19
2026-09-11 23:40:00,4,5,5,29.3,25.2,35.5,16.2,0,19
2026-09-11 23:45:00,4,6,6,29.2,25.2,35.4,16.3,0,16
2026-09-11 23:50:00,3,7,8,29.1,25.3,35.4,16.1,0,19
2026-09-11 23:55:00,3,6,7,29.3,25.1,35.8,15.8,0,18
2026-09-12 00:00:00,3,6,6,28.9,25.3,35,16.3,0,18
2026-09-12 00:05:00,3,6,6,28.9,25.5,35,16.6,0,18
2026-09-12 00:10:00,3,7,8,28.8,25.5,35,16.6,0,18
2026-09-12 00:15:00,3,8,8,28.8,25.3,35.2,16.4,0,18
2026-09-12 00:20:03,3,7,7,29.1,25.5,35.9,15.8,0,18
2026-09-12 00:25:00,4,7,7,29,25.6,35.3,16.2,0,17
2026-09-12 00:30:00,3,10,10,28.9,25.3,35,16.4,0,17
2026-09-12 00:35:00,11,22,22,29,25.6,,,,15
2026-09-12 00:40:00,16,24,25,28.9,26,34.8,17.2,0,18
2026-09-12 00:45:00,23,33,36,28.9,26,34.9,17.1,0,16
2026-09-12 00:50:01,21,31,35,28.9,25.9,35.2,16.9,0,15
2026-09-12 00:55:20,29,45,56,28.8,26.3,35,17.1,0,14
2026-09-12 01:00:01,34,52,64,28.8,26.2,35.1,17,0,15
2026-09-12 01:05:00,25,40,48,28.7,26.3,34.7,17.4,0,17
2026-09-12 01:10:01,23,33,37,28.8,26,34.9,17.1,0,17
2026-09-12 01:15:00,16,26,26,28.7,26,35.1,16.9,0,17
2026-09-12 01:20:00,13,23,25,28.7,25.7,35,16.7,0,17
2026-09-12 01:25:00,16,27,28,28.6,26,34.6,17.2,0,17
2026-09-12 01:30:00,19,27,28,28.6,26.2,34.8,17,0,17
2026-09-12 01:35:19,23,34,41,28.5,25.9,34.8,16.9,0,17
2026-09-12 01:40:00,22,33,38,28.5,26.1,34.6,17.2,0,18
2026-09-12 01:45:00,21,34,40,28.5,26.1,34.7,17.1,0,18
2026-09-12 01:50:00,21,32,36,28.5,26,34.8,17,0,18
2026-09-12 01:55:01,22,35,39,28.5,25.8,,,,17
2026-09-12 02:00:00,23,34,40,28.5,26.4,34.7,17.3,0,16
2026-09-12 02:05:01,23,33,37,28.5,26.5,34.7,17.2,0,18
2026-09-12 02:10:01,21,29,32,28.6,26.1,35.2,17,0,18
2026-09-12 02:15:15,21,32,34,28.6,26,34.9,17,0,14
2026-09-12 02:20:00,21,31,33,28.6,26.2,35,16.9,0,16
2026-09-12 02:25:01,18,29,32,28.5,26.1,34.6,17,0,16
2026-09-12 02:30:14,22,30,31,28.4,26.2,34.5,17.4,0,14
2026-09-12 02:35:00,21,29,32,28.5,26,34.9,17.1,0,18
2026-09-12 02:40:01,20,32,35,28.5,26.2,34.9,17,0,15
2026-09-12 02:45:01,22,33,37,28.4,26.5,34.7,17.1,0,14
2026-09-12 02:50:01,22,36,40,28.4,26.3,34.8,16.9,0,19
2026-09-12 02:55:00,24,35,40,28.4,26.3,34.6,17.3,0,16
2026-09-12 03:00:01,24,36,43,28.4,26.6,34.5,17.6,0,16
2026-09-12 03:05:01,23,33,37,28.3,26.6,34.5,17.6,0,14
2026-09-12 03:10:04,23,35,39,28.3,26.8,34.6,17.4,0,14
2026-09-12 03:15:01,22,35,42,28.3,26.6,,,,16
2026-09-12 03:20:01,23,35,42,28.3,26.9,34.4,17.8,0,14
2026-09-12 03:25:01,23,35,40,28.4,26.8,34.5,17.7,0,15
2026-09-12 03:30:09,21,32,35,28.3,26.5,34.6,17.4,0,15
2026-09-12 03:35:00,20,30,31,28.2,26.4,34.1,17.7,0,14
2026-09-12 03:40:09,10,22,24,28.3,26.3,34.5,17.3,0,15
2026-09-12 03:45:20,5,15,17,28.4,26.2,34.7,16.9,0,15
2026-09-12 03:50:01,12,22,24,28.3,26.2,34.4,17.2,0,16
2026-09-12 03:55:01,8,23,24,28.3,26,34.3,17.5,0,16
2026-09-12 04:00:01,6,14,14,28.4,26.3,34.4,17.2,0,16
2026-09-12 04:05:00,5,11,11,28.4,26,34.5,17,0,19
2026-09-12 04:10:04,7,17,17,28.4,26,34.7,17,0,15
2026-09-12 04:15:12,8,21,21,28.3,26.2,34.3,17.2,0,15
2026-09-12 04:20:01,4,16,16,28.3,26.2,34.3,17.5,0,17
2026-09-12 04:25:01,3,8,8,28.4,26.1,34.6,17,0,14
2026-09-12 04:30:01,3,5,6,28.4,25.8,34.6,16.8,0,14
2026-09-12 04:35:01,2,6,6,28.4,25.6,34.4,16.6,0,18
2026-09-12 04:40:07,0,4,4,28.3,25.7,34.2,16.9,0,16
2026-09-12 04:45:20,0,1,2,28.5,25.2,34.9,16.2,0,14
2026-09-12 04:50:14,1,2,2,28.5,24.8,34.6,15.9,0,15
2026-09-12 04:55:01,0,0,0,28.3,24.3,34.1,15.8,0,15
2026-09-12 05:00:01,0,0,0,28.3,24.3,33.8,16.1,0,17
2026-09-12 05:05:01,0,0,0,28.3,24.6,34,15.9,0,16
2026-09-12 05:10:01,0,0,0,28.3,24.6,34.5,15.7,0,15
2026-09-12 05:15:01,0,3,3,28.2,24.7,34.1,15.9,0,15
2026-09-12 05:20:04,0,1,1,28.2,24.5,34,16.1,0,14
2026-09-12 05:25:01,0,1,1,28.2,24.4,34.3,15.6,0,19
2026-09-12 05:30:01,0,2,2,28.1,24.3,34.1,15.4,0,19
2026-09-12 05:35:01,0,3,3,28.1,24.7,34,16.2,0,16
2026-09-12 05:40:08,0,3,3,28.1,24.7,34.3,15.9,0,14
2026-09-12 05:45:20,3,7,7,28,25,34,16.1,0,18
2026-09-12 05:50:01,4,7,8,28,25,34.1,16.3,0,16
2026-09-12 05:55:01,2,5,6,28,24.8,34.2,16.1,0,16
2026-09-12 06:00:01,2,5,5,28.1,24.8,34.5,15.7,0,16
2026-09-12 06:05:01,1,4,4,28,24.6,34.2,15.8,0,19
2026-09-12 06:10:02,4,7,7,27.9,24.8,,,,16
2026-09-12 06:15:01,3,6,6,27.8,25.3,33.9,16.4,0,16
2026-09-12 06:20:02,2,7,7,27.8,25.3,34,16.3,0,19
2026-09-12 06:25:20,2,6,6,27.9,25.2,34.2,16.1,0,15
2026-09-12 06:30:02,6,9,9,27.8,25.2,33.8,16.3,0,16
2026-09-12 06:35:01,4,6,6,27.6,25.3,33.5,16.7,0,18
2026-09-12 06:40:08,2,7,8,27.8,25,33.9,16.1,0,16
2026-09-12 06:45:01,3,5,5,27.8,24.9,33.8,16.2,0,15
2026-09-12 06:50:01,2,4,6,27.7,24.9,33.7,16.3,0,15
2026-09-12 06:55:01,4,7,7,27.6,24.8,33.3,16.3,0,15
2026-09-12 07:00:01,4,9,9,27.6,24.9,33.4,16.2,0,16
2026-09-12 07:05:02,4,6,6,27.5,25.1,33.2,16.5,0,16
2026-09-12 07:10:01,3,5,5,27.5,25,33.5,16.2,0,18
2026-09-12 07:15:04,3,7,7,27.5,24.9,33.3,16.1,0,15
2026-09-12 07:20:01,3,6,7,27.4,24.6,33.3,16,0,15
2026-09-12 07:25:02,2,5,5,27.4,25,33.1,16.4,0,15
2026-09-12 07:30:01,2,7,7,27.4,25.2,33.5,16.2,0,15
2026-09-12 07:35:20,3,7,7,27.3,24.9,33.2,16.2,0,15
2026-09-12 07:40:01,3,8,11,27.3,24.9,32.8,16.4,0,18
2026-09-12 07:45:02,2,7,7,27.2,25,33,16.4,0,15
2026-09-12 07:50:01,3,8,8,27.3,24.9,33.4,16,0,15
2026-09-12 07:55:01,2,6,6,27.4,24.7,33.6,15.8,0,15
2026-09-12 08:00:02,3,5,5,27.3,24.7,33.3,15.8,0,18
2026-09-12 08:05:02,2,2,2,27.3,25,33.3,16.1,0,15
2026-09-12 08:10:02,3,5,5,27.3,25,33.2,15.9,0,15
2026-09-12 08:15:03,2,4,4,27.3,24.7,33.4,15.7,0,14
2026-09-12 08:20:02,3,6,6,27.1,24.6,,,,15
2026-09-12 08:25:02,0,2,2,27.1,24.7,33,15.9,0,18
2026-09-12 08:30:01,0,4,4,27.2,24,33.2,15.3,0,17
2026-09-12 08:35:03,0,3,3,27.1,23.8,33.1,15.1,0,15
2026-09-12 08:40:02,0,2,2,27.1,23.8,33,15.3,0,18
2026-09-12 08:45:02,0,0,0,27.2,23.9,33.2,15.2,0,18
2026-09-12 08:50:01,1,4,4,27.2,23.9,33.2,15.3,0,15
2026-09-12 08:55:02,1,4,5,27.2,23.8,33.1,15.1,0,17
2026-09-12 09:00:02,2,4,4,27.2,24,32.9,15.6,0,18
2026-09-12 09:05:02,1,3,3,27.3,24.4,33.4,15.6,0,18
2026-09-12 09:10:02,1,6,7,27.3,24.4,33.5,15.7,0,18
2026-09-12 09:15:01,4,9,9,27.5,24.5,33.8,15.6,0,15
2026-09-12 09:20:02,1,5,5,27.5,24.3,33.6,15.4,0,15
2026-09-12 09:25:01,1,4,4,27.4,24,33.2,15.3,0,18
2026-09-12 09:30:09,0,4,5,27.6,23.8,,,,15
2026-09-12 09:35:02,2,7,8,27.6,24,33.7,15.5,0,18
2026-09-12 09:40:02,0,6,6,27.6,24,33.7,15.1,0,17
2026-09-12 09:45:02,1,6,6,27.7,24.2,34.2,14.9,0,16
2026-09-12 09:50:02,2,7,7,27.7,24,33.7,15,0,19
2026-09-12 09:55:02,2,8,11,27.9,23.7,34.3,14.7,0,19
2026-09-12 10:00:02,3,11,11,28,24,34.3,14.9,0,16
2026-09-12 10:05:01,4,8,8,27.8,24,33.7,15.5,0,18
2026-09-12 10:10:02,1,4,5,27.8,24.2,33.9,15.6,0,18
2026-09-12 10:15:01,3,8,8,27.9,24.1,34.1,15.4,0,18
2026-09-12 10:20:02,3,9,9,28,24.4,34.2,15.5,0,15
2026-09-12 10:25:20,1,6,6,28,24.4,34.4,15.4,0,15
2026-09-12 10:30:02,3,7,8,28.2,24.5,34.7,15.3,0,18
2026-09-12 10:35:02,3,8,8,28.2,24.4,34.3,15.4,0,15
2026-09-12 10:40:02,3,6,7,28.2,24.5,34.4,15.4,0,15
2026-09-12 10:45:02,6,16,17,28.2,24.5,34.2,15.6,0,16
2026-09-12 10:50:02,5,13,13,26.3,25.1,28.3,19.8,0,15
2026-09-12 10:55:02,5,13,13,23.8,27,23.9,24.5,0,16
2026-09-12 11:00:02,6,15,18,21.9,29.6,21.3,27.8,0,16
2026-09-12 11:05:03,8,20,20,20.4,31.3,19.8,30.3,0,16
2026-09-12 11:10:04,6,23,23,19.4,33.1,18.9,32.2,0,16
2026-09-12 11:15:02,9,22,25,18.7,34.1,18.4,33.3,0,16
2026-09-12 11:20:03,10,24,26,18.2,35.4,18,34,0,16
2026-09-12 11:25:02,15,31,34,17.9,36.2,17.8,34.3,0,16
2026-09-12 11:30:03,12,26,28,17.6,36.9,17.6,35.2,0,18
2026-09-12 11:35:02,19,33,38,17.5,37.3,17.5,35.5,0,18
2026-09-12 11:40:03,20,35,39,17.4,37.6,17.4,36,0,18
2026-09-12 11:45:03,19,36,40,17.3,37.9,17.4,36,0,18
2026-09-12 11:50:02,19,32,35,17.3,38.4,17.4,36.6,0,16
2026-09-12 11:55:02,20,34,34,17.3,38.7,17.4,36.7,0,16
2026-09-12 12:00:02,24,40,46,17.3,38.7,17.5,36.8,0,16
2026-09-12 12:05:02,23,36,39,17.3,39,17.6,36.8,0,16
2026-09-12 12:10:02,20,33,33,17.4,39,17.7,36.9,0,16
2026-09-12 12:15:03,18,30,32,17.5,39.2,17.8,36.9,0,18
2026-09-12 12:20:02,24,36,40,17.5,39.3,17.9,36.9,0,18
2026-09-12 12:25:19,19,33,37,17.6,39.3,18,36.8,0,18
2026-09-12 12:30:02,24,39,45,17.7,39.5,18.1,37.1,0,18
2026-09-12 12:35:02,27,45,52,17.8,39.5,18.3,36.9,0,16
2026-09-12 12:40:03,20,35,39,17.9,39.4,18.4,36.9,0,16
2026-09-12 12:45:20,23,37,40,18,39.2,18.5,36.7,0,16
2026-09-12 12:50:02,22,35,38,18.1,39.3,18.7,36.5,0,16
2026-09-12 12:55:02,22,36,39,18.2,39,18.8,36.2,0,19
2026-09-12 13:00:04,17,31,32,18.3,38.4,18.9,35.5,0,16
2026-09-12 13:05:20,23,37,45,18.4,38.5,19.1,35.8,0,16
2026-09-12 13:10:02,25,42,49,18.5,38.7,19.2,35.8,0,17
2026-09-12 13:15:02,24,35,38,18.6,38.2,19.4,35.4,0,18
2026-09-12 13:20:02,24,38,45,18.7,38.2,19.5,35.2,0,18
2026-09-12 13:25:20,20,32,38,18.8,37.9,19.6,34.7,0,18
2026-09-12 13:30:02,22,34,37,18.9,37.3,19.8,34.3,0,18
2026-09-12 13:35:21,21,30,33,19,37.2,19.9,34.1,0,18
2026-09-12 13:40:03,20,34,37,19.1,37.1,20,34,0,18
2026-09-12 13:45:02,23,37,41,19.2,37.2,20.1,33.9,0,16
2026-09-12 13:50:02,22,32,38,19.3,37.2,20.3,33.5,0,16
2026-09-12 13:55:20,22,35,38,19.4,37,20.4,33.3,0,16
2026-09-12 14:00:04,21,34,36,19.5,37,20.5,33.3,0,18
2026-09-12 14:05:03,21,32,35,19.6,36.8,20.6,33.1,0,18
2026-09-12 14:10:02,22,34,37,19.7,36.6,20.8,33,0,18
2026-09-12 14:15:04,20,32,33,19.8,36.4,20.9,32.9,0,16
2026-09-12 14:20:02,23,34,37,19.9,36.6,21,32.9,0,16
2026-09-12 14:25:03,24,36,43,20,36.7,21.1,33.1,0,16
2026-09-12 14:30:02,24,37,43,20,36.8,21.2,33.1,0,16
2026-09-12 14:35:20,23,37,42,20.1,36.3,21.3,32.6,0,16
2026-09-12 14:40:03,24,38,45,20.2,36.4,21.4,32.7,0,16
2026-09-12 14:45:20,23,35,42,20.3,36.1,21.5,32.4,0,18
2026-09-12 14:50:02,23,34,37,20.4,35.9,21.6,32.1,0,16
2026-09-12 14:55:02,22,31,35,20.4,35.9,21.7,32.1,0,16
2026-09-12 15:00:03,21,35,42,20.5,36,,,0,16
2026-09-12 15:05:20,23,36,41,20.6,36,,,0,16
2026-09-12 15:10:03,24,37,41,20.6,35.7,,,0,16
2026-09-12 15:15:03,24,37,41,20.7,35.6,,,0,16
2026-09-12 15:20:02,24,36,42,20.7,35.6,,,0,16
2026-09-12 15:25:20,24,35,40,20.8,35.6,,,0,18
2026-09-12 15:30:08,24,36,41,20.8,35.6,,,0,18
2026-09-12 15:35:20,24,37,48,20.9,35.1,,,0,16
2026-09-12 15:40:05,23,37,42,20.9,34.9,,,0,16
2026-09-12 15:45:20,24,38,43,20.9,35.2,,,0,18
2026-09-12 15:50:03,23,36,41,20.9,35.1,,,0,18
2026-09-12 15:55:20,23,38,45,21,34.9,,,0,18
2026-09-12 16:00:04,23,40,46,21,34.8,,,0,16
2026-09-12 16:05:20,25,40,48,21,34.9,,,0,16
2026-09-12 16:10:05,23,38,46,21,35.1,,,0,16
2026-09-12 16:15:06,25,40,49,21,35.4,,,0,18
2026-09-12 16:20:02,26,40,48,21,35.3,,,0,18
2026-09-12 16:25:19,26,40,48,21,35.1,,,0,16
2026-09-12 16:30:04,25,41,48,21,35.1,,,0,16
2026-09-12 16:35:03,27,42,51,21,35.1,,,0,16
2026-09-12 16:40:03,26,41,49,21.1,34.9,,,0,16
2026-09-12 16:45:20,26,41,48,21,34.8,,,0,16
2026-09-12 16:50:03,25,41,50,21.1,34.8,,,0,16
2026-09-12 16:55:20,28,40,49,21.1,34.6,,,0,16
2026-09-12 17:00:04,27,44,51,21,34.3,,,0,16
2026-09-12 17:05:21,25,40,48,21.1,34.4,,,0,16
2026-09-12 17:10:03,24,38,43,21,34.5,,,0,17
2026-09-12 17:15:02,25,35,38,21,34.2,22.4,30.4,0,16
2026-09-12 17:20:03,22,36,42,21,33.8,22.4,30,0,15
2026-09-12 17:25:03,23,34,37,21,33.7,22.4,30,0,16
2026-09-12 17:30:04,22,31,34,21,33.1,22.4,29.4,0,16
2026-09-12 17:35:20,20,30,31,21,32.9,22.4,29,0,16
2026-09-12 17:40:04,16,29,31,21,32.7,22.3,28.9,0,16
2026-09-12 17:45:03,16,26,28,21,32.7,22.3,28.9,0,16
2026-09-12 17:50:04,12,24,25,20.9,32.5,22.3,28.6,0,16
2026-09-12 17:55:20,12,23,24,20.9,32.4,22.2,28.5,0,15
2026-09-12 18:00:03,11,23,25,20.9,32.4,22.2,28.4,0,17
2026-09-12 18:05:20,9,23,23,20.9,32.3,22.2,28.5,0,17
2026-09-12 18:10:05,9,21,21,20.9,32.1,22.2,28.1,0,17
2026-09-12 18:15:03,9,21,23,20.9,32.3,22.1,28.4,0,17
2026-09-12 18:20:03,8,21,21,20.8,32.1,22.1,28.2,0,16
2026-09-12 18:25:20,8,19,21,20.7,31.8,22,27.9,0,16
2026-09-12 18:30:03,8,17,20,20.7,31.6,22,27.7,0,16
2026-09-12 18:35:20,7,15,20,20.7,31.9,22,28,0,16
2026-09-12 18:40:03,6,13,17,20.6,31.6,21.9,27.6,0,16
2026-09-12 18:45:20,6,15,16,20.6,31.6,21.9,27.7,0,16
2026-09-12 18:50:03,7,17,17,20.6,31.5,21.8,27.6,0,16
2026-09-12 18:55:20,6,15,17,20.5,31.7,21.8,27.5,0,17
2026-09-12 19:00:05,6,11,12,20.5,31.6,21.7,27.7,0,17
2026-09-12 19:05:19,6,13,13,20.5,31.7,,,0,18
2026-09-12 19:10:04,7,12,13,20.4,31.5,,,0,18
2026-09-12 19:15:03,5,13,13,20.4,31.5,,,0,18
2026-09-12 19:20:03,6,12,14,20.3,31.5,,,0,18
2026-09-12 19:25:20,5,8,8,20.2,31.7,,,0,15
2026-09-12 19:30:04,4,8,8,20.2,31.6,,,0,16
2026-09-12 19:35:19,5,11,11,20.1,31.4,,,0,16
2026-09-12 19:40:04,3,8,8,20.1,31.3,,,0,16
2026-09-12 19:45:20,5,11,11,20,31.4,,,0,16
2026-09-12 19:50:04,4,7,7,19.9,31.7,,,0,16
2026-09-12 19:55:20,5,8,9,19.8,32,,,0,17
2026-09-12 20:00:03,4,8,9,19.8,32.1,,,0,16
2026-09-12 20:05:20,3,8,8,19.8,32.1,,,0,18
2026-09-12 20:10:04,4,8,8,19.7,32.2,,,0,16
2026-09-12 20:15:04,4,6,6,19.6,32.4,,,0,18
2026-09-12 20:20:04,3,8,8,19.5,32.4,,,0,18
2026-09-12 20:25:20,5,9,9,19.4,32.6,,,0,18
2026-09-12 20:30:03,5,9,9,19.3,32.7,,,0,18
2026-09-12 20:35:19,4,7,8,19.3,32.9,,,0,15
2026-09-12 20:40:04,4,8,9,19.2,33.1,,,0,19
2026-09-12 20:45:20,4,9,9,19.1,33.3,,,0,16
2026-09-12 20:50:04,4,8,8,19,33.6,,,0,16
2026-09-12 20:55:20,6,13,13,18.9,33.4,,,0,16
2026-09-12 21:00:04,9,22,24,18.8,33.6,,,0,16
2026-09-12 21:05:20,17,31,32,18.8,33.9,,,0,16
2026-09-12 21:10:05,8,24,24,18.7,34.3,,,0,16
2026-09-12 21:15:04,7,20,20,18.6,34.4,19.2,31,0,16
2026-09-12 21:20:04,10,22,24,18.5,34.8,19.1,31.4,0,16
2026-09-12 21:25:20,5,16,16,18.4,34.8,19,31.6,0,18
2026-09-12 21:30:04,5,9,13,18.3,35.4,18.8,32,0,18
2026-09-12 21:35:20,4,10,10,18.2,35.4,18.7,32,0,16
2026-09-12 21:40:04,4,10,13,18.1,35.5,18.6,32.1,0,16
2026-09-12 21:45:20,5,13,15,18,35.6,18.5,32.4,0,18
2026-09-12 21:50:03,5,12,14,18,35.8,18.4,32.7,0,21
2026-09-12 21:55:20,3,6,6,17.9,36.1,18.3,32.9,0,16
2026-09-12 22:00:04,4,7,7,19,38.3,23.3,30,0,16
2026-09-12 22:05:20,5,9,9,20.3,34.1,24,25.9,0,18
2026-09-12 22:10:05,5,8,9,19.9,33.6,21.7,28.1,0,16
2026-09-12 22:15:04,5,11,11,19.4,34,20.2,30,0,18
2026-09-12 22:20:04,7,13,13,18.9,34.7,19.3,31.3,0,18
2026-09-12 22:25:20,4,11,12,21.3,35.5,28.4,24,0,18
2026-09-12 22:30:04,5,8,9,24,31.5,32.3,19.1,0,15
2026-09-12 22:35:20,3,6,6,26,29.4,33.8,17.9,0,18
2026-09-12 22:40:04,4,6,6,27.1,27.9,34.7,17,0,16
2026-09-12 22:45:21,4,7,11,27.5,26.6,33.6,17,0,18
2026-09-12 22:50:04,3,7,7,25.7,27.3,27.8,21.3,0,16
2026-09-12 22:55:20,3,6,6,23.5,28.8,24.2,25.2,0,16
2026-09-12 23:00:04,4,9,9,21.9,30.6,22.1,27.9,0,16
2026-09-12 23:05:20,5,7,7,20.7,32.2,20.8,29.7,0,16
2026-09-12 23:10:04,4,8,8,20.4,33.4,22.1,29.1,0,18
2026-09-12 23:15:04,4,8,8,22.7,32.5,29.8,21.8,0,15
2026-09-12 23:20:03,4,8,8,25.1,30,33.1,18.3,0,15
2026-09-12 23:25:20,4,8,9,26,28.1,32,18.2,0,15
2026-09-12 23:30:05,6,11,11,24.6,28.2,26.9,22.2,0,15
2026-09-12 23:35:20,5,11,12,24.8,29,29.3,21.1,0,15
2026-09-12 23:40:05,4,8,9,26.4,27.9,33.3,17.8,0,15
2026-09-12 23:45:21,3,7,7,27.4,26.9,34.7,16.6,0,16
2026-09-12 23:50:04,6,11,11,28.1,25.7,35.3,15.7,0,18
2026-09-12 23:55:21,5,12,13,27,25.5,30.5,18.4,0,18
2026-09-13 00:00:04,7,15,16,24.8,26.8,25.7,22.6,0,18
2026-09-13 00:05:20,7,14,15,22.7,28.5,22.9,25.8,0,17
2026-09-13 00:10:05,5,8,10,23.9,29.5,29.6,20.7,0,18
2026-09-13 00:15:04,4,7,8,26.1,27.6,33.4,17.3,0,15
2026-09-13 00:20:10,5,7,8,27.3,26.3,34.6,16.2,0,18
2026-09-13 00:25:20,3,5,5,28.1,25.8,35.3,15.8,0,16
2026-09-13 00:30:03,4,8,10,28.6,25.4,35.7,15.3,0,15
2026-09-13 00:35:20,3,10,10,27.4,24.9,30.8,17.9,0,16
2026-09-13 00:40:04,4,7,8,26.2,26.7,30.1,19.9,0,16
2026-09-13 00:45:20,4,8,11,27.1,26.4,33.4,17.1,0,15
2026-09-13 00:50:04,4,9,9,27.8,25.5,34.3,16.2,0,17
2026-09-13 00:55:20,5,12,12,28.4,24.9,35.3,15.5,0,17
2026-09-13 01:00:07,3,8,8,28.8,24.7,35.7,15.1,0,15
2026-09-13 01:05:20,5,9,9,29.1,24.3,35.8,14.7,0,18
2026-09-13 01:10:04,5,9,9,28.9,24.1,34.8,15.4,0,15
2026-09-13 01:15:04,7,13,16,28.8,23.7,34.4,15.2,0,16
2026-09-13 01:20:04,4,10,12,28.5,24.1,34.3,15.4,0,15
2026-09-13 01:25:20,4,10,11,28.8,24,35.2,15.1,0,17
2026-09-13 01:30:04,4,8,8,29.1,23.9,35.7,14.7,0,18
2026-09-13 01:35:20,6,9,11,29.4,23.7,35.8,14.5,0,18
2026-09-13 01:40:04,5,11,11,29.4,23.5,35.6,14.4,0,18
2026-09-13 01:45:20,4,8,8,29.4,23.4,35.6,14.6,0,15
2026-09-13 01:50:04,4,10,11,29.5,23.4,35.7,14.4,0,16
2026-09-13 01:55:20,5,11,11,29.6,23.3,36.1,14,0,17
2026-09-13 02:00:04,6,14,14,29.7,23.1,35.9,14,0,16
2026-09-13 02:05:19,3,8,10,29.6,23.1,35.7,14.3,0,15
2026-09-13 02:10:04,5,10,10,29.6,23.1,35.8,14.2,0,15
2026-09-13 02:15:04,7,15,16,29.6,23.2,35.7,14.1,0,19
2026-09-13 02:20:04,5,12,14,29.6,23,35.8,14.3,0,16
2026-09-13 02:25:21,5,8,8,29.7,23,35.9,14.2,0,16
2026-09-13 02:30:04,3,8,11,29.6,23.1,35.8,14.2,0,16
2026-09-13 02:35:21,3,7,7,29.5,23,35.6,14.2,0,18
2026-09-13 02:40:04,3,7,7,29.5,23.2,35.6,14.4,0,18
2026-09-13 02:45:20,5,8,8,29.5,22.8,35.7,14.1,0,18
2026-09-13 02:50:04,5,10,11,29.6,22.9,35.8,14,0,16
2026-09-13 02:55:20,6,13,14,29.4,22.9,35.6,14,0,16
2026-09-13 03:00:05,4,8,9,29.2,23.1,35.2,14.4,0,17
2026-09-13 03:05:20,3,7,7,29.4,23,35.4,14.3,0,17
2026-09-13 03:10:04,4,7,8,29.4,22.7,35.7,14,0,17
2026-09-13 03:15:04,4,10,10,29.3,22.6,35.5,13.8,0,17
2026-09-13 03:20:05,5,11,11,29.4,22.9,35.8,13.7,0,16
2026-09-13 03:25:20,5,9,11,29.4,22.6,35.8,13.6,0,16
2026-09-13 03:30:04,4,10,12,29.3,22.6,35.3,14.1,0,16
2026-09-13 03:35:20,4,6,6,29.3,22.7,35.4,14,0,16
2026-09-13 03:40:04,4,6,7,29.2,22.5,35.5,13.7,0,16
2026-09-13 03:45:20,5,11,13,29.2,22.5,35.8,13.5,0,15
2026-09-13 03:50:05,5,11,11,29.2,22.7,35.6,13.6,0,17
2026-09-13 04:00:06,6,11,11,29.3,22.4,35.5,13.7,0,16
2026-09-13 04:05:20,4,8,12,29.2,22.4,35.5,13.8,0,16
2026-09-13 04:15:05,5,13,13,29.4,22.4,35.9,13.3,0,16
2026-09-13 04:25:20,6,11,11,29.3,22.3,,,,16
2026-09-13 04:30:04,3,7,7,29.3,22.4,35.3,13.7,0,15
2026-09-13 04:35:20,5,9,11,29.1,22.4,35.4,13.6,0,15
2026-09-13 04:40:04,4,7,7,29.1,22.5,35.5,13.6,0,16
2026-09-13 04:50:06,2,6,6,29,22.4,35,13.7,0,17
2026-09-13 04:55:20,3,7,8,29,22.4,35.3,13.7,0,17
2026-09-13 05:07:18,3,7,7,29,21.8,35.3,12.9,0,16
2026-09-13 05:22:19,0,2,2,28.8,21.3,35.2,12.6,0,15
2026-09-13 05:27:18,0,2,2,28.8,21,35.6,12,0,18
2026-09-13 05:57:20,3,4,4,28.8,20.8,35.1,12.2,0,17
2026-09-13 06:32:20,1,3,3,28.7,20.8,35.1,12.2,0,17
2026-09-13 06:52:20,1,2,3,28.4,21.4,34.7,12.5,0,16
2026-09-13 06:57:19,1,3,3,28.4,21.1,34.8,12.1,0,18
2026-09-13 07:42:20,1,5,5,28.4,20.8,34.8,11.9,0,15
2026-09-13 08:17:21,1,5,5,28.3,21,34.5,12.2,0,15
2026-09-13 08:22:19,2,4,4,28.3,20.9,34.7,12.1,0,18
2026-09-13 08:27:20,3,8,8,28.2,21.1,34.2,12.6,0,17
2026-09-13 08:32:19,1,4,4,28.3,21.3,34.5,12.6,0,15
2026-09-13 08:42:20,2,6,6,28.4,21,34.8,12.3,0,18
2026-09-13 08:47:19,3,6,7,28.3,21,34.6,12.2,0,15
2026-09-13 09:02:20,3,5,5,28.4,21,34.5,12.4,0,15
2026-09-13 09:07:19,3,6,6,28.4,21.2,34.6,12.3,0,15
2026-09-13 09:12:19,0,4,4,28.5,20.7,35.1,12.1,0,16
2026-09-13 17:02:22,21,34,39,23.6,27.2,25.6,22.3,0,18
2026-09-13 17:07:20,21,32,36,23.5,27.3,25.6,22.5,0,16
2026-09-13 17:12:21,21,33,37,23.5,27.7,25.5,22.5,0,16
2026-09-13 17:17:21,20,33,38,23.5,27.7,25.5,22.6,0,18
2026-09-13 17:22:20,19,32,35,23.5,27.7,25.5,22.7,0,18
2026-09-13 17:27:20,21,33,35,23.5,27.9,25.4,22.8,0,18
2026-09-13 17:32:20,22,33,37,23.4,27.7,25.4,22.9,0,16
2026-09-13 17:37:20,20,31,35,23.4,28,25.3,22.9,0,18
2026-09-13 17:42:20,17,29,33,23.3,28,25.3,23.1,0,18
2026-09-13 17:47:21,19,30,31,23.3,28.2,25.2,23.1,0,16
2026-09-13 17:52:21,18,29,31,23.2,28,25.1,23.1,0,16
2026-09-13 17:57:20,14,25,26,23.1,28.1,25.1,23.3,0,18
2026-09-13 18:02:21,13,28,28,23.1,28.2,25,23.2,0,16
2026-09-13 18:07:22,6,19,19,23,28.2,24.9,23.1,0,16
2026-09-13 18:12:21,6,16,17,23,27.9,24.9,23.2,0,16
2026-09-13 18:17:21,4,12,12,22.9,28.4,24.8,23.2,0,18
2026-09-13 18:22:20,6,13,16,22.9,28.2,24.7,23.4,0,17
2026-09-13 18:27:20,5,12,13,22.8,28,24.7,23.2,0,18
2026-09-13 18:32:21,5,11,11,22.8,28.3,24.6,23.3,0,16
2026-09-13 18:37:21,2,7,8,22.7,28.1,24.5,23.2,0,18
2026-09-13 18:42:20,3,6,7,22.7,28.2,24.5,23.3,0,16
2026-09-13 18:47:21,3,6,7,22.6,28.1,24.4,23.2,0,16
2026-09-13 18:52:21,3,6,8,22.5,28.4,24.3,23.3,0,18
2026-09-13 18:57:20,3,7,7,22.5,28.4,24.2,23.6,0,16
2026-09-13 19:02:20,3,6,6,22.4,28.7,24.1,23.9,0,18
2026-09-13 19:07:21,4,6,6,22.4,29.1,24,24.3,0,16
2026-09-13 19:12:21,3,6,6,22.2,29.5,23.9,24.7,0,18
2026-09-13 19:17:21,3,6,6,22.2,29.7,23.8,24.9,0,18
2026-09-13 19:22:21,3,6,6,22.1,30,23.7,25.2,0,15
2026-09-13 19:27:21,3,5,5,22,30.2,23.6,25.5,0,18
2026-09-13 19:32:21,3,6,6,21.9,30.2,23.5,25.8,0,18
2026-09-13 19:37:22,3,5,5,21.9,30.6,23.4,25.9,0,16
2026-09-13 19:42:21,2,4,4,21.8,30.9,23.2,26.3,0,16
2026-09-13 19:47:21,3,4,5,21.7,31.1,23.1,26.4,0,16
2026-09-13 19:52:21,3,7,7,21.6,31.2,23,26.7,0,18
2026-09-13 19:57:21,2,5,5,21.5,31.5,22.9,26.9,0,18
2026-09-13 20:02:22,3,6,7,21.4,31.3,22.8,27.2,0,18
2026-09-13 20:07:21,3,5,5,21.3,31.7,22.7,27.4,0,16
2026-09-13 20:12:20,2,3,4,21.2,31.7,22.6,27.6,0,16
2026-09-13 20:17:21,2,7,7,21.1,31.9,22.5,27.9,0,16
2026-09-13 20:22:21,3,4,4,21,32.1,22.4,28,0,16
2026-09-13 20:27:20,2,6,6,20.9,32.1,22.3,28.1,0,16
2026-09-13 20:32:22,2,4,4,20.9,32.3,22.1,28.2,0,16
2026-09-13 20:37:21,2,4,4,20.8,32.3,22,28.2,0,16
2026-09-13 20:42:21,2,4,5,20.7,32.3,21.9,28.2,0,16
2026-09-13 20:47:21,1,4,4,20.6,32.2,21.8,28.1,0,16
2026-09-13 20:52:21,1,2,2,20.5,32.2,21.7,28.1,0,16
2026-09-13 20:57:21,1,5,5,20.4,31.9,,,0,15
2026-09-13 21:02:21,1,4,4,20.4,32.1,,,0,15
2026-09-13 21:07:21,1,4,4,20.3,32.3,,,0,15
2026-09-13 21:12:20,0,4,4,20.2,32.4,,,0,15
2026-09-13 21:17:21,1,3,3,20.1,32.2,21.2,28.2,0,16
2026-09-13 21:22:20,1,5,5,20,32,21,27.9,0,15
2026-09-13 21:27:21,0,4,5,19.9,31.9,20.9,28,0,16
2026-09-13 21:32:21,0,4,4,19.8,32.2,20.8,28.3,0,15
2026-09-13 21:37:21,0,3,3,19.8,32.4,20.6,28.7,0,19
2026-09-13 21:42:21,0,3,4,19.7,32.4,20.5,28.8,0,16
2026-09-13 21:47:22,1,5,5,19.6,32.9,20.4,29.1,0,18
2026-09-13 21:52:20,1,3,3,19.5,32.8,20.4,29.2,0,15
2026-09-13 21:57:21,1,4,5,19.4,33.1,20.2,29.5,0,18
2026-09-13 22:02:21,2,4,4,19.4,33,20.2,29.4,0,15
2026-09-13 22:07:20,1,5,5,19.3,33.5,20.1,30,0,16
2026-09-13 22:12:21,3,6,6,19.2,33.8,20,30.1,0,16
2026-09-13 22:17:21,3,6,6,19.2,33.8,19.9,30.3,0,18
2026-09-13 22:22:21,1,5,7,19.1,33.7,19.8,30.4,0,21
2026-09-13 22:27:44,3,7,7,19.1,33.8,19.7,30.5,0,18
2026-09-13 22:32:29,3,7,8,19,33.6,19.7,30.3,0,15
2026-09-13 22:37:22,5,8,8,19,33.7,19.6,30.4,0,18
2026-09-13 22:42:21,5,12,13,18.9,33.5,19.6,30.2,0,18
2026-09-13 22:47:21,5,14,16,18.9,33.6,19.5,30.2,0,18
2026-09-13 22:52:21,5,11,11,18.9,34,19.5,30.8,0,16
2026-09-13 22:57:21,5,11,13,18.8,34.1,19.4,30.9,0,18
2026-09-13 23:02:21,5,8,11,18.8,34.4,19.4,31.1,0,18
2026-09-13 23:07:21,4,13,14,18.8,34.6,19.4,31.4,0,16
2026-09-13 23:12:22,4,9,11,18.8,34.5,19.3,31.1,0,17
2026-09-13 23:17:21,4,9,9,18.7,34.5,19.3,31.2,0,15
2026-09-13 23:22:21,4,8,8,18.6,34.5,19.3,31.3,0,18
2026-09-13 23:27:21,6,8,8,18.6,34.7,19.2,31.4,0,18
2026-09-13 23:32:21,4,8,8,18.6,35,19.2,31.6,0,16
2026-09-13 23:37:21,4,9,12,18.5,35.1,19.1,31.5,0,16
2026-09-13 23:42:22,4,9,9,18.5,35.2,19.1,31.7,0,18
2026-09-13 23:47:21,3,8,8,18.5,35.2,19.1,31.8,0,18
2026-09-13 23:52:21,5,10,12,18.4,35.1,19,31.7,0,16
2026-09-13 23:57:21,4,10,10,18.4,35.7,18.9,32.1,0,15
2026-09-14 00:02:28,4,10,10,18.3,35.6,18.9,32.2,0,15
2026-09-14 00:07:21,4,8,9,18.3,35.9,18.9,32.4,0,16
2026-09-14 00:12:21,4,7,10,18.3,36,18.8,32.5,0,18
2026-09-14 00:17:27,4,6,6,18.2,35.8,18.8,32.4,0,18
2026-09-14 00:22:24,4,7,8,18.2,35.9,18.8,32.3,0,18
2026-09-14 00:27:21,4,10,10,18.2,35.9,18.8,32.3,0,15
2026-09-14 00:32:24,3,7,8,18.2,35.5,18.7,32,0,15
2026-09-14 00:37:21,4,10,12,18.1,35.6,18.7,32.2,0,15
2026-09-14 00:42:24,5,9,9,18.1,35.9,18.6,32.3,0,15
2026-09-14 00:47:27,4,6,8,18,35.8,18.6,32.2,0,18
2026-09-14 00:52:21,3,6,7,18,35.8,18.5,32.2,0,15
2026-09-14 00:57:21,4,10,10,18,35.6,18.5,32.2,0,18
2026-09-14 01:02:21,4,7,7,17.9,35.7,18.5,32.2,0,19
2026-09-14 01:07:22,3,5,6,17.9,35.6,18.4,32.2,0,18
2026-09-14 01:12:28,3,6,8,17.8,35.7,18.3,32.2,0,16
2026-09-14 01:17:22,5,9,10,17.8,35.7,18.3,32.3,0,18
2026-09-14 01:22:21,3,6,6,17.8,36.1,18.2,32.6,0,18
2026-09-14 01:27:22,3,8,9,17.8,36.2,18.2,32.8,0,18
2026-09-14 01:32:22,5,10,12,17.7,36.2,18.1,33.1,0,16
2026-09-14 01:37:35,6,12,12,17.6,36.4,18,33.2,0,15
2026-09-14 01:42:35,6,14,17,17.6,36.4,18,33.3,0,18
2026-09-14 01:47:28,4,12,13,17.5,36.3,17.9,33.2,0,15
2026-09-14 01:52:22,6,14,16,17.5,36.5,17.8,33.3,0,18
2026-09-14 01:57:30,5,13,14,17.5,36.3,17.8,33.1,0,15
2026-09-14 02:02:34,8,13,18,17.4,36,17.7,32.8,0,15
2026-09-14 02:07:21,7,14,14,17.4,36.3,17.7,33.1,0,16
2026-09-14 02:12:22,3,7,8,20.5,37.4,28.2,24.5,0,16
2026-09-14 02:17:22,3,7,8,23.6,32.3,32.9,18.9,0,19
2026-09-14 02:22:22,5,10,10,25.7,29.1,34.1,17.1,0,15
2026-09-14 02:27:25,6,11,11,27,27.5,34.7,16.3,0,16
2026-09-14 02:32:33,4,9,9,27.7,26.1,34.5,16,0,18
2026-09-14 02:37:22,3,7,7,26.2,26.1,28.9,19.6,0,16
2026-09-14 02:42:25,4,10,11,24.1,27.6,24.8,23.4,0,18
2026-09-14 02:47:22,5,9,9,22.3,29,22.6,25.9,0,16
2026-09-14 02:52:22,4,12,12,21.1,30.3,21.3,27.6,0,19
2026-09-14 02:57:30,4,8,11,20.2,31.1,20.4,28.6,0,16
2026-09-14 03:02:30,4,7,9,19.5,32.1,19.8,29.4,0,15
2026-09-14 03:07:28,5,12,12,19.1,32.6,19.4,30,0,15
2026-09-14 03:12:30,5,12,13,18.7,33.1,19.1,30.3,0,18
2026-09-14 03:17:22,5,13,14,18.5,33.5,18.9,30.6,0,16
2026-09-14 03:22:21,5,12,13,18.3,33.5,18.7,30.8,0,15
2026-09-14 03:27:22,4,10,10,18.1,34.1,18.5,31.2,0,15
2026-09-14 03:32:22,4,10,10,18,34.3,18.3,31.2,0,16
2026-09-14 03:37:24,5,13,14,17.9,34.7,18.2,31.6,0,16
2026-09-14 03:42:21,5,13,13,17.8,34.7,18.1,31.6,0,15
2026-09-14 03:47:24,4,10,10,17.7,34.9,18,31.9,0,15
2026-09-14 03:52:21,4,8,8,17.6,35.2,18,32,0,16
2026-09-14 03:57:30,4,12,12,17.5,35.4,17.9,32.4,0,18
2026-09-14 04:02:22,6,13,14,17.5,36.1,17.9,33,0,15
2026-09-14 04:07:22,4,6,7,19.9,35,25.6,24.7,0,15
2026-09-14 04:12:25,3,7,7,21.8,33.3,29.1,21.8,0,15
2026-09-14 04:17:22,2,6,7,24.7,30,33.6,17.5,0,16
2026-09-14 04:22:22,1,4,5,26.3,27.5,34,16.3,0,15
2026-09-14 04:27:32,3,8,8,26.6,26.3,31.8,17.1,0,15
2026-09-14 04:32:25,3,7,8,24.7,27.1,26.5,21.3,0,15
2026-09-14 04:37:22,4,8,8,22.8,28.2,23.3,24.6,0,15
2026-09-14 04:42:22,5,11,11,21.3,29.9,21.5,27.1,0,15
2026-09-14 04:47:22,2,7,7,22.9,30.4,29,21,0,12
2026-09-14 04:52:25,1,5,6,25.4,28.2,33,17.3,0,15
2026-09-14 04:57:22,5,8,9,26.8,25.7,33.9,15.5,0,15
2026-09-14 05:02:25,3,4,4,25.4,26,28.3,19.2,0,15
2026-09-14 05:07:22,6,9,9,23.4,27.2,24.4,23,0,16
2026-09-14 05:12:22,4,6,7,22.8,29.3,,,,16
2026-09-14 05:17:22,2,7,7,25.3,27.6,32.6,17.4,0,16
2026-09-14 05:22:22,2,5,5,26.8,26.2,34.4,15.6,0,15
2026-09-14 05:27:22,3,7,7,27.6,25,34.8,15.1,0,16
2026-09-14 05:32:22,3,6,6,27.2,25,32.1,17,0,16
2026-09-14 05:37:31,3,5,5,27.8,24.8,34.7,15.4,0,18
2026-09-14 05:42:22,3,7,8,26.7,24.7,29.8,18,0,16
2026-09-14 05:47:29,5,8,9,24.5,26.4,25.4,22,0,18
2026-09-14 05:52:22,3,8,8,22.5,27.8,22.8,24.8,0,15
2026-09-14 05:57:23,4,7,8,21.2,29.3,21.3,26.8,0,14
2026-09-14 06:02:22,5,8,8,23.1,29.6,29.2,20.2,0,15
2026-09-14 06:07:23,6,11,12,24,27.7,28.8,19.2,0,15
2026-09-14 06:12:23,4,11,12,22.8,27.8,24.8,22.5,0,16
2026-09-14 06:17:22,4,8,8,23.5,29.4,29.1,20.5,0,16
2026-09-14 06:22:22,4,8,8,25.8,26.9,33.6,16.3,0,18
2026-09-14 06:27:23,4,6,6,27.2,25.5,34.9,14.9,0,18
2026-09-14 06:32:23,4,7,8,27.9,24.8,34.9,14.9,0,18
2026-09-14 06:37:22,3,6,6,28.3,24.6,35,15,0,18
2026-09-14 06:42:22,3,11,11,28.6,24.2,35.4,14.8,0,18
2026-09-14 06:47:23,4,7,11,28.9,23.8,35.2,14.8,0,18
2026-09-14 06:52:23,4,10,10,27.9,23.9,31.7,16.7,0,15
2026-09-14 06:57:22,6,14,14,25.5,25.1,26.5,20.7,0,18
2026-09-14 07:02:23,4,12,16,23.3,26.7,23.4,23.9,0,18
2026-09-14 07:07:22,5,9,9,21.7,28.4,21.5,25.8,0,18
2026-09-14 07:12:23,5,9,9,20.5,29.8,20.4,27.5,0,16
2026-09-14 07:17:22,3,6,7,20.6,31.7,23.7,26,0,18
2026-09-14 07:22:23,4,9,11,21.7,29.9,25.5,22.8,0,18
2026-09-14 07:27:22,6,12,12,24,28.6,31.3,17.8,0,18
2026-09-14 07:32:24,3,8,8,25.4,27.1,31.8,17.5,0,18
2026-09-14 07:37:23,3,6,7,26.8,26.1,34.2,15.8,0,18
2026-09-14 07:42:22,5,11,14,26.2,25.5,30,17.8,0,18
2026-09-14 07:47:23,6,13,13,24.1,26.7,25.2,22.1,0,17
2026-09-14 07:52:22,6,15,17,22.4,29.4,23.1,26.6,0,18
2026-09-14 07:57:23,4,13,15,24.6,28.1,31.1,18.3,0,18
2026-09-14 08:02:22,5,11,11,25,27.1,30.1,18.7,0,18
2026-09-14 08:07:22,6,14,15,25.1,26.5,28.9,18.9,0,18
2026-09-14 08:12:23,4,8,9,25.2,27.4,30.6,18.8,0,18
2026-09-14 08:17:23,5,8,9,26.4,25.8,32.8,16.4,0,17
2026-09-14 08:22:22,5,11,14,25.3,25.7,28.1,19.3,0,18
2026-09-14 08:27:23,6,15,15,25.2,26.6,29.7,18.9,0,18
2026-09-14 08:32:22,5,10,11,24.4,26.6,26.7,20.8,0,16
2026-09-14 08:37:23,4,8,8,22.6,28,23.3,24.1,0,15
2026-09-14 08:42:23,4,11,12,21.1,29.3,21.3,26.4,0,15
2026-09-14 08:47:24,6,17,20,21.7,30,25.4,23,0,15
2026-09-14 08:52:23,5,11,11,23.2,28.5,28.5,19.8,0,15
2026-09-14 08:57:23,4,8,12,24.9,27.4,31.9,17.2,0,16
2026-09-14 09:02:23,3,8,10,26.5,26,33.6,15.8,0,16
2026-09-14 09:07:23,5,13,16,25.4,25.9,28.2,19.2,0,16
2026-09-14 09:12:23,5,10,12,23.3,27.2,24.1,23,0,16
2026-09-14 09:17:23,7,16,17,21.7,28.7,21.7,25.7,0,18
2026-09-14 09:22:23,5,12,14,20.5,30.5,20.3,28.3,0,18
2026-09-14 09:27:23,6,13,16,19.6,31.3,19.5,29.2,0,18
2026-09-14 09:32:22,7,17,18,19,32,18.9,30.1,0,18
2026-09-14 09:37:23,6,14,16,18.5,33,18.5,30.9,0,16
2026-09-14 09:42:31,6,12,13,18.2,33.6,18.2,31.5,0,17
2026-09-14 09:47:23,3,7,7,17.9,33.3,18,30.8,0,17
2026-09-14 09:52:25,4,10,10,17.8,33.4,17.9,30.7,0,17
2026-09-14 09:57:23,3,6,6,17.7,33.7,17.8,31.1,0,16
2026-09-14 10:02:25,3,8,10,17.5,34.2,17.7,31.4,0,16
2026-09-14 10:07:23,4,7,9,17.5,34.2,17.7,31.3,0,16
2026-09-14 10:12:23,4,10,10,17.5,33.9,17.7,31.2,0,18
2026-09-14 10:17:24,4,13,13,17.5,34.2,17.7,31.2,0,16
2026-09-14 10:22:23,4,9,12,17.4,34,17.7,31.1,0,18
2026-09-14 10:27:23,3,7,7,17.5,34.2,17.7,31.3,0,16
2026-09-14 10:32:24,3,6,6,17.5,34.2,17.8,31.3,0,17
2026-09-14 10:37:23,3,9,9,17.6,34.5,17.9,31.3,0,16
2026-09-14 10:42:23,3,6,6,17.7,34.6,18,31.5,0,16
2026-09-14 10:47:23,4,9,10,17.8,34.3,18.1,31.3,0,16
2026-09-14 10:52:23,3,6,6,17.9,34.4,18.3,31.2,0,16
2026-09-14 10:57:23,3,7,7,17.9,34.5,18.4,31.1,0,16
2026-09-14 11:02:23,4,12,12,18.1,34.6,18.6,31.4,0,16
2026-09-14 11:07:22,3,9,9,18.2,34.6,18.8,31.3,0,16
2026-09-14 11:12:23,4,9,12,18.4,34.6,19,31.2,0,16
2026-09-14 11:17:24,5,13,14,18.5,34.5,19.2,31.2,0,16
2026-09-14 11:22:25,3,9,9,18.7,34.6,19.4,31.1,0,18
2026-09-14 11:27:24,4,9,12,18.8,34.3,19.5,30.8,0,18
2026-09-14 11:32:24,5,13,14,18.9,34,19.7,30.5,0,17
2026-09-14 11:37:23,5,9,12,19.1,33.7,19.9,30.2,0,18
2026-09-14 11:42:23,5,9,12,19.2,34,20.1,30,0,18
2026-09-14 11:47:23,5,14,14,19.4,33.9,20.3,30.1,0,16
2026-09-14 11:52:23,6,12,14,19.5,33.7,20.5,29.9,0,16
2026-09-14 11:57:23,5,13,15,19.7,33.6,20.7,29.8,0,16
2026-09-14 12:02:23,6,18,18,19.9,33.6,20.9,29.7,0,16
2026-09-14 12:07:24,8,18,21,20,33.5,21.1,29.6,0,16
2026-09-14 12:12:23,6,18,19,20.1,33.4,21.3,29.6,0,18
2026-09-14 12:17:23,7,20,21,20.3,33.3,21.5,29.3,0,16
2026-09-14 12:22:25,7,16,18,20.4,33.2,,,0,16
2026-09-14 12:27:23,8,23,23,20.6,33.1,,,0,18
2026-09-14 12:32:23,8,21,23,20.7,33,,,0,18
2026-09-14 12:37:23,9,26,26,20.9,32.7,,,0,16
2026-09-14 12:42:23,9,24,25,21,32.5,,,0,16
2026-09-14 12:47:23,9,25,25,21.1,32.3,,,0,18
2026-09-14 12:52:24,12,24,24,21.3,32.1,,,0,17
2026-09-14 12:57:25,11,24,24,21.4,31.8,,,0,18
2026-09-14 13:02:24,12,26,27,21.6,31.6,,,0,16
2026-09-14 13:07:23,13,27,30,21.8,31.4,,,0,18
2026-09-14 13:12:25,15,26,29,21.9,31.3,,,0,18
2026-09-14 13:17:24,14,29,30,22,31.1,23.7,26.6,0,17
2026-09-14 13:22:23,14,26,26,22.1,31.3,23.9,26.7,0,16
2026-09-14 13:27:24,18,26,28,22.3,31,24,26.4,0,17
2026-09-14 13:32:23,17,26,27,22.4,30.6,24.1,26.1,0,16
2026-09-14 13:37:24,27,44,52,22.5,30.6,24.3,25.9,0,18
2026-09-14 13:42:23,22,33,36,22.6,30.4,24.5,25.7,0,17
2026-09-14 13:47:24,24,40,47,22.7,29.9,24.6,25.5,0,18
2026-09-14 13:52:23,20,32,34,22.8,30.2,24.7,25.4,0,17
2026-09-14 13:57:24,19,32,34,23,30,24.9,25.1,0,16
2026-09-14 14:02:23,18,29,30,23,29.7,25,24.9,0,16
2026-09-14 14:07:24,16,28,29,23.2,29.4,25.1,24.7,0,18
2026-09-14 14:12:24,17,29,30,23.3,29.4,25.3,24.6,0,18
2026-09-14 14:17:23,19,29,30,23.4,29.2,25.4,24.4,0,16
2026-09-14 14:22:23,18,28,30,23.5,28.8,25.5,23.9,0,16
2026-09-14 14:27:23,14,27,28,23.6,28.7,25.6,23.9,0,18
2026-09-14 14:32:26,17,30,31,23.6,28.6,25.7,24,0,18
2026-09-14 14:37:23,17,29,30,23.7,28.8,25.9,23.6,0,18
2026-09-14 14:42:23,17,28,30,23.8,28.7,26,23.5,0,21
2026-09-14 14:47:24,13,27,27,24,28.5,26.1,23.5,0,18
2026-09-14 14:52:24,18,26,27,24,28.4,26.2,23.1,0,17
2026-09-14 14:57:23,16,26,27,24.2,28.2,26.3,23.2,0,16
2026-09-14 15:02:24,17,29,29,24.3,27.9,26.3,22.8,0,16
2026-09-14 15:07:23,13,25,26,24.3,27.8,26.4,22.9,0,16
2026-09-14 15:12:24,18,27,28,24.4,28,26.5,22.7,0,18
2026-09-14 15:17:25,22,33,37,24.5,27.8,26.5,22.6,0,18
2026-09-14 15:22:24,19,29,30,24.5,27.7,26.6,22.6,0,18
2026-09-14 15:27:24,20,30,34,24.6,27.5,26.7,22.4,0,16
2026-09-14 15:32:24,16,28,28,24.6,27.5,26.7,22.4,0,16
2026-09-14 15:37:24,14,26,28,24.7,27.1,26.8,22,0,16
2026-09-14 15:42:24,18,30,31,24.7,27.3,26.8,22.1,0,16
2026-09-14 15:47:24,17,29,30,24.7,27.3,26.8,22.2,0,18
2026-09-14 15:52:25,15,26,28,24.7,27.4,26.8,22.2,0,16
2026-09-14 15:57:25,10,22,23,24.8,27,26.9,22,0,16
2026-09-14 16:02:24,11,23,24,24.8,26.7,26.9,21.6,0,16
2026-09-14 16:07:24,12,25,26,24.8,26.3,26.9,21.4,0,18
2026-09-14 16:54:51,19,30,30,20.5,31.1,25.1,22.1,0,15
2026-09-14 19:54:49,8,22,23,23,28.3,24.9,23.4,0,18
2026-09-14 19:59:47,8,22,23,22.9,28.7,24.8,23.6,0,18
2026-09-14 20:04:49,8,20,22,22.9,28.6,24.7,23.7,0,18
2026-09-14 20:09:49,8,20,20,22.8,28.9,24.6,23.9,0,18
2026-09-14 20:14:48,11,20,20,22.7,29.2,24.4,24.1,0,18
2026-09-14 20:19:50,11,24,24,22.6,29.1,24.3,24.3,0,18
2026-09-14 20:24:49,9,23,25,22.6,29.4,24.2,24.4,0,18
2026-09-14 20:29:48,9,22,23,22.4,29.1,24.1,24.2,0,18
2026-09-14 20:34:48,11,23,23,22.3,29.3,24,24.5,0,18
2026-09-14 20:39:49,9,22,23,22.3,29.4,23.8,24.5,0,18
2026-09-14 20:44:48,9,22,22,22.1,29.2,23.7,24.5,0,18
2026-09-14 20:49:49,14,24,25,22.1,29,23.6,24.1,0,18
2026-09-14 20:54:48,9,22,23,22,29.1,23.5,24.5,0,18
2026-09-14 20:59:49,11,22,25,21.9,29.5,23.5,24.7,0,18
2026-09-14 21:04:48,9,23,23,21.9,29.7,23.4,24.9,0,18
2026-09-14 21:09:49,12,24,26,21.8,29.9,23.4,25.2,0,18
2026-09-14 21:14:49,11,24,24,21.8,30,23.3,25.2,0,18
2026-09-14 21:19:48,9,24,26,21.7,30.1,23.2,25.6,0,18
2026-09-14 21:24:48,11,25,25,21.7,30.6,23.1,25.9,0,18
2026-09-14 21:29:48,7,22,23,21.6,30.4,23,25.8,0,21
2026-09-14 21:34:48,11,24,26,21.5,30.8,22.9,26.4,0,18
2026-09-14 21:39:48,13,28,28,21.3,30.8,22.8,26.3,0,18
2026-09-14 21:44:48,15,26,27,21.3,30.8,22.6,26.5,0,21
2026-09-14 21:49:48,14,26,28,21.2,31.1,22.5,26.7,0,18
2026-09-14 21:54:49,14,26,27,21.1,31.2,22.4,26.8,0,21
2026-09-14 21:59:48,16,27,28,21,31.3,22.3,27.1,0,18
2026-09-14 22:04:48,17,30,31,20.9,31.6,22.2,27.5,0,18
2026-09-14 22:09:49,18,29,31,20.8,31.5,22,27.5,0,21
2026-09-14 22:14:49,11,26,27,20.7,31.5,21.9,27.2,0,18
2026-09-14 22:19:49,15,26,27,20.6,31.4,21.8,27.3,0,18
2026-09-14 22:24:49,13,27,27,20.6,31.6,21.7,27.3,0,18
2026-09-14 22:29:49,9,24,26,20.5,31.5,21.6,27.5,0,18
2026-09-14 22:34:49,11,25,25,20.4,31.6,21.6,27.4,0,18
2026-09-14 22:39:49,9,23,25,20.4,31.5,21.5,27.3,0,18
2026-09-14 22:44:49,11,24,25,20.3,31.4,21.4,27.3,0,18
2026-09-14 22:49:48,8,21,23,20.2,31,21.3,27,0,17
2026-09-14 22:54:48,15,27,28,20.1,30.6,21.2,26.4,0,18
2026-09-14 22:59:49,11,26,26,20.1,30.6,21,26.3,0,18
2026-09-14 23:04:49,11,26,27,20,30.4,21,26.5,0,17
2026-09-14 23:09:49,8,20,21,20,30.5,20.9,26.3,0,18
2026-09-14 23:14:48,8,21,21,20,30.7,20.9,26.6,0,18
2026-09-14 23:19:49,9,21,21,20,30.8,20.9,26.8,0,18
2026-09-14 23:24:48,8,20,23,19.9,31,20.9,26.9,0,18
2026-09-14 23:29:50,9,21,23,19.9,31.1,20.9,27.2,0,18
2026-09-14 23:34:50,9,23,25,19.9,31.4,20.8,27.4,0,18
2026-09-14 23:39:49,9,21,25,19.8,31.5,20.8,27.7,0,21
2026-09-14 23:44:49,8,23,23,19.8,31.7,20.7,27.8,0,18
2026-09-14 23:49:50,7,21,21,19.7,31.9,20.6,27.8,0,18
2026-09-14 23:54:49,8,20,23,19.7,31.8,20.6,27.8,0,18
2026-09-14 23:59:49,9,24,24,19.6,31.6,20.5,27.7,0,18
2026-09-15 00:04:49,8,24,24,19.6,32.1,20.5,28.2,0,19
2026-09-15 00:09:49,8,21,24,19.6,32.3,20.4,28.4,0,18
2026-09-15 00:14:49,9,24,24,19.5,32.2,20.4,28.3,0,19
2026-09-15 00:19:49,9,23,26,19.5,31.6,20.3,27.7,0,19
2026-09-15 00:24:49,9,20,20,19.4,31.6,20.3,27.7,0,18
2026-09-15 00:29:51,7,16,17,19.4,31.5,20.3,27.6,0,18
2026-09-15 00:34:49,3,6,6,19.4,29.9,20.2,25.5,0,18
2026-09-15 00:39:49,1,4,4,19.4,29.4,20.2,25.3,0,14
2026-09-15 00:44:49,0,2,2,19.3,28.8,20.1,24.8,0,18
2026-09-15 00:49:48,0,1,1,19.3,28.8,20,24.5,0,17
2026-09-15 00:54:49,0,2,4,19.3,28.5,20,24.6,0,15
2026-09-15 00:59:52,0,1,1,19.3,28.7,20,24.5,0,14
2026-09-15 01:04:49,1,4,4,19.3,29.1,20,25.1,0,14
2026-09-15 01:09:52,0,2,3,19.2,29.4,20,25.1,0,18
2026-09-15 01:14:49,0,4,4,19.2,29.4,20,25.1,0,17
2026-09-15 01:19:52,0,4,5,19.2,29.5,20,25.4,0,15
2026-09-15 01:24:49,0,5,5,19.2,29.6,19.9,25.5,0,19
2026-09-15 01:29:49,1,6,7,19.1,29.9,19.9,25.8,0,17
2026-09-15 01:34:49,3,5,5,19.1,29.8,19.8,26,0,13
2026-09-15 01:39:49,3,6,6,19.1,30,19.8,26.3,0,18
2026-09-15 01:44:49,4,7,8,19,30.2,19.7,26.4,0,19
2026-09-15 01:50:02,3,7,7,19,30.2,19.7,26.4,0,19
2026-09-15 01:54:50,3,7,7,18.9,30.7,19.6,27,0,15
2026-09-15 01:59:50,5,7,8,18.9,31,19.6,27.3,0,17
2026-09-15 02:04:49,5,9,11,18.9,31,19.5,27.3,0,13
2026-09-15 02:09:52,4,9,9,18.8,31,19.5,27.4,0,15
2026-09-15 02:14:49,4,7,9,18.8,31.3,19.4,27.5,0,15
2026-09-15 02:19:52,5,12,14,18.7,31.4,19.4,27.8,0,18
2026-09-15 02:24:49,6,15,15,18.7,31.4,19.4,27.8,0,19
2026-09-15 02:29:52,5,12,12,18.7,31.1,19.3,27.4,0,15
2026-09-15 02:34:49,5,14,14,18.6,31.7,19.3,28.1,0,17
2026-09-15 02:39:49,5,14,15,18.6,31.6,19.2,28.1,0,17
2026-09-15 02:44:50,5,12,12,18.6,31.4,19.1,27.8,0,16
2026-09-15 02:49:50,5,12,13,18.5,31.7,19.1,28.2,0,20
2026-09-15 02:54:50,4,8,8,18.5,31.4,19,27.9,0,18
2026-09-15 02:59:50,2,6,6,18.4,30.5,18.9,26.4,0,18
2026-09-15 03:04:49,3,6,7,18.4,31.3,18.9,27.7,0,17
2026-09-15 03:09:56,1,5,5,18.3,30.3,18.8,26.7,0,15
2026-09-15 03:14:49,1,5,5,18.3,30.7,18.8,26.8,0,18
2026-09-15 03:19:52,1,3,4,18.3,30.2,18.8,26.5,0,18
2026-09-15 03:24:50,3,8,8,18.3,30.9,18.7,27.4,0,19
2026-09-15 03:29:52,2,6,6,18.2,31,18.7,27.5,0,18
2026-09-15 03:35:01,2,7,8,18.2,31.1,18.7,27.4,0,19
2026-09-15 03:39:50,1,4,5,18.2,30.8,18.6,27,0,19
2026-09-15 03:44:52,1,4,4,18.2,30.4,18.6,26.6,0,18
2026-09-15 03:49:50,1,4,5,18.1,30.9,18.5,27.2,0,19
2026-09-15 03:54:50,1,4,5,18.1,31.2,18.5,27.6,0,15
2026-09-15 03:59:50,2,3,5,18,30.6,18.4,26.8,0,17
2026-09-15 04:04:51,2,4,4,18,30.6,18.4,27,0,18
2026-09-15 04:09:50,2,3,4,17.9,31,18.3,27.3,0,13
2026-09-15 04:14:49,0,4,5,17.9,30.9,18.3,27.2,0,17
2026-09-15 04:19:58,1,5,6,17.9,30.7,18.3,27,0,17
2026-09-15 04:24:49,1,4,4,17.9,30.7,18.2,27,0,14
2026-09-15 04:29:50,1,4,4,17.8,30.6,18.2,26.9,0,16
2026-09-15 04:34:50,1,5,6,17.8,30.6,18.2,26.9,0,16
2026-09-15 04:39:49,1,5,5,17.8,30.6,18.2,26.9,0,13
2026-09-15 04:44:49,1,4,5,17.8,30.8,18.1,27.1,0,16
2026-09-15 04:49:50,1,4,5,17.8,30.9,18.1,27.3,0,16
2026-09-15 04:54:50,2,7,7,17.7,30.9,18.1,27.2,0,16
2026-09-15 04:59:53,3,6,6,17.7,31,18,27.5,0,16
2026-09-15 05:04:52,3,6,9,17.7,31.2,18,27.6,0,13
2026-09-15 05:09:49,1,7,7,17.7,31.1,18,27.7,0,15
2026-09-15 05:14:55,3,6,6,17.6,31.3,17.9,27.8,0,16
2026-09-15 05:19:50,4,6,6,17.6,31.3,17.9,27.7,0,17
2026-09-15 05:24:50,2,9,10,17.6,31.3,17.9,28,0,15
2026-09-15 05:29:50,2,5,6,17.6,31.3,17.8,27.9,0,18
2026-09-15 05:34:50,3,6,8,17.5,31.2,17.8,27.6,0,21
2026-09-15 05:39:50,2,8,8,17.5,31.1,17.8,27.7,0,16
2026-09-15 05:44:50,2,6,7,17.5,31,17.7,27.6,0,16
2026-09-15 05:49:50,3,9,9,17.5,31.1,17.7,27.7,0,16
2026-09-15 05:54:51,4,8,9,17.4,31.3,17.7,27.8,0,13
2026-09-15 05:59:51,4,7,9,17.4,31.3,17.6,27.9,0,14
2026-09-15 06:04:50,3,7,7,17.4,31.7,17.6,28.2,0,21
2026-09-15 06:09:50,4,9,10,17.4,31.6,17.6,28.1,0,18
2026-09-15 06:14:50,4,9,9,17.4,31.4,17.6,28,0,18
2026-09-15 06:19:51,4,9,10,17.3,31.8,17.5,28.4,0,18
2026-09-15 06:24:50,1,8,9,20,32.7,27.1,21.7,0,18
2026-09-15 06:29:50,4,8,8,21.6,28.1,26.6,19,0,18
2026-09-15 06:34:50,2,6,7,21.4,29.1,25.1,22,0,21
2026-09-15 06:39:50,2,7,9,22.5,26.7,26.4,18.6,0,18
2026-09-15 06:44:50,1,4,5,21.6,26,23.1,20.8,0,18
2026-09-15 06:49:50,0,5,5,20.5,26.6,21.1,22.6,0,18
2026-09-15 06:54:51,1,4,4,19.6,27.6,19.9,23.9,0,21
2026-09-15 06:59:52,0,4,4,21.6,27.2,26.8,18.4,0,18
2026-09-15 07:04:50,1,4,4,21.5,26.2,24.1,19.7,0,18
2026-09-15 07:09:51,1,4,4,20.6,26.5,21.6,21.7,0,18
2026-09-15 07:14:50,0,2,2,22.2,26.6,27.8,17.7,0,18
2026-09-15 07:19:51,1,3,3,22.4,25.7,25.6,18.7,0,18
2026-09-15 07:24:50,0,3,3,21.4,26.1,22.7,21.1,0,18
2026-09-15 07:29:51,0,3,3,20.4,26.6,20.8,22.7,0,16
2026-09-15 07:34:50,0,4,4,19.6,26.9,19.7,23.3,0,18
2026-09-15 07:39:51,1,4,5,19,27.6,19,24.3,0,18
2026-09-15 07:44:51,1,5,5,18.6,28.2,18.6,25.1,0,18
2026-09-15 07:49:51,1,3,4,18.6,30.8,20.4,26.7,0,21
2026-09-15 07:54:51,1,4,4,22.1,28.1,30.3,16.7,0,21
2026-09-15 07:59:51,1,7,8,22.7,25.5,27,17.3,0,18
2026-09-15 08:04:50,3,6,7,21.7,25.5,23.2,20,0,18
2026-09-15 08:09:51,2,5,5,23.6,24.8,29.7,15.7,0,18
2026-09-15 08:14:51,1,4,4,23.2,24.4,25.9,17.7,0,18
2026-09-15 08:19:51,2,5,6,21.8,25,22.7,20.2,0,18
2026-09-15 08:24:52,4,6,6,20.6,26,,,0,18
2026-09-15 08:29:52,0,3,3,20.1,27.8,,,0,18
2026-09-15 08:34:50,1,5,5,20.8,26.4,,,0,21
2026-09-15 08:39:51,1,5,5,20.2,26.5,,,0,18
2026-09-15 08:44:51,0,4,4,19.5,26.7,,,0,18
2026-09-15 08:49:51,0,3,3,19.4,29,,,0,18
2026-09-15 08:54:51,0,3,3,20.8,26.3,24.4,19.1,0,18
2026-09-15 08:59:51,6,12,12,20.4,26.3,22,20.8,0,18
2026-09-15 09:04:52,6,12,12,19.7,26.7,20.3,22.4,0,18
2026-09-15 09:09:52,5,17,19,19.1,26.8,19.4,23.1,0,18
2026-09-15 09:14:51,4,9,12,18.7,27.7,18.8,24.1,0,18
2026-09-15 09:19:51,4,13,15,18.4,28.1,18.5,24.8,0,18
2026-09-15 09:24:51,6,24,28,18.1,28.8,18.3,25.5,0,18
2026-09-15 09:29:51,6,27,31,18,29.4,18.1,26,0,18
2026-09-15 09:34:51,8,21,22,17.8,29.7,18,26.1,0,18
2026-09-15 09:39:52,20,35,41,17.8,29.8,18,26.5,0,18
2026-09-15 09:44:51,7,25,28,17.7,30.1,18,26.7,0,18
2026-09-15 09:49:52,5,12,16,17.7,30.4,17.9,27.1,0,18
2026-09-15 09:54:51,5,16,20,17.8,30.6,18,27.1,0,21
2026-09-15 09:59:51,3,12,14,17.7,30.5,18,27,0,18
2026-09-15 10:04:53,3,10,13,17.8,30.7,18,27.2,0,18
2026-09-15 10:09:52,2,6,6,17.8,30.8,18.1,27.2,0,18
2026-09-15 10:14:51,3,8,8,17.9,31.1,18.2,27.7,0,18
2026-09-15 10:19:51,3,7,8,17.9,31.1,18.3,27.7,0,19
2026-09-15 10:24:52,4,8,8,18,31.1,18.4,27.5,0,18
2026-09-15 10:29:52,3,7,7,18.1,31.2,18.6,27.6,0,18
2026-09-15 10:34:56,3,6,6,18.3,31.2,18.8,27.5,0,18
2026-09-15 10:39:51,3,5,7,18.4,31.3,19,27.6,0,18
2026-09-15 10:44:51,3,5,6,18.6,31.3,19.2,27.5,0,18
2026-09-15 10:49:52,2,6,7,18.7,31,19.4,27,0,18
2026-09-15 10:54:53,3,7,7,18.9,31.1,19.7,27.1,0,18
2026-09-15 10:59:52,4,9,9,19.1,30.8,20,26.9,0,18
2026-09-15 11:04:53,4,11,11,19.3,30.9,20.2,26.6,0,20
2026-09-15 11:09:52,4,7,7,19.5,30.8,20.5,26.5,0,21
2026-09-15 11:14:51,4,8,8,19.7,30.5,20.8,26.2,0,18
2026-09-15 11:19:53,3,6,7,19.9,30.6,21,26.1,0,17
2026-09-15 11:24:52,3,6,7,20.1,30.6,21.3,26.1,0,21
2026-09-15 11:29:52,3,7,7,20.3,30.4,21.6,26,0,17
2026-09-15 11:34:51,2,6,6,20.5,30.1,21.8,25.6,0,18
2026-09-15 11:39:51,3,5,5,20.7,30.3,22.1,25.6,0,18
2026-09-15 11:44:51,5,12,13,20.9,30.1,22.4,25.5,0,18
2026-09-15 11:49:52,5,11,11,21.1,29.8,22.6,25.3,0,17
2026-09-15 11:54:51,7,18,18,21.3,29.8,22.9,25.1,0,17
2026-09-15 11:59:52,7,22,25,21.5,29.8,23.1,25.1,0,17
2026-09-15 12:04:51,18,30,34,21.7,29.6,23.4,24.8,0,18
2026-09-15 12:09:57,9,22,23,21.9,29.5,23.6,24.8,0,18
2026-09-15 12:14:52,14,27,27,22.1,29.6,23.8,24.7,0,18
2026-09-15 12:19:52,9,24,27,22.3,29.5,24,24.6,0,18
2026-09-15 12:24:52,9,24,27,22.4,29.3,24.3,24.2,0,21
2026-09-15 12:29:54,8,25,26,22.6,29.4,24.5,24.3,0,18
2026-09-15 12:34:52,15,29,34,22.8,29.1,24.7,24,0,17
2026-09-15 12:39:51,19,30,33,23,28.9,24.9,23.9,0,18
2026-09-15 12:44:52,14,29,29,23.2,28.5,25.1,23.6,0,18
2026-09-15 12:49:52,12,24,25,23.3,28.3,25.4,23.2,0,17
2026-09-15 12:54:52,13,28,29,23.5,28.2,25.6,22.9,0,18
2026-09-15 12:59:52,8,25,25,23.6,27.4,25.8,22.2,0,18
2026-09-15 13:04:51,10,24,25,23.8,27.2,26,22,0,18
2026-09-15 13:09:52,10,25,26,24,27.2,26.1,21.8,0,18
2026-09-15 13:14:53,14,28,29,24.2,27.1,26.3,21.8,0,18
2026-09-15 13:19:51,13,26,30,24.3,27.1,26.5,21.7,0,18
2026-09-15 13:24:52,13,28,29,24.5,26.6,26.7,21.2,0,17
2026-09-15 13:29:51,12,26,28,24.6,26.6,26.8,21.4,0,21
2026-09-15 13:34:52,19,31,33,24.8,26.4,27,20.9,0,21
2026-09-15 13:39:53,18,31,32,24.9,26.1,27.2,20.7,0,21
2026-09-15 13:44:52,18,34,39,25,26.2,27.3,20.7,0,17
2026-09-15 13:49:52,18,32,36,25.1,25.9,27.5,20.3,0,18
2026-09-15 13:54:52,20,32,38,25.3,25.7,27.6,19.9,0,18
2026-09-15 13:59:53,22,36,45,25.4,25.7,27.8,20.1,0,18
2026-09-15 14:04:52,27,44,55,25.5,25.3,28,19.6,0,18
2026-09-15 14:09:52,31,50,63,25.7,25.3,28.1,19.7,0,18
2026-09-15 14:14:52,30,50,62,25.8,25.2,28.2,19.7,0,18
2026-09-15 14:19:52,31,51,63,25.9,25.1,28.3,19.6,0,18
2026-09-15 14:24:52,27,44,55,26,24.8,28.4,19.3,0,21
2026-09-15 14:29:53,27,43,52,26.1,24.8,28.5,19,0,18
2026-09-15 14:34:52,23,40,48,26.1,24.6,28.6,18.8,0,18
2026-09-15 14:39:53,23,37,46,26.2,24.6,28.7,18.7,0,18
2026-09-15 14:44:51,21,32,37,26.3,24.1,28.8,18.3,0,17
2026-09-15 14:49:52,20,33,36,26.3,24,28.8,18.2,0,17
2026-09-15 14:54:52,17,25,29,26.4,23.8,28.9,18,0,18
2026-09-15 14:59:52,19,31,35,26.4,23.9,29,18.1,0,20
2026-09-15 15:04:52,21,33,37,26.5,23.7,29,17.9,0,17
2026-09-15 15:09:53,20,31,35,26.5,23.8,29.1,18,0,17
2026-09-15 15:14:52,20,33,36,26.6,23.9,29.1,17.9,0,18
2026-09-15 15:19:52,17,29,33,26.6,24,29.2,18,0,18
2026-09-15 15:24:52,20,32,37,26.7,23.9,29.2,18.1,0,18
2026-09-15 15:29:53,21,33,39,26.7,24,29.2,18.1,0,18
2026-09-15 15:34:52,19,29,32,26.7,24.1,29.3,18.3,0,18
2026-09-15 15:39:52,17,28,29,26.7,24,29.3,18.2,0,21
2026-09-15 15:44:52,16,25,27,26.7,23.9,29.3,18.2,0,18
2026-09-15 15:49:51,13,26,29,26.7,24,29.3,18.2,0,18
2026-09-15 15:54:52,11,25,27,26.7,23.8,29.3,18.2,0,21
2026-09-15 15:59:52,17,30,30,26.7,24,29.3,18.2,0,21
2026-09-15 16:09:53,14,26,29,26.7,24.3,29.2,18.4,0,18
2026-09-15 16:14:52,11,25,26,26.7,24.4,29.2,18.3,0,21
2026-09-15 16:19:52,15,24,27,26.6,24.3,29.2,18.4,0,17
2026-09-15 16:29:54,11,25,27,26.6,24.4,29.1,18.5,0,18
2026-09-15 16:34:52,11,23,24,26.5,24.4,29.1,18.6,0,18
2026-09-15 16:39:52,8,24,25,26.5,24.7,29,18.9,0,18
2026-09-15 16:44:52,19,29,30,26.5,24.8,29,19.1,0,21
2026-09-15 16:49:53,18,27,27,26.5,24.9,28.9,19.1,0,18
2026-09-15 16:54:52,14,27,27,26.5,24.8,28.9,19.3,0,18
2026-09-15 16:59:52,13,26,27,26.4,25.2,28.8,19.4,0,21
2026-09-15 17:04:53,15,26,26,26.3,25.3,28.8,19.5,0,18
2026-09-15 17:09:53,12,27,29,26.3,25.2,28.7,19.5,0,18
2026-09-15 17:14:52,13,27,28,26.3,25.1,28.7,19.6,0,21
2026-09-15 17:19:53,14,27,29,26.2,25.5,28.6,19.7,0,18
2026-09-15 17:24:52,15,27,28,26.2,25.6,28.6,19.7,0,18
2026-09-15 17:29:53,8,23,24,26.2,25.5,28.5,19.8,0,17
2026-09-15 17:34:53,8,19,19,26.1,25.8,28.5,19.9,0,18
2026-09-15 17:39:52,10,22,23,26,25.8,28.4,20,0,18
2026-09-15 17:44:52,9,23,23,26,25.9,28.4,20.1,0,17
2026-09-15 17:49:54,13,26,27,25.9,25.7,28.3,20.1,0,21
2026-09-15 17:54:52,9,23,24,25.8,25.9,28.2,20.2,0,18
2026-09-15 17:59:52,9,19,20,25.8,25.8,28.2,20.1,0,18
2026-09-15 18:04:52,5,12,16,25.7,25.9,28.1,20.2,0,18
2026-09-15 18:09:53,5,10,10,25.7,25.7,28,20,0,18
2026-09-15 18:14:52,4,8,8,25.7,25.8,28,20.1,0,17
2026-09-15 18:19:53,4,7,10,25.5,25.9,27.9,20.2,0,21
2026-09-15 18:24:54,3,6,7,25.5,25.6,27.8,20.2,0,18
2026-09-15 18:29:53,4,6,6,25.4,25.5,27.7,20.1,0,20
2026-09-15 18:34:52,3,6,6,25.4,25.5,27.7,19.9,0,19
2026-09-15 18:39:53,4,7,7,25.3,25.6,27.6,20.1,0,18
2026-09-15 18:44:52,3,5,5,25.2,25.9,27.5,20.3,0,18
2026-09-15 18:49:53,3,6,6,25.1,25.8,27.4,20.5,0,18
2026-09-15 18:59:52,4,8,8,25,26.4,27.2,20.9,0,18
2026-09-15 19:04:52,3,7,7,24.9,26.3,27.1,21.1,0,18
2026-09-15 19:09:52,4,7,7,24.8,26.5,27,21.1,0,18
2026-09-15 19:14:53,5,8,8,24.7,26.8,26.9,21.3,0,18
2026-09-15 19:19:52,4,6,6,24.7,27.1,26.9,21.5,0,18
2026-09-15 19:24:53,4,4,4,24.6,27.3,26.8,21.8,0,18
2026-09-15 19:29:53,4,7,8,24.5,27.7,26.7,22.1,0,18
2026-09-15 19:34:52,4,8,9,24.5,27.6,26.5,22.2,0,18
2026-09-15 19:39:53,2,6,7,24.4,28,26.5,22.7,0,18
2026-09-15 19:44:53,5,8,9,24.2,28.4,26.3,22.8,0,18
2026-09-15 19:49:53,3,7,8,24.1,28.4,26.2,23,0,18
2026-09-15 19:54:53,5,7,7,24,28.6,26.1,23.2,0,21
2026-09-15 19:59:52,3,8,8,23.9,28.8,26,23.6,0,18
2026-09-15 20:04:53,4,8,9,23.8,28.9,25.9,23.9,0,18
2026-09-15 20:09:53,4,7,7,23.7,29.4,25.8,24.1,0,18
2026-09-15 20:14:53,4,7,7,23.6,29.5,25.6,24.3,0,18
2026-09-15 20:19:52,4,7,8,23.5,29.7,25.5,24.8,0,18
2026-09-15 20:24:53,5,8,8,23.4,30.1,25.4,24.9,0,18
2026-09-15 20:29:54,4,7,8,23.3,30.4,25.3,25.3,0,18
2026-09-15 20:34:53,6,9,9,23.2,30.7,25.1,25.7,0,18
2026-09-15 20:39:53,5,8,8,23.1,30.7,25,25.9,0,18
2026-09-15 20:44:53,3,6,6,23,31.2,24.9,26.3,0,17
2026-09-15 20:49:53,6,11,11,22.9,31.5,24.8,26.6,0,18
2026-09-15 20:54:54,7,12,14,22.8,31.5,24.6,26.7,0,18
2026-09-15 20:59:53,5,14,18,22.7,31.8,24.5,26.9,0,18
2026-09-15 21:04:53,8,18,19,22.6,32.2,24.4,27.3,0,18
2026-09-15 21:09:53,7,22,22,22.5,32.5,24.3,27.6,0,18
2026-09-15 21:14:53,9,20,20,22.5,32.6,24.2,27.9,0,18
2026-09-15 21:19:56,9,20,20,22.4,32.9,24.1,28.5,0,18
2026-09-15 21:24:53,8,19,19,22.3,33.2,24,28.5,0,18
2026-09-15 21:29:53,7,18,18,22.2,33.1,23.9,28.5,0,18
2026-09-15 21:34:53,7,15,17,22.1,33.1,23.8,28.6,0,18
2026-09-15 21:39:54,7,13,16,22,33.4,23.7,28.9,0,18
2026-09-15 21:44:53,8,16,19,22,33.8,23.6,29.3,0,18
2026-09-15 21:49:53,6,16,16,21.9,34,23.5,29.4,0,18
2026-09-15 21:54:53,9,19,19,21.8,34.1,23.3,29.7,0,18
2026-09-15 21:59:53,8,18,19,21.7,34.3,23.2,29.8,0,18
2026-09-15 22:04:53,8,18,18,21.6,34.5,23.1,30.2,0,18
2026-09-15 22:09:53,9,17,18,21.5,34.7,23,30.2,0,18
2026-09-15 22:14:54,8,17,19,21.3,34.8,22.9,30.7,0,18
2026-09-15 22:19:53,8,20,20,21.3,34.6,22.8,30.3,0,18
2026-09-15 22:24:55,8,19,19,21.2,34.8,22.7,30.6,0,18
2026-09-15 22:29:53,8,16,18,21.1,34.5,22.6,30.3,0,18
2026-09-15 22:34:54,7,17,17,21.1,34.6,22.5,30.3,0,18
2026-09-15 22:39:54,7,19,19,21,35,22.5,30.6,0,18
2026-09-15 22:44:53,7,18,18,21,35.1,22.4,30.6,0,18
2026-09-15 22:49:53,7,18,18,21,34.4,22.3,30.2,0,18
2026-09-15 22:54:53,8,18,19,20.9,34.5,22.2,30.5,0,18
2026-09-15 22:59:53,7,15,15,20.9,34.5,22.1,30.3,0,18
2026-09-15 23:04:53,6,14,14,20.8,34.7,22.1,30.5,0,18
2026-09-15 23:09:53,8,16,17,20.7,34.7,22,30.6,0,18
2026-09-15 23:14:53,7,12,13,20.7,34.7,21.9,30.6,0,24
2026-09-15 23:19:53,7,14,17,20.6,34.5,21.9,30.6,0,17
2026-09-15 23:24:53,8,17,18,20.6,34.8,21.8,30.8,0,21
2026-09-15 23:29:53,6,13,17,20.5,34.3,21.7,30.4,0,18
2026-09-15 23:34:53,7,12,13,20.4,34.6,,,0,18
2026-09-15 23:39:54,5,9,9,20.4,34.5,,,0,18
2026-09-15 23:44:53,7,12,12,20.3,34.6,,,0,18
2026-09-15 23:49:54,6,11,11,20.3,35.2,,,0,18
2026-09-15 23:54:54,7,12,13,20.2,35.1,,,0,18
2026-09-15 23:59:54,7,19,20,20.1,35.1,,,0,18
2026-09-16 00:04:54,8,17,19,20.1,35.2,,,0,15
2026-09-16 00:09:53,7,18,19,20,35.4,,,0,18
2026-09-16 00:14:56,6,15,16,20,35.4,,,0,21
2026-09-16 00:19:53,7,12,12,19.9,35.6,,,0,18
2026-09-16 00:24:54,7,13,15,19.9,35.2,,,0,18
2026-09-16 00:29:54,6,12,13,19.8,35.3,,,0,19
2026-09-16 00:34:53,6,11,12,19.8,35.1,,,0,19
2026-09-16 00:39:56,5,11,13,19.7,35.3,,,0,17
2026-09-16 00:44:53,7,14,15,19.7,35.7,,,0,18
2026-09-16 00:49:53,6,13,14,19.7,35.6,,,0,18
2026-09-16 00:54:54,7,11,11,19.6,35.5,20.6,31.3,0,17
2026-09-16 00:59:54,6,11,12,19.6,35.3,20.6,31.2,0,18
2026-09-16 01:04:54,6,13,13,19.6,35.2,20.6,31.3,0,14
2026-09-16 01:09:54,5,12,12,19.5,35.4,20.5,31.4,0,16
2026-09-16 01:14:54,6,11,13,19.5,35.4,20.5,31.5,0,18
2026-09-16 01:19:54,4,7,7,19.5,35.6,20.4,31.6,0,18
2026-09-16 01:24:54,5,13,13,19.4,35.6,20.3,31.6,0,19
2026-09-16 01:29:53,5,11,13,19.3,35.6,20.3,31.8,0,19
2026-09-16 01:34:53,5,15,17,19.3,35.6,20.2,31.6,0,16
2026-09-16 01:39:53,6,12,12,19.3,35.5,20.1,31.6,0,21
2026-09-16 01:44:53,4,9,9,19.3,35.9,20.1,31.9,0,17
2026-09-16 01:49:53,5,8,9,19.2,35.6,20,31.8,0,17
2026-09-16 01:55:01,4,8,9,19.1,35.3,20,31.4,0,17
2026-09-16 01:59:56,4,7,7,19.1,35.3,20,31.4,0,15
2026-09-16 02:04:54,4,8,9,19.1,34.9,19.9,31.3,0,18
2026-09-16 02:09:56,4,8,8,19,35,19.9,31.4,0,15
2026-09-16 02:14:54,5,9,13,19,35.3,19.9,31.6,0,17
2026-09-16 02:19:56,6,8,9,19,35.6,19.8,31.8,0,15
2026-09-16 02:24:54,5,8,9,19,35.8,19.8,32.2,0,18
2026-09-16 02:29:54,5,7,7,18.9,35.6,19.7,31.9,0,18
2026-09-16 02:34:54,4,8,9,18.9,35.6,19.7,31.9,0,16
2026-09-16 02:39:54,4,8,8,18.9,35.5,19.6,31.8,0,16
2026-09-16 02:44:53,5,6,6,18.9,35.5,19.6,31.9,0,21
2026-09-16 02:49:54,5,9,9,18.9,35.2,19.6,31.7,0,16
2026-09-16 02:54:54,5,12,12,18.8,35.5,19.5,31.8,0,18
2026-09-16 02:59:54,4,9,9,18.8,35.4,19.5,31.8,0,18
2026-09-16 03:04:54,4,6,6,18.7,35.7,19.4,32,0,16
2026-09-16 03:09:54,3,6,6,18.7,35.6,19.4,32,0,16
2026-09-16 03:14:57,4,6,6,18.7,35.6,19.3,32.1,0,15
2026-09-16 03:19:54,4,6,6,18.6,35.4,19.3,31.9,0,19
2026-09-16 03:24:54,4,7,7,18.6,35.7,19.2,32,0,16
2026-09-16 03:29:54,3,7,8,18.5,35.6,19.2,32,0,16
2026-09-16 03:34:54,3,6,6,18.5,35.5,19.1,31.8,0,18
2026-09-16 03:39:54,2,5,6,18.5,35,19.1,31.6,0,18
2026-09-16 03:44:54,3,5,5,18.5,34.9,19,31.4,0,18
2026-09-16 03:49:54,3,8,8,18.5,34.9,19,31.6,0,19
2026-09-16 03:54:53,4,6,6,18.4,35.1,18.9,31.6,0,17
2026-09-16 03:59:54,2,6,7,18.4,34.7,18.9,31.4,0,16
2026-09-16 04:04:54,3,5,7,18.4,34.7,18.8,31.3,0,18
2026-09-16 04:19:54,4,7,7,18.2,34.9,18.7,31.6,0,18
2026-09-16 04:24:54,3,7,7,18.2,35.1,18.7,31.8,0,15
2026-09-16 04:29:54,3,7,7,18.2,35.7,18.7,32.2,0,18
2026-09-16 04:34:54,4,7,8,18.2,35.7,18.6,32.3,0,16
2026-09-16 04:39:54,4,7,7,18.1,35.4,18.6,32.1,0,19
2026-09-16 04:44:55,3,7,8,18.1,35.4,18.5,32,0,19
2026-09-16 04:49:54,4,5,7,18.1,35.6,18.5,32.2,0,16
2026-09-16 04:54:54,3,4,6,18,35.4,18.4,32.1,0,19
2026-09-16 04:59:54,2,4,5,18,35.3,18.4,31.9,0,19
2026-09-16 05:04:54,2,5,5,17.9,35.6,18.3,32.2,0,18
2026-09-16 05:09:54,1,5,5,17.9,35.3,18.3,32,0,18
2026-09-16 05:14:54,1,5,5,17.9,35.3,18.2,32,0,16
2026-09-16 05:19:54,1,3,3,17.8,35.4,18.2,32.1,0,16
2026-09-16 05:24:54,1,4,4,17.8,35.6,18.1,32.2,0,19
2026-09-16 05:29:54,3,6,6,17.8,35.1,18.1,31.8,0,16
2026-09-16 05:34:54,2,4,4,17.7,35.1,18,31.9,0,18
2026-09-16 05:39:54,2,5,5,17.7,35.4,18,32.1,0,17
2026-09-16 05:44:54,1,4,4,17.7,35.5,18,32.2,0,17
2026-09-16 05:49:54,3,7,7,17.7,35.7,18,32.4,0,15
2026-09-16 05:54:55,3,4,5,17.6,35.8,18,32.5,0,18
2026-09-16 05:59:55,4,6,6,17.6,35.1,18,31.9,0,18
2026-09-16 06:04:55,2,4,5,17.6,35.4,18,31.9,0,17
2026-09-16 06:09:55,3,6,7,17.6,35.5,18,32.1,0,18
2026-09-16 06:14:54,3,6,6,17.6,35.2,17.9,32,0,18
2026-09-16 06:19:55,3,6,6,17.6,35.5,17.9,32.3,0,18
2026-09-16 06:24:54,3,6,6,17.6,35.7,17.9,32.3,0,18
2026-09-16 06:29:54,4,7,9,17.6,35.9,17.8,32.7,0,18
2026-09-16 06:34:55,3,5,7,17.5,36.2,17.8,33.1,0,18
2026-09-16 06:39:54,3,6,9,17.4,36.4,17.7,33.4,0,18
2026-09-16 06:44:55,4,7,7,17.4,36.4,17.7,33.3,0,21
2026-09-16 06:49:55,2,5,7,17.4,36.2,17.6,33.1,0,18
2026-09-16 06:54:55,2,5,5,17.3,36.4,17.5,33.2,0,18
2026-09-16 06:59:55,2,4,4,17.3,36.3,17.5,33.2,0,18
2026-09-16 07:04:55,2,4,4,17.3,36.5,17.5,33.4,0,18
2026-09-16 07:29:55,0,2,2,19,33.5,20.8,28,0,21
2026-09-16 07:34:55,0,4,4,18.7,34,19.4,30.1,0,18
2026-09-16 07:39:56,1,2,2,18.3,34.3,18.6,30.9,0,21
2026-09-16 07:44:55,1,3,3,17.9,34.8,18.1,31.8,0,18
2026-09-16 07:49:58,0,3,3,17.7,35.2,17.8,32.2,0,21
2026-09-16 07:54:54,0,4,4,17.5,35.6,17.6,32.5,0,18
2026-09-16 07:59:56,1,4,4,17.4,35.5,17.5,32.3,0,18
2026-09-16 08:04:55,2,4,4,17.3,35.4,17.4,32.3,0,18
2026-09-16 08:09:55,2,4,5,17.2,35.8,17.4,32.8,0,18
2026-09-16 11:54:57,11,25,29,20.8,40.7,22,36.7,0,16
2026-09-16 11:59:55,7,21,24,20.9,39,22.1,35.4,0,18
2026-09-16 12:04:56,6,23,24,20.9,37.9,22.2,34,0,17
2026-09-16 12:09:56,9,23,26,21,37.3,22.3,33.1,0,18
2026-09-16 12:14:56,11,27,28,21,36.9,22.4,33.1,0,16
2026-09-16 12:19:56,19,31,35,21.1,37,22.5,32.8,0,18
2026-09-16 12:24:55,20,33,37,21.1,37.2,22.6,33.4,0,18
2026-09-16 12:29:56,23,37,45,21.2,36.4,22.7,32.1,0,18
2026-09-16 12:34:56,22,36,43,21.3,36,22.9,31.7,0,17
2026-09-16 12:39:55,23,39,48,21.4,36.3,23,31.8,0,16
2026-09-16 12:44:56,23,40,46,21.5,36.4,23.1,31.8,0,18
2026-09-16 12:49:55,24,39,47,21.6,35.6,23.2,31.1,0,18
2026-09-16 12:54:56,24,41,49,21.7,35.8,23.3,31.3,0,18
2026-09-16 12:59:55,25,42,51,21.7,35.4,23.4,30.9,0,16
2026-09-16 13:04:57,25,40,48,21.8,35.2,23.5,30.5,0,17
2026-09-16 13:09:56,25,41,52,21.9,34.9,23.5,30.4,0,18
2026-09-16 13:14:55,25,41,49,22,34.6,23.6,30.2,0,18
2026-09-16 13:19:56,24,42,49,22,34.6,23.7,30.3,0,17
2026-09-16 13:24:55,26,42,50,22,34.4,23.8,29.6,0,17
2026-09-16 13:29:56,33,54,66,22.1,34.3,23.8,29.9,0,20
2026-09-16 13:34:56,28,46,57,22.1,34,23.9,29.5,0,18
2026-09-16 13:39:56,28,44,52,22.2,34.2,24,29.8,0,16
2026-09-16 13:44:56,25,41,50,22.3,34.4,24,29.8,0,21
2026-09-16 13:49:56,26,42,52,22.3,33.9,24.1,29.3,0,18
2026-09-16 13:54:56,27,44,54,22.4,34,24.2,29.3,0,18
2026-09-16 13:59:56,28,47,58,22.4,34.1,24.2,29.7,0,16
2026-09-16 14:04:56,26,44,53,22.5,33.5,24.3,29.1,0,18
2026-09-16 14:09:55,26,41,51,22.5,34.4,24.4,30,0,18
2026-09-16 14:14:56,27,46,56,22.6,33.8,24.5,29.1,0,16
2026-09-16 14:19:55,27,43,51,22.7,33.8,24.6,29.2,0,21
2026-09-16 14:24:55,28,44,55,22.7,33.3,24.7,28.6,0,13
2026-09-16 14:29:55,25,42,50,22.8,33.3,24.8,28.6,0,18
2026-09-16 14:34:56,24,41,49,22.8,32.8,24.8,28.3,0,16
2026-09-16 14:39:56,25,41,51,22.9,32.6,24.9,28.1,0,19
2026-09-16 14:44:55,26,43,51,23,33,25.1,28.2,0,17
2026-09-16 14:49:56,26,44,53,23.1,32.7,25.2,27.9,0,18
2026-09-16 14:54:56,25,41,49,23.2,32.6,25.3,27.9,0,16
2026-09-16 14:59:56,22,39,46,23.3,32.5,25.4,27.8,0,18
2026-09-16 15:04:56,22,37,44,23.4,32,25.5,27.3,0,19
2026-09-16 15:09:56,22,36,44,23.5,32.1,25.6,27.5,0,18
2026-09-16 15:14:55,20,33,38,23.5,30.9,25.7,25.9,0,18
2026-09-16 15:19:56,21,33,37,23.6,31.1,25.9,26.1,0,16
2026-09-16 15:24:56,20,32,40,23.7,31.1,26,25.9,0,18
2026-09-16 15:29:56,20,30,35,23.8,30.9,26,25.8,0,16
2026-09-16 15:34:57,20,33,39,23.9,31.3,26.1,26.5,0,17
2026-09-16 15:39:56,21,34,41,24,31.4,26.3,26.2,0,17
2026-09-16 15:44:56,20,35,44,24.1,31.5,26.4,26.4,0,16
2026-09-16 15:49:56,22,36,41,24.2,30.9,26.5,25.8,0,16
2026-09-16 15:54:56,22,36,42,24.3,30.4,26.5,25,0,16
2026-09-16 15:59:56,23,38,46,24.4,30.5,26.6,25.3,0,16
2026-09-16 16:04:56,22,39,46,24.5,30.4,26.7,25,0,18
2026-09-16 16:09:56,23,37,45,24.5,29.9,26.8,24.8,0,18
2026-09-16 16:14:56,22,35,41,24.6,30.2,26.8,25.1,0,16
2026-09-16 16:19:56,23,39,45,24.6,30.1,26.9,24.8,0,18
2026-09-16 16:24:57,24,39,45,24.7,30,26.9,24.8,0,16
2026-09-16 16:29:56,21,35,42,24.7,30.1,26.9,25.2,0,17
2026-09-16 16:34:56,23,39,47,24.8,30.2,27,24.9,0,18
2026-09-16 16:39:59,26,44,53,24.7,29.6,27,24.3,0,17
2026-09-16 16:44:56,24,40,47,24.8,29.7,27,24.5,0,18
2026-09-16 16:49:56,23,39,45,24.8,29.9,27,24.9,0,18
2026-09-16 16:54:57,24,40,47,24.8,30.2,27,25,0,18
2026-09-16 16:59:56,24,41,48,24.8,30,27,24.8,0,21
2026-09-16 17:04:56,22,40,48,24.8,30.3,27,25,0,18
2026-09-16 17:09:56,25,40,47,24.8,30.6,27,25.2,0,18
2026-09-16 17:14:56,26,43,54,24.8,30.2,27,25,0,18
2026-09-16 17:19:56,25,41,48,24.8,30.4,26.9,25.4,0,18
2026-09-16 17:24:56,26,42,51,24.7,30.6,26.9,25.5,0,18
2026-09-16 17:29:56,28,47,56,24.7,30.6,26.9,25.5,0,16
2026-09-16 17:34:56,29,46,57,24.7,30.8,26.9,25.6,0,17
2026-09-16 17:39:56,27,43,53,24.7,31,26.9,25.9,0,18
2026-09-16 17:44:56,28,45,56,24.7,31.1,26.8,26,0,18
2026-09-16 17:49:56,29,47,58,24.7,31.4,26.8,26.3,0,18
2026-09-16 17:54:56,28,45,57,24.6,31.4,26.8,26.5,0,18
2026-09-16 17:59:56,27,45,55,24.6,31.6,26.7,26.6,0,18
2026-09-16 18:04:57,28,46,55,24.6,32,26.7,26.9,0,18
2026-09-16 18:09:56,28,44,55,24.6,32,26.7,26.9,0,18
2026-09-16 18:14:56,28,45,54,24.5,32.3,26.6,27.2,0,18
2026-09-16 18:19:56,27,44,52,24.5,32.3,26.6,27.4,0,18
2026-09-16 18:24:56,28,44,53,24.5,32.4,26.5,27.4,0,18
2026-09-16 18:29:57,27,43,53,24.4,32.5,26.5,27.5,0,18
2026-09-16 18:34:57,25,41,49,24.4,32.7,26.5,27.8,0,18
2026-09-16 18:39:56,23,39,47,24.4,32.9,26.4,28.1,0,17
2026-09-16 18:44:56,22,38,45,24.3,33,26.3,28.2,0,18
2026-09-16 18:49:56,23,35,42,24.3,32.9,26.3,27.9,0,18
2026-09-16 18:54:58,22,34,40,24.2,33.1,26.2,28.2,0,17
2026-09-16 18:59:56,20,31,34,24.1,33.1,26.1,28.4,0,18
2026-09-16 19:04:56,22,32,35,24.1,33.5,26.1,28.6,0,17
2026-09-16 19:09:57,18,29,29,24,33.4,26,28.8,0,16
2026-09-16 19:14:57,18,30,31,23.9,33.5,26,28.8,0,21
2026-09-16 19:19:56,18,28,28,23.9,33.5,25.9,28.8,0,18
2026-09-16 19:24:56,16,26,27,23.8,33.6,25.8,28.8,0,18
2026-09-16 19:29:57,18,25,25,23.8,33.8,25.7,29.2,0,18
2026-09-16 19:34:56,18,27,27,23.7,33.9,25.7,29,0,18
2026-09-16 19:39:56,18,27,28,23.6,33.7,25.6,29.3,0,18
2026-09-16 19:44:57,15,26,28,23.6,33.7,25.5,29.2,0,21
2026-09-16 19:49:56,14,26,28,23.6,33.9,25.4,29.5,0,18
2026-09-16 19:54:57,17,27,27,23.5,34,25.3,29.6,0,18
2026-09-16 19:59:56,17,29,29,23.4,34.3,25.3,29.9,0,18
2026-09-16 20:04:57,19,28,28,23.3,34.4,25.1,30,0,18
2026-09-16 20:09:57,19,28,29,23.3,34.7,25,30.2,0,18
2026-09-16 20:14:56,19,29,30,23.2,34.6,24.9,30.2,0,18
2026-09-16 20:19:56,22,30,34,23.1,35.1,24.8,30.7,0,21
2026-09-16 20:24:57,21,32,35,23,35.3,24.7,30.8,0,18
2026-09-16 20:29:57,20,29,30,22.9,35.3,24.6,31,0,18
2026-09-16 20:34:57,21,30,31,22.9,35.7,24.5,31.3,0,21
2026-09-16 20:39:57,22,32,35,22.8,35.8,24.5,31.3,0,18
2026-09-16 20:44:56,24,35,40,22.7,36,24.4,31.6,0,18
2026-09-16 20:49:56,24,36,42,22.7,36.3,24.3,31.9,0,18
2026-09-16 20:54:56,22,34,38,22.6,36,24.2,31.8,0,18
2026-09-16 20:59:57,27,41,49,22.5,36.3,24.1,32,0,18
2026-09-16 21:04:57,27,39,46,22.4,36.4,24,32.3,0,18
2026-09-16 21:09:56,24,35,40,22.3,36.6,23.9,32.4,0,18
2026-09-16 21:14:57,23,35,41,22.3,36.6,23.8,32.4,0,18
2026-09-16 21:19:56,23,34,37,22.2,36.6,23.7,32.6,0,18
2026-09-16 21:24:57,28,45,56,22.1,36.8,23.6,32.6,0,18
2026-09-16 21:29:57,53,94,99,22.1,36.8,23.5,32.6,0,18
2026-09-16 21:34:57,42,71,78,22,36.8,23.4,32.7,0,18
2026-09-16 21:39:57,40,69,77,21.9,37.1,23.3,33.1,0,18
2026-09-16 21:44:57,33,52,65,21.8,37.2,23.2,33.1,0,18
2026-09-16 21:49:56,31,48,59,21.8,37.1,23.1,33.1,0,18
2026-09-16 21:54:57,28,44,53,21.7,37.5,23,33.4,0,18
2026-09-16 21:59:58,27,42,50,21.6,37.5,22.9,33.6,0,17
2026-09-16 22:04:57,28,41,49,21.6,37.7,22.9,33.8,0,18
2026-09-16 22:09:57,26,40,47,21.5,37.7,22.8,34,0,18
2026-09-16 22:14:56,24,36,42,21.4,37.4,22.7,33.8,0,18
2026-09-16 22:19:57,22,35,39,21.3,37.3,22.6,33.5,0,18
2026-09-16 22:24:57,23,34,38,21.3,37.6,22.5,33.9,0,18
2026-09-16 22:29:57,22,35,39,21.2,37.5,22.4,33.9,0,18
2026-09-16 22:34:57,23,35,41,21.2,37.5,22.3,33.9,0,18
2026-09-16 22:39:57,19,33,37,21.1,36.6,22.3,32.7,0,18
2026-09-16 22:44:57,23,34,37,21,37.1,22.2,33.4,0,18
2026-09-16 22:49:57,23,34,37,21,37.5,22.1,33.8,0,18
2026-09-16 22:54:57,20,31,36,20.9,37.4,22.1,33.7,0,18
2026-09-16 22:59:57,21,34,37,20.9,37,22,33.5,0,18
2026-09-16 23:04:57,20,29,30,20.9,37.3,22,33.5,0,19
2026-09-16 23:09:57,20,31,35,20.8,37,21.9,33.4,0,19
2026-09-16 23:14:57,22,31,32,20.7,36.9,21.8,33.3,0,18
2026-09-16 23:19:57,20,32,36,20.7,37.2,21.7,33.5,0,18
2026-09-16 23:24:57,22,32,35,20.7,37.2,21.6,33.5,0,18
2026-09-16 23:29:57,20,31,31,20.6,37.1,21.6,33.4,0,18
2026-09-16 23:34:57,20,30,35,20.5,36.7,21.5,33.2,0,18
2026-09-16 23:39:57,15,29,32,20.4,36,21.4,32.2,0,18
2026-09-16 23:44:57,16,27,29,20.4,36.1,21.4,32.2,0,16
2026-09-16 23:49:57,12,25,28,20.4,36,21.3,32.3,0,18
2026-09-16 23:54:57,13,28,29,20.3,35.6,21.3,32,0,18
2026-09-16 23:59:57,12,29,29,20.3,35.9,21.2,32.2,0,18
2026-09-17 00:05:00,9,25,26,20.2,36.2,21.2,32.4,0,12
2026-09-17 00:10:04,12,28,30,20.2,36,21.2,32.3,0,21
2026-09-17 00:14:57,9,25,27,20.2,36.1,21.2,32.4,0,18
2026-09-17 00:19:57,12,29,30,20.2,36.4,21.2,32.6,0,16
2026-09-17 00:24:57,14,28,28,20.2,36.4,21.1,32.6,0,13
2026-09-17 00:29:58,17,31,32,20.2,36.6,21.1,33,0,18
2026-09-17 00:35:00,18,31,33,20.1,36.7,21.1,32.9,0,13
2026-09-17 00:40:02,16,29,31,20.1,36.7,21,33.2,0,18
2026-09-17 00:45:00,16,29,29,20.1,37,21,33.3,0,18
2026-09-17 00:50:08,18,32,35,20.1,36.9,21,33.2,0,14
2026-09-17 00:54:57,18,28,30,20,36.9,21,33.4,0,13
2026-09-17 01:00:00,17,32,33,20,37.2,21,33.5,0,17
2026-09-17 01:04:57,17,26,27,20,37.2,21,33.4,0,17
2026-09-17 01:10:00,18,30,30,19.9,37.2,20.9,33.3,0,13
2026-09-17 01:15:04,12,29,30,19.9,36.5,20.8,32.8,0,12
2026-09-17 01:20:05,11,26,29,19.9,36.1,20.7,32.4,0,13
2026-09-17 01:24:57,11,25,28,19.8,35.8,20.7,32.1,0,14
2026-09-17 01:29:57,8,23,23,19.8,36,20.6,32.3,0,17
2026-09-17 01:35:04,7,20,21,19.8,35.8,20.6,32,0,16
2026-09-17 01:39:57,9,26,26,19.7,35.7,20.5,32,0,13
2026-09-17 01:45:01,9,25,26,19.7,35.5,20.5,31.9,0,13
2026-09-17 01:50:03,8,23,23,19.7,35.8,20.5,31.9,0,13
2026-09-17 01:54:58,10,20,22,19.6,35.3,20.5,31.6,0,14
2026-09-17 02:00:00,9,24,25,19.6,35,20.5,31.4,0,18
2026-09-17 02:04:57,9,24,26,19.6,35.1,20.5,31.4,0,14
2026-09-17 02:09:57,11,27,27,19.6,35,20.5,31.3,0,16
2026-09-17 02:14:57,9,26,26,19.6,35.4,20.4,31.6,0,18
2026-09-17 02:19:57,10,27,28,19.5,35.3,20.4,31.7,0,13
2026-09-17 02:25:00,9,25,26,19.5,35.3,20.3,31.7,0,14
2026-09-17 02:30:03,9,24,24,19.5,35.2,20.3,31.5,0,18
2026-09-17 02:35:00,8,22,24,19.5,35.1,20.3,31.4,0,19
2026-09-17 02:39:57,10,25,25,19.5,35.3,20.3,31.6,0,14
2026-09-17 02:45:00,8,22,22,19.4,35,20.3,31.3,0,18
2026-09-17 02:49:57,10,25,25,19.4,34.7,20.3,31.2,0,14
2026-09-17 02:55:06,7,22,24,19.4,34.5,20.3,30.9,0,18
2026-09-17 03:00:06,8,20,22,19.4,34.5,20.2,30.9,0,18
2026-09-17 03:05:03,6,17,18,19.4,34.8,20.2,31.1,0,18
2026-09-17 03:10:04,8,21,24,19.4,34.7,20.2,31.2,0,18
2026-09-17 03:14:58,8,20,24,19.4,35.1,20.2,31.2,0,16
2026-09-17 03:20:00,7,21,24,19.4,34.3,20.1,30.6,0,18
2026-09-17 03:25:04,6,17,17,19.3,33.9,20.1,30.1,0,18
2026-09-17 03:29:58,5,15,18,19.3,33.3,20.1,29.8,0,15
2026-09-17 03:34:57,6,17,22,19.3,33.7,20.1,30,0,13
2026-09-17 03:40:06,7,17,18,19.3,33.4,20,29.8,0,18
2026-09-17 03:45:04,5,14,16,19.3,33.2,20,29.7,0,18
2026-09-17 03:50:00,6,15,17,19.2,33.2,20,29.6,0,21
2026-09-17 03:55:03,7,16,17,19.2,33.3,19.9,29.7,0,18
2026-09-17 04:00:04,6,15,17,19.2,33.3,19.9,29.6,0,18
2026-09-17 04:04:58,6,18,21,19.1,33.3,19.9,29.9,0,14
2026-09-17 04:09:58,7,14,18,19.1,33.4,19.8,30,0,13
2026-09-17 04:14:57,5,17,19,19.1,33.7,19.7,30.3,0,16
2026-09-17 04:20:06,7,20,20,19,33.9,19.7,30.5,0,13
2026-09-17 04:24:58,8,25,25,19,34,19.6,30.9,0,18
2026-09-17 04:30:00,10,26,27,19,34.2,19.6,31,0,13
2026-09-17 04:35:03,9,25,27,19,34.4,19.6,31.3,0,13
2026-09-17 04:39:58,10,25,27,19,34.9,19.6,31.5,0,18
2026-09-17 04:44:57,13,27,27,18.9,35.2,19.6,31.8,0,18
2026-09-17 04:49:58,12,26,27,18.9,35.5,19.6,32.1,0,13
2026-09-17 04:55:08,10,30,31,18.9,35.4,19.5,31.9,0,21
2026-09-17 05:00:06,12,26,26,18.9,35,19.5,31.5,0,16
2026-09-17 05:04:58,10,27,29,18.9,35.1,19.5,31.5,0,18
2026-09-17 05:10:05,12,27,29,18.9,35.1,19.5,31.6,0,18
2026-09-17 05:15:01,8,24,26,18.8,35.3,19.4,31.9,0,13
2026-09-17 05:19:58,13,29,29,18.8,35.2,19.4,31.7,0,12
2026-09-17 05:25:01,10,26,27,18.8,34.3,19.4,31,0,12
2026-09-17 05:30:04,10,26,27,18.7,34.5,19.3,31,0,14
2026-09-17 05:34:59,10,25,25,18.7,34.8,19.3,31.4,0,13
2026-09-17 05:40:04,10,29,31,18.7,34.6,19.2,31.4,0,13
2026-09-17 05:44:59,10,21,24,18.6,35,19.2,31.5,0,16
2026-09-17 05:49:58,6,24,25,18.6,34.9,19.1,31.6,0,18
2026-09-17 05:55:01,7,22,26,18.6,34.9,19.1,31.6,0,13
2026-09-17 05:59:57,6,21,22,18.6,34.6,19.1,31.3,0,21
2026-09-17 06:04:58,10,26,27,18.5,34.6,19.1,31.2,0,16
2026-09-17 06:10:01,8,25,25,18.5,34.7,19,31.3,0,13
2026-09-17 06:14:58,10,25,27,18.5,35,19,31.7,0,18
2026-09-17 06:19:58,8,21,24,18.5,35.1,18.9,31.7,0,18
2026-09-17 06:25:01,7,22,26,18.4,34.6,18.9,31.1,0,13
2026-09-17 06:30:10,5,21,22,18.4,34.6,18.8,31.5,0,16
2026-09-17 06:35:01,6,22,22,18.3,34.5,18.8,31.2,0,18
2026-09-17 06:39:59,6,17,22,18.3,34.8,18.8,31.2,0,14
2026-09-17 06:50:01,7,22,24,18.3,34.1,18.7,30.8,0,13
2026-09-17 06:54:59,8,21,22,18.3,34.3,18.6,31,0,13
2026-09-17 06:59:59,8,22,22,18.2,34.2,18.6,31,0,13
2026-09-17 07:04:59,7,22,24,18.2,34.4,18.5,31.2,0,13
2026-09-17 07:09:59,7,22,25,18.1,34.1,18.4,31.1,0,13
2026-09-17 07:14:59,7,22,24,18.1,34,18.4,30.7,0,13
2026-09-17 07:19:59,7,21,22,18.1,34,18.3,31,0,13
2026-09-17 07:24:59,10,22,27,18,34,18.2,31.1,0,13
2026-09-17 07:29:59,6,21,21,18,34.3,18.2,31.3,0,13
2026-09-17 07:34:59,7,21,22,17.9,34.3,18.1,31.4,0,13
2026-09-17 07:39:59,6,22,24,17.9,34.4,18,31.5,0,13
2026-09-17 07:44:59,7,26,28,17.8,34.7,18,31.8,0,13
2026-09-17 07:49:59,10,27,28,17.8,34.8,17.9,31.8,0,13
2026-09-17 07:54:59,7,27,28,17.7,35.1,17.9,31.9,0,13
2026-09-17 07:59:59,9,25,28,17.7,35.4,17.9,32.3,0,13
2026-09-17 08:04:59,10,24,26,17.7,35.5,17.8,32.4,0,13
2026-09-17 08:09:59,9,25,25,17.7,34.8,17.8,31.9,0,13
2026-09-17 08:14:59,9,22,22,17.6,34.5,17.8,31.4,0,13
2026-09-17 08:19:59,5,15,20,17.7,34.2,17.8,31.2,0,13
2026-09-17 08:24:59,6,19,20,17.6,34.3,17.8,31.3,0,13
2026-09-17 08:29:59,5,14,17,17.6,35,17.8,32.1,0,13
2026-09-17 08:34:59,5,12,16,17.6,34.9,17.8,31.9,0,13
2026-09-17 08:39:59,6,19,20,17.6,35.4,17.7,32.3,0,13
2026-09-17 08:44:59,7,21,21,17.6,35.2,17.7,32.1,0,13
2026-09-17 08:49:59,13,28,29,17.5,35.2,17.7,32.2,0,13
2026-09-17 08:54:59,22,37,40,17.6,35.5,17.7,32.4,0,13
2026-09-17 08:59:59,19,33,34,17.5,35.3,17.8,32.2,0,13
2026-09-17 09:04:59,10,26,28,17.6,35.6,17.8,32.5,0,13
2026-09-17 09:10:00,13,26,29,17.6,35.8,17.8,32.7,0,13
2026-09-17 09:14:59,12,29,34,17.6,36,17.8,32.8,0,13
2026-09-17 09:19:59,8,26,29,17.6,36,17.8,32.8,0,13
2026-09-17 09:24:59,25,39,48,17.7,36.2,17.9,33.1,0,13
2026-09-17 09:29:59,23,36,40,17.7,36.2,17.9,33.3,0,13
2026-09-17 09:35:00,17,33,38,17.7,36.5,18,33.4,0,13
2026-09-17 09:39:59,21,33,36,17.8,36.7,18,33.7,0,13
2026-09-17 09:44:59,9,25,26,17.8,36.3,18.1,33.1,0,13
2026-09-17 09:50:00,8,25,28,17.8,36.8,18.1,33.7,0,13
2026-09-17 09:54:59,6,22,22,17.9,37.1,18.2,34.1,0,13
2026-09-17 09:59:59,8,30,31,17.9,37.4,18.3,34.1,0,13
2026-09-17 10:04:59,7,21,21,18,36.3,18.3,33,0,13
2026-09-17 10:10:00,6,20,21,18,36.4,18.4,33.3,0,13
2026-09-17 10:15:00,6,21,22,18.1,37,18.5,34,0,13
2026-09-17 10:19:59,6,22,25,18.2,37.1,18.7,33.9,0,13
2026-09-17 10:25:00,6,16,19,18.3,37.2,18.8,33.7,0,13
2026-09-17 10:30:00,5,13,14,18.4,36.6,18.9,33.2,0,13
2026-09-17 10:34:59,6,13,14,18.5,36.8,19.1,33.4,0,13
2026-09-17 10:40:00,7,21,24,18.6,36.9,19.3,33.2,0,13
2026-09-17 10:45:00,5,17,19,18.7,36.5,19.5,32.9,0,13
2026-09-17 10:49:59,6,13,15,18.8,36.7,19.7,32.9,0,13
2026-09-17 10:55:00,7,18,21,19,36.6,19.9,32.9,0,13
2026-09-17 10:59:59,6,18,19,19.2,36.6,20.1,32.8,0,13
2026-09-17 11:05:00,6,13,14,19.3,36.9,20.3,32.8,0,13
2026-09-17 11:09:59,6,18,19,19.5,36.9,20.5,32.8,0,13
2026-09-17 11:14:59,8,20,24,19.6,36.9,20.7,32.7,0,13
2026-09-17 11:20:00,15,29,32,19.8,37.1,20.9,33.1,0,13
2026-09-17 11:25:00,16,32,33,19.9,37.3,21.2,33.2,0,13
2026-09-17 11:30:00,16,32,37,20.1,37.5,21.4,33.5,0,13
2026-09-17 11:35:00,21,34,36,20.3,37.4,21.6,33.4,0,13
2026-09-17 11:40:00,23,37,43,20.5,37.6,21.8,33.3,0,13
2026-09-17 11:44:59,19,31,32,20.6,37.3,22,33.1,0,13
2026-09-17 11:50:00,20,33,39,20.8,37.3,22.2,33,0,13
2026-09-17 11:54:59,18,33,36,20.9,37.1,22.4,32.8,0,13
2026-09-17 12:00:00,19,29,31,21.1,37.2,22.6,32.7,0,13
2026-09-17 12:04:59,20,34,38,21.2,37.1,22.9,32.7,0,13
2026-09-17 12:10:00,19,33,36,21.4,36.9,23.1,32.5,0,13
2026-09-17 12:14:59,20,34,38,21.6,36.8,23.3,32.2,0,13
2026-09-17 12:19:59,25,41,49,21.8,36.7,23.5,31.9,0,13
2026-09-17 12:24:59,19,32,34,21.9,36.4,23.7,31.7,0,13
2026-09-17 12:30:00,20,32,36,22.1,36.1,23.9,31.3,0,13
2026-09-17 12:34:59,17,29,31,22.2,35.9,24.1,31.1,0,13
2026-09-17 12:40:00,20,30,33,22.4,35.9,24.3,31,0,13
2026-09-17 12:45:00,19,32,34,22.5,35.7,24.5,31,0,13
2026-09-17 12:50:00,22,37,45,22.7,35.7,24.7,30.7,0,13
2026-09-17 12:55:00,21,35,39,22.8,35.5,24.9,30.6,0,13
2026-09-17 13:00:00,22,35,41,23,34.9,25.1,30.1,0,13
2026-09-17 13:05:00,22,34,40,23.2,35.1,25.3,30.3,0,13
2026-09-17 13:10:00,20,32,38,23.3,34.1,25.5,29.2,0,13
2026-09-17 13:15:00,22,35,45,23.4,33.8,25.6,29,0,13
2026-09-17 13:20:00,22,38,45,23.6,33.5,25.8,28.8,0,13
2026-09-17 13:25:00,22,36,43,23.7,33.3,26,28.3,0,13
2026-09-17 13:30:00,23,36,43,23.9,33.3,26.2,28.1,0,13
2026-09-17 13:35:00,19,33,41,24.1,32.9,26.3,27.6,0,13
2026-09-17 13:40:00,21,37,44,24.3,32.4,26.5,27.1,0,13
2026-09-17 13:45:00,23,39,47,24.4,31.9,26.7,26.7,0,13
2026-09-17 13:50:00,26,42,52,24.6,31.3,26.8,26.1,0,13
2026-09-17 13:55:00,25,42,52,24.7,31.5,27,26.4,0,13
2026-09-17 14:00:00,26,45,54,24.8,31.4,27.1,26.2,0,13
2026-09-17 14:05:00,28,45,56,24.9,31.1,27.2,26.1,0,13
2026-09-17 14:10:00,29,48,61,25,31.2,27.4,26.1,0,13
2026-09-17 14:15:00,29,49,62,25.1,31.2,27.5,25.8,0,13
2026-09-17 14:20:00,27,46,56,25.2,31.2,27.6,26.1,0,13
2026-09-17 14:25:00,30,51,65,25.3,30.7,27.8,25.5,0,13
2026-09-17 14:30:00,31,51,64,25.4,31,27.9,25.7,0,13
2026-09-17 14:35:00,29,48,61,25.5,30.9,28,25.7,0,13
2026-09-17 14:40:00,28,47,59,25.6,30.8,28.1,25.5,0,13
2026-09-17 14:45:00,27,48,61,25.7,30.4,28.2,25.1,0,13
2026-09-17 14:50:00,28,47,59,25.8,30.5,28.3,25,0,13
2026-09-17 14:55:00,28,45,56,25.8,30.1,28.4,24.9,0,13
2026-09-17 15:00:00,28,44,54,25.9,29.8,28.4,24.5,0,13
2026-09-17 15:05:00,25,43,53,26,29.8,28.5,24.4,0,13
2026-09-17 15:10:00,26,44,54,26,29.8,28.5,24.3,0,13
2026-09-17 15:15:00,26,42,50,26,29.6,28.6,24.1,0,13
2026-09-17 15:20:00,24,40,48,26.1,28.2,28.6,22.9,0,13
2026-09-17 15:25:00,22,39,47,26.1,28.8,28.6,23.6,0,13
2026-09-17 15:30:00,24,39,46,26.1,28.7,28.6,23.4,0,13
2026-09-17 15:35:00,22,35,42,26.2,28.5,28.7,23,0,13
2026-09-17 15:40:01,22,36,42,26.2,28.7,28.7,23.1,0,13
2026-09-17 15:45:00,22,35,41,26.2,28.1,28.7,22.7,0,13
2026-09-17 15:50:01,20,32,37,26.2,28.1,28.7,22.8,0,13
2026-09-17 15:55:01,21,34,40,26.2,28,28.8,22.6,0,13
2026-09-17 16:00:00,21,34,38,26.3,28.2,28.8,22.9,0,13
2026-09-17 16:05:00,23,35,41,26.3,28.1,28.8,22.7,0,13
2026-09-17 16:10:00,21,32,36,26.2,28,28.8,22.7,0,13
2026-09-17 16:15:01,22,36,43,26.3,28.2,28.8,22.8,0,13
2026-09-17 16:20:01,21,33,39,26.3,28.1,28.8,22.8,0,13
2026-09-17 16:25:01,20,32,36,26.3,28,28.8,22.7,0,13
2026-09-17 16:30:00,22,35,39,26.3,27.9,28.7,22.5,0,13
2026-09-17 16:34:59,21,32,36,26.2,27.6,28.7,22.5,0,13
2026-09-17 16:40:00,18,29,34,26.2,27.8,28.7,22.2,0,13
2026-09-17 16:45:01,18,29,30,26.2,27.4,28.6,22.2,0,13
2026-09-17 16:50:01,21,30,34,26.2,27.7,28.6,22.5,0,13
2026-09-17 16:55:01,19,29,29,26.1,28.2,28.6,22.7,0,13
2026-09-17 17:00:01,20,32,33,26.1,28.5,28.5,23.1,0,13
2026-09-17 17:05:01,22,32,36,26.1,29.6,28.5,24.2,0,13
2026-09-17 17:10:01,21,33,37,26,29.9,28.4,24.4,0,13
2026-09-17 17:15:01,20,32,34,26,29.7,28.4,24.6,0,13
2026-09-17 17:20:00,21,34,38,26,30.4,28.3,25.2,0,12
2026-09-17 17:25:01,22,33,38,25.9,31,28.3,25.5,0,12
2026-09-17 17:30:01,22,32,35,25.9,30.9,28.2,25.8,0,12
2026-09-17 17:35:01,22,33,36,25.8,31.5,28.2,26.4,0,12
2026-09-17 17:40:01,21,34,39,25.8,31.7,28.1,26.6,0,12
2026-09-17 17:45:01,22,33,38,25.7,32.3,28,27.1,0,12
2026-09-17 17:50:01,21,33,38,25.6,32.2,28,27.1,0,12
2026-09-17 17:55:01,21,33,35,25.6,32.3,27.9,27.1,0,12
2026-09-17 18:00:01,22,34,37,25.5,32.3,27.8,27.3,0,12
2026-09-17 18:05:01,21,32,36,25.5,32.5,27.7,27.4,0,12
2026-09-17 18:10:01,20,33,37,25.4,32.7,27.7,27.6,0,12
2026-09-17 18:15:01,21,31,33,25.3,32.9,27.6,27.8,0,12
2026-09-17 18:20:01,23,32,34,25.3,33,27.5,27.9,0,12
2026-09-17 18:50:00,21,31,35,25,34,27.1,29.1,0,18
2026-09-21 09:35:14,0,1,2,27.8,30.1,33.1,21.4,0,16
2026-09-21 09:40:14,0,3,3,27.9,29.9,,,,21
2026-09-21 09:45:14,0,2,3,27.9,30,33.3,21.4,0,18
2026-09-21 09:50:14,0,5,5,27.9,29.7,33.4,21.2,0,18
2026-09-21 09:55:14,1,4,4,27.9,29.8,33.3,21.4,0,18
2026-09-21 10:00:14,1,3,3,27.9,29.8,33.3,21.4,0,18
2026-09-21 10:05:14,0,3,4,27.9,29.7,33.1,21.5,0,18
2026-09-21 10:10:14,1,4,4,27.8,30,33,21.8,0,18
2026-09-21 10:15:14,2,5,5,27.9,30.1,33.3,21.5,0,18
2026-09-21 10:20:14,0,5,5,27.9,30,33.4,21.3,0,18
2026-09-21 10:25:14,2,3,3,27.9,30.2,33.3,21.6,0,18
2026-09-21 10:30:14,3,6,7,26.8,30.6,29.6,24.6,0,18
2026-09-21 10:35:14,5,8,8,24.6,32.7,25.1,30,0,18
2026-09-21 10:40:14,4,9,11,22.6,35.5,22.5,34.1,0,18
2026-09-21 10:45:16,4,9,11,21.2,37.4,21,36.9,0,21
2026-09-21 10:50:14,4,8,8,20.2,39.2,20,38.9,0,16
2026-09-21 10:55:17,5,9,12,19.4,40.8,19.3,40.7,0,13
2026-09-21 11:00:14,4,12,12,18.9,41.7,18.7,41.6,0,16
2026-09-21 11:05:14,4,7,8,18.5,43.1,18.4,42.7,0,21
2026-09-21 11:13:46,11,29,49,15.9,41.5,17.7,41.7,0,14
2026-09-21 11:18:46,3,9,9,17,45.7,17.6,44.3,0,18
2026-09-21 11:23:49,4,10,13,17.1,45.8,17.4,44.8,0,18
2026-09-21 11:28:48,3,9,10,17.2,46,17.4,45.5,0,18
2026-09-21 11:33:48,5,9,9,17.3,46.2,17.5,45.4,0,18
2026-09-21 11:38:46,4,9,9,17.4,46.1,17.5,45.4,0,21
2026-09-21 11:43:47,6,12,13,17.4,46.2,17.6,45.3,0,18
2026-09-21 11:48:46,5,12,12,17.5,46.2,17.7,45.4,0,18
2026-09-21 11:53:47,5,10,12,17.6,46.1,17.9,45.2,0,21
2026-09-21 11:58:46,6,16,17,17.7,46.4,18,45.7,0,21
2026-09-21 12:03:46,8,16,16,17.8,46.2,18.1,45.2,0,18
2026-09-21 12:08:47,6,10,13,17.9,46.7,18.3,45.5,0,18
2026-09-21 12:13:46,12,27,27,18.1,46.4,18.4,45.5,0,21
2026-09-21 12:18:47,7,14,18,18.2,46,18.6,44.9,0,16
2026-09-21 12:23:47,6,13,14,18.2,45.7,18.7,44.7,0,21
2026-09-21 12:28:47,7,21,22,18.4,45.6,18.9,44.4,0,18
2026-09-21 12:33:47,5,13,14,18.5,45.6,19,44.5,0,17
2026-09-21 12:38:47,6,16,18,18.6,45.5,19.1,44.3,0,21
2026-09-21 12:43:47,9,18,20,18.7,45.5,19.2,44.1,0,18
2026-09-21 12:48:47,6,21,21,18.8,45.2,19.4,43.9,0,16
2026-09-21 12:53:48,6,15,16,18.9,45.4,19.5,44,0,16
2026-09-21 12:58:48,10,24,24,19,45.4,19.6,43.9,0,18
2026-09-21 13:03:47,8,17,21,19.1,45.2,19.7,43.7,0,17
2026-09-21 13:08:46,8,21,22,19.2,44.9,19.9,43.4,0,16
2026-09-21 13:13:48,12,24,25,19.2,45.3,20,43.4,0,18
2026-09-21 13:18:46,21,30,31,19.3,44.7,20.1,42.8,0,19
2026-09-21 13:23:48,13,26,27,19.4,44.7,20.2,42.8,0,21
2026-09-21 13:28:47,9,22,26,19.5,44.7,20.3,42.7,0,18
2026-09-21 13:33:48,24,36,42,19.6,45,20.4,43,0,18
2026-09-21 13:38:47,12,24,25,19.6,44.6,20.5,42.5,0,18
2026-09-21 13:43:47,12,25,28,19.7,44.7,20.6,42.4,0,18
2026-09-21 13:48:47,9,25,25,19.8,44.2,20.7,42,0,18
2026-09-21 13:53:47,9,24,24,19.9,44,20.8,41.8,0,18
2026-09-21 13:58:47,9,26,26,20,44,20.9,41.6,0,21
2026-09-21 14:03:47,13,26,26,20.1,43.8,21,41.4,0,18
2026-09-21 14:08:47,9,26,27,20.1,43.8,21.1,41.2,0,17
2026-09-21 14:13:47,13,26,26,20.3,43.7,21.3,41.2,0,18
2026-09-21 14:18:46,9,24,24,20.3,43.6,21.4,41.2,0,18
2026-09-21 14:23:48,9,24,24,20.4,43.6,21.5,41,0,21
2026-09-21 14:28:47,15,27,27,20.5,43.1,21.6,40.4,0,18
2026-09-21 14:33:47,11,26,27,20.6,42.9,,,0,18
2026-09-21 14:38:47,11,25,26,20.7,42.7,,,0,21
2026-09-21 14:43:47,16,28,32,20.8,42.3,,,0,18
2026-09-21 14:48:47,9,23,25,20.9,41.9,,,0,18
2026-09-21 14:53:47,11,25,26,20.9,41.4,,,0,18
2026-09-21 14:58:47,7,21,21,21,41,,,0,18
2026-09-21 15:03:47,12,27,27,21,41,,,0,18
2026-09-21 15:08:47,8,26,26,21.1,41,,,0,18
2026-09-21 15:13:47,9,24,25,21.1,40.6,22.4,37.7,0,16
2026-09-21 15:18:47,7,18,21,21.2,40.2,22.5,37.2,0,18
2026-09-21 15:23:47,6,23,24,21.2,40,22.5,36.9,0,21
2026-09-21 15:28:47,7,20,21,21.3,39.6,22.5,36.5,0,18
2026-09-21 15:33:47,9,23,23,21.3,39.9,22.5,36.8,0,18
2026-09-21 15:38:48,8,23,26,21.3,39.4,22.6,36.5,0,18
2026-09-21 15:43:47,7,20,21,21.4,39.6,22.6,36.6,0,18
2026-09-21 15:48:48,8,21,21,21.3,39.4,22.6,36.5,0,17
2026-09-21 15:53:47,6,18,21,21.4,39.1,22.6,36.2,0,19
2026-09-21 15:58:48,6,13,16,21.4,39.2,22.6,36.1,0,18
2026-09-21 16:03:47,6,19,21,21.4,38.9,22.7,35.9,0,18
2026-09-21 16:08:48,7,18,18,21.4,39,22.7,36.2,0,19
2026-09-21 16:13:48,6,18,23,21.4,39.2,22.7,35.9,0,21
2026-09-21 16:18:48,9,24,25,21.4,38.7,22.7,35.3,0,18
2026-09-21 16:23:49,18,28,28,21.4,38.7,22.7,35.4,0,12
2026-09-21 16:28:47,5,16,17,21.4,38.9,22.7,35.6,0,19
2026-09-21 16:33:48,5,13,16,21.4,38.7,22.7,35.4,0,17
2026-09-21 16:38:47,5,12,17,21.4,38.9,22.7,35.5,0,19
2026-09-21 16:43:48,5,11,11,21.4,38.9,22.7,35.8,0,16
2026-09-21 16:48:47,7,20,20,21.4,38.9,22.7,35.5,0,18
2026-09-21 16:53:48,4,13,14,21.4,38.9,22.6,35.8,0,21
2026-09-21 16:58:47,6,13,15,21.4,38.8,22.6,35.6,0,18
2026-09-21 17:03:48,4,11,13,21.3,38.7,22.6,35.4,0,18
2026-09-21 17:08:49,3,8,8,21.3,38.5,22.6,35.3,0,19
2026-09-21 17:13:48,4,11,12,21.3,38.3,22.5,35.2,0,16
2026-09-21 17:18:47,2,9,9,21.3,38.1,22.5,34.9,0,19
2026-09-21 17:23:48,4,7,7,21.2,38.2,22.5,34.9,0,19
2026-09-21 17:28:48,2,6,7,21.2,38,22.5,34.6,0,19
2026-09-21 17:33:48,2,5,5,21.2,37.4,22.5,34,0,16
2026-09-21 17:38:48,2,6,7,21.2,37.6,22.4,34.3,0,16
2026-09-21 17:43:48,2,7,7,21.2,37.4,22.4,34.2,0,19
2026-09-21 17:48:47,2,4,6,21.2,37.7,22.3,34.3,0,19
2026-09-21 17:53:48,3,6,8,21.1,37.6,22.3,34.2,0,19
2026-09-21 17:58:48,1,5,5,21.1,37.5,22.3,34.4,0,19
2026-09-21 18:03:48,3,7,7,21,37.7,22.2,34.4,0,19
2026-09-21 18:08:48,1,6,7,21,37.5,22.2,34.3,0,19
2026-09-21 18:13:48,3,7,7,21,37.5,22.1,34.4,0,19
2026-09-21 18:18:48,0,4,6,20.9,37.5,22.1,34.2,0,19
2026-09-21 18:23:48,1,4,4,20.9,37.9,22,34.5,0,16
2026-09-21 18:28:48,1,6,6,20.9,37.6,22,34.5,0,19
2026-09-21 18:33:48,1,5,6,20.8,37.7,21.9,34.5,0,19
2026-09-21 18:38:48,0,4,5,20.8,37.9,21.9,34.5,0,19
2026-09-21 18:43:48,2,6,7,20.8,37.9,21.8,34.7,0,19
2026-09-21 18:48:51,2,6,7,20.7,37.9,21.8,34.8,0,19
2026-09-21 18:53:48,1,6,6,20.7,38.1,21.7,34.9,0,19
2026-09-21 18:58:48,2,5,5,20.6,38.1,21.7,34.9,0,19
2026-09-21 19:03:48,0,5,5,20.6,38.2,,,0,19
2026-09-21 19:08:48,1,6,6,20.6,38.2,,,0,19
2026-09-21 19:13:48,1,4,4,20.5,38.3,21.5,35.1,0,19
2026-09-21 19:18:48,0,3,3,20.5,38.1,21.5,34.9,0,19
2026-09-21 19:23:48,0,2,2,20.4,38.2,21.4,35,0,19
2026-09-21 19:28:48,0,3,3,20.4,38.2,21.3,35,0,19
2026-09-21 19:33:48,0,1,1,20.3,38.1,21.3,35,0,19
2026-09-21 19:38:48,0,2,2,20.3,38.2,21.2,35,0,16
2026-09-21 19:43:48,0,2,2,20.2,38.4,21.1,35.2,0,19
2026-09-21 19:48:48,0,2,2,20.1,38.4,21,35.4,0,16
2026-09-21 19:53:49,0,1,2,20.1,38.7,21,35.6,0,19
2026-09-21 19:58:48,0,3,3,20,38.8,20.9,35.8,0,17
2026-09-21 20:03:49,4,9,12,20,38.9,20.8,35.9,0,17
2026-09-21 20:08:48,1,3,3,19.9,39.1,20.8,36.1,0,19
2026-09-21 20:13:48,0,2,2,19.9,39.1,20.7,36.1,0,19
2026-09-21 20:18:48,0,1,1,19.8,39.1,20.6,36.2,0,17
2026-09-21 20:23:48,0,2,2,19.7,39.2,20.5,36.2,0,17
2026-09-21 20:28:48,0,2,2,19.7,39.2,20.5,36.3,0,19
2026-09-21 20:33:51,0,2,2,19.7,39.4,20.4,36.4,0,16
2026-09-21 20:38:48,0,1,2,19.6,39.6,20.4,36.8,0,16
2026-09-21 20:43:50,0,1,2,19.5,40,20.3,37.1,0,16
2026-09-21 20:48:48,0,2,3,19.5,40.4,20.3,37.6,0,18
2026-09-21 20:53:48,0,1,1,19.5,40.8,20.2,38.1,0,17
2026-09-21 20:58:48,0,1,1,19.4,41.3,20.2,38.6,0,18
2026-09-21 21:03:48,0,2,2,19.4,41.5,20.1,38.9,0,17
2026-09-21 21:08:48,0,1,1,19.3,41.8,20,39.2,0,16
2026-09-21 21:13:48,0,1,1,19.3,42,20,39.5,0,16
2026-09-21 21:18:50,0,2,2,19.2,42.2,19.9,39.7,0,19
2026-09-21 21:23:51,0,1,1,19.2,42.4,19.9,39.8,0,16
2026-09-21 21:28:48,0,1,1,19.2,42.3,19.8,39.9,0,16
2026-09-21 21:33:48,0,2,2,19.1,42.1,19.7,39.9,0,16
2026-09-21 21:38:48,0,2,2,19.1,42.3,19.7,40.1,0,16
2026-09-21 21:43:48,0,2,2,19,42.4,19.6,40.2,0,19
2026-09-21 21:48:48,0,3,3,19,42.3,19.6,40.1,0,16
2026-09-21 21:53:48,0,3,3,18.9,42.2,19.5,40,0,16
2026-09-21 21:58:48,0,2,2,18.9,42.5,19.5,40.2,0,19
2026-09-21 22:03:48,1,4,4,18.8,42.5,19.4,40.3,0,16
2026-09-21 22:08:48,1,2,3,18.8,42.6,19.3,40.3,0,18
2026-09-21 22:13:48,0,2,2,18.8,42.7,19.3,40.4,0,17
2026-09-21 22:18:49,0,5,5,18.7,42.5,19.2,40.4,0,18
2026-09-21 22:23:48,0,3,4,18.7,42.8,19.2,40.5,0,17
2026-09-21 22:28:48,0,4,4,18.6,42.9,19.1,40.7,0,17
2026-09-21 22:33:49,0,4,4,18.6,43.2,19.1,41.2,0,17
2026-09-21 22:38:49,1,2,2,18.5,43.5,19,41.5,0,16
2026-09-21 22:43:48,0,2,4,18.5,43.5,19,41.6,0,16
2026-09-21 22:48:49,0,2,2,18.5,43.7,18.9,41.8,0,16
2026-09-21 22:53:48,0,2,2,18.4,43.8,18.9,41.9,0,16
2026-09-21 22:58:49,1,2,2,18.4,43.9,18.8,42,0,17
2026-09-21 23:03:49,0,3,3,18.3,43.8,18.8,42,0,16
2026-09-21 23:08:49,0,4,4,18.3,44,18.7,42.1,0,16
2026-09-21 23:18:50,0,2,3,18.2,44.1,18.7,42.2,0,18
2026-09-21 23:24:02,0,3,3,18.2,44.2,18.6,42.4,0,14
2026-09-21 23:28:50,0,2,3,18.2,44.4,18.6,42.6,0,13
2026-09-21 23:33:48,1,3,3,18.2,44.6,18.6,42.8,0,18
2026-09-21 23:38:50,0,2,2,18.1,44.6,18.5,42.9,0,18
2026-09-21 23:43:48,0,3,4,18.1,44.5,18.5,42.7,0,16
2026-09-21 23:53:50,0,2,2,18.1,44.7,18.4,43.2,0,14
2026-09-21 23:58:49,0,2,2,18,44.9,18.4,43.4,0,15
2026-09-22 00:03:55,0,3,3,18,44.7,18.4,43,0,13
2026-09-22 00:08:53,0,3,3,18,44.6,18.3,42.7,0,21
2026-09-22 00:13:53,1,4,4,18,44.7,18.3,42.9,0,18
2026-09-22 00:18:58,0,5,5,18,44.6,18.3,42.9,0,13
2026-09-22 00:24:00,1,4,4,18,44.6,18.3,43,0,14
2026-09-22 00:28:50,1,4,5,17.9,44.9,18.3,43.1,0,16
2026-09-22 00:33:51,0,4,4,17.9,44.8,18.3,43.2,0,14
2026-09-22 00:38:49,0,4,4,17.9,44.8,18.2,43.4,0,19
2026-09-22 00:43:53,0,3,4,17.9,45,18.2,43.4,0,16
2026-09-22 00:48:50,0,3,3,17.8,45.1,18.2,43.6,0,17
2026-09-22 00:53:50,1,1,2,17.8,45.4,18.1,44,0,13
2026-09-22 00:58:59,1,3,3,17.8,45.4,18.1,44,0,21
2026-09-22 01:03:49,1,2,2,17.8,45.4,18,44,0,16
2026-09-22 01:08:49,1,4,5,17.7,45.2,18,44,0,16
2026-09-22 01:13:49,1,4,4,17.6,45.5,17.9,44.1,0,16
2026-09-22 01:18:49,1,4,4,17.6,45.4,17.8,44.2,0,16
2026-09-22 01:23:49,0,4,4,17.5,45.5,17.7,44.2,0,15
2026-09-22 01:28:49,1,4,5,17.5,45.5,17.6,44.2,0,16
2026-09-22 01:33:49,1,5,5,17.4,45.5,17.6,44.5,0,16
2026-09-22 01:38:49,1,2,4,19.1,46.7,23.9,37,0,16
2026-09-22 01:43:49,0,3,3,20,42.2,23.4,33.9,0,16
2026-09-22 01:48:49,0,2,2,21.1,42.7,26.8,31.8,0,13
2026-09-22 01:53:51,0,3,3,22.3,38.7,27,28.8,0,19
2026-09-22 01:58:49,0,4,4,21.5,38.5,23.5,32.8,0,19
2026-09-22 02:03:50,0,3,3,21.7,39.4,25.3,31.6,0,13
2026-09-22 02:08:50,1,4,4,21.4,38.2,23.5,32.7,0,13
2026-09-22 02:13:50,1,5,5,20.5,39.2,21.3,36,0,17
2026-09-22 02:18:49,2,4,4,19.7,40.3,19.9,38.4,0,17
2026-09-22 02:23:49,1,4,4,19,41.3,19.1,40.2,0,17
2026-09-22 02:28:49,0,3,3,18.6,42.3,18.6,41.3,0,17
2026-09-22 02:33:49,0,5,5,18.2,43.1,18.2,42.1,0,17
2026-09-22 02:38:49,0,2,2,18.2,44.3,18.9,42.3,0,17
2026-09-22 02:43:49,0,3,3,19.9,44.6,25.1,34.8,0,17
2026-09-22 02:48:49,0,3,3,22.5,40.2,29.9,26.9,0,17
2026-09-22 02:53:49,0,2,2,24.3,36.8,,,,17
2026-09-22 02:58:49,1,3,3,25.5,34.4,32,23.5,0,16
2026-09-22 03:03:49,0,4,5,25.5,33,29.7,24.6,0,15
2026-09-22 03:08:49,0,5,5,23.7,34.2,25.1,29.8,0,15
2026-09-22 03:13:49,1,4,5,22,36.5,22.2,34.1,0,15
